CASE_ID,ACCIDENT_YEAR,PROC_DATE,JURIS,COLLISION_DATE,COLLISION_TIME,OFFICER_ID,REPORTING_DISTRICT,DAY_OF_WEEK,CHP_SHIFT,POPULATION,CNTY_CITY_LOC,SPECIAL_COND,BEAT_TYPE,CHP_BEAT_TYPE,CITY_DIVISION_LAPD,CHP_BEAT_CLASS,BEAT_NUMBER,PRIMARY_RD,SECONDARY_RD,DISTANCE,DIRECTION,INTERSECTION,WEATHER_1,WEATHER_2,STATE_HWY_IND,CALTRANS_COUNTY,CALTRANS_DISTRICT,STATE_ROUTE,ROUTE_SUFFIX,POSTMILE_PREFIX,POSTMILE,LOCATION_TYPE,RAMP_INTERSECTION,SIDE_OF_HWY,TOW_AWAY,COLLISION_SEVERITY,NUMBER_KILLED,NUMBER_INJURED,PARTY_COUNT,PRIMARY_COLL_FACTOR,PCF_CODE_OF_VIOL,PCF_VIOL_CATEGORY,PCF_VIOLATION,PCF_VIOL_SUBSECTION,HIT_AND_RUN,TYPE_OF_COLLISION,MVIW,PED_ACTION,ROAD_SURFACE,ROAD_COND_1,ROAD_COND_2,LIGHTING,CONTROL_DEVICE,CHP_ROAD_TYPE,PEDESTRIAN_ACCIDENT,BICYCLE_ACCIDENT,MOTORCYCLE_ACCIDENT,TRUCK_ACCIDENT,NOT_PRIVATE_PROPERTY,ALCOHOL_INVOLVED,STWD_VEHTYPE_AT_FAULT,CHP_VEHTYPE_AT_FAULT,COUNT_SEVERE_INJ,COUNT_VISIBLE_INJ,COUNT_COMPLAINT_PAIN,COUNT_PED_KILLED,COUNT_PED_INJURED,COUNT_BICYCLIST_KILLED,COUNT_BICYCLIST_INJURED,COUNT_MC_KILLED,COUNT_MC_INJURED,PRIMARY_RAMP,SECONDARY_RAMP,LATITUDE,LONGITUDE,COUNTY,CITY,POINT_X,POINT_Y
6292194,2015,2017-04-04,3801,2015-01-10,1702,845,NORTH,6,5,7,3801,0,0,0,,0,4K4A,"MCALLISTER ST","VAN NESS AV",0.00,,Y,A,-,Y,SF,4,101,-,T,5.198,I,5,N,Y,1,1,2,3,A,-,12,21453,A,N,D,C,B,A,H,-,B,A,0,Y,,Y,,Y,Y,C,02,0,0,2,0,1,0,0,1,0,"- ","- ",,,"SAN FRANCISCO","SAN FRANCISCO",-122.42016390000001,37.780100640000001
6292207,2015,2015-06-02,3801,2015-03-11,1047,251,RICHM,3,5,7,3801,0,0,0,,0,3G61,"GEARY BL","26TH AV",0.00,,Y,A,-,N,,,,,,,,,,N,1,1,0,2,A,-,10,21950,A,N,G,B,B,A,H,-,A,D,0,Y,,,,Y,,D,22,0,0,0,1,0,0,0,0,0,"- ","- ",,,"SAN FRANCISCO","SAN FRANCISCO",-122.48580997000001,37.780099970000002
6292225,2015,2015-06-10,9335,2015-04-19,2110,20610,,7,2,7,3801,0,1,2,,2,013,"RT 101","RT 280",226.00,S,N,B,-,Y,SF,4,101,-,-,1.700,H,-,N,N,1,1,0,3,A,-,11,21954,A,F,G,B,E,A,H,-,C,D,1,Y,,,,Y,,N,60,0,0,0,1,0,0,0,0,0,"- ","- ",37.734729999999999,-122.40637,"SAN FRANCISCO","SAN FRANCISCO",-122.40457918,37.731761579999997
6292445,2015,2015-08-03,3801,2015-07-01,2110,256,SOUTH,3,5,7,3801,0,0,0,,0,4B7H,"3RD ST","MARKET ST",21.00,S,N,A,-,N,,,,,,,,,,Y,1,1,2,3,A,-,01,23152,A,N,G,B,F,A,H,-,C,A,0,Y,,Y,,Y,,C,02,1,1,0,1,1,0,0,0,1,"- ","- ",,,"SAN FRANCISCO","SAN FRANCISCO",-122.4034465,37.787603310000001
6292449,2015,2015-08-03,3801,2015-07-17,2125,000395,MISSI,5,5,7,3801,0,0,0,,0,4B7D,"SOUTH VAN NESS","16TH ST",124.00,S,N,A,-,N,,,,,,,,,,N,1,1,0,2,A,-,11,21955,,N,G,B,D,A,H,-,C,D,0,Y,,,,Y,,N,60,0,0,0,1,0,0,0,0,0,"- ","- ",,,"SAN FRANCISCO","SAN FRANCISCO",-122.41745854,37.764840270000001
6292450,2015,2015-08-03,3801,2015-07-20,1319,1714,COG,1,5,7,3801,0,0,0,,0,4B2A,"33RD AV","CABRILLO ST",15.00,N,N,A,-,N,,,,,,,,,,Y,1,1,0,2,A,-,10,21950,A,N,G,B,B,A,H,-,A,D,0,Y,,,,Y,Y,-,,0,0,0,1,0,0,0,0,0,"- ","- ",,,"SAN FRANCISCO","SAN FRANCISCO",-122.49287396,37.774081090000003
6292967,2017,2017-10-25,3801,2017-09-15,0815,1043,SOUTH,5,5,7,3801,0,0,0,,0,4B1C,"BRANNAN ST","DORE ST",0.00,,Y,A,-,N,,,,,,,,,,Y,1,1,0,2,A,-,11,21950,B,N,G,B,E,A,H,-,A,A,0,Y,,,Y,Y,,N,60,0,0,0,1,0,0,0,0,0,"- ","- ",37.769620000000003,-122.40743000000001,"SAN FRANCISCO","SAN FRANCISCO",-122.4077399,37.769469919999999
6293023,2016,2017-12-13,3801,2016-11-30,1819,1936,INGLE,3,5,7,3801,0,0,0,,0,4B8A,"OCEAN AV","DELANO AV",0.00,,Y,A,-,N,,,,,,,,,,N,1,1,0,2,A,-,10,21950,A,N,G,B,B,A,H,-,C,A,0,Y,,,,Y,,A,07,0,0,0,1,0,0,0,0,0,"- ","- ",37.723300000000002,-122.44325000000001,"SAN FRANCISCO","SAN FRANCISCO",-122.44324994999999,37.723089960000003
6551754,2015,2015-10-10,3801,2015-09-01,1604,439,CENTR,2,5,7,3801,0,0,0,,0,3A12D,"PINE ST","STOCKTON ST",0.00,,Y,A,-,N,,,,,,,,,,N,3,0,1,2,A,-,10,21950,A,N,G,B,B,A,H,-,A,A,0,Y,,,,Y,,A,01,0,1,0,0,1,0,0,0,0,"- ","- ",,,"SAN FRANCISCO","SAN FRANCISCO",-122.40734990999999,37.791309910000003
6718606,2017,2018-02-16,3801,2017-12-07,0827,1764,INGLE,4,5,7,3801,0,0,0,,0,4B2E,"OCEAN AV","MIRAMAR AV",10.00,E,N,A,-,N,,,,,,,,,,Y,1,1,0,2,A,-,10,21950,A,N,G,B,B,A,H,-,A,A,0,Y,,,,Y,,A,01,0,0,0,1,0,0,0,0,0,"- ","- ",37.724229999999999,-122.45811999999999,"SAN FRANCISCO","SAN FRANCISCO",-122.45817666000001,37.72431271
6718699,2017,2018-03-02,3801,2017-09-22,0217,1324,BAYVI,5,5,7,3801,0,0,0,,0,4C2,"JERROLD AV","MILTON I ROSS LN",70.00,E,N,A,-,N,,,,,,,,,,N,1,1,0,2,A,-,03,22350,,F,G,B,D,A,H,-,C,D,0,Y,,,,Y,,A,01,0,0,0,1,0,0,0,0,0,"- ","- ",,,"SAN FRANCISCO","SAN FRANCISCO",-122.39822662,37.743654249999999
6718700,2017,2018-03-02,3801,2017-09-26,1248,1486,TENDE,2,5,7,3801,0,0,0,,0,4B2J,"LEAVENWORTH ST","GOLDEN GATE AV",3.00,S,N,A,-,N,,,,,,,,,,Y,1,1,0,2,A,-,10,21950,A,N,G,B,B,A,H,-,-,A,0,Y,,,Y,Y,,F,55,0,0,0,1,0,0,0,0,0,"- ","- ",37.781849999999999,-122.41394,"SAN FRANCISCO","SAN FRANCISCO",-122.41385857,37.781861839999998
6718705,2017,2018-03-02,3801,2017-10-31,2013,1766,TARAV,2,5,7,3801,0,0,0,,0,4B3C,"SLOAT BL","36TH AV",4.00,W,N,A,-,N,,,,,,,,,,Y,1,1,0,2,A,-,10,21950,A,N,G,B,C,A,D,-,C,A,0,Y,,,,Y,,A,01,0,0,0,1,0,0,0,0,0,"- ","- ",37.734099999999998,-122.49326000000001,"SAN FRANCISCO","SAN FRANCISCO",-122.49333384000001,37.734029999999997
6718707,2017,2018-03-02,3801,2017-11-09,1219,319,RICHM,4,5,7,3801,0,0,0,,0,3G13A,"7TH AV","CLEMENT ST",350.00,S,N,A,-,N,,,,,,,,,,N,1,1,0,2,A,-,11,21955,,N,C,B,D,A,H,-,A,D,0,Y,,,,Y,,N,60,0,0,0,1,0,0,0,0,0,"- ","- ",,,"SAN FRANCISCO","SAN FRANCISCO",-122.46541756000001,37.781929410000004
6718710,2017,2018-03-08,3801,2017-12-09,1635,278,TARAV,6,5,7,3801,0,0,0,,0,3I11D,"19TH AV","QUINTARA ST",10.00,S,N,A,-,Y,SF,4,1,-,-,2.870,I,5,S,Y,1,1,0,2,A,-,10,21950,A,N,G,B,B,A,H,-,A,A,0,Y,,,,Y,,A,01,0,0,0,1,0,0,0,0,0,"- ","- ",,,"SAN FRANCISCO","SAN FRANCISCO",-122.47612291999999,37.748651260000003
6811949,2015,2016-10-13,9350,2015-01-29,1150,19216,,4,1,7,3801,0,1,2,,1,120,"RT 101","SOUTH TOWER",1000.00,S,N,A,-,Y,SF,4,101,-,-,10.250,H,-,S,N,3,0,1,2,B,-,22,,,N,H,B,F,A,H,-,A,D,1,Y,Y,,,Y,,L,04,0,1,0,0,0,0,1,0,0,"- ","- ",37.807119999999998,-122.47445999999999,"SAN FRANCISCO","SAN FRANCISCO",-122.4778376,37.812150070000001
6844369,2015,2016-09-07,3801,2015-02-18,1530,910,,3,5,7,3801,0,0,0,,0,,"19TH AV","HOLLOWAY AV",0.00,,Y,A,-,Y,SF,4,1,-,-,0.940,I,5,S,N,4,0,1,2,A,-,10,21950,A,N,G,B,B,A,H,-,A,A,0,Y,,,,Y,Y,A,01,0,0,1,0,1,0,0,0,0,"- ","- ",,,"SAN FRANCISCO","SAN FRANCISCO",-122.47539456,37.721026330000001
6853844,2015,2015-04-15,9335,2015-03-02,0725,020888,,1,1,7,3801,1,4,S,,2,901,"RHODE ISLAND ST","17TH ST",0.00,,Y,A,-,N,,,,,,,,,,N,3,0,1,2,A,-,11,21954,A,N,G,B,D,A,H,-,A,A,0,Y,,,,Y,,N,60,0,1,0,0,1,0,0,0,0,"- ","- ",37.764800000000001,-122.40353,"SAN FRANCISCO","SAN FRANCISCO",-122.40253995,37.764779920000002
6854749,2015,2015-09-24,3801,2015-06-10,1456,256,INGLE,3,5,7,3801,0,0,0,,0,4B7H,"MISSION ST","PERSIA ST",50.00,S,N,B,C,N,,,,,,,,,,N,1,1,0,2,A,-,11,21954,A,N,G,B,D,B,H,-,A,A,0,Y,,,,Y,,N,60,0,0,0,1,0,0,0,0,0,"- ","- ",,,"SAN FRANCISCO","SAN FRANCISCO",-122.43606656,37.723026089999998
6854750,2015,2015-07-16,3801,2015-06-12,1225,1967,INGLE,5,5,7,3801,0,0,0,,0,3H12C,"MISSION ST","OLIVER ST",0.00,,Y,A,-,N,,,,,,,,,,N,1,1,0,2,A,-,10,21950,A,N,B,B,B,A,H,-,A,A,0,Y,,,,Y,,A,01,0,0,0,1,0,0,0,0,0,"- ","- ",,,"SAN FRANCISCO","SAN FRANCISCO",-122.45051989,37.70955
6854760,2015,2015-07-16,3801,2015-06-17,1800,1994,CENTR,3,5,7,3801,0,0,0,,0,4B4B,"KEARRY ST","CLAY ST",8.00,N,N,A,-,N,,,,,,,,,,Y,1,1,0,2,A,-,10,21950,A,N,A,B,B,A,H,-,A,A,0,Y,,,,Y,,D,22,0,0,0,1,0,0,0,0,0,"- ","- ",,,"SAN FRANCISCO","SAN FRANCISCO",-122.40478539,37.794471559999998
6866867,2015,2015-09-01,3801,2015-02-11,1600,211,,3,5,7,3801,0,0,0,,0,,"FOLSOM ST","MAIN ST",0.00,,Y,A,-,N,,,,,,,,,,Y,2,0,1,2,A,-,05,21650,,N,G,B,E,A,H,-,A,D,0,Y,,,,Y,,A,01,1,0,0,0,1,0,0,0,0,"- ","- ",,,"SAN FRANCISCO","SAN FRANCISCO",-122.39185990999999,37.789399930000002
6905616,2015,2015-05-15,3801,2015-04-18,2228,1939,,6,5,7,3801,0,0,0,,0,4B8F,"PINE ST","LARKIN ST",63.00,W,N,A,-,N,,,,,,,,,,Y,1,1,0,2,A,-,11,21954,A,N,G,B,D,A,H,-,C,D,0,Y,,,,Y,,N,60,0,0,0,1,0,0,0,0,0,"- ","- ",,,"SAN FRANCISCO","SAN FRANCISCO",-122.4190758,37.789805000000001
6905622,2015,2015-05-15,3801,2015-04-10,2200,1939,CENTR,5,5,7,3801,0,0,0,,0,4B8F,"CALIFORNIA AV","KEARRY ST",9.00,E,N,A,-,N,,,,,,,,,,Y,1,1,0,2,A,-,12,21453,A,F,G,B,B,A,H,-,C,A,0,Y,,,,Y,,A,01,0,0,0,1,0,0,0,0,0,"- ","- ",,,"SAN FRANCISCO","SAN FRANCISCO",-122.40434930000001,37.792684229999999
6905636,2015,2015-05-15,3801,2015-04-20,0620,001714,,1,5,7,3801,0,0,0,,0,4B2A,"41ST AV","PACHECO ST",5.00,N,N,B,-,N,,,,,,,,,,Y,1,1,0,2,A,-,10,21950,A,N,G,B,B,A,H,-,B,D,0,Y,,,,Y,,A,08,0,0,0,1,0,0,0,0,0,"- ","- ",,,"SAN FRANCISCO","SAN FRANCISCO",-122.49979069,37.749473729999998
6918961,2015,2015-11-16,3801,2015-10-07,1903,001994,SOUTH,3,5,7,3801,0,0,0,,0,4B4B,"FOLSOM ST","8TH ST",6.00,E,N,A,-,N,,,,,,,,,,N,4,0,1,2,A,-,10,21950,A,N,G,B,B,A,H,-,C,A,0,Y,,,,Y,,A,01,0,0,1,0,1,0,0,0,0,"- ","- ",,,"SAN FRANCISCO","SAN FRANCISCO",-122.41003547,37.775001779999997
6918963,2015,2015-11-14,3801,2015-10-02,2124,1622,NORTH,5,5,7,3801,0,0,0,,0,,"LAGUNA ST","POST ST",11.00,S,N,A,-,N,,,,,,,,,,N,4,0,1,2,A,-,17,21451,A,N,G,B,B,A,H,-,C,A,0,Y,,,,Y,,A,01,0,0,1,0,1,0,0,0,0,"- ","- ",,,"SAN FRANCISCO","SAN FRANCISCO",-122.42815373000001,37.785770200000002
6918965,2015,2015-11-16,3801,2015-10-08,1707,001994,SOUTH,4,5,7,3801,0,0,0,,0,4B4B,"7TH ST","HARRISON ST",2.00,N,N,A,-,N,,,,,,,,,,N,4,0,1,2,A,-,10,21950,A,N,G,B,B,A,H,-,A,A,0,Y,,,,Y,,A,01,0,0,1,0,1,0,0,0,0,"- ","- ",,,"SAN FRANCISCO","SAN FRANCISCO",-122.40628503000001,37.775543769999999
6918967,2015,2015-11-14,3801,2015-10-04,0827,4230,PARK,7,5,7,3801,0,0,0,,0,3F12A,"17TH ST","CLAYTON ST",0.00,,Y,A,-,N,,,,,,,,,,N,4,0,1,2,A,-,10,21950,A,N,G,B,B,A,H,-,A,A,0,Y,,,,Y,,A,01,0,0,1,0,1,0,0,0,0,"- ","- ",,,"SAN FRANCISCO","SAN FRANCISCO",-122.44676988000001,37.76177998
6918968,2015,2015-11-14,3801,2015-10-03,0505,1718,MISSI,6,5,7,3801,0,0,0,,0,0505,"24TH ST","MISSION ST",6.00,W,N,A,-,N,,,,,,,,,,N,4,0,1,2,A,-,10,21950,A,N,G,B,B,A,H,-,C,A,0,Y,,,,Y,,A,01,0,0,1,0,1,0,0,0,0,"- ","- ",,,"SAN FRANCISCO","SAN FRANCISCO",-122.41851061,37.752258040000001
6918972,2015,2015-11-14,3801,2015-10-02,0830,2080,CENTR,5,5,7,3801,0,0,0,,0,3A1B,"COLUMBUS ST","LOMBARD ST",0.00,,Y,A,-,N,,,,,,,,,,N,4,0,1,2,A,-,10,21950,A,N,G,B,B,A,H,-,A,A,0,Y,,,,Y,,A,01,0,0,1,0,1,0,0,0,0,"- ","- ",,,"SAN FRANCISCO","SAN FRANCISCO",-122.41366987000001,37.802739899999999
6918973,2015,2015-11-16,3801,2015-10-09,1500,000868,TARAV,5,5,7,3801,0,0,0,,0,4B8G,"ULLOA ST","18TH AV",8.00,W,N,A,-,N,,,,,,,,,,N,2,0,1,2,A,-,10,21950,A,N,G,B,B,A,H,-,A,A,0,Y,,,,Y,,D,22,1,0,0,0,1,0,0,0,0,"- ","- ",,,"SAN FRANCISCO","SAN FRANCISCO",-122.47452764000001,37.741228970000002
6918977,2015,2015-11-16,3801,2015-10-13,0820,217,SANFR,2,5,7,3801,0,0,0,,0,3A3A,POLK,NORTHPOINT,0.00,,Y,A,-,N,,,,,,,,,,N,4,0,1,2,A,-,10,21950,A,N,G,B,B,A,H,-,A,A,0,Y,,,,Y,,-,,0,0,1,0,1,0,0,0,0,"- ","- ",,,"SAN FRANCISCO","SAN FRANCISCO",-122.4236385,37.805301
6918978,2015,2015-11-14,3801,2015-10-17,2345,001268,TENDE,6,5,7,3801,0,0,0,,0,3J00,"10TH ST","FOLSOM ST",0.00,N,N,A,-,N,,,,,,,,,,Y,3,0,1,2,A,-,11,21955,,F,G,B,D,A,H,-,C,D,0,Y,,,,Y,,N,60,0,1,0,0,1,0,0,0,0,"- ","- ",,,"SAN FRANCISCO","SAN FRANCISCO",-122.41281991,37.772819910000003
6918980,2015,2015-11-14,3801,2015-10-02,1117,1254,CENTR,5,5,7,3801,0,0,0,,0,3A5C,"MARKET ST","BATTERY ST",0.00,,Y,A,-,N,,,,,,,,,,N,4,0,1,2,A,-,10,21950,A,N,D,B,B,A,H,-,A,A,0,Y,,,,Y,,A,01,0,0,1,0,1,0,0,0,0,"- ","- ",,,"SAN FRANCISCO","SAN FRANCISCO",-122.3995099,37.790769920000002
6918988,2015,2015-11-14,3801,2015-10-01,1608,2450,MISSI,4,5,7,3801,0,0,0,,0,3D45C,"HARRISON ST","14TH ST",6.00,S,N,A,-,N,,,,,,,,,,N,4,0,1,2,A,-,10,21950,A,N,G,B,B,A,H,-,A,D,0,Y,,,,Y,,A,01,0,0,1,0,1,0,0,0,0,"- ","- ",,,"SAN FRANCISCO","SAN FRANCISCO",-122.41343909,37.768643529999999
6918991,2015,2015-11-14,3801,2015-10-02,1530,27,CENTR,5,5,7,3801,0,0,0,,0,3A2C,"SACRAMENTO ST","MONTGOMERY ST",0.00,,Y,A,-,N,,,,,,,,,,N,4,0,1,2,A,-,11,21453,D,N,G,B,B,A,H,-,A,-,0,Y,,,,Y,,N,60,0,0,1,0,1,0,0,0,0,"- ","- ",,,"SAN FRANCISCO","SAN FRANCISCO",-122.40293995,37.793789930000003
6918992,2015,2015-11-14,3801,2015-10-01,2240,202,NORTH,4,5,7,3801,0,0,0,,0,3E16E,"GEARY ST","POLK ST",0.00,,Y,A,-,N,,,,,,,,,,N,4,0,1,2,A,-,10,21950,A,N,G,B,B,A,H,-,C,A,0,Y,,,,Y,,A,01,0,0,1,0,1,0,0,0,0,"- ","- ",,,"SAN FRANCISCO","SAN FRANCISCO",-122.41973999,37.785899960000002
6918998,2015,2015-11-14,3801,2015-10-02,1720,004187,MISSI,5,5,7,3801,0,0,0,,0,3D11D,"19TH ST","CASTRO ST",0.00,,Y,A,-,N,,,,,,,,,,N,4,0,2,3,A,-,10,21950,A,N,G,B,B,A,H,-,A,A,0,Y,,,,Y,,A,01,0,0,2,0,2,0,0,0,0,"- ","- ",,,"SAN FRANCISCO","SAN FRANCISCO",-122.43485993,37.759289969999998
6938275,2015,2015-09-19,3801,2015-08-29,1711,1114,BAYVI,6,5,7,3801,0,0,0,,0,3C62,"SAN BRUNO AV","DWIGHT ST",70.00,N,N,A,-,N,,,,,,,,,,N,3,0,1,2,A,-,11,21955,,N,G,B,D,A,H,-,A,A,0,Y,,,,Y,,N,60,0,1,0,0,1,0,0,0,0,"- ","- ",,,"SAN FRANCISCO","SAN FRANCISCO",-122.40217742999999,37.7242222
6938283,2015,2015-09-19,3801,2015-08-29,2340,2089,MISSI,6,5,7,3801,0,0,0,,0,,"MISSION ST","15TH ST",0.00,,Y,A,-,N,,,,,,,,,,N,4,0,1,2,A,-,10,21950,A,N,G,B,B,A,H,-,C,A,0,Y,,,,Y,,A,01,0,0,1,0,1,0,0,0,0,"- ","- ",,,"SAN FRANCISCO","SAN FRANCISCO",-122.41981998,37.76666994
6938315,2015,2015-09-19,3801,2015-08-31,0945,1312,MISSI,1,5,7,3801,0,0,0,,0,3D16A,"16TH ST","S VAN NESS AV",0.00,,Y,A,-,N,,,,,,,,,,N,4,0,1,2,A,-,10,21950,A,N,G,B,B,A,H,-,A,A,0,Y,,,,Y,,A,01,0,0,1,0,1,0,0,0,0,"- ","- ",,,"SAN FRANCISCO","SAN FRANCISCO",-122.41748986,37.765179910000001
6960272,2015,2016-12-17,9335,2015-06-02,2110,16137,,2,2,7,3801,0,1,2,,2,013,"RT 101","SILVER AV",500.00,S,N,A,-,Y,SF,4,101,-,-,1.230,H,-,N,N,2,0,1,2,A,-,11,21954,A,N,G,B,E,A,H,-,C,D,1,Y,,,,Y,,N,60,1,0,0,0,1,0,0,0,0,"- ","- ",,,"SAN FRANCISCO","SAN FRANCISCO",-122.40167627,37.72524611
7006175,2015,2015-09-24,3801,2015-08-31,0723,120,"BAY V",1,5,7,3801,0,0,0,,0,4B6C,"GAVEN ST","SAN BRUNO AV",121.00,W,N,A,-,N,,,,,,,,,,Y,1,1,0,2,A,-,03,22350,,F,G,B,E,A,H,-,A,D,0,Y,,,,Y,,A,01,0,0,0,1,0,0,0,0,0,"- ","- ",,,"SAN FRANCISCO","SAN FRANCISCO",-122.40692933,37.733929510000003
7006179,2015,2015-09-24,3801,2015-09-16,1304,1794,CENTR,3,5,7,3801,0,0,0,,0,4B1E,"LEAVENWORTH ST","PINE ST",4.00,W,N,B,-,N,,,,,,,,,,Y,1,1,0,2,A,-,10,21950,A,N,G,B,B,A,H,-,A,A,0,Y,,,,Y,,A,07,0,0,0,1,0,0,0,0,0,"- ","- ",,,"SAN FRANCISCO","SAN FRANCISCO",-122.41556221,37.790270849999999
7006293,2015,2015-11-13,3801,2015-10-05,0952,1766,SOUTH,1,5,7,3801,0,0,0,,0,4K5G,"BRANNAN ST","3RD ST",8.00,W,N,A,-,N,,,,,,,,,,N,1,1,0,2,A,-,10,21950,A,N,G,B,B,A,H,-,A,A,0,Y,,,,Y,,A,08,0,0,0,1,0,0,0,0,0,"- ","- ",,,"SAN FRANCISCO","SAN FRANCISCO",-122.39432013,37.780084909999999
7006443,2015,2016-01-15,3801,2015-12-18,0220,2008,MISSI,5,5,7,3801,0,0,0,,0,3D13E,"MISSION ST","26TH ST",47.00,N,N,A,-,N,,,,,,,,,,N,1,1,0,2,A,-,03,22350,,F,G,B,D,A,H,-,C,A,0,Y,,,,Y,,-,,0,0,0,1,0,0,0,0,0,"- ","- ",,,"SAN FRANCISCO","SAN FRANCISCO",-122.41815484,37.749188580000002
7006542,2015,2015-12-30,3801,2015-11-21,1240,2127,TARAV,6,5,7,3801,0,0,0,,0,4B1E,"JOHN MUIR DR","LAKE MERCED BL",3168.00,N,N,A,-,N,,,,,,,,,,Y,1,1,1,2,D,-,00,,,N,G,B,F,A,H,-,A,D,0,Y,,,,Y,,-,"- ",0,0,1,1,0,0,0,0,0,"- ","- ",,,"SAN FRANCISCO","SAN FRANCISCO",-122.49235136999999,37.714730269999997
7006543,2015,2015-12-30,3801,2015-11-03,0539,1887,CENTR,2,5,7,3801,0,0,0,,0,4B1C,"HYDE ST","POST ST",7.00,N,N,A,-,N,,,,,,,,,,Y,1,1,0,2,A,-,11,21456,B,N,G,B,B,A,H,-,C,A,0,Y,,,,Y,,N,60,0,0,0,1,0,0,0,0,0,"- ","- ",,,"SAN FRANCISCO","SAN FRANCISCO",-122.41662388,37.78726898
7006546,2015,2015-12-30,3801,2015-11-04,1001,1626,NORTH,3,5,7,3801,0,0,0,,0,3E14A,"BUSH ST","BUCHANAN AV",0.00,,Y,A,-,N,,,,,,,,,,N,1,1,0,2,A,-,10,21950,A,N,G,B,B,A,H,-,A,A,0,Y,,,,Y,,A,01,0,0,0,1,0,0,0,0,0,"- ","- ",,,"SAN FRANCISCO","SAN FRANCISCO",-122.43014999,37.78743995
7011781,2015,2017-01-14,9335,2015-07-19,0140,016137,,7,3,7,3801,0,1,1,,2,022,"RT 280","PAULDING ST",350.00,N,N,A,-,Y,SF,4,280,-,R,2.250,H,-,S,Y,2,0,2,3,A,-,03,22350,,N,D,C,E,A,H,-,C,D,1,Y,,,,Y,,A,01,1,1,0,0,1,0,0,0,0,"- ","- ",,,"SAN FRANCISCO","SAN FRANCISCO",-122.44291483000001,37.728693659999998
7019423,2015,2015-09-01,3801,2015-03-23,1643,001160,,1,5,7,3801,0,0,0,,0,3H16C,"MISSION ST","GENEVA AV",0.00,,Y,A,-,N,,,,,,,,,,N,4,0,1,2,A,-,21,22106,,N,G,B,B,A,H,-,A,A,0,Y,,,,Y,,A,01,0,0,1,0,1,0,0,0,0,"- ","- ",,,"SAN FRANCISCO","SAN FRANCISCO",-122.44099993,37.716389980000002
7019426,2015,2015-08-24,3801,2015-03-12,1200,2293,SOUTH,4,5,7,3801,0,0,0,,0,3B4C,"BRYANT ST","DORE ST",0.00,,Y,A,-,N,,,,,,,,,,N,4,0,1,2,A,-,00,20002,A,M,G,B,E,A,H,-,A,A,0,Y,,,,Y,,-,"- ",0,0,1,0,1,0,0,0,0,"- ","- ",,,"SAN FRANCISCO","SAN FRANCISCO",-122.4091399,37.770829939999999
7019491,2015,2015-09-10,3801,2015-07-08,0543,1246,NORTH,3,5,7,3801,0,0,0,,0,3E13E,"VAN NESS AV","OFARRELL ST",0.00,,Y,A,-,N,,,,,,,,,,N,4,0,1,2,A,-,11,21453,D,N,G,B,B,A,H,-,B,A,0,Y,,,,Y,,N,60,0,0,1,0,1,0,0,0,0,"- ","- ",,,"SAN FRANCISCO","SAN FRANCISCO",-122.42125998,37.784739889999997
7019506,2015,2015-09-09,3801,2015-02-19,1640,1882,RICHM,4,5,7,3801,0,0,0,,0,3G60,"SUTTER ST","MONTGOMERY ST",150.00,S,N,-,-,N,,,,,,,,,,N,4,0,1,2,A,-,02,21654,A,N,G,B,E,-,-,-,-,D,0,Y,,,,Y,,N,60,0,0,1,0,1,0,0,0,0,"- ","- ",,,"SAN FRANCISCO","SAN FRANCISCO",-122.40268457000001,37.789954819999998
7019764,2015,2015-09-17,3801,2015-08-26,2025,02174,BAYVI,3,5,7,3801,0,0,0,,0,3C62,"3RD AV","EVANS AV",0.00,,Y,A,-,N,,,,,,,,,,N,3,0,1,2,A,-,11,21955,,N,D,B,D,A,H,-,C,D,0,Y,,,,Y,,N,60,0,1,0,0,1,0,0,0,0,"- ","- ",,,"SAN FRANCISCO","SAN FRANCISCO",-122.38800998000001,37.742729949999998
7025096,2015,2015-09-18,3801,2015-04-02,1728,004360,TARAV,4,5,7,3801,0,0,0,,0,0I5,"JUNIPERO SERRA BL","WINSTON DR",0.00,,Y,A,-,N,,,,,,,,,,N,4,0,1,2,A,-,10,21950,A,N,G,B,B,A,H,-,A,A,0,Y,,,,Y,,I,11,0,0,1,0,1,0,0,0,0,"- ","- ",,,"SAN FRANCISCO","SAN FRANCISCO",-122.47236989,37.726839939999998
7025108,2015,2015-09-02,3801,2015-04-15,0810,518,TARAV,3,5,7,3801,0,0,0,,0,4B51,"LAKE MERCED BL","JOHN MUIR DR",0.00,,Y,A,-,N,,,,,,,,,,N,2,0,1,2,A,-,10,21950,A,N,G,B,B,A,H,-,A,A,0,Y,,,,Y,,I,11,1,0,0,0,1,0,0,0,0,"- ","- ",,,"SAN FRANCISCO","SAN FRANCISCO",-122.4857399,37.708109929999999
7025112,2015,2015-09-02,3801,2015-04-09,1404,27,CENTR,4,5,7,3801,0,0,0,,0,3A2C,"MONTGOMERY ST","SUTTER ST",64.00,S,N,A,-,N,,,,,,,,,,N,2,0,1,2,A,-,11,21955,,N,G,B,E,A,H,-,A,A,0,Y,,,,Y,,N,60,1,0,0,0,1,0,0,0,0,"- ","- ",,,"SAN FRANCISCO","SAN FRANCISCO",-122.40213601000001,37.789836260000001