CASE_ID,ACCIDENT_YEAR,PROC_DATE,JURIS,COLLISION_DATE,COLLISION_TIME,OFFICER_ID,REPORTING_DISTRICT,DAY_OF_WEEK,CHP_SHIFT,POPULATION,CNTY_CITY_LOC,SPECIAL_COND,BEAT_TYPE,CHP_BEAT_TYPE,CITY_DIVISION_LAPD,CHP_BEAT_CLASS,BEAT_NUMBER,PRIMARY_RD,SECONDARY_RD,DISTANCE,DIRECTION,INTERSECTION,WEATHER_1,WEATHER_2,STATE_HWY_IND,CALTRANS_COUNTY,CALTRANS_DISTRICT,STATE_ROUTE,ROUTE_SUFFIX,POSTMILE_PREFIX,POSTMILE,LOCATION_TYPE,RAMP_INTERSECTION,SIDE_OF_HWY,TOW_AWAY,COLLISION_SEVERITY,NUMBER_KILLED,NUMBER_INJURED,PARTY_COUNT,PRIMARY_COLL_FACTOR,PCF_CODE_OF_VIOL,PCF_VIOL_CATEGORY,PCF_VIOLATION,PCF_VIOL_SUBSECTION,HIT_AND_RUN,TYPE_OF_COLLISION,MVIW,PED_ACTION,ROAD_SURFACE,ROAD_COND_1,ROAD_COND_2,LIGHTING,CONTROL_DEVICE,CHP_ROAD_TYPE,PEDESTRIAN_ACCIDENT,BICYCLE_ACCIDENT,MOTORCYCLE_ACCIDENT,TRUCK_ACCIDENT,NOT_PRIVATE_PROPERTY,ALCOHOL_INVOLVED,STWD_VEHTYPE_AT_FAULT,CHP_VEHTYPE_AT_FAULT,COUNT_SEVERE_INJ,COUNT_VISIBLE_INJ,COUNT_COMPLAINT_PAIN,COUNT_PED_KILLED,COUNT_PED_INJURED,COUNT_BICYCLIST_KILLED,COUNT_BICYCLIST_INJURED,COUNT_MC_KILLED,COUNT_MC_INJURED,PRIMARY_RAMP,SECONDARY_RAMP,LATITUDE,LONGITUDE,COUNTY,CITY,POINT_X,POINT_Y
7025116,2015,2016-06-16,3801,2015-04-10,1720,1591,CENTR,5,5,7,3801,0,0,0,,0,3A13D,"BAY ST","POWELL ST",0.00,,Y,A,-,N,,,,,,,,,,N,2,0,1,2,A,-,10,21950,A,N,G,B,B,A,H,-,A,A,0,Y,,,,Y,,D,22,1,0,0,0,1,0,0,0,0,"- ","- ",,,"SAN FRANCISCO","SAN FRANCISCO",-122.41193995,37.80583996
7025123,2015,2015-09-01,3801,2015-03-23,1050,999,MISSI,1,5,7,3801,0,0,0,,0,001,"GUERRERO ST","15TH ST",15.00,S,N,A,-,N,,,,,,,,,,N,3,0,1,2,A,-,10,21950,A,N,G,B,B,A,H,-,A,A,0,Y,,,,Y,,D,22,0,1,0,0,1,0,0,0,0,"- ","- ",,,"SAN FRANCISCO","SAN FRANCISCO",-122.42423645,37.766358889999999
7025131,2015,2015-08-26,3801,2015-03-13,1542,001498,TARAV,5,5,7,3801,0,0,0,,0,3I16B,"BROAD ST",PLYMOUTH,37.00,E,N,A,-,N,,,,,,,,,,N,4,0,1,2,A,-,11,21956,,N,G,B,E,A,H,-,A,A,0,Y,,,,Y,,N,60,0,0,1,0,1,0,0,0,0,"- ","- ",,,"SAN FRANCISCO","SAN FRANCISCO",-122.45595204999999,37.713180510000001
7025136,2015,2016-04-28,3801,2015-03-23,1229,669,TARAV,1,5,7,3801,0,0,0,,0,3I13A,"8TH AV","IRVING ST",8.00,N,N,A,-,N,,,,,,,,,,N,4,0,1,3,A,-,21,22106,,N,C,C,E,A,H,-,A,D,0,Y,,,,Y,,I,11,0,0,1,0,1,0,0,0,0,"- ","- ",,,"SAN FRANCISCO","SAN FRANCISCO",-122.46525105000001,37.764111960000001
7025141,2015,2015-09-02,3801,2015-04-02,1721,000970,TENDE,4,5,7,3801,0,0,0,,0,3J12D,"HYDE ST","TURK ST",66.00,S,N,A,-,N,,,,,,,,,,N,4,0,1,2,A,-,17,22517,,N,B,C,-,A,H,-,A,A,0,Y,,,,Y,,N,60,0,0,1,0,1,0,0,0,0,"- ","- ",,,"SAN FRANCISCO","SAN FRANCISCO",-122.41565305,37.782391079999996
7025147,2015,2015-09-02,3801,2015-04-20,0932,1580,TENDE,1,5,7,3801,0,0,0,,0,3J13A,"MASON ST","EDDY ST",0.00,,Y,B,-,N,,,,,,,,,,N,3,0,1,2,A,-,10,21950,A,N,G,B,B,A,H,-,A,A,0,Y,,,,Y,,D,22,0,1,0,0,1,0,0,0,0,"- ","- ",,,"SAN FRANCISCO","SAN FRANCISCO",-122.40929991,37.784379960000003
7025161,2015,2015-09-02,3801,2015-04-30,1223,002317,SOUTH,4,5,7,3801,0,0,0,,0,3B12C,"1ST ST","1ST ST  235",0.00,,N,A,-,N,,,,,,,,,,N,4,0,1,2,A,-,11,21950,B,N,G,B,E,A,H,-,A,D,0,Y,,,,Y,,N,60,0,0,1,0,1,0,0,0,0,"- ","- ",,,"SAN FRANCISCO","SAN FRANCISCO",-122.39545047,37.788095519999999
7025173,2015,2016-06-13,3801,2015-04-30,1015,2394,SOUTH,4,5,7,3801,0,0,0,,0,3B70,"HARRISON ST","3RD ST",0.00,,Y,A,-,N,,,,,,,,,,N,3,0,1,2,A,-,10,21950,A,N,G,B,B,A,H,-,A,A,0,Y,,,,Y,,D,22,0,1,0,0,1,0,0,0,0,"- ","- ",,,"SAN FRANCISCO","SAN FRANCISCO",-122.39738991999999,37.78254991
7025213,2015,2015-08-21,3801,2015-03-12,0842,1986,,4,5,7,3801,0,0,0,,0,3E2A,"GROVE ST","LARKIN ST",0.00,,Y,A,-,N,,,,,,,,,,N,4,0,1,2,A,-,10,21950,A,N,G,B,B,A,H,-,A,A,0,Y,,,,Y,,-,,0,0,1,0,1,0,0,0,0,"- ","- ",,,"SAN FRANCISCO","SAN FRANCISCO",-122.41659,37.778659990000001
7025226,2015,2015-09-09,3801,2015-03-22,2208,000717,NORTH,7,5,7,3801,0,0,0,,0,3E11E,"HAIGHT ST","FILLMORE ST",63.00,W,N,C,-,N,,,,,,,,,,N,2,0,1,3,A,-,11,21954,A,N,B,B,E,B,H,-,C,A,0,Y,,,,Y,,N,60,1,0,0,0,1,0,0,0,0,"- ","- ",,,"SAN FRANCISCO","SAN FRANCISCO",-122.43066467,37.772089710000003
7025249,2015,2015-09-11,3801,2015-03-30,1644,1445,SOUTH,1,5,7,3801,0,0,0,,0,3B15C,"3RD ST","KING ST",0.00,,Y,A,-,N,,,,,,,,,,N,4,0,1,2,A,-,10,21950,A,N,B,B,B,A,H,-,A,A,0,Y,,,,Y,,D,22,0,0,1,0,1,0,0,0,0,"- ","- ",,,"SAN FRANCISCO","SAN FRANCISCO",-122.39194990999999,37.778199979999997
7025290,2015,2015-08-21,3801,2015-04-29,1910,000312,TARAV,3,5,7,3801,0,0,0,,0,31111D,"NORIEGA ST","39TH AV",0.00,,Y,A,-,N,,,,,,,,,,N,4,0,1,2,A,-,10,21950,A,N,G,B,B,A,H,-,A,A,0,Y,,,,Y,,A,01,0,0,1,0,1,0,0,0,0,"- ","- ",,,"SAN FRANCISCO","SAN FRANCISCO",-122.49787995,37.753289899999999
7025294,2015,2015-08-21,3801,2015-04-29,1432,001994,MISSI,3,5,7,3801,0,0,0,,0,4B4B,"LILAC ST","26TH ST",28.00,N,N,A,-,N,,,,,,,,,,N,2,0,1,2,A,-,11,21954,A,N,G,B,E,A,H,-,A,D,0,Y,,,,Y,,N,60,1,0,0,0,1,0,0,0,0,"- ","- ",,,"SAN FRANCISCO","SAN FRANCISCO",-122.41757715,37.749166709999997
7025298,2015,2015-08-21,3801,2015-04-14,1051,4082,TARVA,2,5,7,3801,0,0,0,,0,3I2,"20TH AV",NORIEGA,6.00,S,N,A,-,N,,,,,,,,,,,3,0,1,2,A,-,10,21950,A,N,G,B,B,A,H,-,A,A,0,Y,,,,Y,,A,01,0,1,0,0,1,0,0,0,0,"- ","- ",,,"SAN FRANCISCO","SAN FRANCISCO",-122.47756851,37.754153559999999
7025302,2015,2015-08-21,3801,2015-04-12,0930,000251,RICHM,7,5,7,3801,0,0,0,,0,3G61,"CLEMENT ST","10TH AV",0.00,,Y,A,-,N,,,,,,,,,,N,4,0,1,2,A,-,10,21950,A,N,G,B,B,A,H,-,A,A,0,Y,,,,Y,,A,01,0,0,1,0,1,0,0,0,0,"- ","- ",,,"SAN FRANCISCO","SAN FRANCISCO",-122.46870988000001,37.782729979999999
7025306,2015,2015-08-21,3801,2015-04-11,1933,001614,MISSI,6,5,7,3801,0,0,0,,0,902,"13TH ST","MISSION ST",0.00,,Y,A,-,N,,,,,,,,,,N,3,0,1,2,D,-,00,,,N,G,B,B,A,H,-,A,A,0,Y,,,,Y,,-,"- ",0,1,0,0,1,0,0,0,0,"- ","- ",,,"SAN FRANCISCO","SAN FRANCISCO",-122.42017991,37.769989959999997
7025322,2015,2015-08-21,3801,2015-04-17,2310,467,MISSI,5,5,7,3801,0,0,0,,0,3DIIE,"CASTRO ST","18TH ST",244.00,N,N,A,-,N,,,,,,,,,,Y,2,0,1,2,A,-,11,21955,,N,G,B,D,A,H,-,D,A,0,Y,,,,Y,Y,N,60,1,0,0,0,1,0,0,0,0,"- ","- ",,,"SAN FRANCISCO","SAN FRANCISCO",-122.43506465999999,37.76155833
7025362,2015,2015-08-22,3801,2015-03-05,1054,1882,,4,5,7,3801,0,0,0,,0,3G60,"ANZA ST","34TH AV",0.00,,Y,-,-,N,,,,,,,,,,N,4,0,1,2,D,-,00,,,N,G,B,D,-,-,-,-,-,0,Y,,,,Y,,-,"- ",0,0,1,0,1,0,0,0,0,"- ","- ",,,"SAN FRANCISCO","SAN FRANCISCO",-122.49422996,37.777729950000001
7025365,2015,2015-08-22,3801,2015-03-20,0945,168,,5,5,7,3801,0,0,0,,0,,"CHESTNUT ST","OCTAVIA ST",0.00,,Y,B,-,N,,,,,,,,,,N,4,0,1,2,A,-,10,21950,A,N,G,B,B,A,H,-,A,A,0,Y,,,,Y,,-,"- ",0,0,1,0,1,0,0,0,0,"- ","- ",,,"SAN FRANCISCO","SAN FRANCISCO",-122.42965995,37.801649920000003
7025367,2015,2015-08-22,3801,2015-03-02,1645,001160,"CO H",1,5,7,3801,0,0,0,,0,3H15D,"MISSION ST","ITALY AV",200.00,N,N,A,-,N,,,,,,,,,,N,3,0,2,2,A,-,11,21955,,N,G,B,D,A,H,-,A,D,0,Y,,Y,,Y,,N,60,0,1,1,0,1,0,0,0,1,"- ","- ",,,"SAN FRANCISCO","SAN FRANCISCO",-122.43917747,37.718942720000001
7025368,2015,2016-04-29,3801,2015-03-22,1840,4014,,7,5,7,3801,0,0,0,,0,CENTRA,"VAN NESS AV","MCDOWELL RD",0.00,,Y,A,-,N,,,,,,,,,,N,3,0,1,2,A,-,05,21650,,N,H,B,E,A,H,-,B,D,0,Y,Y,,,Y,,-,"- ",0,1,0,0,1,0,0,0,0,"- ","- ",,,"SAN FRANCISCO","SAN FRANCISCO",-122.42653986000001,37.807839979999997
7025370,2015,2015-08-22,3801,2015-03-12,1706,001709,,4,5,7,3801,0,0,0,,0,3CAR,"3RD ST","PALOU AV",10.00,N,N,A,-,N,,,,,,,,,,N,4,0,1,2,A,-,11,21456,B,N,G,B,B,A,H,-,A,A,0,Y,,,,Y,,N,60,0,0,1,0,1,0,0,0,0,"- ","- ",,,"SAN FRANCISCO","SAN FRANCISCO",-122.39105032000001,37.734066370000001
7025376,2015,2015-08-22,3801,2015-03-21,0100,2287,,6,5,7,3801,0,0,0,,0,3J60,"TAYLOR ST",O'FARRELL,6.00,N,N,B,-,N,,,,,,,,,,N,3,0,2,3,A,-,10,21950,A,N,G,B,B,A,H,-,C,A,0,Y,,,,Y,,A,01,0,1,1,0,2,0,0,0,0,"- ","- ",,,"SAN FRANCISCO","SAN FRANCISCO",-122.41132331999999,37.786036269999997
7025385,2015,2015-08-22,3801,2015-03-23,0950,1882,,1,5,7,3801,0,0,0,,0,3G60,"LAKE ST","9TH AV",0.00,,Y,A,-,N,,,,,,,,,,N,4,0,1,2,A,-,10,21950,A,N,G,B,B,A,H,-,A,A,0,Y,,,,Y,,A,01,0,0,1,0,1,0,0,0,0,"- ","- ",,,"SAN FRANCISCO","SAN FRANCISCO",-122.46790995000001,37.786519990000002
7025393,2015,2015-08-22,3801,2015-03-02,1235,1810,,1,5,7,3801,0,0,0,,0,3F12A,"17TH ST","DIAMOND ST",0.00,,Y,A,-,N,,,,,,,,,,N,3,0,1,3,A,-,04,21703,,N,C,C,B,A,H,-,A,D,0,Y,,,,Y,,A,01,0,1,0,0,1,0,0,0,0,"- ","- ",,,"SAN FRANCISCO","SAN FRANCISCO",-122.43734994,37.762359930000002
7025395,2015,2015-08-22,3801,2015-03-04,1536,002317,,3,5,7,3801,0,0,0,,0,3B13C,"TOWNSEND ST","6TH ST",0.00,,Y,A,-,N,,,,,,,,,,N,4,0,1,2,A,-,00,20002,A,F,G,B,B,A,H,-,A,D,0,Y,,,,Y,,A,07,0,0,1,0,1,0,0,0,0,"- ","- ",,,"SAN FRANCISCO","SAN FRANCISCO",-122.39942997,37.773609929999999
7025398,2015,2015-08-22,3801,2015-03-26,1830,004178,,4,5,7,3801,0,0,0,,0,4B3B,"WASHINGTON ST","MONTGOMERY ST",20.00,W,N,A,-,N,,,,,,,,,,Y,2,0,1,2,A,-,11,21453,D,N,G,B,B,A,H,-,C,A,0,Y,,,,Y,,N,60,1,0,0,0,1,0,0,0,0,"- ","- ",,,"SAN FRANCISCO","SAN FRANCISCO",-122.40336861999999,37.795522679999998
7025400,2015,2015-08-22,3801,2015-03-03,0815,000679,,2,5,7,3801,0,0,0,,0,0E2,"GOLDEN GATE AV","FILLMORE ST",0.00,,Y,A,-,N,,,,,,,,,,N,4,0,2,3,A,-,10,21950,A,N,G,B,B,A,H,-,A,A,0,Y,,,,Y,,A,01,0,0,2,0,2,0,0,0,0,"- ","- ",,,"SAN FRANCISCO","SAN FRANCISCO",-122.43193991,37.77955996
7025401,2015,2015-08-22,3801,2015-03-04,0520,001675,RICHM,3,5,7,3801,0,0,0,,0,3G13E,"TRANSVERSE DR","MARTIN LUTHER KING DR",463.00,N,N,A,-,N,,,,,,,,,,N,4,0,1,2,A,-,11,21955,,N,G,B,D,A,H,-,C,D,0,Y,,,,Y,Y,N,60,0,0,1,0,1,0,0,0,0,"- ","- ",,,"SAN FRANCISCO","SAN FRANCISCO",-122.47919872999999,37.766947879999996
7025405,2015,2015-08-22,3801,2015-03-25,1533,0439,MISSI,3,5,7,3801,0,0,0,,0,3D13D,"VALENCIA ST","21ST ST",0.00,,Y,A,-,N,,,,,,,,,,N,4,0,1,2,A,-,10,21950,A,N,A,B,B,A,H,-,A,A,0,Y,,,,Y,,A,01,0,0,1,0,1,0,0,0,0,"- ","- ",,,"SAN FRANCISCO","SAN FRANCISCO",-122.42109988999999,37.756909960000002
7025412,2015,2015-08-22,3801,2015-03-03,0733,4096,,2,5,7,3801,0,0,0,,0,4K6F,"PARNASSUS AV","3RD AV",10.00,E,N,A,-,N,,,,,,,,,,N,4,0,1,2,A,-,10,21950,A,N,G,B,B,A,H,-,A,A,0,Y,,,,Y,,A,01,0,0,1,0,1,0,0,0,0,"- ","- ",,,"SAN FRANCISCO","SAN FRANCISCO",-122.45973755,37.762979540000003
7025424,2015,2015-08-22,3801,2015-03-12,1430,2002,,4,5,7,3801,0,0,0,,0,3I15B,"WINSTON DR","19TH AV",0.00,,Y,A,-,N,,,,,,,,,,N,3,0,1,2,A,-,10,21950,A,N,A,B,B,A,H,-,A,D,0,Y,,,,Y,,A,01,0,1,0,0,1,0,0,0,0,"- ","- ",,,"SAN FRANCISCO","SAN FRANCISCO",-122.47503992999999,37.726929900000002
7025437,2015,2015-08-22,3801,2015-03-25,0834,1882,,3,5,7,3801,0,0,0,,0,3G60,"FULTON ST","33RD AV",0.00,,Y,A,-,N,,,,,,,,,,N,4,0,1,2,A,-,10,21950,A,N,G,B,B,A,H,-,A,A,0,Y,,,,Y,,A,01,0,0,1,0,1,0,0,0,0,"- ","- ",,,"SAN FRANCISCO","SAN FRANCISCO",-122.49277995,37.772179989999998
7025442,2015,2015-08-22,3801,2015-03-12,1309,38,SOUTH,4,5,7,3801,0,0,0,,0,1CAR,"MARKET ST","BEALE ST",77.00,E,N,A,-,N,,,,,,,,,,N,4,0,1,2,A,-,07,21658,A,N,C,J,E,A,H,-,A,A,0,Y,,,,Y,,-,"- ",0,0,1,0,1,0,0,0,0,"- ","- ",,,"SAN FRANCISCO","SAN FRANCISCO",-122.39714626999999,37.792635300000001
7025443,2015,2015-08-22,3801,2015-03-13,1408,344,,5,5,7,3801,0,0,0,,0,901,"VALENCIA ST","22ND ST",120.00,N,N,A,-,N,,,,,,,,,,N,2,0,1,2,A,-,21,22106,,F,G,B,E,A,H,-,A,D,0,Y,,,,Y,,A,01,1,0,0,0,1,0,0,0,0,"- ","- ",,,"SAN FRANCISCO","SAN FRANCISCO",-122.42099578,37.755638879999999
7025445,2015,2015-08-22,3801,2015-03-26,1922,004341,TARAV,4,5,7,3801,0,0,0,,0,3I12D,"KIRKHAM ST","26TH AV",0.00,,Y,A,-,N,,,,,,,,,,N,4,0,1,2,A,-,10,21950,A,N,G,B,D,A,H,-,B,D,0,Y,,,,Y,,A,01,0,0,1,0,1,0,0,0,0,"- ","- ",,,"SAN FRANCISCO","SAN FRANCISCO",-122.48435988999999,37.759509919999999
7025448,2015,2015-08-22,3801,2015-03-31,1504,000312,,2,5,7,3801,0,0,0,,0,908,"HARRISON ST","19TH ST",22.00,E,N,A,-,N,,,,,,,,,,N,4,0,2,3,A,-,10,21950,A,N,G,B,B,A,H,-,A,D,0,Y,,,,Y,,A,01,0,0,2,0,2,0,0,0,0,"- ","- ",,,"SAN FRANCISCO","SAN FRANCISCO",-122.41268879,37.760590219999997
7025451,2015,2015-08-22,3801,2015-03-09,1739,004326,,1,5,7,3801,0,0,0,,0,004,"9TH ST","HARRISON ST",0.00,,Y,A,-,N,,,,,,,,,,N,4,0,1,2,A,-,10,21950,A,N,G,B,B,A,H,-,A,A,0,Y,,,,Y,,A,01,0,0,1,0,1,0,0,0,0,"- ","- ",,,"SAN FRANCISCO","SAN FRANCISCO",-122.41004995999999,37.77252996
7025453,2015,2015-08-22,3801,2015-03-14,1737,000326,INGLE,6,5,7,3801,0,0,0,,0,3H15D,"CORTLAND AV","MISSION ST",0.00,,Y,A,-,N,,,,,,,,,,N,2,0,1,2,A,-,10,21950,A,N,G,B,B,A,H,-,A,A,0,Y,,,,Y,,A,01,1,0,0,0,1,0,0,0,0,"- ","- ",,,"SAN FRANCISCO","SAN FRANCISCO",-122.42283986,37.741009990000002
7025454,2015,2015-08-22,3801,2015-03-19,1451,001114,BAYVI,4,5,7,3801,0,0,0,,0,3C62,"OAKDALE AV","3RD ST",0.00,,Y,A,-,N,,,,,,,,,,N,4,0,1,2,A,-,10,21950,A,N,G,B,B,A,H,-,A,A,0,Y,,,,Y,,A,01,0,0,1,0,1,0,0,0,0,"- ","- ",,,"SAN FRANCISCO","SAN FRANCISCO",-122.39076998,37.734829949999998
7025457,2015,2015-08-22,3801,2015-03-17,1300,1590,NORTH,2,5,7,3801,0,0,0,,0,3E61,"LARKIN ST","GOLDEN GATE AV",0.00,,Y,A,-,N,,,,,,,,,,N,3,0,1,2,A,-,12,21453,A,F,G,B,B,A,H,-,A,A,0,Y,,,,Y,,A,01,0,1,0,0,1,0,0,0,0,"- ","- ",,,"SAN FRANCISCO","SAN FRANCISCO",-122.41714999,37.781440000000003
7025460,2015,2016-09-07,3801,2015-03-28,1340,000251,,6,5,7,3801,0,0,0,,0,3G61,"PARK PRESIDIO BL","CLEMENT ST",0.00,,Y,A,-,Y,SF,4,1,-,-,5.630,I,5,S,N,4,0,1,2,A,-,10,21950,A,N,G,B,B,A,H,-,A,A,0,Y,,,,Y,,A,01,0,0,1,0,1,0,0,0,0,"- ","- ",,,"SAN FRANCISCO","SAN FRANCISCO",-122.47254784,37.782532379999999
7025480,2015,2015-08-22,3801,2015-03-26,2000,189,,4,5,7,3801,0,0,0,,0,24R,"GOLDEN GATE","FILLMORE ST",0.00,,Y,A,-,N,,,,,,,,,,N,4,0,1,2,A,-,10,21950,A,N,G,B,B,A,H,-,B,A,0,Y,,,,Y,,A,01,0,0,1,0,1,0,0,0,0,"- ","- ",,,"SAN FRANCISCO","SAN FRANCISCO",-122.43193991,37.77955996
7025481,2015,2015-08-22,3801,2015-03-13,1700,002126,SOUTH,5,5,7,3801,0,0,0,,0,109,"4TH ST","SHIPLEY ST",0.00,,Y,A,-,N,,,,,,,,,,N,4,0,1,2,A,-,11,21954,A,N,G,B,D,A,H,-,A,A,0,Y,,,,Y,,N,60,0,0,1,0,1,0,0,0,0,"- ","- ",,,"SAN FRANCISCO","SAN FRANCISCO",-122.40063996000001,37.781589889999999
7025484,2015,2015-08-22,3801,2015-03-27,0830,1887,,5,5,7,3801,0,0,0,,0,4B1C,"HOWARD ST","6TH ST",5.00,E,N,B,-,N,,,,,,,,,,N,2,0,1,2,A,-,11,21453,D,N,G,B,B,A,G,-,A,A,0,Y,,,,Y,,N,60,1,0,0,0,1,0,0,0,0,"- ","- ",,,"SAN FRANCISCO","SAN FRANCISCO",-122.40712784,37.779759769999998
7025486,2015,2015-08-22,3801,2015-03-16,1519,004275,,1,5,7,3801,0,0,0,,0,,"JERROLD AV","UPTON AV",24.00,W,N,A,-,N,,,,,,,,,,N,4,0,1,2,A,-,11,21955,,N,G,B,D,A,H,-,A,D,0,Y,,,,Y,,N,60,0,0,1,0,1,0,0,0,0,"- ","- ",,,"SAN FRANCISCO","SAN FRANCISCO",-122.40038681,37.745019139999997
7025488,2015,2015-10-19,3801,2015-03-28,2500,1936,,6,5,7,3801,0,0,0,,0,4B71,"PACIFIC AV","MORRELL ST",75.00,E,N,A,-,N,,,,,,,,,,N,2,0,1,2,A,-,11,21954,A,N,G,B,D,A,H,-,A,A,0,Y,,,,Y,,N,60,1,0,0,0,1,0,0,0,0,"- ","- ",,,"SAN FRANCISCO","SAN FRANCISCO",-122.41887337,37.795391299999999
7025490,2015,2015-08-22,3801,2015-03-04,1455,000868,,3,5,7,3801,0,0,0,,0,4B5G,"BALBOA ST","4TH AV",98.00,W,N,A,-,N,,,,,,,,,,N,4,0,1,2,A,-,11,21956,,N,G,B,E,A,H,-,A,D,0,Y,,,,Y,,N,60,0,0,1,0,1,0,0,0,0,"- ","- ",,,"SAN FRANCISCO","SAN FRANCISCO",-122.46222881,37.777307219999997
7025495,2015,2015-08-22,3801,2015-03-31,1831,2046,,2,5,7,3801,0,0,0,,0,3E15D,"CHESTNUT ST","OCTAVIA ST",3.00,W,N,A,-,N,,,,,,,,,,N,4,0,1,2,A,-,10,21950,A,N,G,B,B,A,H,-,A,A,0,Y,,,,Y,,A,01,0,0,1,0,1,0,0,0,0,"- ","- ",,,"SAN FRANCISCO","SAN FRANCISCO",-122.42967025,37.80164869
7025502,2015,2015-08-22,3801,2015-03-07,2151,2080,NORTH,6,5,7,3801,0,0,0,,0,3E63,"WEBSTER ST","POST ST",0.00,,Y,A,-,N,,,,,,,,,,N,2,0,1,2,A,-,11,21453,D,N,G,B,D,A,H,-,C,A,0,Y,,,,Y,,N,60,1,0,0,0,1,0,0,0,0,"- ","- ",,,"SAN FRANCISCO","SAN FRANCISCO",-122.43142996,37.785359900000003
7025503,2015,2015-08-22,3801,2015-03-27,0130,1344,,5,5,7,3801,0,0,0,,0,901,"MISSION ST","15TH ST",0.00,,Y,A,-,N,,,,,,,,,,N,2,0,1,2,A,-,03,22350,,F,G,B,F,A,H,-,C,D,0,Y,,,,Y,Y,A,07,1,0,0,0,1,0,0,0,0,"- ","- ",,,"SAN FRANCISCO","SAN FRANCISCO",-122.41981998,37.76666994
7025504,2015,2015-08-22,3801,2015-03-07,0607,1944,,6,5,7,3801,0,0,0,,0,001,"MISSION ST","RICHLAND AV",0.00,,Y,A,-,N,,,,,,,,,,N,4,0,1,2,A,-,11,21453,D,F,G,B,B,A,H,-,C,A,0,Y,,,,Y,,N,60,0,0,1,0,1,0,0,0,0,"- ","- ",,,"SAN FRANCISCO","SAN FRANCISCO",-122.42448992,37.735939979999998
7025506,2015,2015-08-22,3801,2015-03-18,1223,002179,TARAV,3,5,7,3801,0,0,0,,0,4B5F,"20TH AV","BUCKINGHAM WY",22.00,S,N,A,-,N,,,,,,,,,,N,3,0,2,3,A,-,10,21950,A,N,G,B,B,A,H,-,A,A,0,Y,,,,Y,,A,07,0,2,0,0,2,0,0,0,0,"- ","- ",,,"SAN FRANCISCO","SAN FRANCISCO",-122.47598000000001,37.730029559999998
7025511,2015,2016-10-13,3801,2015-03-20,1355,195,,5,5,7,3801,0,0,0,,0,3E13D,"VAN NESS AV","SUTTER ST",0.00,,Y,A,-,Y,SF,4,101,-,-,5.740,I,5,S,N,4,0,1,2,A,-,08,22107,,F,B,B,B,A,H,-,A,-,0,Y,,,,Y,,-,,0,0,1,0,1,0,0,0,0,"- ","- ",,,"SAN FRANCISCO","SAN FRANCISCO",-122.42187798,37.78756679
7025514,2015,2015-08-22,3801,2015-03-06,1526,1342,NORTH,5,5,7,3801,0,0,0,,0,3E5C,"LAGUNA ST","CHESTNUT ST",0.00,,Y,A,-,N,,,,,,,,,,N,4,0,1,2,A,-,10,21950,A,N,G,B,B,A,H,-,A,A,0,Y,,,,Y,,A,07,0,0,1,0,1,0,0,0,0,"- ","- ",,,"SAN FRANCISCO","SAN FRANCISCO",-122.43129992999999,37.801439999999999
7025519,2015,2015-08-22,3801,2015-03-27,1805,2260,,5,5,7,3801,0,0,0,,0,2CAR,"MCALLISTER ST","FILLMORE ST",9.00,W,N,A,-,N,,,,,,,,,,N,3,0,1,2,A,-,12,21453,A,N,G,B,B,A,H,-,B,A,0,Y,,,,Y,,A,01,0,1,0,0,1,0,0,0,0,"- ","- ",,,"SAN FRANCISCO","SAN FRANCISCO",-122.43178072000001,37.778635899999998
7025525,2015,2015-08-22,3801,2015-04-16,1415,27,SANFR,4,5,7,3801,0,0,0,,0,3A2C,"POST ST","GRANT AV",102.00,W,N,A,-,N,,,,,,,,,,N,2,0,1,2,A,-,21,22106,,F,G,B,E,A,H,-,A,D,0,Y,,,,Y,,A,01,1,0,0,0,1,0,0,0,0,"- ","- ",,,"SAN FRANCISCO","SAN FRANCISCO",-122.40558883999999,37.788656680000003
7025528,2015,2015-08-22,3801,2015-04-06,1036,1486,SF,1,5,7,3801,0,0,0,,0,4B2E,"POWELL ST","JACKSON ST",125.00,S,N,A,-,N,,,,,,,,,,Y,2,0,1,2,A,-,06,21756,A,N,G,B,E,A,H,-,A,D,0,Y,,,,Y,,A,01,1,0,0,0,1,0,0,0,0,"- ","- ",,,"SAN FRANCISCO","SAN FRANCISCO",-122.40980277,37.795282120000003
7025535,2015,2015-08-22,3801,2015-04-27,1050,1171,NORTH,1,5,7,3801,0,0,0,,0,4B2B,"CALIFORNIA ST","GOUGH ST",0.00,,Y,A,-,N,,,,,,,,,,N,3,0,1,2,A,-,10,21950,A,N,G,B,B,A,H,-,A,A,0,Y,,,,Y,,A,01,0,1,0,0,1,0,0,0,0,"- ","- ",,,"SAN FRANCISCO","SAN FRANCISCO",-122.42559992,37.789939910000001
7025543,2015,2015-08-22,3801,2015-04-10,1604,50,,5,5,7,3801,0,0,0,,0,005,"6TH ST","HARRISON ST",26.00,S,N,A,-,N,,,,,,,,,,N,2,0,1,3,A,-,11,21954,A,N,G,B,D,A,H,-,A,A,0,Y,,,,Y,,N,60,1,0,0,0,1,0,0,0,0,"- ","- ",,,"SAN FRANCISCO","SAN FRANCISCO",-122.40401717,37.777258860000003
7025546,2015,2015-08-22,3801,2015-04-17,1610,981,SOUTH,5,5,7,3801,0,0,0,,0,3B14D,"HOWARD ST","GRACE ST",0.00,,Y,A,-,N,,,,,,,,,,N,4,0,1,2,A,-,03,22350,,F,D,B,D,A,H,-,A,D,0,Y,,,,Y,,A,01,0,0,1,0,1,0,0,0,0,"- ","- ",,,"SAN FRANCISCO","SAN FRANCISCO",-122.41396999,37.77435998