CASE_ID,ACCIDENT_YEAR,PROC_DATE,JURIS,COLLISION_DATE,COLLISION_TIME,OFFICER_ID,REPORTING_DISTRICT,DAY_OF_WEEK,CHP_SHIFT,POPULATION,CNTY_CITY_LOC,SPECIAL_COND,BEAT_TYPE,CHP_BEAT_TYPE,CITY_DIVISION_LAPD,CHP_BEAT_CLASS,BEAT_NUMBER,PRIMARY_RD,SECONDARY_RD,DISTANCE,DIRECTION,INTERSECTION,WEATHER_1,WEATHER_2,STATE_HWY_IND,CALTRANS_COUNTY,CALTRANS_DISTRICT,STATE_ROUTE,ROUTE_SUFFIX,POSTMILE_PREFIX,POSTMILE,LOCATION_TYPE,RAMP_INTERSECTION,SIDE_OF_HWY,TOW_AWAY,COLLISION_SEVERITY,NUMBER_KILLED,NUMBER_INJURED,PARTY_COUNT,PRIMARY_COLL_FACTOR,PCF_CODE_OF_VIOL,PCF_VIOL_CATEGORY,PCF_VIOLATION,PCF_VIOL_SUBSECTION,HIT_AND_RUN,TYPE_OF_COLLISION,MVIW,PED_ACTION,ROAD_SURFACE,ROAD_COND_1,ROAD_COND_2,LIGHTING,CONTROL_DEVICE,CHP_ROAD_TYPE,PEDESTRIAN_ACCIDENT,BICYCLE_ACCIDENT,MOTORCYCLE_ACCIDENT,TRUCK_ACCIDENT,NOT_PRIVATE_PROPERTY,ALCOHOL_INVOLVED,STWD_VEHTYPE_AT_FAULT,CHP_VEHTYPE_AT_FAULT,COUNT_SEVERE_INJ,COUNT_VISIBLE_INJ,COUNT_COMPLAINT_PAIN,COUNT_PED_KILLED,COUNT_PED_INJURED,COUNT_BICYCLIST_KILLED,COUNT_BICYCLIST_INJURED,COUNT_MC_KILLED,COUNT_MC_INJURED,PRIMARY_RAMP,SECONDARY_RAMP,LATITUDE,LONGITUDE,COUNTY,CITY,POINT_X,POINT_Y
7025547,2015,2016-06-13,3801,2015-04-29,1135,4305,MISSI,3,5,7,3801,0,0,0,,0,3D11A,"CASTRO ST","19TH ST",0.00,,Y,A,-,N,,,,,,,,,,N,3,0,1,2,A,-,10,21950,A,N,A,B,B,A,H,-,A,A,0,Y,,,,Y,,-,,0,1,0,0,1,0,0,0,0,"- ","- ",,,"SAN FRANCISCO","SAN FRANCISCO",-122.43485993,37.759289969999998
7025554,2015,2015-08-22,3801,2015-04-12,1228,1223,,7,5,7,3801,0,0,0,,0,,"BACON ST","SAN BRUNO AV",0.00,,Y,A,-,N,,,,,,,,,,N,4,0,1,2,A,-,10,21950,A,N,G,B,B,A,H,-,A,A,0,Y,,,,Y,,A,01,0,0,1,0,1,0,0,0,0,"- ","- ",,,"SAN FRANCISCO","SAN FRANCISCO",-122.40360991,37.7276399
7025556,2015,2015-08-22,3801,2015-04-21,1820,001994,SOUTH,2,5,7,3801,0,0,0,,0,4B4B,"EMBARCADERO SOUTH ST","DON CHEE WY",420.00,N,N,A,-,N,,,,,,,,,,N,2,0,1,2,A,-,11,21456,B,N,-,B,C,A,H,-,A,A,0,Y,,,,Y,,N,60,1,0,0,0,1,0,0,0,0,"- ","- ",,,"SAN FRANCISCO","SAN FRANCISCO",-122.39431679,37.794995530000001
7025558,2015,2015-08-22,3801,2015-04-29,0700,2381,MISSI,3,5,7,3801,0,0,0,,0,,"CLIPPER ST","GRAND VIEW AV",0.00,,Y,A,-,N,,,,,,,,,,N,4,0,1,2,A,-,11,21954,A,N,G,B,C,A,H,-,A,D,0,Y,,,,Y,,N,60,0,0,1,0,1,0,0,0,0,"- ","- ",,,"SAN FRANCISCO","SAN FRANCISCO",-122.44252988,37.748129980000002
7025561,2015,2015-08-22,3801,2015-04-26,0157,001452,COC,7,5,7,3801,0,0,0,,0,003,"GALVEZ AV",NEWHALL,63.00,W,N,A,-,N,,,,,,,,,,N,3,0,1,2,A,-,11,21954,A,F,A,B,D,A,H,-,C,D,0,Y,,,,Y,Y,A,01,0,1,0,0,1,0,0,0,0,"- ","- ",,,"SAN FRANCISCO","SAN FRANCISCO",-122.38787924,37.740778460000001
7025565,2015,2015-08-22,3801,2015-04-20,0556,2000,BAYVI,1,5,7,3801,0,0,0,,0,3C11A,"JERROLD AV","UPTON AV",0.00,,Y,A,-,N,,,,,,,,,,N,2,0,1,2,A,-,11,21955,,F,G,B,D,A,H,-,D,D,0,Y,,,,Y,Y,N,60,1,0,0,0,1,0,0,0,0,"- ","- ",,,"SAN FRANCISCO","SAN FRANCISCO",-122.40031987,37.744979970000003
7025572,2015,2015-08-22,3801,2015-04-01,1736,1485,,3,5,7,3801,0,0,0,,0,14D,"BRODERICK ST","FELL ST",0.00,,Y,A,-,N,,,,,,,,,,N,4,0,1,2,A,-,10,21950,A,N,G,B,B,A,H,-,A,A,0,Y,,,,Y,,A,01,0,0,1,0,1,0,0,0,0,"- ","- ",,,"SAN FRANCISCO","SAN FRANCISCO",-122.43928999000001,37.77383992
7025578,2015,2015-08-22,3801,2015-04-25,0430,2334,SOUTH,6,5,7,3801,0,0,0,,0,,"11TH ST","MISSION ST",0.00,,Y,A,-,N,,,,,,,,,,N,4,0,1,2,A,-,10,21950,A,F,G,B,B,B,H,-,C,A,0,Y,,,,Y,,A,01,0,0,1,0,1,0,0,0,0,"- ","- ",,,"SAN FRANCISCO","SAN FRANCISCO",-122.41709998,37.774329989999998
7025579,2015,2015-08-25,3801,2015-04-04,2252,000707,TENDE,6,5,7,3801,0,0,0,,0,,"EDDY ST","EDDY ST 469",0.00,,-,A,-,N,,,,,,,,,,N,4,0,1,2,A,-,21,22106,,N,G,B,F,A,H,-,C,D,0,Y,,,,Y,,A,08,0,0,1,0,1,0,0,0,0,"- ","- ",,,"SAN FRANCISCO","SAN FRANCISCO",-122.41536051,37.78357123
7025581,2015,2015-08-25,3801,2015-04-19,2123,004375,MISSI,7,5,7,3801,0,0,0,,0,,"DOLORES ST","17TH ST",0.00,,Y,A,-,N,,,,,,,,,,N,3,0,1,2,A,-,11,21955,,N,G,B,D,A,H,-,C,A,0,Y,,,,Y,Y,N,60,0,1,0,0,1,0,0,0,0,"- ","- ",,,"SAN FRANCISCO","SAN FRANCISCO",-122.4262999,37.763009940000003
7025582,2015,2015-08-22,3801,2015-04-26,0645,001968,TENDE,7,5,7,3801,0,0,0,,0,3J12A,"ELLIS ST","LEAVENWORTH ST",78.00,W,N,A,-,N,,,,,,,,,,N,2,0,1,2,A,-,00,20001,A,F,G,B,D,A,H,-,B,D,0,Y,,,,Y,,A,01,1,0,0,0,1,0,0,0,0,"- ","- ",,,"SAN FRANCISCO","SAN FRANCISCO",-122.4146848,37.784628189999999
7025583,2015,2015-08-22,3801,2015-04-08,1610,000320,NORTH,3,5,7,3801,0,0,0,,0,4B7E,"POLK ST","SUTTER ST",19.00,S,N,A,-,N,,,,,,,,,,N,3,0,1,2,A,-,11,21954,A,N,G,B,D,A,H,-,A,A,0,Y,,,,Y,,N,60,0,1,0,0,1,0,0,0,0,"- ","- ",,,"SAN FRANCISCO","SAN FRANCISCO",-122.42008799,37.787708680000001
7025586,2015,2015-08-22,3801,2015-04-28,1825,514,SOUTH,2,5,7,3801,0,0,0,,0,3B12D,"TOWNSEND ST","8TH ST",0.00,,Y,A,-,N,,,,,,,,,,N,4,0,1,2,A,-,10,21950,A,N,G,B,B,A,H,-,A,A,0,Y,,,,Y,,-,,0,0,1,0,1,0,0,0,0,"- ","- ",,,"SAN FRANCISCO","SAN FRANCISCO",-122.40389475000001,37.7700435
7025590,2015,2015-08-22,3801,2015-04-26,0147,000994,CENTR,7,5,7,3801,0,0,0,,0,3A11E,"SUTTER ST","MASON ST",0.00,,Y,A,-,N,,,,,,,,,,Y,3,0,1,4,A,-,01,23153,A,F,D,D,E,A,H,-,C,A,0,Y,,,,Y,Y,A,01,0,1,0,0,1,0,0,0,0,"- ","- ",,,"SAN FRANCISCO","SAN FRANCISCO",-122.41021987000001,37.78900994
7025594,2015,2015-08-22,3801,2015-04-28,0806,000205,BAYVI,2,5,7,3801,0,0,0,,0,0C4,"SWEENY ST","SAN BRUNO AV",0.00,,Y,A,-,N,,,,,,,,,,N,4,0,1,2,A,-,12,22450,A,F,G,B,B,A,H,-,A,A,0,Y,,,,Y,,A,01,0,0,1,0,1,0,0,0,0,"- ","- ",,,"SAN FRANCISCO","SAN FRANCISCO",-122.4062299,37.733509980000001
7025597,2015,2015-08-22,3801,2015-04-22,1603,964,TENDE,3,5,7,3801,0,0,0,,0,3J13D,"MASON ST","ELLIS ST",102.00,S,N,A,-,N,,,,,,,,,,N,3,0,1,2,A,-,11,21955,,N,G,B,D,A,H,-,A,D,0,Y,,,,Y,Y,N,60,0,1,0,0,1,0,0,0,0,"- ","- ",,,"SAN FRANCISCO","SAN FRANCISCO",-122.40941322,37.785052260000001
7027441,2015,2015-08-24,3801,2015-04-08,1306,2226,MISSI,3,5,7,3801,0,0,0,,0,4B6D,"22ND ST","QUANE ALLEY",0.00,,Y,A,-,N,,,,,,,,,,N,3,0,1,2,A,-,11,21954,A,N,G,B,E,A,H,-,A,D,0,Y,,,,Y,,N,60,0,1,0,0,1,0,0,0,0,"- ","- ",,,"SAN FRANCISCO","SAN FRANCISCO",-122.42482990000001,37.755079960000003
7027444,2015,2015-08-24,3801,2015-04-12,0036,455,SOUTH,7,5,7,3801,0,0,0,,0,3B14E,"10TH ST","HOWARD ST",200.00,S,N,A,-,N,,,,,,,,,,N,2,0,1,2,A,-,03,22350,,F,G,B,E,A,H,-,C,D,0,Y,,,,Y,,A,01,1,0,0,0,1,0,0,0,0,"- ","- ",,,"SAN FRANCISCO","SAN FRANCISCO",-122.41387649000001,37.773644750000003
7027446,2015,2015-08-21,3801,2015-04-24,2335,2080,NORTH,5,5,7,3801,0,0,0,,0,3E11E,"LAGUNA ST","GEARY BL",0.00,,Y,C,-,N,,,,,,,,,,N,3,0,1,2,A,-,10,21950,A,N,G,B,B,B,H,-,C,A,0,Y,,,,Y,,A,01,0,1,0,0,1,0,0,0,0,"- ","- ",,,"SAN FRANCISCO","SAN FRANCISCO",-122.42799999,37.785039920000003
7027453,2015,2015-08-24,3801,2015-04-15,2357,1840,CENTR,3,5,7,3801,0,0,0,,0,SA12E,"KEARNY ST","BUSH ST",0.00,,Y,A,-,N,,,,,,,,,,N,2,0,1,2,A,-,10,21950,A,N,G,B,B,A,H,-,C,A,0,Y,,,,Y,,A,01,1,0,0,0,1,0,0,0,0,"- ","- ",,,"SAN FRANCISCO","SAN FRANCISCO",-122.4040299,37.790769939999997
7027458,2015,2015-09-02,3801,2015-04-28,2300,1537,MISSI,2,5,7,3801,0,0,0,,0,3D11D,"17TH ST","NOE ST",12.00,W,N,-,-,N,,,,,,,,,,N,3,0,1,2,D,-,00,,,N,G,B,B,-,-,-,C,D,0,Y,,,,Y,,-,"- ",0,1,0,0,1,0,0,0,0,"- ","- ",,,"SAN FRANCISCO","SAN FRANCISCO",-122.43301142999999,37.762627719999998
7027463,2015,2015-08-24,3801,2015-04-17,1905,1060,SOUTH,5,5,7,3801,0,0,0,,0,004,"MARKET ST","GOUGH ST",0.00,,Y,A,-,N,,,,,,,,,,N,3,0,1,2,A,-,10,21950,A,N,G,B,B,A,H,-,A,A,0,Y,,,,Y,,A,01,0,1,0,0,1,0,0,0,0,"- ","- ",,,"SAN FRANCISCO","SAN FRANCISCO",-122.42220992999999,37.772869960000001
7027465,2015,2015-08-24,3801,2015-04-29,1821,001275,SOUTH,3,5,7,3801,0,0,0,,0,3B11D,"HOWARD ST","3RD ST",0.00,,Y,A,-,N,,,,,,,,,,N,4,0,1,2,A,-,10,21950,A,F,G,B,B,A,H,-,A,A,0,Y,,,,Y,,A,01,0,0,1,0,1,0,0,0,0,"- ","- ",,,"SAN FRANCISCO","SAN FRANCISCO",-122.40049986,37.785009909999999
7027467,2015,2015-08-24,3801,2015-04-11,2202,001478,CENTR,6,5,7,3801,0,0,0,,0,002,"POST ST","POWELL ST",0.00,,Y,A,-,N,,,,,,,,,,N,3,0,1,2,A,-,00,28002,A,F,B,B,D,A,H,-,C,A,0,Y,,,,Y,Y,A,01,0,1,0,0,1,0,0,0,0,"- ","- ",,,"SAN FRANCISCO","SAN FRANCISCO",-122.40839999000001,37.788289919999997
7027472,2015,2015-08-24,3801,2015-04-14,1109,1992,,2,5,7,3801,0,0,0,,0,3I16B,"TARAVAL ST","32ND AV",44.00,W,N,A,-,N,,,,,,,,,,N,4,0,1,2,A,-,11,21954,A,N,D,B,D,A,H,-,A,D,0,Y,,,,Y,,N,60,0,0,1,0,1,0,0,0,0,"- ","- ",,,"SAN FRANCISCO","SAN FRANCISCO",-122.48978212,37.742425740000002
7027473,2015,2015-08-24,3801,2015-04-08,0730,2434,BAYVI,3,5,7,3801,0,0,0,,0,3C12A,"SILLIMAN ST","UNIVERSITY ST",0.00,,Y,A,-,N,,,,,,,,,,N,4,0,1,2,A,-,10,21950,A,N,A,B,D,A,H,-,A,A,0,Y,,,,Y,,A,01,0,0,1,0,1,0,0,0,0,"- ","- ",,,"SAN FRANCISCO","SAN FRANCISCO",-122.41496986,37.728649920000002
7027476,2015,2015-08-24,3801,2015-04-11,0913,004307,MISSI,6,5,7,3801,0,0,0,,0,3D11A,"POTRERO AV","16TH ST",0.00,,Y,A,-,N,,,,,,,,,,N,4,0,1,2,A,-,10,21950,A,N,G,B,B,A,H,-,A,A,0,Y,,,,Y,,A,07,0,0,1,0,1,0,0,0,0,"- ","- ",,,"SAN FRANCISCO","SAN FRANCISCO",-122.40755998,37.765769929999998
7027484,2015,2015-08-24,3801,2015-04-30,0705,1540,PARK,4,5,7,3801,0,0,0,,0,3F60,"IRVING ST","5TH AV",10.00,E,N,A,-,N,,,,,,,,,,N,4,0,1,2,A,-,10,21950,A,N,G,B,B,A,H,-,A,A,0,Y,,,,Y,,A,01,0,0,1,0,1,0,0,0,0,"- ","- ",,,"SAN FRANCISCO","SAN FRANCISCO",-122.46200545000001,37.764231600000002
7027485,2015,2015-08-21,3801,2015-04-07,0930,4160,,2,5,7,3801,0,0,0,,0,03B,"MARKET ST","4TH ST",70.00,E,N,A,-,N,,,,,,,,,,N,4,0,1,2,A,-,11,21954,A,N,G,B,D,B,H,-,A,A,0,Y,,,,Y,Y,N,60,0,0,1,0,1,0,0,0,0,"- ","- ",,,"SAN FRANCISCO","SAN FRANCISCO",-122.40571822,37.78583562
7027492,2015,2015-08-24,3801,2015-04-28,0839,000251,RICHM,2,5,7,3801,0,0,0,,0,3G61,"GEARY BL","28TH AV",0.00,,Y,B,-,N,,,,,,,,,,N,4,0,1,2,A,-,10,21950,A,N,G,B,B,A,H,-,A,A,0,Y,,,,Y,,A,01,0,0,1,0,1,0,0,0,0,"- ","- ",,,"SAN FRANCISCO","SAN FRANCISCO",-122.48794992000001,37.780019899999999
7027496,2015,2015-08-24,3801,2015-04-23,1906,001933,CENTR,4,5,7,3801,0,0,0,,0,3A11D,"GEARY ST","LEAVENWORTH ST",0.00,,Y,A,-,N,,,,,,,,,,N,4,0,1,2,A,-,10,21950,A,N,G,B,B,A,H,-,B,A,0,Y,,,,Y,,A,08,0,0,1,0,1,0,0,0,0,"- ","- ",,,"SAN FRANCISCO","SAN FRANCISCO",-122.41479993999999,37.78653997
7027501,2015,2015-08-21,3801,2015-04-08,1215,27,CENTR,3,5,7,3801,0,0,0,,0,3A2C,"BUSH ST","KEARNY ST",150.00,E,N,A,-,N,,,,,,,,,,N,4,0,1,2,A,-,21,22106,,N,G,B,F,A,H,-,A,D,0,Y,,,,Y,,A,07,0,0,1,0,1,0,0,0,0,"- ","- ",,,"SAN FRANCISCO","SAN FRANCISCO",-122.40351619,37.790829500000001
7027517,2015,2015-08-21,3801,2015-04-10,1433,2362,TENDE,5,5,7,3801,0,0,0,,0,3J13A,"ELLIS ST","POWELL ST",3.00,E,N,A,-,N,,,,,,,,,,N,4,0,1,2,A,-,11,21456,B,N,G,B,B,A,H,-,A,A,0,Y,,,,Y,,N,60,0,0,1,0,1,0,0,0,0,"- ","- ",,,"SAN FRANCISCO","SAN FRANCISCO",-122.40781978,37.785501459999999
7027525,2015,2016-06-15,3801,2015-04-16,1633,000794,BAYVI,4,5,7,3801,0,0,0,,0,3C14D,"3RD ST","20TH ST",0.00,,Y,A,-,N,,,,,,,,,,N,3,0,1,2,A,-,11,21453,D,N,G,B,B,A,H,-,A,A,0,Y,,,,Y,,N,60,0,1,0,0,1,0,0,0,0,"- ","- ",,,"SAN FRANCISCO","SAN FRANCISCO",-122.38866992,37.760459910000002
7027541,2015,2015-10-05,3801,2015-04-16,0945,1398,PARK,4,5,7,3801,0,0,0,,0,4BSE,"MASONIC AV","OAK GROVE ST",42.00,N,N,A,-,N,,,,,,,,,,N,3,0,1,2,A,-,11,21456,B,N,G,B,D,A,H,-,A,A,0,Y,,,,Y,,N,60,0,1,0,0,1,0,0,0,0,"- ","- ",,,"SAN FRANCISCO","SAN FRANCISCO",-122.44577497,37.772198160000002
7027545,2015,2015-09-08,3801,2015-04-17,0811,121,3E,5,5,7,3801,0,0,0,,0,0E5,"BUCHANAN ST","GREEN ST",0.00,,Y,A,-,N,,,,,,,,,,N,3,0,1,2,A,-,10,21952,,N,G,B,F,-,-,-,-,D,0,Y,,,,Y,,A,01,0,1,0,0,1,0,0,0,0,"- ","- ",,,"SAN FRANCISCO","SAN FRANCISCO",-122.43200991,37.796569900000001
7027557,2015,2015-10-05,3801,2015-04-16,2133,000738,NORTH,4,5,7,3801,0,0,0,,0,3E13D,"POLK ST","OFARRELL ST",0.00,,Y,A,-,N,,,,,,,,,,N,3,0,1,2,A,-,11,21955,,N,G,B,D,A,H,-,C,A,0,Y,,,,Y,,N,60,0,1,0,0,1,0,0,0,0,"- ","- ",,,"SAN FRANCISCO","SAN FRANCISCO",-122.41954986,37.784969920000002
7027633,2015,2015-08-31,3801,2015-03-19,1738,000891,,4,5,7,3801,0,0,0,,0,3G11D,"FULTON ST","19TH AV",0.00,,Y,A,-,N,,,,,,,,,,N,4,0,1,2,-,-,"- ",,,N,G,B,B,A,H,-,B,D,0,Y,,,,Y,,-,"- ",0,0,1,0,1,0,0,0,0,"- ","- ",,,"SAN FRANCISCO","SAN FRANCISCO",-122.47777997,37.77284993
7027635,2015,2015-08-28,3801,2015-03-24,2005,000868,,2,5,7,3801,0,0,0,,0,4B8G,"STANYAN ST","LONE MOUNTAIN TER",0.00,,Y,A,-,N,,,,,,,,,,N,4,0,1,2,A,-,10,21950,A,N,G,B,C,A,H,-,C,D,0,Y,,,,Y,,A,01,0,0,1,0,1,0,0,0,0,"- ","- ",,,"SAN FRANCISCO","SAN FRANCISCO",-122.45546988,37.778849940000001
7027656,2015,2015-09-26,3801,2015-03-01,0430,892,,7,5,7,3801,0,0,0,,0,3B00,"MISSION ST","16TH ST",0.00,,Y,A,-,N,,,,,,,,,,N,4,0,1,2,A,-,03,22350,,M,G,B,E,A,H,-,C,A,0,Y,,,,Y,,-,,0,0,1,0,1,0,0,0,0,"- ","- ",,,"SAN FRANCISCO","SAN FRANCISCO",-122.41966992,37.765049910000002
7027755,2015,2016-06-15,3801,2015-04-17,1000,1331,04172,5,5,7,3801,0,0,0,,0,COH,"BOSWORTH ST","DIAMOND ST",0.00,,Y,A,-,N,,,,,,,,,,N,4,0,1,2,A,-,10,21950,A,N,G,B,B,A,H,-,A,A,0,Y,,,,Y,,A,07,0,0,1,0,1,0,0,0,0,"- ","- ",,,"SAN FRANCISCO","SAN FRANCISCO",-122.43412995,37.733559929999998
7027760,2015,2015-10-02,3801,2015-04-27,1715,000868,INGLE,1,5,7,3801,0,0,0,,0,4B108,"CHENERY ST","RANDALL ST",186.00,N,N,A,-,N,,,,,,,,,,N,4,0,1,2,A,-,11,21950,B,N,G,B,D,A,H,-,A,D,0,Y,,,,Y,,N,60,0,0,1,0,1,0,0,0,0,"- ","- ",,,"SAN FRANCISCO","SAN FRANCISCO",-122.42560734,37.740318940000002
7029067,2015,2016-06-15,3801,2015-06-15,1412,000013,NORTH,1,5,7,3801,0,0,0,,0,4B8G,"GOUGH ST","SACRAMENTO ST",0.00,,Y,A,-,N,,,,,,,,,,N,4,0,1,2,A,-,10,21950,A,N,G,B,B,A,H,-,A,A,0,Y,,,,Y,,A,01,0,0,1,0,1,0,0,0,0,"- ","- ",,,"SAN FRANCISCO","SAN FRANCISCO",-122.4257899,37.790879990000001
7029095,2015,2016-06-13,3801,2015-06-03,1320,1186,INGLE,3,5,7,3801,0,0,0,,0,3H16C,"MISSION ST","SANTA ROSA AV",0.00,,Y,A,-,N,,,,,,,,,,N,4,0,1,2,A,-,10,21950,A,N,G,B,B,A,H,-,A,D,0,Y,,,Y,Y,,F,26,0,0,1,0,1,0,0,0,0,"- ","- ",,,"SAN FRANCISCO","SAN FRANCISCO",-122.43400988,37.725759920000002
7029099,2015,2015-09-01,3801,2015-06-09,0655,217,,2,5,7,3801,0,0,0,,0,3A3A,"SUTTER ST",JONES,0.00,W,-,A,-,N,,,,,,,,,,N,4,0,1,2,A,-,11,21950,B,N,G,B,E,A,B,-,A,D,0,Y,,,,Y,,N,60,0,0,1,0,1,0,0,0,0,"- ","- ",,,"SAN FRANCISCO","SAN FRANCISCO",-122.41351993000001,37.788599949999998
7029157,2015,2015-11-07,3801,2015-06-12,2147,1630,SOUTH,5,5,7,3801,0,0,0,,0,3B1E,"2ND ST","MISSION ST",0.00,,Y,A,-,N,,,,,,,,,,N,4,0,1,2,A,-,11,21456,B,N,G,B,B,A,H,-,C,A,0,Y,,,,Y,,N,60,0,0,1,0,1,0,0,0,0,"- ","- ",,,"SAN FRANCISCO","SAN FRANCISCO",-122.39978994000001,37.78800992
7029202,2015,2015-08-26,3801,2015-06-04,2315,1246,NORTH,4,5,7,3801,0,0,0,,0,3E14D,"VAN NESS AV","PACIFIC ST",50.00,N,N,A,-,N,,,,,,,,,,N,4,0,1,2,A,-,10,21950,A,F,G,B,B,A,H,-,C,A,0,Y,,,,Y,,A,01,0,0,1,0,1,0,0,0,0,"- ","- ",,,"SAN FRANCISCO","SAN FRANCISCO",-122.42334852,37.794955479999999
7029204,2015,2016-06-16,3801,2015-06-25,2123,2112,MISSI,4,5,7,3801,0,0,0,,0,3D14E,"SHOTWELL ST","23RD ST",15.00,N,N,A,-,N,,,,,,,,,,N,4,0,1,2,A,-,10,21950,A,F,G,B,B,A,H,-,C,D,0,Y,,,,Y,,A,01,0,0,1,0,1,0,0,0,0,"- ","- ",,,"SAN FRANCISCO","SAN FRANCISCO",-122.41533352,37.754091109999997
7029205,2015,2015-08-26,3801,2015-06-11,2108,455,SOUTH,4,5,7,3801,0,0,0,,0,3B11,"BEALE ST","MARKET ST",33.00,S,N,A,-,N,,,,,,,,,,N,3,0,1,2,A,-,11,21950,B,N,D,B,B,A,H,-,C,A,0,Y,,,,Y,,N,60,0,1,0,0,1,0,0,0,0,"- ","- ",,,"SAN FRANCISCO","SAN FRANCISCO",-122.39727809999999,37.792413809999999
7029206,2015,2015-08-26,3801,2015-06-09,1421,A07050,,2,5,7,3801,0,0,0,,0,,"GRANT ST","PINE ST",4.00,S,N,A,-,N,,,,,,,,,,N,4,0,1,2,A,-,21,22106,,N,G,B,B,A,H,-,A,A,0,Y,,,,Y,,A,01,0,0,1,0,1,0,0,0,0,"- ","- ",,,"SAN FRANCISCO","SAN FRANCISCO",-122.40571792999999,37.791499129999998
7029207,2015,2015-08-27,3801,2015-06-28,1645,04302,BAYVI,7,5,7,3801,0,0,0,,0,3C13D,"3RD ST","WALLACE AV",3.00,N,N,A,-,N,,,,,,,,,,N,2,0,1,2,A,-,11,21453,D,N,G,B,B,A,H,-,A,A,0,Y,,,,Y,,N,60,1,0,0,0,1,0,0,0,0,"- ","- ",,,"SAN FRANCISCO","SAN FRANCISCO",-122.39299758999999,37.728538020000002
7029210,2015,2015-08-26,3801,2015-06-18,1345,959,TENDE,4,5,7,3801,0,0,0,,0,3J11D,"MCALLISTER ST","JONES ST",0.00,,Y,A,-,N,,,,,,,,,,N,3,0,1,2,A,-,10,21950,A,F,G,B,B,A,H,-,A,A,0,Y,,,,Y,,A,01,0,1,0,0,1,0,0,0,0,"- ","- ",,,"SAN FRANCISCO","SAN FRANCISCO",-122.41202994,37.781129900000003
7029216,2015,2015-08-27,3801,2015-06-18,1836,720,INGLE,4,5,7,3801,0,0,0,,0,3H11D,"SAN JOSE AV","29TH ST",0.00,,Y,A,-,N,,,,,,,,,,N,4,0,1,2,A,-,10,21950,A,F,G,B,B,A,H,-,A,A,0,Y,,,,Y,,A,01,0,0,1,0,1,0,0,0,0,"- ","- ",,,"SAN FRANCISCO","SAN FRANCISCO",-122.42274999999999,37.743929899999998
7029217,2015,2015-08-26,3801,2015-06-19,1530,4060,PARK,5,5,7,3801,0,0,0,,0,3F60,"COLE ST","WALLER ST",5.00,S,N,A,-,N,,,,,,,,,,N,4,0,1,2,D,-,00,,,F,D,B,D,A,H,-,A,A,0,Y,,,,Y,Y,-,"- ",0,0,1,0,1,0,0,0,0,"- ","- ",,,"SAN FRANCISCO","SAN FRANCISCO",-122.4505372,37.768576449999998
7029220,2015,2015-08-27,3801,2015-06-13,1235,36,A,6,5,7,3801,0,0,0,,0,SA24,"HYDE ST","GREENWICH ST",0.00,,N,-,-,N,,,,,,,,,,N,3,0,1,2,D,-,00,,,F,G,B,E,-,-,-,-,-,0,Y,,,,Y,,-,"- ",0,1,0,0,1,0,0,0,0,"- ","- ",,,"SAN FRANCISCO","SAN FRANCISCO",-122.41942994,37.801069939999998
7029224,2015,2015-08-27,3801,2015-06-25,0100,2313,TENDE,4,5,7,3801,0,0,0,,0,3J12E,"TURK ST","LEAVENWORTH ST",21.00,W,N,A,-,N,,,,,,,,,,N,2,0,1,2,A,-,11,21955,,F,G,B,D,A,H,-,C,A,0,Y,,,,Y,,N,60,1,0,0,0,1,0,0,0,0,"- ","- ",,,"SAN FRANCISCO","SAN FRANCISCO",-122.41411159,37.78279002
7029230,2015,2015-09-03,3801,2015-06-16,1538,1058,SOUTH,2,5,7,3801,0,0,0,,0,901,"MARKET ST","7TH ST",0.00,,Y,A,-,N,,,,,,,,,,N,3,0,1,2,A,-,10,21950,A,N,G,B,B,A,H,-,A,A,0,Y,,,,Y,,A,01,0,1,0,0,1,0,0,0,0,"- ","- ",,,"SAN FRANCISCO","SAN FRANCISCO",-122.4125099,37.780479900000003
7029242,2015,2015-08-26,3801,2015-06-29,1913,000985,RICHM,1,5,7,3801,0,0,0,,0,3G13D,"MARTIN LUTHER KING DR","7TH AV",168.00,W,N,A,-,N,,,,,,,,,,N,3,0,1,2,A,-,11,21955,,N,G,B,D,A,H,-,A,A,0,Y,,,,Y,,N,60,0,1,0,0,1,0,0,0,0,"- ","- ",,,"SAN FRANCISCO","SAN FRANCISCO",-122.46494699,37.766287720000001
7029248,2015,2015-08-27,3801,2015-06-29,1940,00652,CENTR,1,5,7,3801,0,0,0,,0,3A12D,"BAY ST","COLUMBUS AV",66.00,W,N,A,-,N,,,,,,,,,,Y,3,0,1,2,D,-,00,,,N,H,I,E,A,H,-,C,A,0,Y,,,,Y,,-,"- ",0,1,0,0,1,0,0,0,0,"- ","- ",,,"SAN FRANCISCO","SAN FRANCISCO",-122.4174259,37.805162619999997
7029263,2015,2016-02-10,3801,2015-06-11,2225,00443,CENTR,4,5,7,3801,0,0,0,,0,4C1,"TAYLOR ST","WATER ST",63.00,S,N,B,-,N,,,,,,,,,,Y,2,0,3,4,A,-,01,23152,A,N,G,B,D,A,H,-,C,D,0,Y,,Y,,Y,Y,C,02,1,2,0,0,1,0,0,0,2,"- ","- ",,,"SAN FRANCISCO","SAN FRANCISCO",-122.41498326,37.804029399999997