CASE_ID,ACCIDENT_YEAR,PROC_DATE,JURIS,COLLISION_DATE,COLLISION_TIME,OFFICER_ID,REPORTING_DISTRICT,DAY_OF_WEEK,CHP_SHIFT,POPULATION,CNTY_CITY_LOC,SPECIAL_COND,BEAT_TYPE,CHP_BEAT_TYPE,CITY_DIVISION_LAPD,CHP_BEAT_CLASS,BEAT_NUMBER,PRIMARY_RD,SECONDARY_RD,DISTANCE,DIRECTION,INTERSECTION,WEATHER_1,WEATHER_2,STATE_HWY_IND,CALTRANS_COUNTY,CALTRANS_DISTRICT,STATE_ROUTE,ROUTE_SUFFIX,POSTMILE_PREFIX,POSTMILE,LOCATION_TYPE,RAMP_INTERSECTION,SIDE_OF_HWY,TOW_AWAY,COLLISION_SEVERITY,NUMBER_KILLED,NUMBER_INJURED,PARTY_COUNT,PRIMARY_COLL_FACTOR,PCF_CODE_OF_VIOL,PCF_VIOL_CATEGORY,PCF_VIOLATION,PCF_VIOL_SUBSECTION,HIT_AND_RUN,TYPE_OF_COLLISION,MVIW,PED_ACTION,ROAD_SURFACE,ROAD_COND_1,ROAD_COND_2,LIGHTING,CONTROL_DEVICE,CHP_ROAD_TYPE,PEDESTRIAN_ACCIDENT,BICYCLE_ACCIDENT,MOTORCYCLE_ACCIDENT,TRUCK_ACCIDENT,NOT_PRIVATE_PROPERTY,ALCOHOL_INVOLVED,STWD_VEHTYPE_AT_FAULT,CHP_VEHTYPE_AT_FAULT,COUNT_SEVERE_INJ,COUNT_VISIBLE_INJ,COUNT_COMPLAINT_PAIN,COUNT_PED_KILLED,COUNT_PED_INJURED,COUNT_BICYCLIST_KILLED,COUNT_BICYCLIST_INJURED,COUNT_MC_KILLED,COUNT_MC_INJURED,PRIMARY_RAMP,SECONDARY_RAMP,LATITUDE,LONGITUDE,COUNTY,CITY,POINT_X,POINT_Y
7029264,2015,2015-08-27,3801,2015-06-18,1430,04274,RICHM,4,5,7,3801,0,0,0,,0,3G12C,"SACRAMENTO ST","LYON ST",0.00,,Y,A,-,N,,,,,,,,,,N,3,0,1,2,A,-,10,21950,A,N,D,B,B,A,H,-,A,D,0,Y,,,,Y,,A,01,0,1,0,0,1,0,0,0,0,"- ","- ",,,"SAN FRANCISCO","SAN FRANCISCO",-122.4455899,37.788359989999996
7029272,2015,2015-08-27,3801,2015-06-02,2232,2287,SOUTH,2,5,7,3801,0,0,0,,0,3B60,"8TH ST","MISSION ST",8.00,N,N,A,-,N,,,,,,,,,,N,2,0,1,2,A,-,10,21950,A,F,G,B,B,A,H,-,C,A,0,Y,,,,Y,,A,01,1,0,0,0,1,0,0,0,0,"- ","- ",,,"SAN FRANCISCO","SAN FRANCISCO",-122.4131795,37.777475600000002
7029278,2015,2015-08-26,3801,2015-06-29,1250,004329,MISSI,1,5,7,3801,0,0,0,,0,3D45C,"MISSION ST","24TH ST",137.00,N,N,A,-,N,,,,,,,,,,N,3,0,1,3,A,-,11,21955,,F,G,B,C,A,H,-,A,D,0,Y,,Y,,Y,,C,02,0,1,0,0,1,0,0,0,0,"- ","- ",,,"SAN FRANCISCO","SAN FRANCISCO",-122.41851564,37.752635810000001
7029280,2015,2015-08-27,3801,2015-06-18,1546,04178,SOUTH,4,5,7,3801,0,0,0,,0,4B3B,"1ST ST","MARKET ST",30.00,S,N,A,-,N,,,,,,,,,,N,3,0,1,2,A,-,21,22106,,F,G,B,E,A,H,-,A,A,0,Y,,,,Y,,A,01,0,1,0,0,1,0,0,0,0,"- ","- ",,,"SAN FRANCISCO","SAN FRANCISCO",-122.39906944000001,37.790989529999997
7029281,2015,2015-08-26,3801,2015-06-23,0802,1043,SOUTH,2,5,7,3801,0,0,0,,0,3B60,"11TH ST","FOLSOM ST",0.00,,Y,A,-,N,,,,,,,,,,N,4,0,1,2,A,-,10,21950,A,N,G,B,B,A,H,-,A,A,0,Y,,,,Y,,A,01,0,0,1,0,1,0,0,0,0,"- ","- ",,,"SAN FRANCISCO","SAN FRANCISCO",-122.4140099,37.771879890000001
7029286,2015,2015-08-26,3801,2015-06-25,2215,02173,NORTH,4,5,7,3801,0,0,0,,0,,"BUCHANAN ST","HAIGHT ST",0.00,,Y,A,-,N,,,,,,,,,,N,4,0,1,2,A,-,10,21950,C,N,G,B,B,A,H,-,C,A,0,Y,,,,Y,,A,01,0,0,1,0,1,0,0,0,0,"- ","- ",,,"SAN FRANCISCO","SAN FRANCISCO",-122.42716998,37.772529949999999
7029287,2015,2015-08-31,3801,2015-07-07,1410,01884,RICHM,2,5,7,3801,0,0,0,,0,901,"FULTON ST","ARGUELLO BL",0.00,,Y,A,-,N,,,,,,,,,,N,3,0,1,2,A,-,10,21950,A,N,G,B,B,A,H,-,A,A,0,Y,,,,Y,,A,01,0,1,0,0,1,0,0,0,0,"- ","- ",,,"SAN FRANCISCO","SAN FRANCISCO",-122.45834993,37.774289899999999
7029288,2015,2015-08-31,3801,2015-06-15,1156,01114,,1,5,7,3801,0,0,0,,0,,"JERROLD AV","NAPOLEON ST",0.00,,Y,A,-,N,,,,,,,,,,N,3,0,1,2,D,-,00,,,N,G,B,B,A,H,-,A,A,0,Y,,,,Y,,-,"- ",0,1,0,0,1,0,0,0,0,"- ","- ",,,"SAN FRANCISCO","SAN FRANCISCO",-122.40200987999999,37.745969959999996
7029291,2015,2016-11-03,3801,2015-06-06,2125,01310,NORTH,6,5,7,3801,0,0,0,,0,3E13E,"VAN NESS AV","WASHINGTON ST",9.00,N,N,B,-,Y,SF,4,101,-,-,6.130,I,5,S,Y,2,0,1,2,A,-,11,21453,D,N,A,B,B,A,H,-,C,A,0,Y,,,,Y,Y,N,60,1,0,0,0,1,0,0,0,0,"- ","- ",,,"SAN FRANCISCO","SAN FRANCISCO",-122.42299302000001,37.793076859999999
7029294,2015,2015-08-26,3801,2015-06-21,1850,00242,TENDE,7,5,7,3801,0,0,0,,0,003,"OFARRELL ST","MASON ST",10.00,E,N,A,-,N,,,,,,,,,,N,4,0,1,2,A,-,10,21950,A,N,G,B,B,A,H,-,A,A,0,Y,,,,Y,,A,01,0,0,1,0,1,0,0,0,0,"- ","- ",,,"SAN FRANCISCO","SAN FRANCISCO",-122.40962583,37.786224410000003
7029295,2015,2016-11-03,3801,2015-06-07,0114,1058,SOUTH,7,5,7,3801,0,0,0,,0,3B12E,"S VAN NESS AV","MISSION ST",0.00,,Y,A,-,Y,SF,4,101,-,T,4.706,I,5,S,N,4,0,1,2,A,-,11,21453,D,F,G,B,B,A,H,-,C,A,0,Y,,,,Y,Y,N,60,0,0,1,0,1,0,0,0,0,"- ","- ",,,"SAN FRANCISCO","SAN FRANCISCO",-122.41872743,37.773112730000001
7029298,2015,2015-08-26,3801,2015-06-21,0136,298,CENTR,7,5,7,3801,0,0,0,,0,,"POST ST","LEAVENWORTH ST",0.00,,Y,A,-,N,,,,,,,,,,N,3,0,1,2,A,-,10,21950,A,N,G,B,E,A,H,-,C,A,0,Y,,,,Y,Y,N,60,0,1,0,0,1,0,0,0,0,"- ","- ",,,"SAN FRANCISCO","SAN FRANCISCO",-122.41498987,37.787449889999998
7029302,2015,2015-08-26,3801,2015-06-21,0025,298,CENTR,7,5,7,3801,0,0,0,,0,3A11E,"BROADWAY ST","MONTGOMERY ST",0.00,,Y,A,-,N,,,,,,,,,,N,4,0,1,2,A,-,10,21950,A,N,G,B,B,A,H,-,C,D,0,Y,,,,Y,,A,01,0,0,1,0,1,0,0,0,0,"- ","- ",,,"SAN FRANCISCO","SAN FRANCISCO",-122.40383998999999,37.798239889999998
7029304,2015,2015-09-01,3801,2015-06-15,2040,1353,COE,1,5,7,3801,0,0,0,,0,3E76,"FILLMORE ST","WALLER ST",0.00,,Y,A,-,N,,,,,,,,,,N,4,0,1,2,A,-,11,21954,A,N,D,B,D,A,H,-,B,D,0,Y,,,,Y,,N,60,0,0,1,0,1,0,0,0,0,"- ","- ",,,"SAN FRANCISCO","SAN FRANCISCO",-122.43023994000001,37.771189970000002
7029309,2015,2015-08-26,3801,2015-06-21,2315,1117,MISSI,7,5,7,3801,0,0,0,,0,901,"17TH ST","HOFF ST",0.00,,Y,A,-,N,,,,,,,,,,N,3,0,1,2,A,-,10,21950,A,F,G,B,D,A,H,-,C,D,0,Y,,,,Y,Y,-,,0,1,0,0,1,0,0,0,0,"- ","- ",,,"SAN FRANCISCO","SAN FRANCISCO",-122.42041994,37.763369969999999
7029311,2015,2015-08-31,3801,2015-06-19,1500,2440,CENTR,5,5,7,3801,0,0,0,,0,03A,GRANT,PINE,0.00,,Y,A,-,N,,,,,,,,,,N,2,0,1,2,A,-,10,21950,A,N,G,B,B,A,H,-,A,A,0,Y,,,,Y,,-,,1,0,0,0,1,0,0,0,0,"- ","- ",,,"SAN FRANCISCO","SAN FRANCISCO",-122.40571989999999,37.791509959999999
7029318,2015,2016-06-22,3801,2015-06-22,2242,04262,MISSI,1,5,7,3801,0,0,0,,0,903,"S VAN NESS AV","20TH ST",0.00,,Y,A,-,N,,,,,,,,,,N,4,0,1,2,A,-,11,21453,D,N,G,B,B,A,H,-,C,A,0,Y,,,,Y,,N,60,0,0,1,0,1,0,0,0,0,"- ","- ",,,"SAN FRANCISCO","SAN FRANCISCO",-122.41690989999999,37.758759910000002
7029320,2015,2015-09-01,3801,2015-06-04,0914,618,TARAV,4,5,7,3801,0,0,0,,0,3I11A,"42ND AV","VICENTE ST",0.00,,Y,A,-,N,,,,,,,,,,N,4,0,1,2,A,-,10,21950,A,N,G,B,B,A,H,-,A,A,0,Y,,,,Y,,-,,0,0,1,0,1,0,0,0,0,"- ","- ",,,"SAN FRANCISCO","SAN FRANCISCO",-122.50005992,37.73822998
7029326,2015,2015-08-26,3801,2015-06-23,1228,1374,INGLE,2,5,7,3801,0,0,0,,0,3H16C,"SAN JOSE AV","SANTA YNEZ AV",0.00,,Y,A,-,N,,,,,,,,,,N,3,0,1,2,A,-,11,21955,,N,G,B,D,A,H,-,A,D,0,Y,,,,Y,,N,60,0,1,0,0,1,0,0,0,0,"- ","- ",,,"SAN FRANCISCO","SAN FRANCISCO",-122.4423999,37.725779899999999
7029328,2015,2015-09-01,3801,2015-06-02,2215,1075,NORTH,2,5,7,3801,0,0,0,,0,3E11E,"CHURCH ST","RESERVOIR ST",0.00,,Y,A,-,N,,,,,,,,,,N,4,0,1,2,A,-,11,21953,,N,G,B,D,A,H,-,C,D,0,Y,,,,Y,Y,N,60,0,0,1,0,1,0,0,0,0,"- ","- ",,,"SAN FRANCISCO","SAN FRANCISCO",-122.42903991999999,37.768669940000002
7029334,2015,2016-06-16,3801,2015-06-26,1550,4014,CENTR,5,5,7,3801,0,0,0,,0,CENTRA,"HYDE ST","POST ST",0.00,,Y,A,-,N,,,,,,,,,,N,4,0,1,2,A,-,21,22106,,N,G,B,D,A,H,-,A,D,0,Y,,,,Y,,-,,0,0,1,0,1,0,0,0,0,"- ","- ",,,"SAN FRANCISCO","SAN FRANCISCO",-122.41661992,37.787249940000002
7029336,2015,2015-09-01,3801,2015-06-08,0837,1171,06082,1,5,7,3801,0,0,0,,0,4B2B,"COLUMBUS AV","FRANCISCO ST",27.00,N,N,A,-,N,,,,,,,,,,N,4,0,1,2,A,-,11,21954,A,N,G,B,D,A,H,-,A,A,0,Y,,,,Y,,N,60,0,0,1,0,1,0,0,0,0,"- ","- ",,,"SAN FRANCISCO","SAN FRANCISCO",-122.41614097999999,37.804458269999998
7029351,2015,2015-08-31,3801,2015-06-03,0032,1291,NORTH,3,5,7,3801,0,0,0,,0,3E12E,"POLK ST","GOLDEN GATE AV",0.00,,Y,A,-,N,,,,,,,,,,N,4,0,1,2,A,-,12,21453,A,F,G,B,B,A,H,-,C,A,0,Y,,,,Y,Y,A,01,0,0,1,0,1,0,0,0,0,"- ","- ",,,"SAN FRANCISCO","SAN FRANCISCO",-122.41879987999999,37.781229940000003
7029357,2015,2015-08-26,3801,2015-06-17,1255,1353,COE,3,5,7,3801,0,0,0,,0,3E76,"FILLMORE ST","TURK ST",9.00,S,N,A,-,N,,,,,,,,,,N,4,0,1,2,A,-,10,21950,A,N,G,B,B,A,H,-,A,A,0,Y,,,,Y,,A,01,0,0,1,0,1,0,0,0,0,"- ","- ",,,"SAN FRANCISCO","SAN FRANCISCO",-122.43212534,37.780465550000002
7032723,2015,2015-09-21,3801,2015-05-23,1345,00427,CENTR,6,5,7,3801,0,0,0,,0,3A13A,"BATTERY ST","PACIFIC AV",0.00,,Y,A,-,N,,,,,,,,,,N,3,0,1,2,A,-,"- ",,,N,G,B,D,A,H,-,A,D,0,Y,,,,Y,,N,60,0,1,0,0,1,0,0,0,0,"- ","- ",,,"SAN FRANCISCO","SAN FRANCISCO",-122.40087991999999,37.797679889999998
7032724,2015,2015-09-08,3801,2015-05-07,1242,001498,TARAV,4,5,7,3801,0,0,0,,0,3I13B,"TARAVAL ST","33RD AV",8.00,W,N,B,-,N,,,,,,,,,,N,4,0,1,2,A,-,00,21951,A,N,G,B,B,A,H,-,A,A,0,Y,,,,Y,,A,07,0,0,1,0,1,0,0,0,0,"- ","- ",,,"SAN FRANCISCO","SAN FRANCISCO",-122.49072760999999,37.742398479999999
7032727,2015,2016-04-06,3801,2015-05-23,2340,1420,SOUTH,6,5,7,3801,0,0,0,,0,4B3A,"10TH ST","MISSION ST",108.00,S,N,A,-,N,,,,,,,,,,N,1,1,0,2,A,-,11,21954,A,N,G,B,D,A,H,-,C,D,0,Y,,,,Y,,N,60,0,0,0,1,0,0,0,0,0,"- ","- ",,,"SAN FRANCISCO","SAN FRANCISCO",-122.4156486,37.775067919999998
7032732,2015,2015-08-28,3801,2015-05-27,1407,1096,SOUTH,3,5,7,3801,0,0,0,,0,3B13C,"5TH ST","CLEMENTINA ST",0.00,,Y,A,-,N,,,,,,,,,,N,4,0,1,3,A,-,03,22350,,N,G,B,B,A,H,-,A,D,0,Y,,,,Y,,D,22,0,0,1,0,1,0,0,0,0,"- ","- ",,,"SAN FRANCISCO","SAN FRANCISCO",-122.40390991,37.780709899999998
7032743,2015,2016-06-15,3801,2015-05-12,1353,441,MISSI,2,5,7,3801,0,0,0,,0,4B8D,"16TH ST","POTRERO AV",0.00,,Y,A,-,N,,,,,,,,,,N,2,0,1,3,A,-,12,21453,A,F,G,B,B,A,H,-,A,A,0,Y,,,,Y,,A,01,1,0,0,0,1,0,0,0,0,"- ","- ",,,"SAN FRANCISCO","SAN FRANCISCO",-122.40755998,37.765769929999998
7032786,2015,2015-09-10,3801,2015-05-18,1405,01858,COB,1,5,7,3801,0,0,0,,0,3B15C,"CYRIL MAGNIN","MARKET ST",0.00,,Y,B,-,N,,,,,,,,,,N,3,0,1,2,A,-,11,21456,B,N,A,B,B,A,H,-,A,A,0,Y,,,Y,Y,,N,60,0,1,0,0,1,0,0,0,0,"- ","- ",,,"SAN FRANCISCO","SAN FRANCISCO",-122.40805989,37.783999919999999
7032799,2015,2015-08-25,3801,2015-05-01,1900,01375,COA,5,5,7,3801,0,0,0,,0,0SD,"MARKET ST","1ST ST",0.00,,Y,A,-,N,,,,,,,,,,N,4,0,1,2,A,-,10,21950,,F,B,G,F,A,H,-,C,A,0,Y,,,,Y,,I,09,0,0,1,0,1,0,0,0,0,"- ","- ",,,"SAN FRANCISCO","SAN FRANCISCO",-122.39913993,37.791049889999996
7032802,2015,2015-08-20,3801,2015-05-01,0810,000076,NORTH,5,5,7,3801,0,0,0,,0,3E12E,"MCALLISTER ST","FILLMORE ST",0.00,,Y,A,-,N,,,,,,,,,,N,4,0,1,2,A,-,21,22106,,F,G,B,B,A,H,-,A,A,0,Y,,,,Y,,-,99,0,0,1,0,1,0,0,0,0,"- ","- ",,,"SAN FRANCISCO","SAN FRANCISCO",-122.43174987,37.778639890000001
7032804,2015,2015-08-20,3801,2015-05-02,2320,001459,NORTH,6,5,7,3801,0,0,0,,0,3E12E,"CALIFORNIA AV","BUCHANAN ST",0.00,,Y,A,-,N,,,,,,,,,,Y,3,0,4,3,A,-,09,21801,A,N,D,C,B,A,H,-,C,A,0,Y,,,,Y,,A,01,0,1,3,0,1,0,0,0,0,"- ","- ",,,"SAN FRANCISCO","SAN FRANCISCO",-122.43053988,37.789309969999998
7032805,2015,2015-10-21,3801,2015-05-06,1810,000179,SOUTH,3,5,7,3801,0,0,0,,0,3B14D,"15TH ST","RHODE ISLAND ST",0.00,,Y,A,-,N,,,,,,,,,,N,4,0,1,2,A,-,"- ",,,N,G,B,D,A,H,-,A,A,0,Y,,,,Y,,-,"- ",0,0,1,0,1,0,0,0,0,"- ","- ",,,"SAN FRANCISCO","SAN FRANCISCO",-122.40282000000001,37.767379920000003
7032816,2015,2015-08-20,3801,2015-05-15,1525,002147,CENTR,5,5,7,3801,0,0,0,,0,3A12D,"BUSH ST","KEARRY ST",0.00,,Y,A,-,N,,,,,,,,,,N,4,0,1,2,A,-,10,21950,A,N,G,B,B,A,H,-,A,A,0,Y,,,,Y,,A,01,0,0,1,0,1,0,0,0,0,"- ","- ",,,"SAN FRANCISCO","SAN FRANCISCO",-122.4040299,37.790769939999997
7032823,2015,2015-08-20,3801,2015-05-23,1512,00144,INGLE,6,5,7,3801,0,0,0,,0,3H16A,"ALLISON ST","MISSION ST",0.00,,Y,A,-,N,,,,,,,,,,N,3,0,1,2,A,-,11,21456,B,N,G,B,B,A,H,-,A,A,0,Y,,,,Y,,N,60,0,1,0,0,1,0,0,0,0,"- ","- ",,,"SAN FRANCISCO","SAN FRANCISCO",-122.44264990000001,37.714609889999998
7032825,2015,2015-08-20,3801,2015-05-23,1437,1934,3C11A,6,5,7,3801,0,0,0,,0,COC,"RHODE ISLAND","17TH ST",0.00,,Y,A,-,N,,,,,,,,,,N,4,0,1,2,A,-,10,21950,A,F,G,B,B,A,H,-,A,D,0,Y,,,,Y,,A,01,0,0,1,0,1,0,0,0,0,"- ","- ",,,"SAN FRANCISCO","SAN FRANCISCO",-122.40253995,37.764779920000002
7032830,2015,2015-08-20,3801,2015-05-08,1630,1438,SOUTH,5,5,7,3801,0,0,0,,0,"3 CAR","S VAN NESS AV","MARKET ST",0.00,,Y,A,-,N,,,,,,,,,,N,4,0,1,2,A,-,11,21456,B,F,G,B,B,A,H,-,A,A,0,Y,,,,Y,Y,N,60,0,0,1,0,1,0,0,0,0,"- ","- ",,,"SAN FRANCISCO","SAN FRANCISCO",-122.41925990999999,37.775169959999999
7032831,2015,2015-08-20,3801,2015-05-23,2051,959,TENDE,6,5,7,3801,0,0,0,,0,3J11D,"MCALLISTER ST","LEAVENWORTH ST",0.00,,Y,A,-,N,,,,,,,,,,N,3,0,1,2,A,-,12,21453,A,F,G,B,B,A,H,-,C,A,0,Y,,,,Y,,A,01,0,1,0,0,1,0,0,0,0,"- ","- ",,,"SAN FRANCISCO","SAN FRANCISCO",-122.41368992,37.780929909999998
7032834,2015,2015-08-20,3801,2015-05-07,1813,004335,MISSI,4,5,7,3801,0,0,0,,0,901,"SAN BRUNO AV","24TH ST",0.00,,Y,A,-,N,,,,,,,,,,N,3,0,1,2,A,-,11,21954,A,F,D,B,D,A,H,-,A,D,0,Y,,,,Y,,N,60,0,1,0,0,1,0,0,0,0,"- ","- ",,,"SAN FRANCISCO","SAN FRANCISCO",-122.40435995,37.753129899999998
7032839,2015,2015-08-20,3801,2015-05-18,1700,002135,RICHM,1,5,7,3801,0,0,0,,0,3G2D,"DIVISADERO ST","POST ST",0.00,,Y,A,-,N,,,,,,,,,,N,4,0,1,2,A,-,10,21950,A,N,G,B,B,A,H,-,A,A,0,Y,,,,Y,,A,01,0,0,1,0,1,0,0,0,0,"- ","- ",,,"SAN FRANCISCO","SAN FRANCISCO",-122.43966997,37.784309980000003
7032842,2015,2015-08-20,3801,2015-05-04,2159,4212,3801,1,5,7,3801,0,0,0,,0,3116E,"SAN JOSE AV","LAKEVIEW AV",0.00,,Y,A,-,N,,,,,,,,,,N,4,0,1,2,A,-,03,22350,,F,G,B,B,A,H,-,C,D,0,Y,,,,Y,,A,01,0,0,1,0,1,0,0,0,0,"- ","- ",,,"SAN FRANCISCO","SAN FRANCISCO",-122.45039994,37.716159920000003
7032844,2015,2015-08-20,3801,2015-05-09,2202,004282,NORTH,6,5,7,3801,0,0,0,,0,1CAR,"STEINER ST","HAYES ST",0.00,,Y,A,-,N,,,,,,,,,,N,4,0,1,2,A,-,12,22450,A,F,G,B,B,A,H,-,C,A,0,Y,,,,Y,,-,99,0,0,1,0,1,0,0,0,0,"- ","- ",,,"SAN FRANCISCO","SAN FRANCISCO",-122.43282994,37.77560999
7032846,2015,2015-08-20,3801,2015-05-04,2030,4331,COB,1,5,7,3801,0,0,0,,0,3B13D,"MISSION ST","7TH ST",0.00,,Y,A,-,N,,,,,,,,,,N,4,0,1,2,A,-,10,21950,A,F,B,B,B,A,H,-,C,A,0,Y,,,,Y,,A,01,0,0,1,0,1,0,0,0,0,"- ","- ",,,"SAN FRANCISCO","SAN FRANCISCO",-122.41089991,37.779209899999998
7032853,2015,2015-08-20,3801,2015-05-02,1730,1582,SOUTH,6,5,7,3801,0,0,0,,0,MISION,"2ND ST","MARKET ST",0.00,,Y,A,-,N,,,,,,,,,,N,3,0,1,2,A,-,10,21950,A,F,G,B,B,A,H,-,B,A,0,Y,,,,Y,,-,99,0,1,0,0,1,0,0,0,0,"- ","- ",,,"SAN FRANCISCO","SAN FRANCISCO",-122.40139995,37.789239940000002
7032858,2015,2015-08-20,3801,2015-05-02,1700,892,SOUTH,6,5,7,3801,0,0,0,,0,3B2D,"MARKET ST","3RD ST",0.00,,Y,A,-,N,,,,,,,,,,N,4,0,1,2,A,-,10,21950,A,N,G,B,B,A,H,-,A,A,0,Y,,,,Y,,A,01,0,0,1,0,1,0,0,0,0,"- ","- ",,,"SAN FRANCISCO","SAN FRANCISCO",-122.40345987000001,37.78765989
7032862,2015,2015-08-20,3801,2015-05-29,1530,000340,COJ,5,5,7,3801,0,0,0,,0,3J41C,"GEARY ST","LARKIN ST",210.00,E,N,A,B,N,,,,,,,,,,N,4,0,1,2,A,-,11,21955,,N,G,B,D,A,H,-,A,D,0,Y,,,,Y,,N,60,0,0,1,0,1,0,0,0,0,"- ","- ",,,"SAN FRANCISCO","SAN FRANCISCO",-122.41739208,37.786200479999998
7032870,2015,2015-08-20,3801,2015-05-26,0917,000866,TENDE,2,5,7,3801,0,0,0,,0,3J90,"EDDY ST","LARKIN ST",0.00,,Y,B,-,N,,,,,,,,,,N,4,0,1,2,A,-,10,21950,A,N,A,B,B,B,H,-,A,A,0,Y,,,,Y,,-,,0,0,1,0,1,0,0,0,0,"- ","- ",,,"SAN FRANCISCO","SAN FRANCISCO",-122.41751985000001,37.783299909999997
7032882,2015,2015-08-19,3801,2015-05-29,0232,001240,CENTR,5,5,7,3801,0,0,0,,0,3A12E,"GEARY ST","MASON ST",0.00,,Y,B,-,N,,,,,,,,,,N,2,0,1,2,A,-,11,21955,,N,G,B,D,B,H,-,C,A,0,Y,,,,Y,,N,60,1,0,0,0,1,0,0,0,0,"- ","- ",,,"SAN FRANCISCO","SAN FRANCISCO",-122.40985988,37.787169949999999
7032884,2015,2015-08-19,3801,2015-05-23,0045,2343,SOUTH,6,5,7,3801,0,0,0,,0,3B12E,"KING ST","3RD ST",155.00,W,N,F,-,N,,,,,,,,,,Y,3,0,1,2,A,-,03,22350,,N,E,I,F,B,H,-,C,D,0,Y,,,,Y,,A,07,0,1,0,0,1,0,0,0,0,"- ","- ",,,"SAN FRANCISCO","SAN FRANCISCO",-122.39232785,37.777897729999999
7032887,2015,2015-08-20,3801,2015-05-06,1614,465,RICHM,3,5,7,3801,0,0,0,,0,3G14D,"25TH AV","CABRILLO ST",17.00,S,N,A,-,N,,,,,,,,,,N,2,0,1,2,A,-,11,21955,,N,G,B,B,A,H,-,A,A,0,Y,,,,Y,,N,60,1,0,0,0,1,0,0,0,0,"- ","- ",,,"SAN FRANCISCO","SAN FRANCISCO",-122.48431708,37.774403360000001
7032888,2015,2016-06-16,3801,2015-05-27,0030,1177,MISSI,3,5,7,3801,0,0,0,,0,3D14E,"MARKET ST","NOE ST",296.00,W,N,A,-,N,,,,,,,,,,Y,2,0,1,2,A,-,11,21955,,N,G,B,D,A,H,-,C,D,0,Y,,,,Y,,N,60,1,0,0,0,1,0,0,0,0,"- ","- ",,,"SAN FRANCISCO","SAN FRANCISCO",-122.43389336,37.763689309999997
7032890,2015,2016-06-16,3801,2015-05-20,2354,1362,NORTH,3,5,7,3801,0,0,0,,0,3E13E,"FRANKLIN ST","BUSH ST",0.00,,Y,A,-,N,,,,,,,,,,N,3,0,1,2,A,-,11,21453,D,N,G,B,B,A,H,-,C,A,0,Y,,,,Y,Y,N,60,0,1,0,0,1,0,0,0,0,"- ","- ",,,"SAN FRANCISCO","SAN FRANCISCO",-122.42357987,37.788279989999999
7032909,2015,2015-08-19,3801,2015-05-20,1900,A21715,CENTR,3,5,7,3801,0,0,0,,0,3A13D,"JANSEN ST","COLUMBUS AV",0.00,,Y,B,-,N,,,,,,,,,,N,4,0,1,2,A,-,21,22106,,N,G,B,D,A,H,-,A,A,0,Y,,,,Y,,A,01,0,0,1,0,1,0,0,0,0,"- ","- ",,,"SAN FRANCISCO","SAN FRANCISCO",-122.41385758,37.802693169999998
7032917,2015,2015-08-19,3801,2015-05-17,1647,856,SOUTH,7,5,7,3801,0,0,0,,0,003,"HARRISON ST","6TH ST",0.00,,Y,A,-,N,,,,,,,,,,Y,3,0,2,3,A,-,17,23109,C,N,D,C,F,A,H,-,A,A,0,Y,,Y,,Y,,C,02,0,1,1,0,1,0,0,0,1,"- ","- ",,,"SAN FRANCISCO","SAN FRANCISCO",-122.4040799,37.77730992
7032926,2015,2015-08-19,3801,2015-05-07,1540,000751,CENTR,4,5,7,3801,0,0,0,,0,3A12D,"POWELL ST","LOMBARD ST",3.00,S,N,A,-,N,,,,,,,,,,N,3,0,1,2,A,-,11,21950,B,N,G,B,D,A,H,-,A,A,0,Y,,,,Y,,N,60,0,1,0,0,1,0,0,0,0,"- ","- ",,,"SAN FRANCISCO","SAN FRANCISCO",-122.41137825,37.803021880000003
7032927,2015,2015-08-20,3801,2015-05-15,0710,000316,NORTH,5,5,7,3801,0,0,0,,0,3E15A,"EDDY ST","LAGUNA ST",5.00,E,N,A,-,N,,,,,,,,,,N,4,0,1,2,A,-,11,21453,D,N,G,B,B,A,H,-,A,A,0,Y,,,,Y,,N,60,0,0,1,0,1,0,0,0,0,"- ","- ",,,"SAN FRANCISCO","SAN FRANCISCO",-122.42738291000001,37.782062179999997
7032934,2015,2015-08-20,3801,2015-05-05,1554,A10754,,2,5,7,3801,0,0,0,,0,TARAVA,"PLYMOUTH AV","LOBOS ST",95.00,N,N,A,-,N,,,,,,,,,,N,3,0,1,2,A,-,11,21954,A,N,G,B,D,A,H,-,A,D,0,Y,,,,Y,,N,60,0,1,0,0,1,0,0,0,0,"- ","- ",,,"SAN FRANCISCO","SAN FRANCISCO",-122.45611,37.71516098
7032946,2015,2015-08-20,3801,2015-05-04,1617,02035,TARAV,1,5,7,3801,0,0,0,,0,3I11D,"16TH AV","TARAVAL ST",150.00,S,N,A,-,N,,,,,,,,,,N,3,0,1,2,D,-,00,,,F,G,B,F,A,H,-,A,D,0,Y,,,,Y,,-,"- ",0,1,0,0,1,0,0,0,0,"- ","- ",,,"SAN FRANCISCO","SAN FRANCISCO",-122.47245579,37.742778370000003
7032954,2015,2015-09-01,3801,2015-05-30,0020,004373,MISSI,6,5,7,3801,0,0,0,,0,,"CASTRO ST","18TH ST",59.00,N,N,A,-,N,,,,,,,,,,N,4,0,1,2,A,-,11,21955,,N,G,B,D,A,H,-,C,A,0,Y,,,,Y,,N,60,0,0,1,0,1,0,0,0,0,"- ","- ",,,"SAN FRANCISCO","SAN FRANCISCO",-122.43501657,37.761051549999998