CASE_ID,ACCIDENT_YEAR,PROC_DATE,JURIS,COLLISION_DATE,COLLISION_TIME,OFFICER_ID,REPORTING_DISTRICT,DAY_OF_WEEK,CHP_SHIFT,POPULATION,CNTY_CITY_LOC,SPECIAL_COND,BEAT_TYPE,CHP_BEAT_TYPE,CITY_DIVISION_LAPD,CHP_BEAT_CLASS,BEAT_NUMBER,PRIMARY_RD,SECONDARY_RD,DISTANCE,DIRECTION,INTERSECTION,WEATHER_1,WEATHER_2,STATE_HWY_IND,CALTRANS_COUNTY,CALTRANS_DISTRICT,STATE_ROUTE,ROUTE_SUFFIX,POSTMILE_PREFIX,POSTMILE,LOCATION_TYPE,RAMP_INTERSECTION,SIDE_OF_HWY,TOW_AWAY,COLLISION_SEVERITY,NUMBER_KILLED,NUMBER_INJURED,PARTY_COUNT,PRIMARY_COLL_FACTOR,PCF_CODE_OF_VIOL,PCF_VIOL_CATEGORY,PCF_VIOLATION,PCF_VIOL_SUBSECTION,HIT_AND_RUN,TYPE_OF_COLLISION,MVIW,PED_ACTION,ROAD_SURFACE,ROAD_COND_1,ROAD_COND_2,LIGHTING,CONTROL_DEVICE,CHP_ROAD_TYPE,PEDESTRIAN_ACCIDENT,BICYCLE_ACCIDENT,MOTORCYCLE_ACCIDENT,TRUCK_ACCIDENT,NOT_PRIVATE_PROPERTY,ALCOHOL_INVOLVED,STWD_VEHTYPE_AT_FAULT,CHP_VEHTYPE_AT_FAULT,COUNT_SEVERE_INJ,COUNT_VISIBLE_INJ,COUNT_COMPLAINT_PAIN,COUNT_PED_KILLED,COUNT_PED_INJURED,COUNT_BICYCLIST_KILLED,COUNT_BICYCLIST_INJURED,COUNT_MC_KILLED,COUNT_MC_INJURED,PRIMARY_RAMP,SECONDARY_RAMP,LATITUDE,LONGITUDE,COUNTY,CITY,POINT_X,POINT_Y
7038694,2015,2015-08-31,3801,2015-07-21,2130,1459,NORTH,2,5,7,3801,0,0,0,,0,3E15E,"FILLMORE ST","GREENWICH ST",0.00,,Y,A,-,N,,,,,,,,,,N,4,0,1,2,A,-,00,20001,A,F,D,B,B,A,H,-,C,A,0,Y,,,,Y,Y,A,01,0,0,1,0,1,0,0,0,0,"- ","- ",,,"SAN FRANCISCO","SAN FRANCISCO",-122.43587986,37.798959969999999
7038696,2015,2015-08-27,3801,2015-07-24,1230,1230,SOUTH,5,5,7,3801,0,0,0,,0,3B11C,"TOWNSEND ST","4TH ST",62.00,W,N,A,-,N,,,,,,,,,,N,4,0,1,2,A,-,11,21954,A,F,G,B,D,A,H,-,A,D,0,Y,,,,Y,,N,60,0,0,1,0,1,0,0,0,0,"- ","- ",,,"SAN FRANCISCO","SAN FRANCISCO",-122.39514114000001,37.776989090000001
7038707,2015,2015-08-27,3801,2015-07-29,0805,000162,INGLE,3,5,7,3801,0,0,0,,0,3H2A,"BOSWORTH ST","DIAMOND ST",7.00,E,N,A,-,N,,,,,,,,,,N,4,0,1,2,A,-,10,21950,A,N,G,B,B,A,H,-,A,A,0,Y,,,,Y,,A,01,0,0,1,0,1,0,0,0,0,"- ","- ",,,"SAN FRANCISCO","SAN FRANCISCO",-122.4341064,37.733555709999997
7038708,2015,2015-08-27,3801,2015-07-21,2230,004343,COMPA,2,5,7,3801,0,0,0,,0,3D11E,"18TH ST","COLLINGWOOD ST",100.00,E,N,A,-,N,,,,,,,,,,N,2,0,1,2,A,-,11,21955,,N,D,B,D,A,H,-,C,D,0,Y,,,,Y,Y,N,60,1,0,0,0,1,0,0,0,0,"- ","- ",,,"SAN FRANCISCO","SAN FRANCISCO",-122.43575504,37.760841560000003
7038713,2015,2015-08-31,3801,2015-07-15,2205,1936,TARAV,3,5,7,3801,0,0,0,,0,4B71,"LINCOLN WY","43RD AV",0.00,,Y,A,-,N,,,,,,,,,,Y,2,0,1,2,A,-,11,21954,A,N,G,B,E,A,H,-,C,D,0,Y,,,,Y,,N,60,1,0,0,0,1,0,0,0,0,"- ","- ",,,"SAN FRANCISCO","SAN FRANCISCO",-122.50296992,37.764319989999997
7038719,2015,2015-08-27,3801,2015-07-04,0026,2287,,6,5,7,3801,0,0,0,,0,,"CYRIL MAGNIN ST","OFARRELL ST",130.00,S,N,B,-,N,,,,,,,,,,N,3,0,1,2,A,-,11,21954,A,N,G,B,D,A,H,-,C,D,0,Y,,,,Y,,N,60,0,1,0,0,1,0,0,0,0,"- ","- ",,,"SAN FRANCISCO","SAN FRANCISCO",-122.40885609999999,37.785959130000002
7039757,2015,2015-09-01,3801,2015-07-24,1540,2261,PARK,5,5,7,3801,0,0,0,,0,3F2D,"HAIGHT ST","CLAYTON ST",0.00,,Y,A,-,N,,,,,,,,,,N,3,0,1,2,A,-,03,22350,,N,G,B,B,A,H,-,A,D,0,Y,Y,,,Y,,L,04,0,1,0,0,1,0,0,0,0,"- ","- ",,,"SAN FRANCISCO","SAN FRANCISCO",-122.44857995,37.769799970000001
7039927,2015,2015-09-03,3801,2015-07-24,2310,1288,CENTR,5,5,7,3801,0,0,0,,0,3A14E,EMBARCADERO,"WASHINGTON ST",110.00,N,N,A,-,N,,,,,,,,,,N,2,0,1,2,A,-,03,22350,,N,A,B,F,A,H,-,C,D,0,Y,Y,,,Y,,N,60,1,0,0,0,1,0,0,0,0,"- ","- ",,,"SAN FRANCISCO","SAN FRANCISCO",-122.39553452,37.79703447
7040621,2015,2015-11-10,3801,2015-06-17,1124,1206,MISSI,3,5,7,3801,0,0,0,,0,,"LANDERS ST","ALERT ALY",0.00,,Y,A,-,N,,,,,,,,,,N,3,0,1,2,A,-,10,21950,A,F,D,B,B,A,H,-,A,D,0,Y,Y,,,Y,,L,04,0,1,0,0,1,0,0,0,0,"- ","- ",,,"SAN FRANCISCO","SAN FRANCISCO",-122.4276899,37.765639970000002
7040705,2015,2015-12-03,3801,2015-07-30,1713,4331,SOUTH,4,5,7,3801,0,0,0,,0,3B3D,"9TH ST","MISSION ST",0.00,,Y,A,-,N,,,,,,,,,,N,4,0,1,2,A,-,08,22107,,M,D,B,B,A,H,-,A,A,0,Y,,,,Y,Y,A,01,0,0,1,0,1,0,0,0,0,"- ","- ",,,"SAN FRANCISCO","SAN FRANCISCO",-122.41471988000001,37.776239930000003
7040897,2015,2015-09-02,3801,2015-06-02,1955,4200,TARAV,2,5,7,3801,0,0,0,,0,3116D,"FARALLONES ST","PLYMOUTH AV",450.00,W,N,A,-,N,,,,,,,,,,N,4,0,1,2,A,-,21,22106,,N,G,B,F,A,H,-,A,D,0,Y,,,,Y,,A,01,0,0,1,0,1,0,0,0,0,"- ","- ",,,"SAN FRANCISCO","SAN FRANCISCO",-122.45764549,37.714063609999997
7040905,2015,2015-09-02,3801,2015-06-10,1435,4160,3B,3,5,7,3801,0,0,0,,0,,"MARKET ST","SUTTER ST",0.00,,Y,A,C,N,,,,,,,,,,N,4,0,1,2,D,-,00,,,N,G,B,-,B,H,-,A,A,0,Y,,,,Y,,-,"- ",0,0,1,0,1,0,0,0,0,"- ","- ",,,"SAN FRANCISCO","SAN FRANCISCO",-122.40013999,37.790299990000001
7040909,2015,2015-09-02,3801,2015-06-01,1106,001861,,1,5,7,3801,0,0,0,,0,,"JACKSON ST","STOCKTON ST",120.00,E,N,A,-,N,,,,,,,,,,N,3,0,1,2,A,-,21,22106,,N,E,B,F,A,H,-,A,D,0,Y,,,,Y,,A,08,0,1,0,0,1,0,0,0,0,"- ","- ",,,"SAN FRANCISCO","SAN FRANCISCO",-122.40781146,37.795889789999997
7040925,2015,2015-09-02,3801,2015-06-21,1551,001325,TENDE,7,5,7,3801,0,0,0,,0,3J12D,"GOLDEN GATE AV","LEAVENWORTH ST",0.00,,Y,A,-,N,,,,,,,,,,N,2,0,2,3,A,-,03,22350,,F,G,B,B,A,H,-,A,A,0,Y,,,,Y,,A,07,1,0,1,0,2,0,0,0,0,"- ","- ",,,"SAN FRANCISCO","SAN FRANCISCO",-122.41385999000001,37.781869919999998
7040929,2015,2015-09-02,3801,2015-06-02,1542,004374,MISSI,2,5,7,3801,0,0,0,,0,3D13D,"22ND ST","CAPP ST",100.00,W,N,A,-,N,,,,,,,,,,N,4,0,1,2,D,-,00,,,N,G,B,F,A,H,-,A,D,0,Y,,,,Y,,-,"- ",0,0,1,0,1,0,0,0,0,"- ","- ",,,"SAN FRANCISCO","SAN FRANCISCO",-122.41800451,37.755504479999999
7040985,2015,2015-09-11,3801,2015-03-11,0920,2482,TARAV,3,5,7,3801,0,0,0,,0,3I16A,"SAN JOSE AV","LAKEVIEW AV",0.00,,Y,A,-,N,,,,,,,,,,N,3,0,1,2,A,-,11,21954,A,N,G,B,D,A,H,-,A,D,0,Y,,,,Y,,N,60,0,1,0,0,1,0,0,0,0,"- ","- ",,,"SAN FRANCISCO","SAN FRANCISCO",-122.45039994,37.716159920000003
7041176,2015,2015-09-01,3801,2015-03-22,1530,000868,RICHM,7,5,7,3801,0,0,0,,0,4K8G,"LAKE ST","19TH AV",0.00,,Y,A,-,N,,,,,,,,,,N,3,0,1,2,D,-,00,,,N,G,B,B,A,H,-,A,A,0,Y,,,,Y,,-,"- ",0,1,0,0,1,0,0,0,0,"- ","- ",,,"SAN FRANCISCO","SAN FRANCISCO",-122.47870992,37.78602995
7041179,2015,2015-09-02,3801,2015-02-20,1100,001973,SOUTH,5,5,7,3801,0,0,0,,0,,"HAWTHORNE ST","HARRISON ST",3.00,N,N,A,-,N,,,,,,,,,,N,4,0,1,2,D,-,00,,,N,G,B,B,A,H,-,A,A,0,Y,,,,Y,,-,"- ",0,0,1,0,1,0,0,0,0,"- ","- ",,,"SAN FRANCISCO","SAN FRANCISCO",-122.39631716,37.783435969999999
7041180,2015,2015-09-01,3801,2015-03-17,1800,000776,BAYVI,2,5,7,3801,0,0,0,,0,3C15D,"MANSELL ST","SOMERSET ST",0.00,,Y,A,-,N,,,,,,,,,,N,3,0,1,2,A,-,10,21950,A,N,G,B,B,A,H,-,A,D,0,Y,,,,Y,,A,01,0,1,0,0,1,0,0,0,0,"- ","- ",,,"SAN FRANCISCO","SAN FRANCISCO",-122.40505997,37.720609949999997
7041420,2015,2015-09-03,3801,2015-05-26,1704,1230,SOUTH,2,5,7,3801,0,0,0,,0,5CAR,"BRYANT ST","5TH ST",152.00,W,N,A,-,N,,,,,,,,,,N,3,0,2,2,A,-,03,22350,,N,G,B,F,A,H,-,A,D,0,Y,Y,,,Y,,L,04,0,1,1,0,1,0,1,0,0,"- ","- ",,,"SAN FRANCISCO","SAN FRANCISCO",-122.40066695,37.77750872
7044573,2015,2015-09-10,3801,2015-07-22,2200,004302,BAYVI,3,5,7,3801,0,0,0,,0,3C15D,"BAYSHORE BL","COSTA ST",16.00,N,N,A,-,N,,,,,,,,,,N,3,0,1,2,A,-,"- ",,,N,G,B,F,A,G,-,C,D,0,Y,Y,,,Y,,L,04,0,1,0,0,1,0,0,0,0,"- ","- ",,,"SAN FRANCISCO","SAN FRANCISCO",-122.40443406999999,37.744312100000002
7045624,2015,2015-09-16,3801,2015-06-04,0830,01464,MISSI,4,5,7,3801,0,0,0,,0,901,"MISSION ST","CESAR CHAVEZ ST",0.00,,Y,A,-,N,,,,,,,,,,N,4,0,1,2,A,-,11,21456,B,N,D,B,B,A,H,-,A,A,0,Y,,,,Y,,N,60,0,0,1,0,1,0,0,0,0,"- ","- ",,,"SAN FRANCISCO","SAN FRANCISCO",-122.41814991,37.748179919999998
7045650,2015,2015-09-15,3801,2015-06-09,1642,001922,SOUTH,2,5,7,3801,0,0,0,,0,901,"MARKET ST","POWELL ST",0.00,,Y,A,-,N,,,,,,,,,,N,2,0,1,2,A,-,11,21955,,N,C,B,D,A,H,-,A,A,0,Y,Y,,,Y,,N,60,1,0,0,0,1,0,0,0,0,"- ","- ",,,"SAN FRANCISCO","SAN FRANCISCO",-122.40756154,37.784391599999999
7050564,2015,2015-09-19,3801,2015-08-10,1440,1038,CENTR,1,5,7,3801,0,0,0,,0,3A14A,"CALIFORNIA ST","DAVIS ST",0.00,,Y,A,-,N,,,,,,,,,,N,4,0,1,2,A,-,10,21950,A,N,G,B,B,A,D,E,A,A,0,Y,,,,Y,,I,11,0,0,1,0,1,0,0,0,0,"- ","- ",,,"SAN FRANCISCO","SAN FRANCISCO",-122.39762992999999,37.793500000000002
7050568,2015,2015-09-21,3801,2015-08-11,1519,001325,TENDE,2,5,7,3801,0,0,0,,0,3J13D,"HYDE ST","TURK ST",7.00,S,N,A,-,N,,,,,,,,,,N,3,0,1,2,A,-,10,21950,A,N,G,B,B,A,H,-,A,A,0,Y,,,,Y,,D,22,0,1,0,0,1,0,0,0,0,"- ","- ",,,"SAN FRANCISCO","SAN FRANCISCO",-122.41568608,37.78255102
7050615,2015,2015-09-21,3801,2015-08-05,1459,001994,,3,5,7,3801,0,0,0,,0,4B4B,"OFARRELL ST","MARKET ST",3.00,N,N,A,-,N,,,,,,,,,,N,3,0,1,2,A,-,11,21456,B,N,G,B,B,A,H,-,A,A,0,Y,,,,Y,,N,60,0,1,0,0,1,0,0,0,0,"- ","- ",,,"SAN FRANCISCO","SAN FRANCISCO",-122.40463613999999,37.786794010000001
7050645,2015,2015-09-19,3801,2015-08-22,2158,4042,,6,5,7,3801,0,0,0,,0,3H63,"MISSION ST","CESAR CHAVEZ ST",0.00,,Y,A,-,N,,,,,,,,,,N,2,0,2,3,A,-,03,22350,,F,G,B,D,A,H,-,C,D,0,Y,,,,Y,,D,22,1,0,1,0,2,0,0,0,0,"- ","- ",,,"SAN FRANCISCO","SAN FRANCISCO",-122.41814991,37.748179919999998
7050689,2015,2015-09-19,3801,2015-08-19,1528,000769,CENTR,3,5,7,3801,0,0,0,,0,03A,"PACIFIC AV","MORRELL ST",78.00,E,N,A,-,N,,,,,,,,,,N,3,0,1,2,A,-,11,21954,A,N,C,B,E,A,H,-,-,D,0,Y,,,,Y,,N,60,0,1,0,0,1,0,0,0,0,"- ","- ",,,"SAN FRANCISCO","SAN FRANCISCO",-122.4188631,37.795392550000003
7050693,2015,2015-09-19,3801,2015-08-20,1235,1398,NORTH,4,5,7,3801,0,0,0,,0,4B5E,"FELL ST","SCOTT ST",0.00,,Y,A,-,N,,,,,,,,,,N,4,0,1,2,A,-,10,21950,A,N,G,B,B,A,H,-,A,A,0,Y,,,,Y,,D,22,0,0,1,0,1,0,0,0,0,"- ","- ",,,"SAN FRANCISCO","SAN FRANCISCO",-122.43593987,37.774269930000003
7050713,2015,2017-01-11,3801,2015-08-19,0702,002047,,3,5,7,3801,0,0,0,,0,4B1A,"LOMBARD ST","FILLMORE ST",4.00,W,N,B,-,Y,SF,4,101,-,-,7.376,I,5,N,N,3,0,1,2,A,-,10,21950,A,N,G,B,B,A,H,-,A,A,0,Y,,,,Y,,I,11,0,1,0,0,1,0,0,0,0,"- ","- ",,,"SAN FRANCISCO","SAN FRANCISCO",-122.43609271,37.799907240000003
7052167,2015,2015-09-18,3801,2015-08-11,1121,1695,,2,5,7,3801,0,0,0,,0,,"WEBSTER ST","ELLIS ST",0.00,,Y,A,-,N,,,,,,,,,,N,4,0,1,2,A,-,11,21950,B,N,G,B,B,A,H,-,A,D,0,Y,,,,Y,,N,60,0,0,1,0,1,0,0,0,0,"- ","- ",,,"SAN FRANCISCO","SAN FRANCISCO",-122.43086992000001,37.782569899999999
7052195,2015,2015-09-18,3801,2015-08-12,0853,1942,BAYVI,3,5,7,3801,0,0,0,,0,005,"INGERSON AV","INGALLS ST",100.00,E,N,A,-,N,,,,,,,,,,N,4,0,1,2,A,-,11,21954,A,N,G,B,E,A,H,-,A,D,0,Y,,,,Y,,N,60,0,0,1,0,1,0,0,0,0,"- ","- ",,,"SAN FRANCISCO","SAN FRANCISCO",-122.39270698999999,37.71894211
7052203,2015,2015-09-18,3801,2015-08-12,1250,1017,INGLE,3,5,7,3801,0,0,0,,0,3H16C,"MISSION ST","SAN JUAN AV",0.00,,Y,A,-,N,,,,,,,,,,N,4,0,1,2,A,-,11,21954,A,N,G,B,D,A,H,-,A,D,0,Y,,,,Y,,N,60,0,0,1,0,1,0,0,0,0,"- ","- ",,,"SAN FRANCISCO","SAN FRANCISCO",-122.43531989,37.724009899999999
7052208,2015,2015-09-18,3801,2015-08-08,1756,2046,NORTH,6,5,7,3801,0,0,0,,0,3E14D,STEINER,ELLIS,0.00,,Y,A,-,N,,,,,,,,,,N,4,0,1,2,A,-,10,21950,A,N,G,B,B,A,H,-,A,D,0,Y,,,,Y,,-,,0,0,1,0,1,0,0,0,0,"- ","- ",,,"SAN FRANCISCO","SAN FRANCISCO",-122.43415993000001,37.782149920000002
7052212,2015,2015-09-18,3801,2015-08-08,2125,001384,SOUTH,6,5,7,3801,0,0,0,,0,3B13E,"FOLSOM ST","8TH ST",0.00,,Y,A,-,N,,,,,,,,,,N,4,0,1,2,A,-,10,21950,A,F,G,B,B,A,H,-,C,A,0,Y,,,,Y,,A,07,0,0,1,0,1,0,0,0,0,"- ","- ",,,"SAN FRANCISCO","SAN FRANCISCO",-122.41004988,37.774989890000001
7052223,2015,2015-09-18,3801,2015-08-10,0756,646,SOUTH,1,5,7,3801,0,0,0,,0,003,"MISSION ST","8TH ST",0.00,,Y,A,-,N,,,,,,,,,,N,4,0,1,2,A,-,10,21950,A,N,G,B,B,A,H,-,A,A,0,Y,,,,Y,,A,01,0,0,1,0,1,0,0,0,0,"- ","- ",,,"SAN FRANCISCO","SAN FRANCISCO",-122.41315999,37.777459970000002
7052240,2015,2015-09-18,3801,2015-08-08,1403,2225,CENTR,6,5,7,3801,0,0,0,,0,2CAR,"GRANT ST","GEARY ST",0.00,,Y,A,-,N,,,,,,,,,,,4,0,1,2,A,-,10,21950,A,N,G,B,B,A,H,-,A,A,0,Y,,,,Y,,A,07,0,0,1,0,1,0,0,0,0,"- ","- ",,,"SAN FRANCISCO","SAN FRANCISCO",-122.40503993999999,37.787739950000002
7052241,2015,2015-09-18,3801,2015-08-14,0229,1013,INGLE,5,5,7,3801,0,0,0,,0,3H16E,"GENEVA AV","MISSION ST",0.00,,Y,F,-,N,,,,,,,,,,N,4,0,1,2,A,-,11,21955,,N,A,B,D,B,H,-,C,A,0,Y,,,,Y,Y,N,,0,0,1,0,1,0,0,0,0,"- ","- ",,,"SAN FRANCISCO","SAN FRANCISCO",-122.44099993,37.716389980000002
7052244,2015,2015-09-21,3801,2015-08-05,2010,3,CENTR,3,5,7,3801,0,0,0,,0,4CAR,"BROADWAY ST","FRONT ST",0.00,,Y,A,-,N,,,,,,,,,,N,4,0,1,2,A,-,10,21950,A,N,G,B,B,A,H,-,C,A,0,Y,,,,Y,,-,"- ",0,0,1,0,1,0,0,0,0,"- ","- ",,,"SAN FRANCISCO","SAN FRANCISCO",-122.39985986000001,37.798739980000001
7052245,2015,2015-09-18,3801,2015-08-14,0940,384,,5,5,7,3801,0,0,0,,0,3J14A,"GOLDEN GATE",JONES,0.00,,Y,A,-,N,,,,,,,,,,N,3,0,1,2,A,-,03,22350,,N,G,B,B,A,H,-,A,A,0,Y,,,,Y,,-,,0,1,0,0,1,0,0,0,0,"- ","- ",,,"SAN FRANCISCO","SAN FRANCISCO",-122.41222997,37.782079889999999
7052254,2015,2015-09-18,3801,2015-08-12,2145,1396,NORTH,3,5,7,3801,0,0,0,,0,3E11C,"STEINER ST","HAYES ST",10.00,N,N,A,-,N,,,,,,,,,,N,2,0,1,2,A,-,10,21950,A,N,G,B,E,A,H,-,C,D,0,Y,,,,Y,,A,01,1,0,0,0,1,0,0,0,0,"- ","- ",,,"SAN FRANCISCO","SAN FRANCISCO",-122.43283580000001,37.775637080000003
7052257,2015,2015-09-18,3801,2015-08-14,1317,1572,SOUTH,5,5,7,3801,0,0,0,,0,3B1A,"NEW MONTGOMERY",MISSION,0.00,,Y,A,-,N,,,,,,,,,,N,3,0,1,2,A,-,10,21950,A,N,B,B,B,A,H,-,A,A,0,Y,,,,Y,,-,,0,1,0,0,1,0,0,0,0,"- ","- ",,,"SAN FRANCISCO","SAN FRANCISCO",-122.4004999,37.787449940000002
7052259,2015,2015-09-17,3801,2015-08-07,1523,002317,SOUTH,5,5,7,3801,0,0,0,,0,3B3C,"KANSAS ST","17TH ST",0.00,,Y,A,-,N,,,,,,,,,,N,4,0,1,2,A,-,03,22350,,N,H,-,D,A,H,-,A,D,0,Y,Y,,,Y,,L,04,0,0,1,0,1,0,0,0,0,"- ","- ",,,"SAN FRANCISCO","SAN FRANCISCO",-122.40352,37.764729889999998
7052269,2015,2015-09-21,3801,2015-08-14,1714,002076,CENTR,5,5,7,3801,0,0,0,,0,3A5D,"BEALE ST","MARKET ST",0.00,,Y,A,-,N,,,,,,,,,,N,3,0,1,2,A,-,07,21658,A,N,G,B,B,A,H,-,A,A,0,Y,,,,Y,,-,,0,1,0,0,1,0,0,0,0,"- ","- ",,,"SAN FRANCISCO","SAN FRANCISCO",-122.39733986,37.792489969999998
7052271,2015,2015-09-17,3801,2015-08-07,0900,1648,CENTR,5,5,7,3801,0,0,0,,0,04A,"WASHINGTON ST","WALTER U LUM PL",0.00,,Y,A,-,N,,,,,,,,,,N,4,0,1,2,D,-,00,,,N,H,-,D,A,H,-,A,D,0,Y,Y,,,Y,Y,-,"- ",0,0,1,0,1,0,0,0,0,"- ","- ",,,"SAN FRANCISCO","SAN FRANCISCO",-122.40580997000001,37.79522996
7052272,2015,2016-07-20,3801,2015-08-04,2111,1025,NORTH,2,5,7,3801,0,0,0,,0,3E12D,"FILLMORE ST","GEARY BL",0.00,,Y,A,-,N,,,,,,,,,,Y,3,0,2,3,A,-,12,21453,A,N,D,C,B,A,H,-,C,A,0,Y,,,,Y,,A,01,0,1,1,0,1,0,0,0,0,"- ","- ",,,"SAN FRANCISCO","SAN FRANCISCO",-122.43294989,37.784529970000001
7052277,2015,2015-09-21,3801,2015-08-14,2149,563,TARA,5,5,7,3801,0,0,0,,0,002,"20TH AV","NORIEGA ST",211.00,N,N,A,-,N,,,,,,,,,,N,4,0,1,2,A,-,11,21955,,N,G,B,E,A,H,-,C,D,0,Y,,,,Y,,N,60,0,0,1,0,1,0,0,0,0,"- ","- ",,,"SAN FRANCISCO","SAN FRANCISCO",-122.47761011,37.75474878
7052281,2015,2015-09-21,3801,2015-08-15,0910,2254,SOUTE,6,5,7,3801,0,0,0,,0,3B5A,"BRYANT ST","3RD ST",0.00,,Y,A,-,N,,,,,,,,,,N,4,0,1,3,A,-,10,21950,A,N,G,B,B,A,H,-,A,A,0,Y,,,,Y,,A,01,0,0,1,0,1,0,0,0,0,"- ","- ",,,"SAN FRANCISCO","SAN FRANCISCO",-122.39584993,37.781309890000003
7052289,2015,2015-09-24,3801,2015-08-13,1430,999,J,4,5,7,3801,0,0,0,,0,003,"ELLIS ST","HYDE ST",100.00,E,N,-,-,N,,,,,,,,,,N,3,0,1,2,A,-,11,21950,B,N,-,-,-,-,-,-,-,-,0,Y,,,,Y,,N,60,0,1,0,0,1,0,0,0,0,"- ","- ",,,"SAN FRANCISCO","SAN FRANCISCO",-122.41571829,37.784493810000001
7052297,2015,2015-09-29,3801,2015-08-13,1845,001740,MISS,4,5,7,3801,0,0,0,,0,901,"16TH ST","VALENCIA ST",0.00,,Y,A,-,N,,,,,,,,,,N,4,0,1,2,A,-,"- ",,,N,B,J,B,A,H,-,A,A,0,Y,,,,Y,,A,07,0,0,1,0,1,0,0,0,0,"- ","- ",,,"SAN FRANCISCO","SAN FRANCISCO",-122.42189,37.764909899999999
7052305,2015,2016-12-20,3801,2015-08-14,0554,425,MISSS,5,5,7,3801,0,0,0,,0,3D73,"13TH ST","VAN NESS AV",10.00,E,N,A,-,Y,SF,4,101,-,T,4.462,I,5,N,N,3,0,1,2,A,-,10,21950,A,N,G,B,B,A,H,-,C,A,0,Y,,,,Y,,A,01,0,1,0,0,1,0,0,0,0,"- ","- ",,,"SAN FRANCISCO","SAN FRANCISCO",-122.41773581,37.769715730000001
7052308,2015,2015-09-18,3801,2015-08-02,1707,000878,SOUTH,7,5,7,3801,0,0,0,,0,001,"2ND ST","BRANNAN ST",0.00,,Y,A,-,N,,,,,,,,,,Y,3,0,1,2,A,-,11,21456,B,N,D,B,B,A,H,-,A,A,0,Y,,,,Y,,N,60,0,1,0,0,1,0,0,0,0,"- ","- ",,,"SAN FRANCISCO","SAN FRANCISCO",-122.39205999000001,37.781839949999998
7052313,2015,2015-09-18,3801,2015-08-14,1127,001404,NORTH,5,5,7,3801,0,0,0,,0,3E13C,"FRANKLIN ST","GOLDEN GATE AV",18.00,N,N,A,-,N,,,,,,,,,,N,4,0,1,2,A,-,10,21950,A,N,G,B,B,A,H,-,A,A,0,Y,,,,Y,,A,01,0,0,1,0,1,0,0,0,0,"- ","- ",,,"SAN FRANCISCO","SAN FRANCISCO",-122.42210871,37.780868959999999
7052315,2015,2015-09-17,3801,2015-08-06,2200,002038,COF,4,5,7,3801,0,0,0,,0,3F13E,"CLAYTON ST","WALLER ST",0.00,,Y,A,-,N,,,,,,,,,,N,4,0,1,2,A,-,10,21950,A,N,G,B,B,A,H,-,C,D,0,Y,,,,Y,,A,01,0,0,1,0,1,0,0,0,0,"- ","- ",,,"SAN FRANCISCO","SAN FRANCISCO",-122.44838994,37.768849969999998
7052317,2015,2015-12-31,3801,2015-08-14,0135,001272,SOUTH,5,5,7,3801,0,0,0,,0,3B14E,"MISSION ST","9TH ST",18.00,W,N,A,-,N,,,,,,,,,,N,1,1,0,2,A,-,10,21950,A,N,G,B,B,A,H,-,C,A,0,Y,,,,Y,,A,01,0,0,0,1,0,0,0,0,0,"- ","- ",,,"SAN FRANCISCO","SAN FRANCISCO",-122.41476297,37.776204190000001
7052322,2015,2015-09-21,3801,2015-08-17,0701,2486,INGLE,1,5,7,3801,0,0,0,,0,3H16A,"RAYMOND AV","RUTLAND ST",6.00,W,N,A,-,N,,,,,,,,,,N,4,0,1,2,A,-,10,21950,A,N,G,B,B,A,H,-,A,D,0,Y,,,,Y,,A,01,0,0,1,0,1,0,0,0,0,"- ","- ",,,"SAN FRANCISCO","SAN FRANCISCO",-122.40705969,37.713225199999997
7052326,2015,2015-09-21,3801,2015-08-18,0240,002068,TENDE,2,5,7,3801,0,0,0,,0,3J14E,"TAYLOR ST","TURK ST",0.00,,Y,A,-,N,,,,,,,,,,N,4,0,1,2,A,-,11,21453,D,N,G,B,B,A,H,-,C,A,0,Y,,,,Y,,N,60,0,0,1,0,1,0,0,0,0,"- ","- ",,,"SAN FRANCISCO","SAN FRANCISCO",-122.41077986000001,37.783209880000001
7052331,2015,2015-09-17,3801,2015-08-26,1856,1718,MISSI,3,5,7,3801,0,0,0,,0,3D12D,"MARKET ST","NOE ST",365.00,W,N,A,-,N,,,,,,,,,,N,4,0,1,2,A,-,11,21955,,N,G,B,D,A,H,-,A,D,0,Y,,,,Y,,N,60,0,0,1,0,1,0,0,0,0,"- ","- ",,,"SAN FRANCISCO","SAN FRANCISCO",-122.43406103,37.763554370000001
7052348,2015,2015-09-18,3801,2015-08-24,1740,000868,RICHM,1,5,7,3801,0,0,0,,0,4B8G,"6TH AV","GEARY BL",42.00,N,N,A,-,N,,,,,,,,,,N,4,0,1,2,A,-,11,21954,A,N,G,B,D,A,H,-,A,A,0,Y,,,,Y,,N,60,0,0,1,0,1,0,0,0,0,"- ","- ",,,"SAN FRANCISCO","SAN FRANCISCO",-122.46429692,37.781205249999999
7052356,2015,2015-09-28,3801,2015-08-24,1638,001031,NORTH,1,5,7,3801,0,0,0,,0,4CAR,"POST ST","LAGUNA ST",0.00,,Y,A,-,N,,,,,,,,,,N,3,0,1,2,A,-,12,21453,A,F,G,B,B,A,H,-,A,A,0,Y,,,,Y,,-,99,0,1,0,0,1,0,0,0,0,"- ","- ",,,"SAN FRANCISCO","SAN FRANCISCO",-122.42815998,37.785799910000001