CASE_ID,ACCIDENT_YEAR,PROC_DATE,JURIS,COLLISION_DATE,COLLISION_TIME,OFFICER_ID,REPORTING_DISTRICT,DAY_OF_WEEK,CHP_SHIFT,POPULATION,CNTY_CITY_LOC,SPECIAL_COND,BEAT_TYPE,CHP_BEAT_TYPE,CITY_DIVISION_LAPD,CHP_BEAT_CLASS,BEAT_NUMBER,PRIMARY_RD,SECONDARY_RD,DISTANCE,DIRECTION,INTERSECTION,WEATHER_1,WEATHER_2,STATE_HWY_IND,CALTRANS_COUNTY,CALTRANS_DISTRICT,STATE_ROUTE,ROUTE_SUFFIX,POSTMILE_PREFIX,POSTMILE,LOCATION_TYPE,RAMP_INTERSECTION,SIDE_OF_HWY,TOW_AWAY,COLLISION_SEVERITY,NUMBER_KILLED,NUMBER_INJURED,PARTY_COUNT,PRIMARY_COLL_FACTOR,PCF_CODE_OF_VIOL,PCF_VIOL_CATEGORY,PCF_VIOLATION,PCF_VIOL_SUBSECTION,HIT_AND_RUN,TYPE_OF_COLLISION,MVIW,PED_ACTION,ROAD_SURFACE,ROAD_COND_1,ROAD_COND_2,LIGHTING,CONTROL_DEVICE,CHP_ROAD_TYPE,PEDESTRIAN_ACCIDENT,BICYCLE_ACCIDENT,MOTORCYCLE_ACCIDENT,TRUCK_ACCIDENT,NOT_PRIVATE_PROPERTY,ALCOHOL_INVOLVED,STWD_VEHTYPE_AT_FAULT,CHP_VEHTYPE_AT_FAULT,COUNT_SEVERE_INJ,COUNT_VISIBLE_INJ,COUNT_COMPLAINT_PAIN,COUNT_PED_KILLED,COUNT_PED_INJURED,COUNT_BICYCLIST_KILLED,COUNT_BICYCLIST_INJURED,COUNT_MC_KILLED,COUNT_MC_INJURED,PRIMARY_RAMP,SECONDARY_RAMP,LATITUDE,LONGITUDE,COUNTY,CITY,POINT_X,POINT_Y
7052368,2015,2015-09-18,3801,2015-08-23,2308,1836,3A,7,5,7,3801,0,0,0,,0,3A12E,"POST ST","POWELL ST",0.00,,Y,A,-,N,,,,,,,,,,N,4,0,1,2,A,-,10,21950,A,N,G,B,B,A,H,-,C,A,0,Y,,,,Y,,A,01,0,0,1,0,1,0,0,0,0,"- ","- ",,,"SAN FRANCISCO","SAN FRANCISCO",-122.40839999000001,37.788289919999997
7052369,2015,2015-09-21,3801,2015-08-19,0040,2080,NORTH,3,5,7,3801,0,0,0,,0,3E13E,"MCALLISTER ST","VAN NESS AV",0.00,,Y,A,-,N,,,,,,,,,,N,2,0,1,2,A,-,11,21453,D,N,G,B,B,A,H,-,C,A,0,Y,,,,Y,,N,60,1,0,0,0,1,0,0,0,0,"- ","- ",,,"SAN FRANCISCO","SAN FRANCISCO",-122.42032997,37.780049929999997
7052371,2015,2015-09-17,3801,2015-08-15,0810,2254,SOUTH,6,5,7,3801,0,0,0,,0,3B5A,"BRYANT ST","3RD ST",0.00,,Y,A,-,N,,,,,,,,,,N,4,0,1,3,A,-,10,21950,A,N,G,B,B,A,H,-,A,A,0,Y,,,,Y,,A,01,0,0,1,0,1,0,0,0,0,"- ","- ",,,"SAN FRANCISCO","SAN FRANCISCO",-122.39584993,37.781309890000003
7052375,2015,2016-12-20,3801,2015-08-15,1025,1398,NORTH,6,5,7,3801,0,0,0,,0,4B5E,"TURK ST","VAN NESS AV",0.00,,Y,A,-,Y,SF,4,101,-,-,5.352,I,5,S,N,3,0,1,3,A,-,11,21456,B,N,G,B,B,A,H,-,A,A,0,Y,,,,Y,Y,N,60,0,1,0,0,1,0,0,0,0,"- ","- ",,,"SAN FRANCISCO","SAN FRANCISCO",-122.42072847999999,37.781954370000001
7052376,2015,2015-09-18,3801,2015-08-24,0959,002253,TARAV,1,5,7,3801,0,0,0,,0,3146,"OCEAN AV",LAKEWOOD,111.00,W,N,A,-,N,,,,,,,,,,N,4,0,1,2,A,-,10,21952,,N,G,B,F,A,H,-,A,D,0,Y,,,,Y,,A,01,0,0,1,0,1,0,0,0,0,"- ","- ",,,"SAN FRANCISCO","SAN FRANCISCO",-122.46491069,37.726264090000001
7052378,2015,2015-09-21,3801,2015-08-16,1705,133,CENTR,7,5,7,3801,0,0,0,,0,3A3D,"CHESTNUT ST","MASON ST",0.00,,Y,A,-,N,,,,,,,,,,N,3,0,1,2,A,-,11,21956,,N,G,B,E,A,H,-,A,D,0,Y,,,,Y,,N,60,0,1,0,0,1,0,0,0,0,"- ","- ",,,"SAN FRANCISCO","SAN FRANCISCO",-122.41319998,37.803739899999997
7052388,2015,2015-09-18,3801,2015-08-24,1410,1597,NORTH,1,5,7,3801,0,0,0,,0,3E11C,"BAY ST","BAKER ST",0.00,,Y,A,-,N,,,,,,,,,,N,2,0,1,2,A,-,11,21956,A,N,G,B,D,A,H,-,A,-,0,Y,,,,Y,,N,60,1,0,0,0,1,0,0,0,0,"- ","- ",,,"SAN FRANCISCO","SAN FRANCISCO",-122.44662987,37.801780000000001
7052395,2015,2015-09-17,3801,2015-08-26,2207,001288,CENTR,3,5,7,3801,0,0,0,,0,3A13E,"MASON ST","WASHINGTON ST",0.00,,Y,A,-,N,,,,,,,,,,N,4,0,1,2,A,-,10,21950,A,N,G,B,B,A,H,-,C,A,0,Y,,,,Y,,A,01,0,0,1,0,1,0,0,0,0,"- ","- ",,,"SAN FRANCISCO","SAN FRANCISCO",-122.41136988,37.794539960000002
7052396,2015,2015-09-24,3801,2015-08-22,1646,1622,NORTH,6,5,7,3801,0,0,0,,0,3E12D,"MCALLISTER ST","WEBSTER ST",0.00,,Y,A,-,N,,,,,,,,,,N,4,0,1,2,A,-,10,21950,A,N,G,B,B,A,H,-,A,A,0,Y,,,,Y,,A,01,0,0,1,0,1,0,0,0,0,"- ","- ",,,"SAN FRANCISCO","SAN FRANCISCO",-122.43010988,37.778840000000002
7052882,2015,2015-09-18,3801,2015-08-21,1830,4133,,5,5,7,3801,0,0,0,,0,4CAR,OCEAN,"VICTORIA ST",0.00,,Y,A,-,N,,,,,,,,,,N,4,0,1,2,A,-,10,21950,A,N,H,-,B,A,H,-,B,-,0,Y,Y,,,Y,,L,04,0,0,1,0,1,0,0,0,0,"- ","- ",,,"SAN FRANCISCO","SAN FRANCISCO",-122.46424992,37.726019989999998
7052890,2015,2015-09-18,3801,2015-08-21,1424,2426,CENTR,5,5,7,3801,0,0,0,,0,05A,"SANSOME ST","BUSH ST",0.00,,Y,A,-,N,,,,,,,,,,N,4,0,1,2,A,-,10,21950,A,N,G,B,B,A,H,-,A,A,0,Y,,,,Y,,A,01,0,0,1,0,1,0,0,0,0,"- ","- ",,,"SAN FRANCISCO","SAN FRANCISCO",-122.40070992,37.791199919999997
7052902,2015,2015-09-18,3801,2015-08-21,1650,4274,RICHM,5,5,7,3801,0,0,0,,0,3G2C,"ARGUELLO BL","MCALLISTER ST",0.00,,Y,A,-,N,,,,,,,,,,N,4,0,1,2,A,-,10,21950,A,N,G,B,B,A,H,-,A,A,0,Y,,,,Y,,A,01,0,0,1,0,1,0,0,0,0,"- ","- ",,,"SAN FRANCISCO","SAN FRANCISCO",-122.45843999,37.775239890000002
7052910,2015,2015-09-18,3801,2015-08-22,1548,2260,NORHT,6,5,7,3801,0,0,0,,0,2CAR,"LAGUNA ST","GOLDEN GATE AV",81.00,N,N,A,-,N,,,,,,,,,,N,4,0,1,2,A,-,17,21663,,N,G,B,F,A,H,-,A,D,0,Y,,Y,,Y,,C,03,0,0,1,0,1,0,0,0,0,"- ","- ",,,"SAN FRANCISCO","SAN FRANCISCO",-122.42706543,37.78041958
7057028,2015,2015-11-16,3801,2015-10-02,0849,73,TENDE,5,5,7,3801,0,0,0,,0,4B1B,"MCALLISTER ST","JONES ST",0.00,,Y,A,-,N,,,,,,,,,,N,3,0,1,2,A,-,11,21453,D,N,G,B,B,A,H,-,A,A,0,Y,,,,Y,,N,60,0,1,0,0,1,0,0,0,0,"- ","- ",,,"SAN FRANCISCO","SAN FRANCISCO",-122.41202994,37.781129900000003
7057051,2015,2015-11-14,3801,2015-11-01,2005,1154,RICHM,7,5,7,3801,0,0,0,,0,3G14D,"GEARY BL","17TH AV",0.00,,Y,A,B,N,,,,,,,,,,N,4,0,1,2,A,-,10,21950,A,N,G,B,B,A,H,-,C,A,0,Y,,,,Y,,A,01,0,0,1,0,1,0,0,0,0,"- ","- ",,,"SAN FRANCISCO","SAN FRANCISCO",-122.47617,37.780529960000003
7059261,2015,2015-10-08,3801,2015-09-30,1420,2450,MISSI,3,5,7,3801,0,0,0,,0,3D45C,"MISSION ST","20TH ST",45.00,S,N,B,-,N,,,,,,,,,,N,3,0,1,2,A,-,21,22106,,N,G,B,D,A,H,-,A,D,0,Y,,,,Y,,A,01,0,1,0,0,1,0,0,0,0,"- ","- ",,,"SAN FRANCISCO","SAN FRANCISCO",-122.41903158,37.758506560000001
7059263,2015,2015-10-08,3801,2015-09-29,1334,722,INGLE,2,5,7,3801,0,0,0,,0,0H5,"GENEVA AV","MISSION ST",0.00,,Y,A,-,N,,,,,,,,,,N,3,0,1,2,A,-,11,21950,B,N,G,B,B,A,H,-,A,A,0,Y,,,,Y,,N,60,0,1,0,0,1,0,0,0,0,"- ","- ",,,"SAN FRANCISCO","SAN FRANCISCO",-122.44099993,37.716389980000002
7059434,2015,2015-10-08,3801,2015-09-28,2209,1530,CENTR,1,5,7,3801,0,0,0,,0,3A11E,"KEARNY ST","BUSH ST",0.00,,Y,A,-,N,,,,,,,,,,N,4,0,1,2,A,-,10,21950,A,N,G,B,B,A,H,-,C,A,0,Y,,,,Y,,A,01,0,0,1,0,1,0,0,0,0,"- ","- ",,,"SAN FRANCISCO","SAN FRANCISCO",-122.4040299,37.790769939999997
7059436,2015,2015-10-08,3801,2015-09-28,0748,1968,TENDE,1,5,7,3801,0,0,0,,0,3J12A,"MARKET ST","7TH ST",105.00,E,N,A,-,N,,,,,,,,,,N,2,0,1,2,D,-,00,,,N,G,B,E,A,H,-,B,A,0,Y,,,,Y,,-,"- ",1,0,0,0,1,0,0,0,0,"- ","- ",,,"SAN FRANCISCO","SAN FRANCISCO",-122.41225584999999,37.780686189999997
7059910,2015,2015-10-08,3801,2015-09-10,0930,2422,,4,5,7,3801,0,0,0,,0,,"BACON ST","SOMERSET ST",0.00,,Y,A,-,N,,,,,,,,,,N,3,0,1,2,A,-,10,21950,A,N,H,B,B,A,H,-,A,A,0,Y,,,,Y,,A,01,0,1,0,0,1,0,0,0,0,"- ","- ",,,"SAN FRANCISCO","SAN FRANCISCO",-122.40754991,37.726609920000001
7060027,2015,2015-10-13,3801,2015-08-30,2300,1657,MISSI,7,5,7,3801,0,0,0,,0,908,"DUBOCE AV","VALENCIA ST",5.00,S,N,A,-,N,,,,,,,,,,N,4,0,1,2,A,-,08,22107,,N,G,B,B,A,H,-,C,A,0,Y,,,,Y,,A,01,0,0,1,0,1,0,0,0,0,"- ","- ",,,"SAN FRANCISCO","SAN FRANCISCO",-122.42236,37.769869999999997
7060045,2015,2015-10-13,3801,2015-08-25,0730,1043,SOUTH,2,5,7,3801,0,0,0,,0,4B2C,"6TH ST","STEVENSON ST",7.00,N,N,B,-,N,,,,,,,,,,Y,2,0,1,2,A,-,10,21950,A,N,G,B,D,A,H,-,A,D,0,Y,,,,Y,,A,01,1,0,0,0,1,0,0,0,0,"- ","- ",,,"SAN FRANCISCO","SAN FRANCISCO",-122.40968755999999,37.781783249999997
7060103,2015,2015-10-13,3801,2015-08-31,2145,2330,TARAV,1,5,7,3801,0,0,0,,0,6CAR,"19TH AV","JUNIPERO SERRA BL",122.00,S,N,A,-,N,,,,,,,,,,N,4,0,1,2,A,-,11,21954,A,N,G,B,E,A,H,-,C,D,0,Y,,,,Y,,N,60,0,0,1,0,1,0,0,0,0,"- ","- ",,,"SAN FRANCISCO","SAN FRANCISCO",-122.47237617,37.717006349999998
7060115,2015,2015-10-10,3801,2015-09-16,1327,1858,COB,3,5,7,3801,0,0,0,,0,3B5C,"17TH ST","DE HARO ST",0.00,,Y,B,-,N,,,,,,,,,,N,4,0,1,2,A,-,10,21950,A,N,G,B,B,A,H,-,A,A,0,Y,,,,Y,,A,01,0,0,1,0,1,0,0,0,0,"- ","- ",,,"SAN FRANCISCO","SAN FRANCISCO",-122.40156999,37.764839930000001
7060118,2015,2015-10-10,3801,2015-09-18,0830,2271,INGLE,5,5,7,3801,0,0,0,,0,,"RUSSIA AV","VIENNA ST",0.00,,Y,A,-,N,,,,,,,,,,N,3,0,1,2,A,-,10,21950,A,N,G,B,B,A,H,-,A,A,0,Y,,,,Y,,A,01,0,1,0,0,1,0,0,0,0,"- ","- ",,,"SAN FRANCISCO","SAN FRANCISCO",-122.43157993,37.718919909999997
7060119,2015,2015-10-10,3801,2015-09-17,1209,12050,TENDE,4,5,7,3801,0,0,0,,0,3J53C,"MCALLISTER ST","HYDE ST",0.00,,Y,A,-,N,,,,,,,,,,N,4,0,1,2,A,-,10,21950,A,M,G,B,B,A,H,-,A,A,0,Y,,,,Y,Y,A,01,0,0,1,0,1,0,0,0,0,"- ","- ",,,"SAN FRANCISCO","SAN FRANCISCO",-122.4153199,37.780739930000003
7060122,2015,2015-10-10,3801,2015-09-14,2057,1994,INGLE,1,5,7,3801,0,0,0,,0,4B4B,"MISSION ST","GENEVA AV",108.00,N,N,C,-,N,,,,,,,,,,,3,0,1,2,A,-,11,21955,,N,G,B,D,B,H,-,C,A,0,Y,,,,Y,Y,N,60,0,1,0,0,1,0,0,0,0,"- ","- ",,,"SAN FRANCISCO","SAN FRANCISCO",-122.4408244,37.716651859999999
7060128,2015,2015-10-10,3801,2015-09-09,2144,155,SOUTH,3,5,7,3801,0,0,0,,0,002,"6TH ST","HARRISON ST",0.00,,Y,A,-,N,,,,,,,,,,N,2,0,1,2,A,-,11,21955,,N,G,B,D,A,H,-,C,A,0,Y,,,,Y,,N,60,1,0,0,0,1,0,0,0,0,"- ","- ",,,"SAN FRANCISCO","SAN FRANCISCO",-122.4040799,37.77730992
7060137,2015,2015-10-10,3801,2015-09-14,1039,1975,TARAV,1,5,7,3801,0,0,0,,0,0I1,"TARAVAL ST","18TH AV",98.00,W,N,A,-,N,,,,,,,,,,N,3,0,1,2,A,-,06,21756,A,N,D,B,D,A,H,-,A,D,0,Y,,,,Y,,A,07,0,1,0,0,1,0,0,0,0,"- ","- ",,,"SAN FRANCISCO","SAN FRANCISCO",-122.4749678,37.743077040000003
7060913,2015,2015-10-10,3801,2015-09-22,0816,04239,PARK,2,5,7,3801,0,0,0,,0,3F11A,"JOHN F KENNEDY DR","NANCY PELOSI DR",255.00,W,N,B,-,N,,,,,,,,,,N,3,0,2,2,A,-,03,22350,,N,G,G,D,A,H,-,A,D,0,Y,Y,,,Y,,L,04,0,1,1,0,1,0,1,0,0,"- ","- ",,,"SAN FRANCISCO","SAN FRANCISCO",-122.4600327,37.771431360000001
7061142,2015,2015-10-10,3801,2015-07-24,1952,1301,SANFR,5,5,7,3801,0,0,0,,0,3E16D,"LAGUNA ST","GEARY BL",7.00,W,N,A,-,N,,,,,,,,,,N,4,0,2,3,A,-,10,21950,A,N,G,B,B,A,H,-,B,A,0,Y,,,,Y,Y,A,01,0,0,2,0,2,0,0,0,0,"- ","- ",,,"SAN FRANCISCO","SAN FRANCISCO",-122.42800398999999,37.785058970000001
7062587,2015,2015-11-17,3801,2015-09-29,2125,2343,SOUTH,2,5,7,3801,0,0,0,,0,3B15E,"OCTAVIA ST","MARKET ST",0.00,,Y,A,-,N,,,,,,,,,,N,4,0,1,2,A,-,11,21456,B,N,G,B,B,A,H,-,C,A,0,Y,,,,Y,,N,60,0,0,1,0,1,0,0,0,0,"- ","- ",,,"SAN FRANCISCO","SAN FRANCISCO",-122.42358993000001,37.771779950000003
7062707,2015,2016-01-12,3801,2015-09-29,0545,1561,SOUTH,2,5,7,3801,0,0,0,,0,3B62,"HYDE ST","GOLDEN GATE AV",0.00,,Y,-,-,N,,,,,,,,,,N,4,0,1,2,A,-,10,21950,A,F,G,B,B,-,-,-,C,-,0,Y,,,,Y,,A,07,0,0,1,0,1,0,0,0,0,"- ","- ",,,"SAN FRANCISCO","SAN FRANCISCO",-122.41549995,37.781649909999999
7062708,2015,2015-11-17,3801,2015-02-02,1942,2065,TARAV,1,5,7,3801,0,0,0,,0,3I16D,"ALEMANY BL","BROTHERHOOD WY",0.00,,Y,A,-,N,,,,,,,,,,N,3,0,1,2,A,-,11,21956,A,N,G,B,D,A,H,-,C,D,0,Y,,,,Y,,N,60,0,1,0,0,1,0,0,0,0,"- ","- ",,,"SAN FRANCISCO","SAN FRANCISCO",-122.46389992,37.711609989999999
7063228,2015,2015-11-17,3801,2015-08-02,1138,1750,NORTH,7,5,7,3801,0,0,0,,0,3E4C,"VAN NESS AV","TURK ST",5.00,N,N,A,-,N,,,,,,,,,,N,4,0,1,2,A,-,10,21950,A,N,G,B,B,A,H,-,A,A,0,Y,,,,Y,,A,01,0,0,1,0,1,0,0,0,0,"- ","- ",,,"SAN FRANCISCO","SAN FRANCISCO",-122.42070337,37.781943470000002
7063401,2015,2017-01-25,3801,2015-11-02,1800,1574,NORTH,1,5,7,3801,0,0,0,,0,3E13D,"VAN NESS AV","GREENWICH ST",0.00,,Y,B,-,Y,SF,4,101,-,-,6.640,I,5,S,N,3,0,1,2,A,-,10,21950,A,N,G,B,B,A,H,-,C,A,0,Y,,,,Y,,A,01,0,1,0,0,1,0,0,0,0,"- ","- ",,,"SAN FRANCISCO","SAN FRANCISCO",-122.42447540000001,37.800418710000002
7063403,2015,2015-11-17,3801,2015-11-01,0545,1870,TENDE,7,5,7,3801,0,0,0,,0,004,"TAYLOR ST","EDDY ST",0.00,,Y,A,-,N,,,,,,,,,,N,3,0,1,2,A,-,11,21956,,N,G,B,E,A,H,-,C,A,0,Y,,,,Y,,N,60,0,1,0,0,1,0,0,0,0,"- ","- ",,,"SAN FRANCISCO","SAN FRANCISCO",-122.41094996,37.784159959999997
7063404,2015,2015-11-17,3801,2015-11-03,1610,195,,2,5,7,3801,0,0,0,,0,,"POLK ST","BROADWAY ST",0.00,,Y,A,-,N,,,,,,,,,,N,4,0,1,2,A,-,09,21453,B,N,G,B,B,A,H,-,A,A,0,Y,,,,Y,,-,,0,0,1,0,1,0,0,0,0,"- ","- ",,,"SAN FRANCISCO","SAN FRANCISCO",-122.42175989,37.795939959999998
7063633,2015,2016-01-12,3801,2015-11-02,1740,4086,PARK,1,5,7,3801,0,0,0,,0,3FBD,"TURK BL","ROSELYN TER",0.00,,Y,B,-,N,,,,,,,,,,N,4,0,1,2,A,-,10,21950,A,N,G,B,B,A,H,-,C,D,0,Y,,,,Y,,A,01,0,0,1,0,1,0,0,0,0,"- ","- ",,,"SAN FRANCISCO","SAN FRANCISCO",-122.44977996,37.778259920000004
7063642,2015,2017-01-27,3801,2015-10-15,2015,93,COE,4,5,7,3801,0,0,0,,0,3E16D,"VAN NESS AV","BAY ST",0.00,,Y,A,-,Y,SF,4,101,-,-,7.910,H,-,N,N,3,0,1,2,A,-,11,21954,A,N,A,B,D,A,H,-,C,A,0,Y,,,,Y,,N,60,0,1,0,0,1,0,0,0,0,"- ","- ",,,"SAN FRANCISCO","SAN FRANCISCO",-122.44604528000001,37.799699820000001
7066592,2015,2015-09-21,3801,2015-01-15,1339,000868,RICHM,4,5,7,3801,0,0,0,,0,4K8G,"ARGUELLO BL","GEARY BL",8.00,N,N,A,-,N,,,,,,,,,,N,3,0,1,2,A,-,11,21950,B,N,G,B,B,A,H,-,A,A,0,Y,,,,Y,,N,60,0,1,0,0,1,0,0,0,0,"- ","- ",,,"SAN FRANCISCO","SAN FRANCISCO",-122.45888142,37.781351950000001
7067007,2015,2015-09-26,3801,2015-01-14,1442,783,,3,5,7,3801,0,0,0,,0,,"21ST ST","HAMPSHIRE ST",0.00,,Y,A,-,N,,,,,,,,,,N,4,0,1,2,A,-,11,21954,A,N,G,B,E,A,H,-,A,A,0,Y,,,,Y,,N,60,0,0,1,0,1,0,0,0,0,"- ","- ",,,"SAN FRANCISCO","SAN FRANCISCO",-122.4077499,37.757699950000003
7072986,2015,2015-09-19,3801,2015-06-10,0900,956,,3,5,7,3801,0,0,0,,0,004,"PIERCE ST","MCALLISTER ST",0.00,,Y,-,-,N,,,,,,,,,,N,4,0,1,2,A,-,"- ",,,N,G,B,B,-,-,-,-,-,0,Y,,,,Y,,A,01,0,0,1,0,1,0,0,0,0,"- ","- ",,,"SAN FRANCISCO","SAN FRANCISCO",-122.43504987,37.778219929999999
7080524,2015,2015-10-06,3801,2015-01-21,1755,00483,DCOMP,3,5,7,3801,0,0,0,,0,901,"DOLORES ST","18TH ST",0.00,,Y,A,-,N,,,,,,,,,,N,3,0,1,2,A,-,11,21456,A,N,G,B,B,A,H,-,C,A,0,Y,,,,Y,,N,60,0,1,0,0,1,0,0,0,0,"- ","- ",,,"SAN FRANCISCO","SAN FRANCISCO",-122.42615994000001,37.761439930000002
7080540,2015,2015-10-06,3801,2015-01-14,1412,001682,TARAV,3,5,7,3801,0,0,0,,0,3160,"NORIEGA ST","31ST AV",13.00,E,N,A,-,N,,,,,,,,,,N,3,0,1,2,A,-,21,22106,,N,G,B,B,A,H,-,A,D,0,Y,,,,Y,,A,01,0,1,0,0,1,0,0,0,0,"- ","- ",,,"SAN FRANCISCO","SAN FRANCISCO",-122.48928522999999,37.75367344
7080687,2015,2015-10-06,3801,2015-01-25,1915,002426,CENTR,7,5,7,3801,0,0,0,,0,3A14D,"CALIFORNIA ST","FRONT ST",0.00,,Y,A,-,N,,,,,,,,,,N,3,0,1,2,A,-,10,21950,A,N,G,B,C,A,H,-,C,A,0,Y,,,,Y,,A,01,0,1,0,0,1,0,0,0,0,"- ","- ",,,"SAN FRANCISCO","SAN FRANCISCO",-122.39881993,37.793369890000001
7081409,2015,2016-07-25,3801,2015-09-02,0520,1096,SOUTH,3,5,7,3801,0,0,0,,0,001,"MISSION ST","MAIN ST",0.00,,Y,A,-,N,,,,,,,,,,N,4,0,1,2,A,-,08,22107,,N,G,B,B,A,H,-,C,A,0,Y,,,,Y,,I,10,0,0,1,0,1,0,0,0,0,"- ","- ",,,"SAN FRANCISCO","SAN FRANCISCO",-122.39496995,37.791859950000003
7081659,2015,2016-01-19,3801,2015-09-25,0632,1025,CENTR,5,5,7,3801,0,0,0,,0,3A15A,"CALIFORNIA ST","BATTERY ST",0.00,,Y,A,-,N,,,,,,,,,,N,4,0,1,2,A,-,10,21950,A,N,G,B,B,A,H,-,B,A,0,Y,,,,Y,,A,01,0,0,1,0,1,0,0,0,0,"- ","- ",,,"SAN FRANCISCO","SAN FRANCISCO",-122.39997992000001,37.7932299
7081682,2015,2016-01-13,3801,2015-09-13,0123,2080,NORTH,7,5,7,3801,0,0,0,,0,3E12E,"GEARY BL","GOUGH ST",270.00,W,N,A,-,N,,,,,,,,,,N,2,0,1,2,A,-,11,21955,,F,G,B,D,A,H,-,C,A,0,Y,,,,Y,,N,60,1,0,0,0,1,0,0,0,0,"- ","- ",,,"SAN FRANCISCO","SAN FRANCISCO",-122.42561741,37.785349029999999
7081718,2015,2016-01-13,3801,2015-09-17,1218,1025,CENTR,4,5,7,3801,0,0,0,,0,3A15A,"MONTGOMERY ST","MONTGOMERY ST 41",0.00,,N,A,-,N,,,,,,,,,,N,3,0,1,2,A,-,11,21954,A,N,G,B,E,A,H,-,A,A,0,Y,,,,Y,,N,60,0,1,0,0,1,0,0,0,0,"- ","- ",,,"SAN FRANCISCO","SAN FRANCISCO",-122.40213364,37.789798320000003
7081959,2015,2016-01-13,3801,2015-09-24,2125,1836,3A00,4,5,7,3801,0,0,0,,0,03A,"STOCKTON ST","UNION ST",0.00,,Y,A,-,N,,,,,,,,,,N,3,0,1,2,A,-,10,21950,A,N,G,B,B,A,H,-,C,A,0,Y,,,,Y,,A,01,0,1,0,0,1,0,0,0,0,"- ","- ",,,"SAN FRANCISCO","SAN FRANCISCO",-122.40916989999999,37.800429950000002
7082466,2015,2015-10-17,3801,2015-09-08,1435,917,RICHM,2,5,7,3801,0,0,0,,0,4B3F,"ARGUELLO BL","SACRAMENTO ST",12.00,S,N,A,-,N,,,,,,,,,,N,3,0,1,2,A,-,10,21950,A,N,G,B,B,A,H,-,A,A,0,Y,,,,Y,,A,01,0,1,0,0,1,0,0,0,0,"- ","- ",,,"SAN FRANCISCO","SAN FRANCISCO",-122.45926827,37.786587060000002
7082477,2015,2015-10-15,3801,2015-09-08,1515,2122,TENDE,2,5,7,3801,0,0,0,,0,15-01,"MCALLISTER ST","JONES ST",0.00,,Y,A,-,N,,,,,,,,,,N,3,0,1,2,A,-,11,21954,A,N,G,B,E,A,H,-,A,A,0,Y,,,,Y,,N,60,0,1,0,0,1,0,0,0,0,"- ","- ",,,"SAN FRANCISCO","SAN FRANCISCO",-122.41202994,37.781129900000003
7082479,2015,2015-10-17,3801,2015-09-08,0725,1312,MISSI,2,5,7,3801,0,0,0,,0,,"17TH ST","TREAT ST",0.00,,Y,A,-,N,,,,,,,,,,N,3,0,1,2,A,-,11,21954,A,N,G,B,D,A,H,-,A,A,0,Y,,,,Y,,N,60,0,1,0,0,1,0,0,0,0,"- ","- ",,,"SAN FRANCISCO","SAN FRANCISCO",-122.41359991,37.763789959999997
7089762,2015,2015-10-10,3801,2015-09-25,1430,1597,NORTH,5,5,7,3801,0,0,0,,0,3E12C,"GOLDEN GATE AV","FRANKLIN ST",0.00,,Y,A,-,N,,,,,,,,,,N,4,0,1,2,A,-,10,21950,A,N,G,B,B,A,H,-,A,A,0,Y,,,,Y,,A,01,0,0,1,0,1,0,0,0,0,"- ","- ",,,"SAN FRANCISCO","SAN FRANCISCO",-122.4221,37.780819940000001
7089767,2015,2015-10-10,3801,2015-09-02,1759,1628,INGLE,3,5,7,3801,0,0,0,,0,3H13D,"LONDON ST","BRAZIL AV",0.00,,Y,A,-,N,,,,,,,,,,N,4,0,1,2,A,-,12,22450,A,F,G,B,B,A,H,-,B,A,0,Y,,,,Y,,A,07,0,0,1,0,1,0,0,0,0,"- ","- ",,,"SAN FRANCISCO","SAN FRANCISCO",-122.43401996,37.724319919999999
7089775,2015,2015-10-10,3801,2015-09-27,2012,995,INGLE,7,5,7,3801,0,0,0,,0,3H13D,"MISSION ST","HIGHLAND AV",0.00,,Y,B,-,N,,,,,,,,,,N,4,0,1,2,A,-,10,21950,A,F,-,B,B,A,H,-,C,A,0,Y,,,,Y,,A,01,0,0,1,0,1,0,0,0,0,"- ","- ",,,"SAN FRANCISCO","SAN FRANCISCO",-122.42403989,37.737359929999997
7089776,2015,2015-10-10,3801,2015-09-12,1400,1160,3G13D,6,5,7,3801,0,0,0,,0,901,"GEARY BL","PARK PRESIDIO BL",0.00,,Y,-,-,N,,,,,,,,,,N,2,0,1,2,D,-,00,,,N,G,B,B,-,-,-,-,-,0,Y,,,,Y,,-,"- ",1,0,0,0,1,0,0,0,0,"- ","- ",,,"SAN FRANCISCO","SAN FRANCISCO",-122.47233988000001,37.780719959999999
7089779,2015,2015-10-10,3801,2015-09-29,1738,4051,"SAN F",2,5,7,3801,0,0,0,,0,3E13D,"POLK ST","GEARY ST",0.00,,Y,B,-,N,,,,,,,,,,N,4,0,1,2,A,-,11,21950,B,N,B,B,B,A,H,-,A,A,0,Y,,,,Y,,N,60,0,0,1,0,1,0,0,0,0,"- ","- ",,,"SAN FRANCISCO","SAN FRANCISCO",-122.41973999,37.785899960000002
7089780,2015,2015-10-10,3801,2015-09-27,1827,2135,RICHM,7,5,7,3801,0,0,0,,0,3G13D,"CALIFORNIA ST","3RD ST",0.00,E,N,A,-,N,,,,,,,,,,N,2,0,1,2,A,-,10,21950,A,N,G,B,B,A,H,-,A,A,0,Y,,,,Y,,A,01,1,0,0,0,1,0,0,0,0,"- ","- ",,,"SAN FRANCISCO","SAN FRANCISCO",-122.46136997000001,37.785389889999998