CASE_ID,ACCIDENT_YEAR,PROC_DATE,JURIS,COLLISION_DATE,COLLISION_TIME,OFFICER_ID,REPORTING_DISTRICT,DAY_OF_WEEK,CHP_SHIFT,POPULATION,CNTY_CITY_LOC,SPECIAL_COND,BEAT_TYPE,CHP_BEAT_TYPE,CITY_DIVISION_LAPD,CHP_BEAT_CLASS,BEAT_NUMBER,PRIMARY_RD,SECONDARY_RD,DISTANCE,DIRECTION,INTERSECTION,WEATHER_1,WEATHER_2,STATE_HWY_IND,CALTRANS_COUNTY,CALTRANS_DISTRICT,STATE_ROUTE,ROUTE_SUFFIX,POSTMILE_PREFIX,POSTMILE,LOCATION_TYPE,RAMP_INTERSECTION,SIDE_OF_HWY,TOW_AWAY,COLLISION_SEVERITY,NUMBER_KILLED,NUMBER_INJURED,PARTY_COUNT,PRIMARY_COLL_FACTOR,PCF_CODE_OF_VIOL,PCF_VIOL_CATEGORY,PCF_VIOLATION,PCF_VIOL_SUBSECTION,HIT_AND_RUN,TYPE_OF_COLLISION,MVIW,PED_ACTION,ROAD_SURFACE,ROAD_COND_1,ROAD_COND_2,LIGHTING,CONTROL_DEVICE,CHP_ROAD_TYPE,PEDESTRIAN_ACCIDENT,BICYCLE_ACCIDENT,MOTORCYCLE_ACCIDENT,TRUCK_ACCIDENT,NOT_PRIVATE_PROPERTY,ALCOHOL_INVOLVED,STWD_VEHTYPE_AT_FAULT,CHP_VEHTYPE_AT_FAULT,COUNT_SEVERE_INJ,COUNT_VISIBLE_INJ,COUNT_COMPLAINT_PAIN,COUNT_PED_KILLED,COUNT_PED_INJURED,COUNT_BICYCLIST_KILLED,COUNT_BICYCLIST_INJURED,COUNT_MC_KILLED,COUNT_MC_INJURED,PRIMARY_RAMP,SECONDARY_RAMP,LATITUDE,LONGITUDE,COUNTY,CITY,POINT_X,POINT_Y
7089781,2015,2015-10-10,3801,2015-09-01,1653,1933,TARAV,2,5,7,3801,0,0,0,,0,3I15D,"EUCALYPTUS DR","19TH AV",0.00,,Y,A,-,N,,,,,,,,,,N,3,0,1,2,A,-,10,21950,A,N,G,B,B,A,H,-,A,A,0,Y,,,,Y,,A,01,0,1,0,0,1,0,0,0,0,"- ","- ",,,"SAN FRANCISCO","SAN FRANCISCO",-122.47486994,37.731079889999997
7089787,2015,2015-10-10,3801,2015-09-30,0020,1613,NORTH,3,5,7,3801,0,0,0,,0,3E12E,"FILLMORE ST","OFARRELL ST",61.00,S,N,A,-,N,,,,,,,,,,N,4,0,1,2,A,-,10,21950,A,F,G,B,D,A,H,-,C,D,0,Y,,,,Y,Y,-,99,0,0,1,0,1,0,0,0,0,"- ","- ",,,"SAN FRANCISCO","SAN FRANCISCO",-122.43267539999999,37.783114689999998
7089788,2015,2016-07-19,3801,2015-09-26,0343,1671,NORTH,6,5,7,3801,0,0,0,,0,3E12E,"OAK ST","GOUGH ST",0.00,,Y,A,-,N,,,,,,,,,,N,3,0,1,2,D,-,00,,,M,H,B,B,A,H,-,C,A,0,Y,,,,Y,,-,"- ",0,1,0,0,1,0,0,0,0,"- ","- ",,,"SAN FRANCISCO","SAN FRANCISCO",-122.42258986,37.775019950000001
7089789,2015,2017-01-11,3801,2015-09-03,1940,4051,NORTH,4,5,7,3801,0,0,0,,0,3E13D,"VAN NESS AV","GOLDEN GATE AV",6.00,S,N,A,-,Y,SF,4,101,-,-,5.260,I,5,N,,4,0,1,2,A,-,11,21950,B,N,D,C,B,A,H,-,C,A,0,Y,,,,Y,,N,60,0,0,1,0,1,0,0,0,0,"- ","- ",,,"SAN FRANCISCO","SAN FRANCISCO",-122.42037136,37.781044110000003
7089791,2015,2015-10-10,3801,2015-09-13,2245,2035,TARAV,7,5,7,3801,0,0,0,,0,3I16D,"SAN JOSE AV","RICE ST",0.00,,Y,A,B,N,,,,,,,,,,N,2,0,1,2,A,-,10,21950,A,F,G,B,B,A,H,-,C,D,0,Y,,,,Y,,-,99,1,0,0,0,1,0,0,0,0,"- ","- ",,,"SAN FRANCISCO","SAN FRANCISCO",-122.4582599,37.708989930000001
7089795,2015,2015-10-10,3801,2015-09-13,1144,1316,TENDE,7,5,7,3801,0,0,0,,0,3J52C,"MARKET ST","5TH ST",6.00,W,N,A,-,N,,,,,,,,,,N,4,0,2,2,A,-,11,21456,B,N,G,B,B,A,H,-,A,A,0,Y,Y,,,Y,,N,60,0,0,2,0,1,0,1,0,0,"- ","- ",,,"SAN FRANCISCO","SAN FRANCISCO",-122.40807454,37.783988229999999
7089796,2015,2015-10-21,3801,2015-09-26,1548,1626,NORTH,6,5,7,3801,0,0,0,,0,,"CHESTNUT ST","BUCHANAN ST",3.00,E,N,A,-,N,,,,,,,,,,N,4,0,1,2,A,-,10,21950,A,N,G,B,B,A,H,-,A,A,0,Y,,,,Y,,-,,0,0,1,0,1,0,0,0,0,"- ","- ",,,"SAN FRANCISCO","SAN FRANCISCO",-122.43294978,37.801231459999997
7089799,2015,2015-10-10,3801,2015-09-03,1848,1420,TARAV,4,5,7,3801,0,0,0,,0,4B3A,"WINSTON DR","20TH AV",12.00,W,N,A,-,N,,,,,,,,,,N,4,0,5,6,A,-,03,22350,,N,G,B,F,A,H,-,A,A,0,Y,,,,Y,,A,01,0,0,5,0,5,0,0,0,0,"- ","- ",,,"SAN FRANCISCO","SAN FRANCISCO",-122.47606145,37.726951700000001
7089800,2015,2017-01-11,3801,2015-09-25,2240,1574,NORTH,5,5,7,3801,0,0,0,,0,3E13E,"VAN NESS AV","BUSH ST",0.00,,Y,A,-,Y,SF,4,101,-,-,5.800,I,5,S,N,4,0,2,2,A,-,11,21453,D,N,G,B,B,A,H,-,C,A,0,Y,,Y,,Y,,N,60,0,0,2,0,1,0,0,0,1,"- ","- ",,,"SAN FRANCISCO","SAN FRANCISCO",-122.42206281,37.788482389999999
7089805,2015,2015-10-10,3801,2015-09-28,1310,1580,CENTR,1,5,7,3801,0,0,0,,0,3A13C,"KEARNY ST","JACKSON ST",0.00,,Y,A,-,N,,,,,,,,,,N,4,0,1,2,A,-,10,21950,A,N,G,B,B,A,H,-,A,A,0,Y,,,,Y,,A,01,0,0,1,0,1,0,0,0,0,"- ","- ",,,"SAN FRANCISCO","SAN FRANCISCO",-122.40513987,37.796219909999998
7089806,2015,2015-10-10,3801,2015-09-05,1310,1688,CENTR,6,5,7,3801,0,0,0,,0,3A15C,"HYDE ST","PACIFIC AV",0.00,,Y,A,-,N,,,,,,,,,,N,4,0,1,2,A,-,10,21950,A,F,G,B,B,A,H,-,A,A,0,Y,,,,Y,,D,22,0,0,1,0,1,0,0,0,0,"- ","- ",,,"SAN FRANCISCO","SAN FRANCISCO",-122.41830993000001,37.795459889999997
7089810,2015,2015-10-10,3801,2015-09-05,1001,2316,SOUTH,6,5,7,3801,0,0,0,,0,0B1,"EMBARCADERO SOUTH","FOLSOM ST",0.00,,Y,A,-,N,,,,,,,,,,N,2,0,1,2,A,-,10,21950,A,N,G,B,B,A,H,-,A,A,0,Y,,,,Y,Y,A,08,1,0,0,0,1,0,0,0,0,"- ","- ",,,"SAN FRANCISCO","SAN FRANCISCO",-122.38993049,37.790920319999998
7089817,2015,2015-10-16,3801,2015-09-23,1126,1161,INGLE,3,5,7,3801,0,0,0,,0,,"SAN JOSE AV","RANDALL ST",0.00,,Y,A,-,N,,,,,,,,,,N,3,0,1,2,A,-,10,21950,A,N,G,B,B,A,H,-,A,A,0,Y,,,,Y,,A,01,0,1,0,0,1,0,0,0,0,"- ","- ",,,"SAN FRANCISCO","SAN FRANCISCO",-122.42425994,37.73985991
7089838,2015,2015-10-10,3801,2015-09-03,1812,1925,NORTH,4,5,7,3801,0,0,0,,0,3E12C,"FULTON ST","PIERCE ST",6.00,W,N,A,-,N,,,,,,,,,,N,3,0,1,2,A,-,10,21950,A,N,G,B,B,A,H,-,A,D,0,Y,,,,Y,,A,01,0,1,0,0,1,0,0,0,0,"- ","- ",,,"SAN FRANCISCO","SAN FRANCISCO",-122.43490048,37.777287250000001
7094174,2015,2015-11-20,3801,2015-10-07,1218,1043,,3,5,7,3801,0,0,0,,0,4B102,"GOLDEN GATE AV","LEAVENWORTH ST",14.00,N,N,A,-,N,,,,,,,,,,N,3,0,1,2,A,-,10,21950,A,N,G,B,B,A,H,-,A,A,0,Y,,,,Y,,I,11,0,1,0,0,1,0,0,0,0,"- ","- ",,,"SAN FRANCISCO","SAN FRANCISCO",-122.41381217,37.781876160000003
7094178,2015,2015-11-20,3801,2015-09-27,0049,2287,,7,5,7,3801,0,0,0,,0,3B60,"FREMONT ST","HOWARD RD",205.00,S,N,A,-,N,,,,,,,,,,Y,2,0,1,2,A,-,11,21950,B,N,G,B,D,A,H,-,C,D,0,Y,,,,Y,Y,N,60,1,0,0,0,1,0,0,0,0,"- ","- ",,,"SAN FRANCISCO","SAN FRANCISCO",-122.39463001999999,37.788838419999998
7094243,2015,2016-01-20,3801,2015-11-16,1000,518,INGLE,1,5,7,3801,0,0,0,,0,4B6H,"SANCHEZ ST","DUNCAN ST",0.00,,Y,A,-,N,,,,,,,,,,N,3,0,1,2,A,-,10,21950,A,N,G,B,B,A,H,-,A,D,0,Y,,,Y,Y,,F,27,0,1,0,0,1,0,0,0,0,"- ","- ",,,"SAN FRANCISCO","SAN FRANCISCO",-122.42908993,37.745959970000001
7094259,2015,2016-01-26,3801,2015-12-29,1518,1622,CENTR,2,5,7,3801,0,0,0,,0,3A15C,"MARKET ST","KEARNY ST",138.00,E,N,A,-,N,,,,,,,,,,N,3,0,1,2,A,-,11,21950,B,N,G,B,D,A,H,-,A,A,0,Y,,,,Y,,N,60,0,1,0,0,1,0,0,0,0,"- ","- ",,,"SAN FRANCISCO","SAN FRANCISCO",-122.40311281,37.787920389999996
7094283,2015,2016-02-02,3801,2015-12-13,0820,1540,PARK,7,5,7,3801,0,0,0,,0,3F11A,"DUBOCE AV","STEINER ST",0.00,,Y,C,-,N,,,,,,,,,,N,4,0,1,2,A,-,11,21954,A,N,G,B,D,B,H,-,A,A,0,Y,,,,Y,,N,60,0,0,1,0,1,0,0,0,0,"- ","- ",,,"SAN FRANCISCO","SAN FRANCISCO",-122.43157992,37.76931999
7094295,2015,2016-02-01,3801,2015-12-22,2015,001375,TARAV,2,5,7,3801,0,0,0,,0,11D,"ORTEGA ST","18TH AV",0.00,,Y,B,-,N,,,,,,,,,,N,4,0,1,2,A,-,10,21950,A,N,G,B,B,B,H,-,C,A,0,Y,,,,Y,,I,10,0,0,1,0,1,0,0,0,0,"- ","- ",,,"SAN FRANCISCO","SAN FRANCISCO",-122.47528,37.752399939999997
7100006,2015,2015-10-12,3801,2015-09-07,2258,004304,NORTH,1,5,7,3801,0,0,0,,0,3E11E,"LAGUNA ST","HAYES ST",6.00,N,N,A,-,N,,,,,,,,,,N,3,0,1,2,A,-,10,21950,A,F,G,B,B,A,H,-,C,A,0,Y,,,,Y,Y,A,01,0,1,0,0,1,0,0,0,0,"- ","- ",,,"SAN FRANCISCO","SAN FRANCISCO",-122.42626353,37.776486239999997
7100010,2015,2015-10-12,3801,2015-09-05,0950,1530,CENTR,6,5,7,3801,0,0,0,,0,3A12A,"GRANT ST","SUTTER ST",0.00,,Y,A,-,N,,,,,,,,,,N,4,0,1,2,A,-,10,21950,A,N,G,B,B,A,H,-,A,A,0,Y,,,,Y,,A,01,0,0,1,0,1,0,0,0,0,"- ","- ",,,"SAN FRANCISCO","SAN FRANCISCO",-122.40538989,37.789639919999999
7100016,2015,2015-10-12,3801,2015-09-08,1154,001359,COH,2,5,7,3801,0,0,0,,0,3H90,"BOSWORTH ST","DIAMOND ST",4.00,E,N,A,-,N,,,,,,,,,,N,4,0,1,2,A,-,11,21453,D,N,G,B,B,A,H,-,A,A,0,Y,,,,Y,,N,60,0,0,1,0,1,0,0,0,0,"- ","- ",,,"SAN FRANCISCO","SAN FRANCISCO",-122.43411651,37.73355755
7100020,2015,2015-10-12,3801,2015-09-08,1245,1759,INGLE,2,5,7,3801,0,0,0,,0,3H16C,"CASTLE MANOR AV","MISSION ST",24.00,S,N,A,-,N,,,,,,,,,,N,4,0,1,2,A,-,11,21954,A,F,G,B,D,A,H,-,A,D,0,Y,,,,Y,,N,,0,0,1,0,1,0,0,0,0,"- ","- ",,,"SAN FRANCISCO","SAN FRANCISCO",-122.4308,37.729239999999997
7100021,2015,2015-10-12,3801,2015-09-02,1425,004175,4B8H,3,5,7,3801,0,0,0,,0,MISSIO,"MISSION ST","18TH ST",195.00,S,N,A,-,N,,,,,,,,,,,4,0,1,2,A,-,11,21954,A,N,G,B,D,A,H,-,A,D,0,Y,,,,Y,,N,60,0,0,1,0,1,0,0,0,0,"- ","- ",,,"SAN FRANCISCO","SAN FRANCISCO",-122.41932190999999,37.761305669999999
7100022,2015,2015-10-12,3801,2015-09-06,1930,000751,CENTR,7,5,7,3801,0,0,0,,0,3A13D,"JONES ST","BAY ST",15.00,N,N,A,-,N,,,,,,,,,,N,4,0,1,2,A,-,11,21955,,N,G,B,D,A,H,-,C,A,0,Y,,,,Y,,N,60,0,0,1,0,1,0,0,0,0,"- ","- ",,,"SAN FRANCISCO","SAN FRANCISCO",-122.41690776,37.805260740000001
7100030,2015,2015-10-12,3801,2015-09-03,1445,001968,TENDE,4,5,7,3801,0,0,0,,0,3J5A,"EDDY ST","HYDE ST",60.00,E,N,A,-,N,,,,,,,,,,N,4,0,1,2,A,-,21,22106,,N,G,B,F,A,H,-,A,D,0,Y,,,,Y,,A,01,0,0,1,0,1,0,0,0,0,"- ","- ",,,"SAN FRANCISCO","SAN FRANCISCO",-122.41568519,37.78353731
7100033,2015,2015-10-12,3801,2015-09-03,0726,1398,NORTH,4,5,7,3801,0,0,0,,0,4B5E,"PACIFIC AV","PIERCE ST",0.00,,Y,A,-,N,,,,,,,,,,N,3,0,1,2,A,-,10,21950,A,N,G,B,B,A,H,-,A,A,0,Y,,,,Y,,I,11,0,1,0,0,1,0,0,0,0,"- ","- ",,,"SAN FRANCISCO","SAN FRANCISCO",-122.43800989,37.792929909999998
7100035,2015,2015-10-12,3801,2015-09-11,0225,1630,SOUTH,5,5,7,3801,0,0,0,,0,3B90,"GOUGH ST","LILY ST",0.00,,Y,A,-,N,,,,,,,,,,N,3,0,1,2,A,-,10,21950,A,F,G,B,B,A,H,-,C,D,0,Y,,,,Y,Y,A,01,0,1,0,0,1,0,0,0,0,"- ","- ",,,"SAN FRANCISCO","SAN FRANCISCO",-122.42249999000001,37.774539920000002
7100037,2015,2015-10-19,3801,2015-09-09,0820,97,PARK,3,5,7,3801,0,0,0,,0,3F11A,"HUGO ST","3RD AV",0.00,,Y,A,-,N,,,,,,,,,,,4,0,1,2,A,-,10,21950,A,N,G,B,B,A,H,-,A,A,0,Y,,,,Y,,A,01,0,0,1,0,1,0,0,0,0,"- ","- ",,,"SAN FRANCISCO","SAN FRANCISCO",-122.45995992,37.765239909999998
7100039,2015,2015-10-12,3801,2015-09-10,1828,001431,INGLE,4,5,7,3801,0,0,0,,0,3H15D,"MISSION ST","GENEVA AV",0.00,,Y,A,-,N,,,,,,,,,,N,3,0,1,2,A,-,10,21950,A,N,G,B,B,A,H,-,A,A,0,Y,,,,Y,,A,08,0,1,0,0,1,0,0,0,0,"- ","- ",,,"SAN FRANCISCO","SAN FRANCISCO",-122.44099993,37.716389980000002
7100052,2015,2015-10-09,3801,2015-09-11,1435,1013,CENTR,5,5,7,3801,0,0,0,,0,3A14A,"WASHINGTON ST","WASHINGTON ST 442",0.00,,-,A,-,N,,,,,,,,,,N,3,0,1,2,A,-,11,21954,A,N,G,B,E,A,H,-,A,A,0,Y,,,,Y,,N,60,0,1,0,0,1,0,0,0,0,"- ","- ",,,"SAN FRANCISCO","SAN FRANCISCO",-122.40128964,37.795769149999998
7100056,2015,2016-07-20,3801,2015-09-04,1513,1420,TARAV,5,5,7,3801,0,0,0,,0,1513,"GREAT HWY","SLOAT BL",318.00,S,N,G,-,N,,,,,,,,,,N,2,0,1,2,C,-,18,,,N,G,B,D,A,H,-,A,D,0,Y,,,,Y,,-,"- ",1,0,0,0,1,0,0,0,0,"- ","- ",,,"SAN FRANCISCO","SAN FRANCISCO",-122.50684819,37.734677470000001
7100058,2015,2015-10-16,3801,2015-09-16,2136,4084,TARAV,3,5,7,3801,0,0,0,,0,4B81,"MINERVA ST","CAPITOL ST",269.00,W,N,B,-,N,,,,,,,,,,N,3,0,1,2,A,-,11,21954,A,N,D,B,D,B,H,-,C,A,0,Y,,,,Y,Y,N,60,0,1,0,0,1,0,0,0,0,"- ","- ",,,"SAN FRANCISCO","SAN FRANCISCO",-122.45999026,37.715746750000001
7100060,2015,2015-10-09,3801,2015-09-03,0927,004119,BAYVI,4,5,7,3801,0,0,0,,0,4B5C,"20TH ST","PENNSYLVANIA ST",22.00,E,N,A,-,N,,,,,,,,,,N,4,0,1,2,A,-,10,21950,A,N,G,B,B,A,H,-,A,D,0,Y,,,,Y,,A,01,0,0,1,0,1,0,0,0,0,"- ","- ",,,"SAN FRANCISCO","SAN FRANCISCO",-122.39329395,37.760212670000001
7100062,2015,2015-10-09,3801,2015-09-21,0150,1881,MISSI,1,5,7,3801,0,0,0,,0,3D117,"18TH ST","CASTRO ST",5.00,E,N,A,-,N,,,,,,,,,,N,3,0,1,2,A,-,10,21950,A,N,G,B,B,A,H,-,C,A,0,Y,,,,Y,Y,A,01,0,1,0,0,1,0,0,0,0,"- ","- ",,,"SAN FRANCISCO","SAN FRANCISCO",-122.43498274,37.760890920000001
7100245,2015,2015-10-12,3801,2015-09-05,1720,1967,CENTR,6,5,7,3801,0,0,0,,0,3A15D,"SUTTER ST","HYDE ST",0.00,,Y,A,-,N,,,,,,,,,,N,4,0,1,2,A,-,10,21950,A,N,G,B,B,A,H,-,A,A,0,Y,,,,Y,,A,01,0,0,1,0,1,0,0,0,0,"- ","- ",,,"SAN FRANCISCO","SAN FRANCISCO",-122.41680986999999,37.788179980000002
7100259,2015,2016-07-19,3801,2015-09-23,0743,1900,TARAV,3,5,7,3801,0,0,0,,0,3I13A,"RIVERA ST","43RD AV",4.00,W,N,A,F,N,,,,,,,,,,N,3,0,2,3,A,-,11,21950,B,N,G,B,B,A,H,-,A,D,0,Y,,,,Y,,N,60,0,2,0,0,2,0,0,0,0,"- ","- ",,,"SAN FRANCISCO","SAN FRANCISCO",-122.50172382,37.745649460000003
7100267,2015,2015-10-12,3801,2015-09-13,2203,1696,CENTR,7,5,7,3801,0,0,0,,0,3A13E,"NORTH POINT ST","LARKIN ST",0.00,,Y,A,-,N,,,,,,,,,,N,4,0,2,3,A,-,10,21950,A,N,G,B,B,A,H,-,C,A,0,Y,,,,Y,,A,01,0,0,2,0,2,0,0,0,0,"- ","- ",,,"SAN FRANCISCO","SAN FRANCISCO",-122.42199995999999,37.805509970000003
7100273,2015,2015-10-12,3801,2015-09-22,1650,1967,COA,2,5,7,3801,0,0,0,,0,3A12D,"SHANNON ST","GEARY ST",0.00,,Y,A,-,N,,,,,,,,,,N,4,0,1,2,A,-,05,21650,1,N,D,G,-,A,H,-,A,D,0,Y,Y,,,Y,,L,04,0,0,1,0,1,0,0,0,0,"- ","- ",,,"SAN FRANCISCO","SAN FRANCISCO",-122.41232989,37.7868499
7100274,2015,2015-10-12,3801,2015-09-05,1742,1994,TARAV,6,5,7,3801,0,0,0,,0,4B4B,"TARAVAL ST","29TH AV",38.00,W,N,A,-,N,,,,,,,,,,N,3,0,1,2,A,-,11,21954,A,N,G,B,D,A,H,-,A,D,0,Y,,,,Y,,N,60,0,1,0,0,1,0,0,0,0,"- ","- ",,,"SAN FRANCISCO","SAN FRANCISCO",-122.48654113000001,37.742582650000003
7100277,2015,2015-10-12,3801,2015-09-09,0745,4060,PARK,3,5,7,3801,0,0,0,,0,3F12A,"14TH ST","CASTRO ST",12.00,S,N,A,-,N,,,,,,,,,,N,4,0,1,2,A,-,10,21950,A,N,G,B,B,A,H,-,B,A,0,Y,,,,Y,,A,01,0,0,1,0,1,0,0,0,0,"- ","- ",,,"SAN FRANCISCO","SAN FRANCISCO",-122.43562,37.767330000000001
7100281,2015,2015-10-08,3801,2015-09-23,1542,8,TARAV,3,5,7,3801,0,0,0,,0,3I44,"19TH AV","ULLOA ST",0.00,,Y,A,-,N,,,,,,,,,,N,3,0,1,2,A,-,12,21453,A,N,G,B,B,A,H,-,A,A,0,Y,,,,Y,,A,01,0,1,0,0,1,0,0,0,0,"- ","- ",,,"SAN FRANCISCO","SAN FRANCISCO",-122.47556998,37.741189939999998
7100283,2015,2015-10-08,3801,2015-09-24,1800,004319,MISSI,4,5,7,3801,0,0,0,,0,901,"MARKET ST","RESERVOIR ST",75.00,S,N,A,-,N,,,,,,,,,,N,4,0,1,2,A,-,11,21955,,N,G,B,D,A,H,-,A,D,0,Y,,,,Y,,N,60,0,0,1,0,1,0,0,0,0,"- ","- ",,,"SAN FRANCISCO","SAN FRANCISCO",-122.42780678,37.768506940000002
7100284,2015,2015-10-09,3801,2015-09-15,0942,2065,NORTH,2,5,7,3801,0,0,0,,0,3E13A,"GROVE ST","GOUGH ST",0.00,,Y,A,-,N,,,,,,,,,,N,3,0,1,2,A,-,10,21950,A,N,G,B,B,A,H,-,A,-,0,Y,,,,Y,,A,01,0,1,0,0,1,0,0,0,0,"- ","- ",,,"SAN FRANCISCO","SAN FRANCISCO",-122.42316,37.777809920000003
7100289,2015,2015-10-08,3801,2015-09-18,1615,71,SOUTH,5,5,7,3801,0,0,0,,0,901,"4TH ST","SHIPLEY ST",0.00,,Y,A,-,N,,,,,,,,,,N,4,0,1,2,A,-,10,21950,A,N,G,B,B,A,-,-,A,D,0,Y,,,,Y,,A,01,0,0,1,0,1,0,0,0,0,"- ","- ",,,"SAN FRANCISCO","SAN FRANCISCO",-122.40063996000001,37.781589889999999
7100301,2015,2015-10-08,3801,2015-09-23,0537,1973,NORTH,3,5,7,3801,0,0,0,,0,003,"POLK ST","GOLDEN GATE AV",12.00,N,N,A,-,N,,,,,,,,,,N,3,0,1,2,A,-,10,21950,A,N,G,B,B,A,H,-,C,A,0,Y,,,,Y,,A,01,0,1,0,0,1,0,0,0,0,"- ","- ",,,"SAN FRANCISCO","SAN FRANCISCO",-122.41880758000001,37.781262409999997
7100302,2015,2015-10-08,3801,2015-09-19,1016,1025,CENTR,6,5,7,3801,0,0,0,,0,3A12C,"STOCKTON ST","SACRAMENTO ST",117.00,N,N,A,-,N,,,,,,,,,,N,4,0,1,2,A,-,11,21955,,N,G,B,D,A,H,-,A,A,0,Y,,,,Y,,N,60,0,0,1,0,1,0,0,0,0,"- ","- ",,,"SAN FRANCISCO","SAN FRANCISCO",-122.40775789,37.793508109999998
7100306,2015,2015-10-08,3801,2015-09-17,1756,1784,MISSI,4,5,7,3801,0,0,0,,0,901,"ALAMEDA ST","HARRISON ST",0.00,,Y,A,-,N,,,,,,,,,,N,3,0,1,2,A,-,12,22450,A,N,G,B,B,A,H,-,A,A,0,Y,,,,Y,,A,01,0,1,0,0,1,0,0,0,0,"- ","- ",,,"SAN FRANCISCO","SAN FRANCISCO",-122.41337998,37.768049900000001
7100310,2015,2015-10-08,3801,2015-09-18,1808,002206,,5,5,7,3801,0,0,0,,0,COG,"CLEMENT ST","FUNSTON AV",0.00,,Y,A,-,N,,,,,,,,,,N,4,0,1,2,A,-,10,21950,A,N,G,B,B,A,H,-,A,D,0,Y,,,,Y,,A,01,0,0,1,0,1,0,0,0,0,"- ","- ",,,"SAN FRANCISCO","SAN FRANCISCO",-122.47191986,37.782589969999997
7100312,2015,2015-10-08,3801,2015-09-15,1000,000908,3A,2,5,7,3801,0,0,0,,0,005,"1ST ST","JESSIE ST",20.00,S,N,B,-,N,,,,,,,,,,N,3,0,2,2,A,-,11,21954,A,N,G,B,D,A,H,-,A,D,0,Y,,Y,,Y,,N,60,0,1,1,0,1,0,0,0,1,"- ","- ",,,"SAN FRANCISCO","SAN FRANCISCO",-122.39813854000001,37.790223240000003
7100315,2015,2015-10-08,3801,2015-09-19,0535,1574,NORTH,6,5,7,3801,0,0,0,,0,3E13E,"FRANKLIN ST","STARR KING ST",20.00,N,N,A,-,N,,,,,,,,,,N,2,0,1,2,A,-,11,21453,D,N,D,B,B,A,H,-,C,A,0,Y,,,,Y,,N,60,1,0,0,0,1,0,0,0,0,"- ","- ",,,"SAN FRANCISCO","SAN FRANCISCO",-122.42285103,37.784611349999999
7100318,2015,2015-10-08,3801,2015-09-21,0750,002223,TARAV,1,5,7,3801,0,0,0,,0,3I15A,"CRESPI DR","19TH AV",0.00,,Y,A,-,N,,,,,,,,,,N,4,0,1,2,A,-,10,21950,A,N,G,B,B,A,H,-,A,A,0,Y,,,,Y,,A,01,0,0,1,0,1,0,0,0,0,"- ","- ",,,"SAN FRANCISCO","SAN FRANCISCO",-122.47536995999999,37.720279939999998
7101055,2015,2016-01-14,3801,2015-11-01,0930,001737,INGLE,7,5,7,3801,0,0,0,,0,3H11A,"30TH ST","HARPER ST",57.00,E,N,A,-,N,,,,,,,,,,N,3,0,1,2,A,-,11,21955,,N,G,B,D,A,H,-,A,D,0,Y,,,,Y,,N,60,0,1,0,0,1,0,0,0,0,"- ","- ",,,"SAN FRANCISCO","SAN FRANCISCO",-122.42973333,37.741891350000003
7101061,2015,2016-01-11,3801,2015-11-04,1648,001994,SOUTH,3,5,7,3801,0,0,0,,0,4B3B,"SHIPLEY ST","6TH ST",6.00,E,N,A,-,N,,,,,,,,,,N,4,0,1,2,A,-,11,21950,B,N,D,B,B,A,H,-,C,D,0,Y,,,,Y,Y,N,60,0,0,1,0,1,0,0,0,0,"- ","- ",,,"SAN FRANCISCO","SAN FRANCISCO",-122.40503548,37.778071789999998
7101070,2015,2016-01-14,3801,2015-11-21,1101,510,COA,6,5,7,3801,0,0,0,,0,3A11A`,"SUTTER ST","TAYLOR ST",0.00,,Y,A,-,N,,,,,,,,,,N,3,0,1,2,A,-,17,21451,A,N,G,B,B,A,H,-,A,A,0,Y,,,,Y,,-,,0,1,0,0,1,0,0,0,0,"- ","- ",,,"SAN FRANCISCO","SAN FRANCISCO",-122.41187988999999,37.788809980000003
7101075,2015,2016-01-14,3801,2015-11-04,0020,001660,COB,3,5,7,3801,0,0,0,,0,3B12E,"6TH ST","MINNA ST",0.00,,Y,A,-,N,,,,,,,,,,N,2,0,1,2,A,-,11,21954,A,F,G,B,E,A,H,-,C,A,0,Y,,,,Y,Y,N,60,1,0,0,0,1,0,0,0,0,"- ","- ",,,"SAN FRANCISCO","SAN FRANCISCO",-122.40812986,37.78054994
7101123,2015,2016-01-08,3801,2015-11-16,1641,433,MISSI,1,5,7,3801,0,0,0,,0,3D11D,"POTRERO AV","19TH ST",0.00,,Y,A,-,N,,,,,,,,,,Y,4,0,1,2,A,-,10,21950,A,F,G,B,B,A,H,-,A,A,0,Y,,,,Y,,A,07,0,0,1,0,1,0,0,0,0,"- ","- ",,,"SAN FRANCISCO","SAN FRANCISCO",-122.40708986,37.760669970000002
7101126,2015,2016-01-08,3801,2015-11-19,1720,000358,,4,5,7,3801,0,0,0,,0,,"16TH ST","POTRERO AV",166.00,W,N,A,-,N,,,,,,,,,,N,4,0,1,2,A,-,11,21955,,N,D,B,D,A,H,-,C,D,0,Y,,,,Y,,N,60,0,0,1,0,1,0,0,0,0,"- ","- ",,,"SAN FRANCISCO","SAN FRANCISCO",-122.4081324,37.765731469999999
7101127,2015,2016-08-10,3801,2015-11-15,1952,2128,MISSI,7,5,7,3801,0,0,0,,0,3D74,"FOLSOM ST","14TH ST",0.00,,Y,A,-,N,,,,,,,,,,N,4,0,1,2,A,-,10,21950,A,F,G,B,B,A,H,-,A,A,0,Y,,,,Y,,-,,0,0,1,0,1,0,0,0,0,"- ","- ",,,"SAN FRANCISCO","SAN FRANCISCO",-122.41560994,37.76853998
7101128,2015,2016-01-08,3801,2015-11-17,1836,2138,RICHM,2,5,7,3801,0,0,0,,0,3G13D,"ARGUELLO BL","BALBOA ST",0.00,,Y,A,-,N,,,,,,,,,,N,3,0,1,2,A,-,11,21453,D,N,G,B,B,A,H,-,C,A,0,Y,,,,Y,,N,60,0,1,0,0,1,0,0,0,0,"- ","- ",,,"SAN FRANCISCO","SAN FRANCISCO",-122.45858998,37.777249949999998