CASE_ID,ACCIDENT_YEAR,PROC_DATE,JURIS,COLLISION_DATE,COLLISION_TIME,OFFICER_ID,REPORTING_DISTRICT,DAY_OF_WEEK,CHP_SHIFT,POPULATION,CNTY_CITY_LOC,SPECIAL_COND,BEAT_TYPE,CHP_BEAT_TYPE,CITY_DIVISION_LAPD,CHP_BEAT_CLASS,BEAT_NUMBER,PRIMARY_RD,SECONDARY_RD,DISTANCE,DIRECTION,INTERSECTION,WEATHER_1,WEATHER_2,STATE_HWY_IND,CALTRANS_COUNTY,CALTRANS_DISTRICT,STATE_ROUTE,ROUTE_SUFFIX,POSTMILE_PREFIX,POSTMILE,LOCATION_TYPE,RAMP_INTERSECTION,SIDE_OF_HWY,TOW_AWAY,COLLISION_SEVERITY,NUMBER_KILLED,NUMBER_INJURED,PARTY_COUNT,PRIMARY_COLL_FACTOR,PCF_CODE_OF_VIOL,PCF_VIOL_CATEGORY,PCF_VIOLATION,PCF_VIOL_SUBSECTION,HIT_AND_RUN,TYPE_OF_COLLISION,MVIW,PED_ACTION,ROAD_SURFACE,ROAD_COND_1,ROAD_COND_2,LIGHTING,CONTROL_DEVICE,CHP_ROAD_TYPE,PEDESTRIAN_ACCIDENT,BICYCLE_ACCIDENT,MOTORCYCLE_ACCIDENT,TRUCK_ACCIDENT,NOT_PRIVATE_PROPERTY,ALCOHOL_INVOLVED,STWD_VEHTYPE_AT_FAULT,CHP_VEHTYPE_AT_FAULT,COUNT_SEVERE_INJ,COUNT_VISIBLE_INJ,COUNT_COMPLAINT_PAIN,COUNT_PED_KILLED,COUNT_PED_INJURED,COUNT_BICYCLIST_KILLED,COUNT_BICYCLIST_INJURED,COUNT_MC_KILLED,COUNT_MC_INJURED,PRIMARY_RAMP,SECONDARY_RAMP,LATITUDE,LONGITUDE,COUNTY,CITY,POINT_X,POINT_Y
7101130,2015,2016-01-08,3801,2015-11-18,0752,1601,,3,5,7,3801,0,0,0,,0,3H16A,"YERBA BUENA AV","PLYMOUTH AV",0.00,,Y,A,-,N,,,,,,,,,,N,4,0,1,2,A,-,10,21950,A,N,G,B,B,A,H,-,A,A,0,Y,,,,Y,,A,01,0,0,1,0,1,0,0,0,0,"- ","- ",,,"SAN FRANCISCO","SAN FRANCISCO",-122.45862998,37.732549910000003
7101134,2015,2016-01-08,3801,2015-11-16,0940,289,,1,5,7,3801,0,0,0,,0,3E3A,"GOUGH ST","GROVE ST",0.00,,Y,A,-,N,,,,,,,,,,N,3,0,1,2,A,-,10,21950,A,N,G,B,B,A,H,-,A,A,0,Y,,,,Y,,-,,0,1,0,0,1,0,0,0,0,"- ","- ",,,"SAN FRANCISCO","SAN FRANCISCO",-122.42316,37.777809920000003
7101136,2015,2016-01-08,3801,2015-11-18,0751,1223,BAYVI,3,5,7,3801,0,0,0,,0,004,"SAN BRUNO AV","SILVER AV",50.00,S,N,A,-,N,,,,,,,,,,N,4,0,1,2,A,-,11,21955,,N,G,B,D,A,H,-,A,D,0,Y,,,,Y,,N,60,0,0,1,0,1,0,0,0,0,"- ","- ",,,"SAN FRANCISCO","SAN FRANCISCO",-122.40556624,37.732319449999999
7101138,2015,2016-01-08,3801,2015-11-19,1828,004319,,4,5,7,3801,0,0,0,,0,901,"GUERRERO ST","16TH ST",0.00,,Y,A,-,N,,,,,,,,,,N,4,0,1,2,A,-,10,21950,A,N,G,B,B,A,H,-,C,A,0,Y,,,,Y,,A,01,0,0,1,0,1,0,0,0,0,"- ","- ",,,"SAN FRANCISCO","SAN FRANCISCO",-122.42409997,37.764779959999998
7101147,2015,2016-01-08,3801,2015-11-16,0933,001918,TARAV,1,5,7,3801,0,0,0,,0,3I16A,"IRVING ST","22ND AV",10.00,E,N,A,-,N,,,,,,,,,,N,4,0,1,2,A,-,10,21950,A,N,G,B,B,A,H,-,A,A,0,Y,,,,Y,,A,01,0,0,1,0,1,0,0,0,0,"- ","- ",,,"SAN FRANCISCO","SAN FRANCISCO",-122.48031545000001,37.763421610000002
7101148,2015,2016-01-08,3801,2015-11-17,1053,001000,TENDE,2,5,7,3801,0,0,0,,0,3J11A,"6TH ST","MARKET ST",0.00,,Y,A,-,N,,,,,,,,,,N,4,0,1,2,A,-,10,21950,A,F,G,B,B,A,H,-,A,A,0,Y,,,,Y,,-,,0,0,1,0,1,0,0,0,0,"- ","- ",,,"SAN FRANCISCO","SAN FRANCISCO",-122.41029991000001,37.78223989
7101151,2015,2016-01-08,3801,2015-11-17,1820,71,SOUTH,2,5,7,3801,0,0,0,,0,1CAR,"BEALE ST","HOWARD ST",0.00,,Y,A,-,N,,,,,,,,,,N,3,0,1,2,A,-,11,21461,,N,G,B,D,A,H,-,B,A,0,Y,,,,Y,,N,60,0,1,0,0,1,0,0,0,0,"- ","- ",,,"SAN FRANCISCO","SAN FRANCISCO",-122.39427986,37.789919939999997
7101159,2015,2016-01-08,3801,2015-10-29,1140,002047,RICHM,4,5,7,3801,0,0,0,,0,4D5A,"EUCLID AV","PARKER AV",11.00,E,N,A,-,N,,,,,,,,,,N,2,0,1,4,A,-,10,21950,A,N,G,B,B,A,H,-,A,A,0,Y,,,,Y,,A,01,1,0,0,0,1,0,0,0,0,"- ","- ",,,"SAN FRANCISCO","SAN FRANCISCO",-122.45459194999999,37.784001140000001
7101174,2015,2016-08-10,3801,2015-11-10,1930,1016,3E,2,5,7,3801,0,0,0,,0,,"FILLMORE ST",OFARRELL,0.00,,Y,A,-,N,,,,,,,,,,N,4,0,1,2,A,-,12,22450,A,N,G,B,B,A,H,-,C,A,0,Y,,,,Y,,-,,0,0,1,0,1,0,0,0,0,"- ","- ",,,"SAN FRANCISCO","SAN FRANCISCO",-122.43270986,37.783279950000001
7101205,2015,2016-01-08,3801,2015-11-13,1900,4158,COI,5,5,7,3801,0,0,0,,0,3I15D,"OCEAN AV","JUNIPERO SERRA BL",0.00,,Y,A,-,N,,,,,,,,,,N,4,0,1,2,A,-,10,21950,A,N,B,B,B,A,H,-,C,A,0,Y,,,,Y,,A,01,0,0,1,0,1,0,0,0,0,"- ","- ",,,"SAN FRANCISCO","SAN FRANCISCO",-122.47213992,37.731159890000001
7101206,2015,2016-01-11,3801,2015-11-06,2012,1567,,5,5,7,3801,0,0,0,,0,3J15E,"LEAVENWORTH ST","TURK ST",0.00,,Y,A,-,N,,,,,,,,,,N,4,0,1,2,A,-,10,21950,A,F,G,B,B,A,H,-,C,A,0,Y,,,,Y,,A,07,0,0,1,0,1,0,0,0,0,"- ","- ",,,"SAN FRANCISCO","SAN FRANCISCO",-122.41403986,37.782799910000001
7101211,2015,2016-01-11,3801,2015-11-03,0842,73,,2,5,7,3801,0,0,0,,0,4B5G,"GEARY BL","9TH AV",0.00,,Y,A,-,N,,,,,,,,,,,3,0,1,2,A,-,10,21950,A,N,G,B,B,A,H,-,A,A,0,Y,,,,Y,,A,01,0,1,0,0,1,0,0,0,0,"- ","- ",,,"SAN FRANCISCO","SAN FRANCISCO",-122.46750992,37.780939959999998
7101215,2015,2016-01-11,3801,2015-10-23,1907,000751,,5,5,7,3801,0,0,0,,0,3A13D,"JONES ST","JACKSON ST",4.00,S,N,B,-,N,,,,,,,,,,N,4,0,1,2,A,-,10,21950,A,N,G,B,B,A,H,-,C,D,0,Y,,,,Y,,A,01,0,0,1,0,1,0,0,0,0,"- ","- ",,,"SAN FRANCISCO","SAN FRANCISCO",-122.41481804999999,37.794989119999997
7101223,2015,2016-01-11,3801,2015-11-10,2055,002146,,2,5,7,3801,0,0,0,,0,,"DIVISION ST",CLAY,0.00,,Y,A,-,N,,,,,,,,,,N,2,0,1,2,A,-,10,21950,A,N,G,B,B,A,H,-,C,A,0,Y,,,,Y,,A,07,1,0,0,0,1,0,0,0,0,"- ","- ",,,"SAN FRANCISCO","SAN FRANCISCO",-122.4408263,37.789860500000003
7101227,2015,2016-01-11,3801,2015-11-07,0920,1053,,6,5,7,3801,0,0,0,,0,3I13A,"JUDAH ST","41ST AV",0.00,,Y,A,-,N,,,,,,,,,,N,3,0,1,2,A,-,11,21954,A,N,G,B,D,A,H,-,A,A,0,Y,,,,Y,,N,60,0,1,0,0,1,0,0,0,0,"- ","- ",,,"SAN FRANCISCO","SAN FRANCISCO",-122.50056997,37.760659879999999
7101228,2015,2016-01-11,3801,2015-11-15,0025,004347,,7,5,7,3801,0,0,0,,0,954B,"SANTIAGO ST","32ND AV",0.00,,Y,A,-,N,,,,,,,,,,Y,4,0,1,2,A,-,10,21950,A,N,G,B,B,A,H,-,C,A,0,Y,,,,Y,,A,01,0,0,1,0,1,0,0,0,0,"- ","- ",,,"SAN FRANCISCO","SAN FRANCISCO",-122.48976,37.744299990000002
7101230,2015,2016-01-11,3801,2015-11-04,2337,004282,,3,5,7,3801,0,0,0,,0,2CAR,"VAN NESS AV","EDDY ST",65.00,N,N,A,-,N,,,,,,,,,,N,4,0,1,2,A,-,03,22350,,F,G,B,F,A,H,-,C,D,0,Y,,,,Y,,A,01,0,0,1,0,1,0,0,0,0,"- ","- ",,,"SAN FRANCISCO","SAN FRANCISCO",-122.42092698,37.783047279999998
7101231,2015,2016-01-11,3801,2015-10-06,1934,373,,2,5,7,3801,0,0,0,,0,4B8E,"VAN NESS AV","BROADWAY ST",7.00,N,N,A,-,N,,,,,,,,,,N,3,0,1,2,A,-,10,21950,A,N,G,B,B,A,H,-,C,A,0,Y,,,,Y,,A,01,0,1,0,0,1,0,0,0,0,"- ","- ",,,"SAN FRANCISCO","SAN FRANCISCO",-122.42350380000001,37.79574899
7101240,2015,2016-01-08,3801,2015-11-13,1827,2466,,5,5,7,3801,0,0,0,,0,THREE,"BALBOA ST","16TH AV",0.00,,Y,A,-,N,,,,,,,,,,N,4,0,1,2,A,-,10,21950,A,N,G,B,B,A,H,-,C,D,0,Y,,,,Y,,A,01,0,0,1,0,1,0,0,0,0,"- ","- ",,,"SAN FRANCISCO","SAN FRANCISCO",-122.47483987,37.776739890000002
7101244,2015,2016-01-08,3801,2015-11-14,1320,1116,CENTR,6,5,7,3801,0,0,0,,0,3A131,"COLUMBUS AV","UNION ST",25.00,N,N,A,-,N,,,,,,,,,,N,3,0,1,2,A,-,11,21954,A,N,G,B,D,A,H,-,A,A,0,Y,,,,Y,,N,60,0,1,0,0,1,0,0,0,0,"- ","- ",,,"SAN FRANCISCO","SAN FRANCISCO",-122.41023627,37.800354179999999
7101246,2015,2016-01-08,3801,2015-11-15,1018,961,MISSI,7,5,7,3801,0,0,0,,0,901,"MARKET ST","EUREKA ST",5.00,W,N,A,-,N,,,,,,,,,,N,4,0,1,2,A,-,10,21950,A,N,G,B,B,A,H,-,A,A,0,Y,,,,Y,,A,01,0,0,1,0,1,0,0,0,0,"- ","- ",,,"SAN FRANCISCO","SAN FRANCISCO",-122.43836661,37.761716139999997
7101250,2015,2016-01-08,3801,2015-11-07,1930,004353,MISSI,6,5,7,3801,0,0,0,,0,1930,"CHURCH ST","15TH ST",0.00,,Y,A,-,N,,,,,,,,,,N,3,0,2,3,A,-,10,21950,A,N,G,B,B,A,H,-,C,A,0,Y,,,,Y,,A,01,0,1,1,0,2,0,0,0,0,"- ","- ",,,"SAN FRANCISCO","SAN FRANCISCO",-122.4287999,37.766129980000002
7101252,2015,2016-01-08,3801,2015-11-16,1500,1657,MISSI,1,5,7,3801,0,0,0,,0,908,"18TH ST","CAPP ST",102.00,S,N,A,-,N,,,,,,,,,,N,3,0,1,2,A,-,11,21955,,N,G,B,D,A,H,-,A,A,0,Y,,,,Y,,N,60,0,1,0,0,1,0,0,0,0,"- ","- ",,,"SAN FRANCISCO","SAN FRANCISCO",-122.41827000000001,37.761890000000001
7101253,2015,2016-01-11,3801,2015-11-10,1535,002342,,2,5,7,3801,0,0,0,,0,3B15D,"3RD ST","TERRY FRANCOIS ST",0.00,,Y,A,-,N,,,,,,,,,,N,3,0,1,2,A,-,11,21453,D,N,G,B,B,A,H,-,A,A,0,Y,,,,Y,,N,60,0,1,0,0,1,0,0,0,0,"- ","- ",,,"SAN FRANCISCO","SAN FRANCISCO",-122.390019,37.776294
7101258,2015,2016-01-08,3801,2015-11-11,1453,1154,RICHM,3,5,7,3801,0,0,0,,0,3G5C,"GEARY BL","20TH AV",0.00,,Y,B,-,N,,,,,,,,,,Y,4,0,1,3,A,-,11,21456,A,N,G,B,B,A,H,-,A,A,0,Y,,,,Y,,N,60,0,0,1,0,1,0,0,0,0,"- ","- ",,,"SAN FRANCISCO","SAN FRANCISCO",-122.4793899,37.780389909999997
7101268,2015,2016-01-08,3801,2015-11-14,0005,001110,3801,6,5,7,3801,0,0,0,,0,3G12E,"GEARY BL","PALM AV",0.00,,Y,A,-,N,,,,,,,,,,N,3,0,1,2,A,-,12,21453,A,N,G,B,B,A,H,-,C,A,0,Y,,,,Y,,N,60,0,1,0,0,1,0,0,0,0,"- ","- ",,,"SAN FRANCISCO","SAN FRANCISCO",-122.45774996,37.781379950000002
7101271,2015,2016-01-08,3801,2015-11-07,1246,1764,NORTH,6,5,7,3801,0,0,0,,0,4B5E,"HAIGHT ST","PIERCE ST",0.00,,Y,A,-,N,,,,,,,,,,N,3,0,2,2,A,-,10,21950,A,N,G,B,B,A,H,-,A,A,0,Y,Y,,,Y,Y,L,04,0,1,1,0,1,0,1,0,0,"- ","- ",,,"SAN FRANCISCO","SAN FRANCISCO",-122.43372995999999,37.771689889999998
7101273,2015,2016-01-08,3801,2015-11-13,2130,2287,TENDE,5,5,7,3801,0,0,0,,0,3J60,"JONES ST","OFARRELL ST",37.50,N,N,A,-,N,,,,,,,,,,N,3,0,1,2,A,-,11,21456,A,N,G,B,D,A,H,-,C,A,0,Y,,,,Y,,N,60,0,1,0,0,1,0,0,0,0,"- ","- ",,,"SAN FRANCISCO","SAN FRANCISCO",-122.41298930000001,37.785901870000004
7101274,2015,2016-01-08,3801,2015-11-13,0928,1116,CENTR,5,5,7,3801,0,0,0,,0,3A11A,"MARKET ST","3RD ST",0.00,,Y,A,-,N,,,,,,,,,,N,2,0,2,2,A,-,11,21954,A,N,D,-,D,A,H,-,A,A,0,Y,Y,,,Y,,N,60,2,0,0,0,1,0,1,0,0,"- ","- ",,,"SAN FRANCISCO","SAN FRANCISCO",-122.40345987000001,37.78765989
7101276,2015,2016-01-08,3801,2015-11-12,0652,1693,BAYVI,4,5,7,3801,0,0,0,,0,3C109,"BAY SHORE BL","SILVER AV",5.00,S,N,A,-,N,,,,,,,,,,N,2,0,1,2,A,-,10,21950,A,F,G,B,B,A,H,-,A,A,0,Y,,,,Y,,A,08,1,0,0,0,1,0,0,0,0,"- ","- ",,,"SAN FRANCISCO","SAN FRANCISCO",-122.40464333,37.732947330000002
7101278,2015,2016-01-08,3801,2015-11-13,1650,004302,BAYVI,5,5,7,3801,0,0,0,,0,3C15D,"UNDERWOOD AV","3RD ST",4.00,E,N,A,-,N,,,,,,,,,,N,3,0,2,3,A,-,12,21453,A,F,G,B,B,A,H,-,B,A,0,Y,,,,Y,,N,60,0,1,1,0,2,0,0,0,0,"- ","- ",,,"SAN FRANCISCO","SAN FRANCISCO",-122.39243668,37.730057039999998
7101279,2015,2016-01-08,3801,2015-11-15,0955,001000,TENDE,7,5,7,3801,0,0,0,,0,3J13A`,"HYDE ST","TURK ST",0.00,,Y,A,-,N,,,,,,,,,,N,4,0,1,2,D,-,00,,,N,G,B,B,A,H,-,A,A,0,Y,,,,Y,,-,"- ",0,0,1,0,1,0,0,0,0,"- ","- ",,,"SAN FRANCISCO","SAN FRANCISCO",-122.41568995,37.782569889999998
7101289,2015,2016-01-11,3801,2015-11-10,0838,000845,CENTR,2,5,7,3801,0,0,0,,0,4B2C,"BAY ST","LARKIN ST",0.00,,Y,A,-,N,,,,,,,,,,N,3,0,1,2,A,-,10,21950,A,N,G,B,B,A,H,-,A,A,0,Y,,,,Y,,A,01,0,1,0,0,1,0,0,0,0,"- ","- ",,,"SAN FRANCISCO","SAN FRANCISCO",-122.42179996,37.804569950000001
7101346,2015,2016-01-12,3801,2015-11-10,0841,2375,,2,5,7,3801,0,0,0,,0,901,"GEARY BL","19TH AV",5.00,E,N,A,-,N,,,,,,,,,,N,3,0,1,2,A,-,10,21950,A,N,G,B,B,A,H,-,A,A,0,Y,,,,Y,,A,01,0,1,0,0,1,0,0,0,0,"- ","- ",,,"SAN FRANCISCO","SAN FRANCISCO",-122.47831275,37.780431100000001
7101350,2015,2016-01-12,3801,2015-11-09,0800,004220,,1,5,7,3801,0,0,0,,0,4CAR,"MONTEREY BL","RIDGEWOOD AV",0.00,,Y,C,-,N,,,,,,,,,,N,4,0,1,2,A,-,10,21950,A,N,G,B,B,B,H,-,A,A,0,Y,,,,Y,,A,01,0,0,1,0,1,0,0,0,0,"- ","- ",,,"SAN FRANCISCO","SAN FRANCISCO",-122.45339995,37.731519910000003
7101362,2015,2016-01-12,3801,2015-11-25,0930,2375,,3,5,7,3801,0,0,0,,0,901,"TURK ST","ARGUELLO BL",6.00,E,N,A,-,N,,,,,,,,,,N,3,0,1,2,A,-,10,21950,A,N,G,B,B,A,H,-,A,A,0,Y,,,,Y,,A,01,0,1,0,0,1,0,0,0,0,"- ","- ",,,"SAN FRANCISCO","SAN FRANCISCO",-122.45856922999999,37.777250000000002
7101370,2015,2016-01-12,3801,2015-11-23,0900,732,A,1,5,7,3801,0,0,0,,0,001,"FRANCISCO ST","POWELL ST",180.00,W,N,A,-,N,,,,,,,,,,N,3,0,1,2,A,-,10,21950,A,N,-,-,-,A,H,-,A,-,0,Y,,,,Y,,A,01,0,1,0,0,1,0,0,0,0,"- ","- ",,,"SAN FRANCISCO","SAN FRANCISCO",-122.41238497000001,37.804819790000003
7101374,2015,2016-01-12,3801,2015-11-23,1413,1718,,1,5,7,3801,0,0,0,,0,3D13A,"GUERRERO ST","23RD ST",112.00,S,N,A,-,N,,,,,,,,,,N,4,0,1,2,A,-,11,21956,,N,G,B,E,A,H,-,A,D,0,Y,,,,Y,,N,60,0,0,1,0,1,0,0,0,0,"- ","- ",,,"SAN FRANCISCO","SAN FRANCISCO",-122.42299855,37.75325333
7101386,2015,2017-01-14,3801,2015-11-09,1058,002317,,1,5,7,3801,0,0,0,,0,3B3A,"7TH ST","RT 101",0.00,,Y,B,C,Y,SF,4,80,-,-,4.392,R,1,E,N,4,0,1,2,A,-,10,21950,A,N,G,B,C,B,H,-,A,D,0,Y,,,,Y,,A,01,0,0,1,0,1,0,0,0,0,"- ","- ",,,"SAN FRANCISCO","SAN FRANCISCO",-122.40556271,37.775257910000001
7101388,2015,2016-01-12,3801,2015-11-18,1723,000013,,3,5,7,3801,0,0,0,,0,4B7G,"MONTEREY BL","VALDEZ AV",0.00,,Y,A,-,N,,,,,,,,,,N,2,0,1,2,A,-,10,21950,A,N,G,B,B,A,H,-,C,D,0,Y,,,,Y,,A,01,1,0,0,0,1,0,0,0,0,"- ","- ",,,"SAN FRANCISCO","SAN FRANCISCO",-122.45576989,37.731369999999998
7101395,2015,2016-01-11,3801,2015-11-19,0828,004119,,4,5,7,3801,0,0,0,,0,4B5C,"OAKDALE AV","PHELPS ST",5.00,E,N,A,-,N,,,,,,,,,,N,3,0,4,5,A,-,10,21950,A,N,G,B,B,A,H,-,A,A,0,Y,,,,Y,,A,01,0,3,1,0,4,0,0,0,0,"- ","- ",,,"SAN FRANCISCO","SAN FRANCISCO",-122.39407572,37.736712249999997
7101398,2015,2016-01-12,3801,2015-11-24,1310,001299,,2,5,7,3801,0,0,0,,0,3A3C,"POLK ST","NORTH POINT ST",0.00,,Y,A,-,N,,,,,,,,,,N,4,0,1,2,A,-,21,22106,,N,G,B,E,A,H,-,A,D,0,Y,,,,Y,,A,01,0,0,1,0,1,0,0,0,0,"- ","- ",,,"SAN FRANCISCO","SAN FRANCISCO",-122.4236399,37.805299920000003
7101400,2015,2016-01-12,3801,2015-11-22,1300,1870,,7,5,7,3801,0,0,0,,0,0J2,"4TH ST","MARKET ST",0.00,,Y,A,-,N,,,,,,,,,,N,3,0,1,2,A,-,08,22107,,N,G,B,E,A,H,-,A,D,0,Y,,,,Y,,A,01,0,1,0,0,1,0,0,0,0,"- ",SO,,,"SAN FRANCISCO","SAN FRANCISCO",-122.40588997,37.785699899999997
7101401,2015,2016-01-11,3801,2015-11-19,1954,004374,,4,5,7,3801,0,0,0,,0,3D13D,"FOLSOM ST","22ND ST",0.00,,Y,A,-,N,,,,,,,,,,Y,4,0,1,2,A,-,03,22350,,F,G,B,B,A,H,-,C,A,0,Y,,,,Y,,A,01,0,0,1,0,1,0,0,0,0,"- ","- ",,,"SAN FRANCISCO","SAN FRANCISCO",-122.41438997,37.755719900000003
7101406,2015,2017-01-25,3801,2015-11-20,1800,1986,NORTH,5,5,7,3801,0,0,0,,0,3E13D,"GROVE ST","VAN NESS AV",0.00,,Y,A,-,Y,SF,4,101,-,T,5.076,I,6,N,N,3,0,1,2,D,-,00,,,N,G,B,B,A,H,-,C,A,0,Y,,,,Y,,-,"- ",0,1,0,0,1,0,0,0,0,"- ","- ",,,"SAN FRANCISCO","SAN FRANCISCO",-122.41982230000001,37.778293410000003
7101414,2015,2016-01-11,3801,2015-11-26,0344,1427,J,4,5,7,3801,0,0,0,,0,12E,"LEAVENWORTH ST","OFARRELL ST",20.00,S,N,A,-,N,,,,,,,,,,Y,4,0,1,2,A,-,01,23153,A,N,G,B,-,A,H,-,C,D,0,Y,,,,Y,,A,01,0,0,1,0,1,0,0,0,0,"- ","- ",,,"SAN FRANCISCO","SAN FRANCISCO",-122.41459892,37.785545769999999
7101418,2015,2016-01-11,3801,2015-11-04,0828,000845,NORTH,3,5,7,3801,0,0,0,,0,4B2C,"BAY ST","BUCHANAN AV",0.00,,Y,A,-,N,,,,,,,,,,Y,2,0,2,3,A,-,01,23152,A,N,G,B,B,A,H,-,A,D,0,Y,,,,Y,Y,A,01,2,0,0,0,2,0,0,0,0,"- ","- ",,,"SAN FRANCISCO","SAN FRANCISCO",-122.43332986999999,37.803069989999997
7101421,2015,2016-01-11,3801,2015-11-22,0623,1718,,7,5,7,3801,0,0,0,,0,3D15A,"MISSION ST","18TH ST",0.00,,Y,A,-,N,,,,,,,,,,Y,3,0,4,3,A,-,12,21453,A,F,D,C,F,A,H,-,C,A,0,Y,,,,Y,Y,A,01,0,1,3,0,1,0,0,0,0,"- ","- ",,,"SAN FRANCISCO","SAN FRANCISCO",-122.41936989,37.761839930000001
7101422,2015,2016-01-11,3801,2015-11-27,1420,2002,TARAV,5,5,7,3801,0,0,0,,0,3I1515,"20TH AV","WINSTON DR",0.00,,Y,A,-,N,,,,,,,,,,N,4,0,1,2,A,-,11,21950,B,N,D,B,B,A,H,-,A,A,0,Y,,,,Y,,N,60,0,0,1,0,1,0,0,0,0,"- ","- ",,,"SAN FRANCISCO","SAN FRANCISCO",-122.47601997,37.726949939999997
7101427,2015,2016-01-11,3801,2015-11-26,2133,4212,3801,4,5,7,3801,0,0,0,,0,3I16E,"CAPITOL AV","SADOWA ST",0.00,,Y,A,-,N,,,,,,,,,,N,3,0,2,3,A,-,11,21955,,N,G,B,D,A,H,-,C,D,0,Y,,,,Y,,N,60,0,1,1,0,2,0,0,0,0,"- ","- ",,,"SAN FRANCISCO","SAN FRANCISCO",-122.45903994,37.712319989999997
7101430,2015,2016-01-11,3801,2015-11-21,1032,002047,CENTR,6,5,7,3801,0,0,0,,0,4B5A,"NEW MONTGOMERY ST","JESSIE ST",38.00,S,N,A,-,N,,,,,,,,,,N,3,0,1,2,A,-,11,21954,A,N,G,B,D,A,H,-,A,D,0,Y,,,,Y,,N,60,0,1,0,0,1,0,0,0,0,"- ","- ",,,"SAN FRANCISCO","SAN FRANCISCO",-122.40089673999999,37.787796380000003
7101434,2015,2016-01-11,3801,2015-11-14,0821,004036,BAYVI,6,5,7,3801,0,0,0,,0,4BC6,"SILVER AV","ELMIRA ST",8.00,E,N,A,-,N,,,,,,,,,,N,4,0,1,2,A,-,10,21950,A,N,G,B,B,A,H,-,A,D,0,Y,,,,Y,,A,01,0,0,1,0,1,0,0,0,0,"- ","- ",,,"SAN FRANCISCO","SAN FRANCISCO",-122.40346924000001,37.733694530000001
7101444,2015,2016-01-14,3801,2015-11-07,1901,2430,CENTR,6,5,7,3801,0,0,0,,0,,"JACKSON ST",COLUMBUS,81.00,E,N,A,-,N,,,,,,,,,,N,4,0,1,2,A,-,11,21954,A,N,G,B,D,A,H,-,C,D,0,Y,,,,Y,Y,N,60,0,0,1,0,1,0,0,0,0,"- ","- ",,,"SAN FRANCISCO","SAN FRANCISCO",-122.40410411000001,37.796339850000003
7101445,2015,2016-01-19,3801,2015-11-22,2025,000179,SOUTH,7,5,7,3801,0,0,0,,0,3B14D,"9TH ST","BRYANT ST",0.00,,Y,A,-,N,,,,,,,,,,N,3,0,1,2,A,-,10,21950,A,N,G,B,B,A,H,-,C,A,0,Y,,,,Y,,-,,0,1,0,0,1,0,0,0,0,"- ","- ",,,"SAN FRANCISCO","SAN FRANCISCO",-122.40852986,37.771289969999998
7101448,2015,2016-01-14,3801,2015-11-07,0027,001384,NORTH,6,5,7,3801,0,0,0,,0,3E15E,"LOMBARD ST","WEBSTER ST",0.00,,Y,A,-,N,,,,,,,,,,N,3,0,1,2,A,-,12,21453,A,N,G,B,B,A,H,-,C,A,0,Y,,,,Y,Y,N,60,0,1,0,0,1,0,0,0,0,"- ","- ",,,"SAN FRANCISCO","SAN FRANCISCO",-122.4343899,37.800060000000002
7101451,2015,2016-01-14,3801,2015-11-03,0914,1078,SOUTH,2,5,7,3801,0,0,0,,0,,"2ND ST","HARRISON ST",0.00,,Y,-,-,N,,,,,,,,,,N,3,0,1,2,A,-,10,21950,A,N,-,-,-,-,-,-,-,-,0,Y,,,,Y,,-,,0,1,0,0,1,0,0,0,0,"- ","- ",,,"SAN FRANCISCO","SAN FRANCISCO",-122.39517994000001,37.784329970000002
7101456,2015,2016-01-14,3801,2015-11-07,0210,1978,MISSI,6,5,7,3801,0,0,0,,0,005,"MISSION ST","19TH ST",122.00,N,N,A,-,N,,,,,,,,,,N,3,0,1,2,A,-,10,21950,A,N,G,B,E,A,H,-,C,-,0,Y,,,,Y,Y,N,60,0,1,0,0,1,0,0,0,0,"- ","- ",,,"SAN FRANCISCO","SAN FRANCISCO",-122.41924787000001,37.760554419999998
7101459,2015,2016-01-14,3801,2015-11-01,0216,001766,TARAV,7,5,7,3801,0,0,0,,0,4K4B,"25TH AV","KIRKHAM ST",158.00,N,N,B,-,N,,,,,,,,,,N,3,0,1,2,A,-,11,21954,A,N,G,B,D,A,H,-,C,D,0,Y,,,,Y,Y,N,60,0,1,0,0,1,0,0,0,0,"- ","- ",,,"SAN FRANCISCO","SAN FRANCISCO",-122.48331261,37.759993280000003
7101469,2015,2016-01-14,3801,2015-11-24,1224,1400,,2,5,7,3801,0,0,0,,0,1224,"5TH ST","MISSION ST",0.00,,Y,A,-,N,,,,,,,,,,N,4,0,1,2,A,-,12,21453,A,N,G,-,B,A,H,-,A,A,0,Y,,,,Y,,N,60,0,0,1,0,1,0,0,0,0,"- ","- ",,,"SAN FRANCISCO","SAN FRANCISCO",-122.40648992,37.782739890000002
7101475,2015,2016-01-14,3801,2015-11-05,0740,870,,4,5,7,3801,0,0,0,,0,,"BAYSHORE AV","ARLETTA LN",20.00,N,N,A,-,N,,,,,,,,,,N,4,0,1,2,A,-,11,21954,A,N,G,B,D,A,H,-,A,A,0,Y,,,,Y,,N,60,0,0,1,0,1,0,0,0,0,"- ","- ",,,"SAN FRANCISCO","SAN FRANCISCO",-122.4025458,37.712290430000003