CASE_ID,ACCIDENT_YEAR,PROC_DATE,JURIS,COLLISION_DATE,COLLISION_TIME,OFFICER_ID,REPORTING_DISTRICT,DAY_OF_WEEK,CHP_SHIFT,POPULATION,CNTY_CITY_LOC,SPECIAL_COND,BEAT_TYPE,CHP_BEAT_TYPE,CITY_DIVISION_LAPD,CHP_BEAT_CLASS,BEAT_NUMBER,PRIMARY_RD,SECONDARY_RD,DISTANCE,DIRECTION,INTERSECTION,WEATHER_1,WEATHER_2,STATE_HWY_IND,CALTRANS_COUNTY,CALTRANS_DISTRICT,STATE_ROUTE,ROUTE_SUFFIX,POSTMILE_PREFIX,POSTMILE,LOCATION_TYPE,RAMP_INTERSECTION,SIDE_OF_HWY,TOW_AWAY,COLLISION_SEVERITY,NUMBER_KILLED,NUMBER_INJURED,PARTY_COUNT,PRIMARY_COLL_FACTOR,PCF_CODE_OF_VIOL,PCF_VIOL_CATEGORY,PCF_VIOLATION,PCF_VIOL_SUBSECTION,HIT_AND_RUN,TYPE_OF_COLLISION,MVIW,PED_ACTION,ROAD_SURFACE,ROAD_COND_1,ROAD_COND_2,LIGHTING,CONTROL_DEVICE,CHP_ROAD_TYPE,PEDESTRIAN_ACCIDENT,BICYCLE_ACCIDENT,MOTORCYCLE_ACCIDENT,TRUCK_ACCIDENT,NOT_PRIVATE_PROPERTY,ALCOHOL_INVOLVED,STWD_VEHTYPE_AT_FAULT,CHP_VEHTYPE_AT_FAULT,COUNT_SEVERE_INJ,COUNT_VISIBLE_INJ,COUNT_COMPLAINT_PAIN,COUNT_PED_KILLED,COUNT_PED_INJURED,COUNT_BICYCLIST_KILLED,COUNT_BICYCLIST_INJURED,COUNT_MC_KILLED,COUNT_MC_INJURED,PRIMARY_RAMP,SECONDARY_RAMP,LATITUDE,LONGITUDE,COUNTY,CITY,POINT_X,POINT_Y
7101480,2015,2017-01-25,3801,2015-11-21,0121,001614,NORTH,6,5,7,3801,0,0,0,,0,6CAR,"VAN NESS AV","GREEN ST",0.00,,Y,A,-,Y,SF,4,101,-,-,6.450,I,5,S,N,3,0,1,2,A,-,10,21950,A,F,G,B,B,A,H,-,C,A,0,Y,,,,Y,Y,-,,0,1,0,0,1,0,0,0,0,"- ","- ",,,"SAN FRANCISCO","SAN FRANCISCO",-122.42390995,37.797621829999997
7101601,2015,2016-01-14,3801,2015-12-21,1820,004300,TENDE,1,5,7,3801,0,0,0,,0,004,"ELLIS ST","JONES ST",0.00,,Y,C,-,N,,,,,,,,,,N,4,0,1,2,A,-,10,21950,A,N,G,B,B,B,H,-,C,A,0,Y,,,,Y,,A,01,0,0,1,0,1,0,0,0,0,"- ","- ",,,"SAN FRANCISCO","SAN FRANCISCO",-122.41277993,37.78489999
7101603,2015,2016-01-14,3801,2015-12-24,1010,621,INGLE,4,5,7,3801,0,0,0,,0,3H15A,"MISSION ST","ROLPH ST",0.00,,Y,B,C,N,,,,,,,,,,N,3,0,1,2,A,-,10,21950,A,N,G,B,B,B,H,-,A,D,0,Y,,,,Y,,A,01,0,1,0,0,1,0,0,0,0,"- ","- ",,,"SAN FRANCISCO","SAN FRANCISCO",-122.44156986,37.715789890000003
7101608,2015,2016-01-14,3801,2015-12-01,1030,001081,TARAV,2,5,7,3801,0,0,0,,0,3I13A,"WEST PORTAL AV","WEST PORTAL AV 230",0.00,,-,-,-,N,,,,,,,,,,Y,4,0,1,2,A,-,21,22106,,N,E,I,F,-,-,-,C,D,0,Y,,,,Y,,A,01,0,0,1,0,1,0,0,0,0,"- ","- ",,,"SAN FRANCISCO","SAN FRANCISCO",-122.46843696000001,37.738518839999998
7101611,2015,2016-01-14,3801,2015-12-11,1623,1567,TENDE,5,5,7,3801,0,0,0,,0,3J12D,"JONES ST","GOLDEN GATE AV",0.00,,Y,A,-,N,,,,,,,,,,N,4,0,1,2,A,-,11,21955,,N,G,B,D,A,H,-,A,A,0,Y,,,Y,Y,,N,60,0,0,1,0,1,0,0,0,0,"- ","- ",,,"SAN FRANCISCO","SAN FRANCISCO",-122.41222997,37.782079889999999
7101613,2015,2016-01-14,3801,2015-12-01,1550,001911,BAYVI,2,5,7,3801,0,0,0,,0,BAYVIE,"JENNINGS ST","INGERSON ST",50.00,S,N,A,-,N,,,,,,,,,,N,3,0,1,2,A,-,03,22350,,N,G,B,F,A,H,-,A,D,0,Y,,,,Y,,A,01,0,1,0,0,1,0,0,0,0,"- ","- ",,,"SAN FRANCISCO","SAN FRANCISCO",-122.39497342,37.720069909999999
7101619,2015,2016-01-14,3801,2015-12-15,1907,1108,SOUTH,2,5,7,3801,0,0,0,,0,3B11D,"HARRISON ST","THE EMBARCADERO",0.00,,Y,A,-,N,,,,,,,,,,N,4,0,1,2,A,-,10,21950,A,N,D,B,B,A,H,-,C,A,0,Y,,,,Y,,A,01,0,0,1,0,1,0,0,0,0,"- ","- ",,,"SAN FRANCISCO","SAN FRANCISCO",-122.38860987,37.789499990000003
7101625,2015,2016-01-14,3801,2015-12-18,1630,1039,RICHM,5,5,7,3801,0,0,0,,0,002,"MAPLE ST","SACRAMENTO ST",0.00,,Y,B,-,N,,,,,,,,,,N,4,0,1,2,A,-,10,21950,A,N,G,B,B,B,H,-,B,A,0,Y,,,,Y,,A,01,0,0,1,0,1,0,0,0,0,"- ","- ",,,"SAN FRANCISCO","SAN FRANCISCO",-122.45524991000001,37.787129980000003
7101628,2015,2016-01-14,3801,2015-12-20,0030,4172,CENTR,7,5,7,3801,0,0,0,,0,3A13E,"COLUMBUS AV","FRANCISCO ST",19.00,E,N,A,-,N,,,,,,,,,,N,3,0,1,2,A,-,10,21950,A,N,G,B,B,A,H,-,C,D,0,Y,,,,Y,,A,01,0,1,0,0,1,0,0,0,0,"- ","- ",,,"SAN FRANCISCO","SAN FRANCISCO",-122.41602263,37.804373779999999
7101630,2015,2016-01-14,3801,2015-12-15,1430,1877,NORTH,2,5,7,3801,0,0,0,,0,3E29,"POST ST","WEBSTER ST",0.00,,Y,A,-,N,,,,,,,,,,N,3,0,1,2,A,-,10,21950,A,N,G,B,B,A,H,-,A,A,0,Y,,,,Y,,A,01,0,1,0,0,1,0,0,0,0,"- ","- ",,,"SAN FRANCISCO","SAN FRANCISCO",-122.43142996,37.785359900000003
7101633,2015,2016-01-14,3801,2015-12-20,1727,000679,TARAV,7,5,7,3801,0,0,0,,0,012,"28TH AV","JUDAH ST",0.00,,Y,C,G,N,,,,,,,,,,N,4,0,1,2,A,-,03,22350,,F,G,B,D,B,-,-,C,D,0,Y,,,,Y,Y,-,99,0,0,1,0,1,0,0,0,0,"- ","- ",,,"SAN FRANCISCO","SAN FRANCISCO",-122.48663995,37.761289980000001
7101634,2015,2016-01-14,3801,2015-12-10,1802,1994,SOUTH,4,5,7,3801,0,0,0,,0,SECTOR,"SHERMAN ST","HARRISON ST",4.00,N,N,A,-,N,,,,,,,,,,N,4,0,1,2,D,-,00,,,N,D,B,B,-,H,-,C,A,0,Y,,,,Y,Y,-,"- ",0,0,1,0,1,0,0,0,0,"- ","- ",,,"SAN FRANCISCO","SAN FRANCISCO",-122.40547999,37.77620761
7101637,2015,2016-01-14,3801,2015-12-15,1733,2286,PARK,2,5,7,3801,0,0,0,,0,SECTOR,"MASONIC AV","FULTON ST",146.00,S,N,A,-,N,,,,,,,,,,N,2,0,1,2,A,-,11,21955,,N,G,B,D,A,H,-,B,D,0,Y,,,,Y,,N,60,1,0,0,0,1,0,0,0,0,"- ","- ",,,"SAN FRANCISCO","SAN FRANCISCO",-122.44639327,37.775393569999999
7101638,2015,2016-01-14,3801,2015-12-18,1250,2235,3A,5,5,7,3801,0,0,0,,0,004,"VALLEJO ST","BATTERY ST",0.00,,Y,A,B,N,,,,,,,,,,N,4,0,1,2,A,-,10,21950,A,N,G,B,B,A,H,-,A,D,0,Y,,,,Y,,A,01,0,0,1,0,1,0,0,0,0,"- ","- ",,,"SAN FRANCISCO","SAN FRANCISCO",-122.40121988999999,37.799529980000003
7101640,2015,2016-01-14,3801,2015-12-18,1852,1994,SOUTH,5,5,7,3801,0,0,0,,0,SECTOR,"3RD ST","BRANNAN ST",4.00,N,N,C,-,N,,,,,,,,,,N,4,0,1,2,A,-,10,21950,A,N,G,B,B,B,H,-,C,A,0,Y,,,,Y,,A,01,0,0,1,0,1,0,0,0,0,"- ","- ",,,"SAN FRANCISCO","SAN FRANCISCO",-122.39430983,37.780107739999998
7101646,2015,2016-01-13,3801,2015-12-27,1415,000222,COA,7,5,7,3801,0,0,0,,0,3A13A,"JONES ST","BEACH ST",67.00,N,N,A,-,N,,,,,,,,,,N,4,0,1,2,A,-,10,21954,B,N,G,B,E,A,H,-,A,D,0,Y,,,,Y,,A,01,0,0,1,0,1,0,0,0,0,"- ","- ",,,"SAN FRANCISCO","SAN FRANCISCO",-122.41729137,37.807262369999997
7101651,2015,2016-01-13,3801,2015-12-04,1619,2312,,5,5,7,3801,0,0,0,,0,3J12D,"MARKET ST","5TH ST",10.00,E,N,A,-,N,,,,,,,,,,N,3,0,1,2,A,-,08,22101,D,N,G,B,B,A,H,-,A,A,0,Y,,,,Y,,A,01,0,1,0,0,1,0,0,0,0,"- ","- ",,,"SAN FRANCISCO","SAN FRANCISCO",-122.40803517000001,37.784019139999998
7101653,2015,2016-01-13,3801,2015-12-31,2131,2334,SOUTH,4,5,7,3801,0,0,0,,0,,"5TH ST","TEHAMA ST",0.00,,Y,A,-,N,,,,,,,,,,N,4,0,1,2,A,-,10,21950,A,N,G,B,B,A,H,-,C,D,0,Y,,,,Y,,A,01,0,0,1,0,1,0,0,0,0,"- ","- ",,,"SAN FRANCISCO","SAN FRANCISCO",-122.40439996000001,37.781089940000001
7101656,2015,2017-02-02,3801,2015-12-28,0029,1110,RICHM,1,5,7,3801,0,0,0,,0,3G15E,"PARK PRESIDIO BL","FULTON ST",0.00,,Y,C,-,Y,SF,4,1,-,-,5.000,I,5,N,N,3,0,2,3,A,-,10,21950,A,N,G,B,B,B,H,-,C,A,0,Y,,,,Y,,A,01,0,2,0,0,2,0,0,0,0,"- ","- ",,,"SAN FRANCISCO","SAN FRANCISCO",-122.47171351,37.772825910000002
7101657,2015,2016-01-13,3801,2015-12-31,1515,001605,NORTH,4,5,7,3801,0,0,0,,0,3E15A,"WEBSTER ST","TURK ST",0.00,,Y,A,-,N,,,,,,,,,,N,4,0,1,2,A,-,10,21950,A,N,G,B,B,A,H,-,A,A,0,Y,,,,Y,,A,01,0,0,1,0,1,0,0,0,0,"- ","- ",,,"SAN FRANCISCO","SAN FRANCISCO",-122.43048985999999,37.780689969999997
7101658,2015,2016-01-13,3801,2015-12-01,0539,004285,SOUTH,2,5,7,3801,0,0,0,,0,3B1E,"HOWARD ST","FREMONT ST",10.00,W,N,A,-,N,,,,,,,,,,N,3,0,1,2,A,-,10,21950,A,N,G,B,B,A,H,-,B,A,0,Y,,,,Y,,A,08,0,1,0,0,1,0,0,0,0,"- ","- ",,,"SAN FRANCISCO","SAN FRANCISCO",-122.39516516,37.789211129999998
7101662,2015,2016-01-13,3801,2015-12-01,1755,004291,TARAV,2,5,7,3801,0,0,0,,0,3I11D,"ULLOA ST","17TH AV",0.00,,Y,A,-,N,,,,,,,,,,N,4,0,1,2,A,-,10,21950,A,N,G,B,B,A,H,-,C,A,0,Y,,,,Y,,I,11,0,0,1,0,1,0,0,0,0,"- ","- ",,,"SAN FRANCISCO","SAN FRANCISCO",-122.4734399,37.741279890000001
7101663,2015,2016-01-14,3801,2015-12-04,0717,001956,TARAV,5,5,7,3801,0,0,0,,0,6CAR,"PLYMOUTH AV","GRAFTON AV",0.00,,Y,A,-,N,,,,,,,,,,N,4,0,1,2,A,-,10,21950,A,N,G,B,B,A,H,-,A,D,0,Y,,,,Y,,A,01,0,0,1,0,1,0,0,0,0,"- ","- ",,,"SAN FRANCISCO","SAN FRANCISCO",-122.45615997,37.720009900000001
7101670,2015,2016-01-13,3801,2015-12-01,1308,002266,MISSI,2,5,7,3801,0,0,0,,0,3D14A,"CESAR CHAVEZ ST","MISSION ST",36.00,E,N,A,-,N,,,,,,,,,,N,4,0,1,2,A,-,03,22350,,F,G,B,D,A,H,-,A,A,0,Y,,,,Y,,A,01,0,0,1,0,1,0,0,0,0,"- ","- ",,,"SAN FRANCISCO","SAN FRANCISCO",-122.41802545,37.748179999999998
7101674,2015,2016-01-13,3801,2015-12-30,1659,1597,TARAV,3,5,7,3801,0,0,0,,0,3I15D,"MIRAMAR AV","DE MONTFORT AV",0.00,,Y,B,-,N,,,,,,,,,,N,4,0,1,2,A,-,10,21950,A,N,G,B,B,A,H,-,B,D,0,Y,,,,Y,,A,01,0,0,1,0,1,0,0,0,0,"- ","- ",,,"SAN FRANCISCO","SAN FRANCISCO",-122.45818989,37.723639980000002
7101676,2015,2016-01-14,3801,2015-12-25,1925,00242,COJ,5,5,7,3801,0,0,0,,0,,"8TH ST","MARKET ST",9.00,S,N,B,-,N,,,,,,,,,,N,4,0,1,2,A,-,11,21453,D,N,G,B,B,A,H,-,C,A,0,Y,,,,Y,,N,60,0,0,1,0,1,0,0,0,0,"- ","- ",,,"SAN FRANCISCO","SAN FRANCISCO",-122.41473736,37.778693019999999
7101683,2015,2016-01-14,3801,2015-12-11,0844,351,,5,5,7,3801,0,0,0,,0,3B60,"4TH ST","BERRY ST",0.00,,Y,B,-,N,,,,,,,,,,N,3,0,1,2,A,-,11,21453,D,N,G,B,B,B,H,-,A,A,0,Y,Y,,,Y,,N,60,0,1,0,0,1,0,0,0,0,"- ","- ",,,"SAN FRANCISCO","SAN FRANCISCO",-122.39333999,37.775779970000002
7101690,2015,2016-01-14,3801,2015-12-20,2230,2200,,7,5,7,3801,0,0,0,,0,3I60,"GOLDEN GATE AV","HYDE ST",0.00,,Y,F,-,N,,,,,,,,,,N,4,0,1,2,A,-,"- ",,,N,G,B,B,B,H,-,C,A,0,Y,,,,Y,,-,"- ",0,0,1,0,1,0,0,0,0,"- ","- ",,,"SAN FRANCISCO","SAN FRANCISCO",-122.41549995,37.781649909999999
7101697,2015,2016-01-19,3801,2015-11-26,1540,546,,4,5,7,3801,0,0,0,,0,4B7H,"MISSION ST","FARRAGUT AV",0.00,,Y,A,F,N,,,,,,,,,,N,3,0,1,2,A,-,10,21950,A,N,G,B,B,A,H,-,A,A,0,Y,,,,Y,,A,01,0,1,0,0,1,0,0,0,0,"- ","- ",,,"SAN FRANCISCO","SAN FRANCISCO",-122.44938993,37.70993996
7101699,2015,2016-01-14,3801,2015-12-01,1604,004372,,2,5,7,3801,0,0,0,,0,3CAR,"CABRILLO ST","PARK PRESIDIO BL",0.00,,Y,A,-,N,,,,,,,,,,N,4,0,2,3,A,-,10,21950,A,N,G,B,B,A,H,-,A,A,0,Y,,,,Y,,A,07,0,0,2,0,2,0,0,0,0,"- ","- ",,,"SAN FRANCISCO","SAN FRANCISCO",-122.47191991,37.774999909999998
7101705,2015,2016-01-14,3801,2015-11-29,1131,256,,7,5,7,3801,0,0,0,,0,4B4B,"STEVENSON ST","6TH ST",11.00,E,N,A,-,N,,,,,,,,,,N,4,0,1,2,A,-,10,21950,A,N,G,B,B,A,H,-,A,D,0,Y,,,,Y,,A,01,0,0,1,0,1,0,0,0,0,"- ","- ",,,"SAN FRANCISCO","SAN FRANCISCO",-122.40964318,37.78179145
7101706,2015,2016-01-14,3801,2015-12-24,0700,2244,COJ,4,5,7,3801,0,0,0,,0,3J11A,"JONES ST","OFARRELL ST",143.00,S,N,C,-,N,,,,,,,,,,N,4,0,1,2,A,-,11,21956,A,N,G,B,D,B,H,-,A,A,0,Y,,,,Y,,N,60,0,0,1,0,1,0,0,0,0,"- ","- ",,,"SAN FRANCISCO","SAN FRANCISCO",-122.4128977,37.785411369999998
7101709,2015,2016-01-14,3801,2015-12-21,1846,2059,,1,5,7,3801,0,0,0,,0,03B,"8TH ST","MISSION ST",0.00,,Y,C,-,N,,,,,,,,,,N,4,0,1,2,A,-,11,21456,B,N,G,B,B,B,H,-,E,A,0,Y,,,,Y,,N,60,0,0,1,0,1,0,0,0,0,"- ","- ",,,"SAN FRANCISCO","SAN FRANCISCO",-122.41315999,37.777459970000002
7101722,2015,2016-01-25,3801,2015-12-27,0540,4255,,7,5,7,3801,0,0,0,,0,003,"6TH ST","MISSION ST",0.00,,Y,A,-,N,,,,,,,,,,N,4,0,1,2,A,-,12,21453,A,F,G,B,B,A,H,-,C,A,0,Y,,,,Y,,-,,0,0,1,0,1,0,0,0,0,"- ","- ",,,"SAN FRANCISCO","SAN FRANCISCO",-122.40868999,37.78097992
7101728,2015,2016-01-26,3801,2015-12-18,1904,1400,,5,5,7,3801,0,0,0,,0,3B13C,"HOWARD ST","HOWARD ST 1040",0.00,,N,C,-,N,,,,,,,,,,N,2,0,1,2,A,-,11,21954,A,F,G,B,D,B,H,-,C,D,0,Y,,,,Y,,N,60,1,0,0,0,1,0,0,0,0,"- ","- ",,,"SAN FRANCISCO","SAN FRANCISCO",-122.40811050000001,37.778984469999997
7101731,2015,2016-01-26,3801,2015-12-25,0035,2080,,5,5,7,3801,0,0,0,,0,3A11E,"GEARY ST","HYDE ST",0.00,,Y,A,-,N,,,,,,,,,,N,4,0,1,2,A,-,11,21453,D,N,G,B,B,A,H,-,C,A,0,Y,,,,Y,,N,60,0,0,1,0,1,0,0,0,0,"- ","- ",,,"SAN FRANCISCO","SAN FRANCISCO",-122.41644988,37.786319890000001
7101732,2015,2016-01-26,3801,2015-12-22,1220,4182,,2,5,7,3801,0,0,0,,0,3B12A,"KING ST","3RD ST",0.00,,Y,C,-,N,,,,,,,,,,N,4,0,1,2,A,-,10,21950,A,F,G,B,B,B,H,-,A,A,0,Y,,,,Y,,A,07,0,0,1,0,1,0,0,0,0,"- ","- ",,,"SAN FRANCISCO","SAN FRANCISCO",-122.39194990999999,37.778199979999997
7101738,2015,2016-01-25,3801,2015-12-05,1855,004281,,6,5,7,3801,0,0,0,,0,3C13D,"SAN BRUNO AV","PAUL AV",0.00,,Y,A,-,N,,,,,,,,,,N,4,0,1,2,A,-,10,21950,A,N,G,B,B,A,H,-,C,A,0,Y,,,,Y,,A,01,0,0,1,0,1,0,0,0,0,"- ","- ",,,"SAN FRANCISCO","SAN FRANCISCO",-122.40204992,37.723919899999999
7101741,2015,2016-02-01,3801,2015-11-25,1838,1239,,3,5,7,3801,0,0,0,,0,,"POPE ST","MISSION ST",0.00,,Y,A,-,N,,,,,,,,,,N,4,0,1,2,A,-,10,21950,A,N,G,B,B,A,H,-,C,D,0,Y,,,,Y,,A,01,0,0,1,0,1,0,0,0,0,"- ","- ",,,"SAN FRANCISCO","SAN FRANCISCO",-122.44182987000001,37.715429929999999
7101750,2015,2016-01-26,3801,2015-12-07,1802,001544,,1,5,7,3801,0,0,0,,0,3I75D,"WINSTON DR","STONECREST DR",0.00,,Y,A,-,N,,,,,,,,,,N,4,0,1,2,A,-,10,21950,A,N,G,B,D,A,H,-,C,A,0,Y,,,,Y,,A,01,0,0,1,0,1,0,0,0,0,"- ","- ",,,"SAN FRANCISCO","SAN FRANCISCO",-122.47423997,37.726899889999999
7101756,2015,2016-01-26,3801,2015-12-20,1650,2025,,7,5,7,3801,0,0,0,,0,3E12D,"GROVE ST","VAN NESS AV",0.00,,Y,C,-,N,,,,,,,,,,N,4,0,1,2,A,-,10,21950,A,F,G,B,B,B,H,-,C,A,0,Y,,,,Y,,A,01,0,0,1,0,1,0,0,0,0,"- ","- ",,,"SAN FRANCISCO","SAN FRANCISCO",-122.41995987999999,37.778249930000001
7101759,2015,2016-01-25,3801,2015-12-25,2055,004356,,5,5,7,3801,0,0,0,,0,3H13D,"CRESCENT AV","MOULTRIE ST",0.00,,Y,A,-,N,,,,,,,,,,N,4,0,1,2,A,-,08,22107,,F,G,B,B,A,H,-,C,D,0,Y,,,,Y,,A,01,0,0,1,0,1,0,0,0,0,"- ","- ",,,"SAN FRANCISCO","SAN FRANCISCO",-122.41618995,37.73488991
7101811,2015,2016-01-14,3801,2015-12-24,2317,562,TENDE,4,5,7,3801,0,0,0,,0,3J15E,"OFARRELL ST","HYDE ST",3.00,W,N,A,-,N,,,,,,,,,,N,4,0,1,2,A,-,11,21950,B,N,A,B,E,A,H,-,C,A,0,Y,,,,Y,,N,60,0,0,1,0,1,0,0,0,0,"- ","- ",,,"SAN FRANCISCO","SAN FRANCISCO",-122.41627024,37.785388609999998
7101818,2015,2016-01-14,3801,2015-12-05,0122,00658,MISSI,6,5,7,3801,0,0,0,,0,5CAR,"MISSION ST","14TH ST",5.00,N,N,A,-,N,,,,,,,,,,N,4,0,1,2,A,-,10,21950,A,F,G,B,B,A,H,-,C,A,0,Y,,,,Y,,A,01,0,0,1,0,1,0,0,0,0,"- ","- ",,,"SAN FRANCISCO","SAN FRANCISCO",-122.41997123,37.768303699999997
7101822,2015,2016-01-14,3801,2015-12-28,1620,000809,,1,5,7,3801,0,0,0,,0,3H14C,"MISSION ST","FARRAGUT AV",0.00,,Y,A,-,N,,,,,,,,,,N,4,0,1,2,A,-,10,21950,A,N,G,B,B,A,H,-,A,D,0,Y,,,,Y,,A,01,0,0,1,0,1,0,0,0,0,"- ","- ",,,"SAN FRANCISCO","SAN FRANCISCO",-122.44938993,37.70993996
7101830,2015,2016-01-14,3801,2015-12-25,0558,455,INGLE,5,5,7,3801,0,0,0,,0,3H15E,"GENEVA AV","CARTER ST",78.00,W,N,-,-,N,,,,,,,,,,N,4,0,1,2,D,-,00,,,F,G,B,E,A,H,-,C,A,0,Y,,,,Y,,-,"- ",0,0,1,0,1,0,0,0,0,"- ","- ",,,"SAN FRANCISCO","SAN FRANCISCO",-122.42360445,37.709388830000002
7101834,2015,2016-01-14,3801,2015-12-04,1252,1950,MISSI,5,5,7,3801,0,0,0,,0,3D41C,"CHURCH ST","16TH ST",0.00,,Y,A,-,N,,,,,,,,,,N,3,0,1,2,A,-,10,21950,A,N,G,B,B,A,H,-,A,A,0,Y,,,,Y,,N,60,0,1,0,0,1,0,0,0,0,"- ","- ",,,"SAN FRANCISCO","SAN FRANCISCO",-122.42864987999999,37.764499899999997
7101844,2015,2016-01-14,3801,2015-12-21,1429,575,TENDE,1,5,7,3801,0,0,0,,0,3J41C,"TAYLOR ST","OFARRELL ST",0.00,,Y,C,-,N,,,,,,,,,,N,2,0,1,2,A,-,11,21955,,N,G,B,D,B,H,-,A,A,0,Y,,,,Y,,N,60,1,0,0,0,1,0,0,0,0,"- ","- ",,,"SAN FRANCISCO","SAN FRANCISCO",-122.41131996999999,37.786019889999999
7101850,2015,2016-01-14,3801,2015-12-20,1244,2268,CENTR,7,5,7,3801,0,0,0,,0,3A11C,"GEARY ST","KEARNY ST",0.00,,Y,C,-,N,,,,,,,,,,N,4,0,1,2,A,-,10,21950,A,F,G,B,B,B,H,-,A,A,0,Y,,,,Y,,A,01,0,0,1,0,1,0,0,0,0,"- ","- ",,,"SAN FRANCISCO","SAN FRANCISCO",-122.40350986999999,37.787949949999998
7101852,2015,2016-01-14,3801,2015-12-16,1425,001299,CENTR,3,5,7,3801,0,0,0,,0,3A1C,"CLAY ST","GRANT AV",0.00,,Y,A,-,N,,,,,,,,,,N,4,0,1,2,A,-,10,21950,A,F,G,B,B,A,H,-,A,A,0,Y,,,,Y,,A,07,0,0,1,0,1,0,0,0,0,"- ","- ",,,"SAN FRANCISCO","SAN FRANCISCO",-122.40625989999999,37.794279969999998
7101855,2015,2016-01-15,3801,2015-12-11,0640,289,,5,5,7,3801,0,0,0,,0,3E3A,"GROVE ST","VAN NESS AV",0.00,,Y,C,-,N,,,,,,,,,,N,3,0,1,2,A,-,10,21950,A,N,G,B,B,B,H,-,C,A,0,Y,,,,Y,,-,,0,1,0,0,1,0,0,0,0,"- ","- ",,,"SAN FRANCISCO","SAN FRANCISCO",-122.41995987999999,37.778249930000001
7101862,2015,2016-01-14,3801,2015-12-18,2026,2303,PARK,5,5,7,3801,0,0,0,,0,1CAR,"WILLARD ST","PARNASSUS AV",0.00,,Y,C,-,N,,,,,,,,,,N,4,0,1,2,A,-,10,21950,A,N,G,B,B,B,H,-,C,D,0,Y,,,,Y,,A,01,0,0,1,0,1,0,0,0,0,"- ","- ",,,"SAN FRANCISCO","SAN FRANCISCO",-122.45421985999999,37.764330000000001
7101863,2015,2016-01-14,3801,2015-12-09,1940,2212,INGLE,3,5,7,3801,0,0,0,,0,3H5,"MISSION ST","OTTAWA ST",0.00,,Y,A,-,N,,,,,,,,,,N,2,0,1,2,A,-,10,21950,A,N,G,B,B,A,H,-,C,D,0,Y,,,,Y,,A,07,1,0,0,0,1,0,0,0,0,"- ","- ",,,"SAN FRANCISCO","SAN FRANCISCO",-122.44372989,37.713609939999998
7101865,2015,2016-01-14,3801,2015-12-08,1311,217,CEDNT,2,5,7,3801,0,0,0,,0,3A13A,"MASON ST","BAY ST",0.00,,Y,A,-,N,,,,,,,,,,N,4,0,1,2,A,-,10,21950,A,N,G,B,B,A,H,-,A,A,0,Y,,,,Y,,-,,0,0,1,0,1,0,0,0,0,"- ","- ",,,"SAN FRANCISCO","SAN FRANCISCO",-122.41358996,37.805629979999999
7101871,2015,2016-01-14,3801,2015-12-10,1823,32,INGLE,4,5,7,3801,0,0,0,,0,00H,"PEABODY ST","VISITACION AV",0.00,,Y,A,-,N,,,,,,,,,,N,4,0,1,2,A,-,12,22450,A,N,G,B,B,B,H,-,C,D,0,Y,,,,Y,,A,01,0,0,1,0,1,0,0,0,0,"- ","- ",,,"SAN FRANCISCO","SAN FRANCISCO",-122.40702998,37.711209920000002
7101872,2015,2016-01-14,3801,2015-12-14,0955,000868,,1,5,7,3801,0,0,0,,0,4B2E,"TAYLOR ST","GEARY ST",0.00,,Y,A,-,N,,,,,,,,,,N,4,0,1,2,A,-,10,21950,A,M,G,B,B,A,H,-,A,A,0,Y,,,,Y,,I,11,0,0,1,0,1,0,0,0,0,"- ","- ",,,"SAN FRANCISCO","SAN FRANCISCO",-122.41151000000001,37.786949929999999
7101879,2015,2016-01-15,3801,2015-12-12,1220,001359,INGLE,6,5,7,3801,0,0,0,,0,3H73,"SUNNYDALE AV","SANTOS ST",370.00,W,N,A,-,N,,,,,,,,,,N,4,0,1,2,A,-,11,21954,A,N,C,B,E,A,H,-,A,D,0,Y,,,,Y,Y,N,60,0,0,1,0,1,0,0,0,0,"- ","- ",,,"SAN FRANCISCO","SAN FRANCISCO",-122.41938782,37.712789389999998
7101880,2015,2016-01-14,3801,2015-12-18,1848,1626,NORTH,5,5,7,3801,0,0,0,,0,E11D,"CLAY ST","WEBSTER ST",0.00,,Y,C,-,N,,,,,,,,,,N,4,0,1,2,A,-,10,21950,A,N,G,B,B,B,H,-,C,A,0,Y,,,,Y,,A,01,0,0,1,0,1,0,0,0,0,"- ","- ",,,"SAN FRANCISCO","SAN FRANCISCO",-122.43256999,37.790929920000004
7101906,2015,2016-02-05,3801,2015-12-10,2152,1364,NORTH,4,5,7,3801,0,0,0,,0,3E1E,"OAK ST","LAGUNA ST",0.00,,Y,C,-,N,,,,,,,,,,N,4,0,1,2,A,-,10,21950,A,N,G,B,B,B,H,-,C,A,0,Y,,,,Y,,A,01,0,0,1,0,1,0,0,0,0,"- ","- ",,,"SAN FRANCISCO","SAN FRANCISCO",-122.42587988,37.774599960000003
7110697,2015,2015-11-19,3801,2015-10-17,2353,1688,CENTR,6,5,7,3801,0,0,0,,0,3A11E,"POWELL ST","POST ST",0.00,,Y,A,-,N,,,,,,,,,,Y,4,0,1,2,A,-,11,21954,A,N,G,B,D,A,H,-,C,A,0,Y,,,Y,Y,,N,60,0,0,1,0,1,0,0,0,0,"- ","- ",,,"SAN FRANCISCO","SAN FRANCISCO",-122.40839999000001,37.788289919999997