CASE_ID,ACCIDENT_YEAR,PROC_DATE,JURIS,COLLISION_DATE,COLLISION_TIME,OFFICER_ID,REPORTING_DISTRICT,DAY_OF_WEEK,CHP_SHIFT,POPULATION,CNTY_CITY_LOC,SPECIAL_COND,BEAT_TYPE,CHP_BEAT_TYPE,CITY_DIVISION_LAPD,CHP_BEAT_CLASS,BEAT_NUMBER,PRIMARY_RD,SECONDARY_RD,DISTANCE,DIRECTION,INTERSECTION,WEATHER_1,WEATHER_2,STATE_HWY_IND,CALTRANS_COUNTY,CALTRANS_DISTRICT,STATE_ROUTE,ROUTE_SUFFIX,POSTMILE_PREFIX,POSTMILE,LOCATION_TYPE,RAMP_INTERSECTION,SIDE_OF_HWY,TOW_AWAY,COLLISION_SEVERITY,NUMBER_KILLED,NUMBER_INJURED,PARTY_COUNT,PRIMARY_COLL_FACTOR,PCF_CODE_OF_VIOL,PCF_VIOL_CATEGORY,PCF_VIOLATION,PCF_VIOL_SUBSECTION,HIT_AND_RUN,TYPE_OF_COLLISION,MVIW,PED_ACTION,ROAD_SURFACE,ROAD_COND_1,ROAD_COND_2,LIGHTING,CONTROL_DEVICE,CHP_ROAD_TYPE,PEDESTRIAN_ACCIDENT,BICYCLE_ACCIDENT,MOTORCYCLE_ACCIDENT,TRUCK_ACCIDENT,NOT_PRIVATE_PROPERTY,ALCOHOL_INVOLVED,STWD_VEHTYPE_AT_FAULT,CHP_VEHTYPE_AT_FAULT,COUNT_SEVERE_INJ,COUNT_VISIBLE_INJ,COUNT_COMPLAINT_PAIN,COUNT_PED_KILLED,COUNT_PED_INJURED,COUNT_BICYCLIST_KILLED,COUNT_BICYCLIST_INJURED,COUNT_MC_KILLED,COUNT_MC_INJURED,PRIMARY_RAMP,SECONDARY_RAMP,LATITUDE,LONGITUDE,COUNTY,CITY,POINT_X,POINT_Y
7110702,2015,2015-11-19,3801,2015-11-02,1100,001197,NORHT,1,5,7,3801,0,0,0,,0,3E60,"GROVE ST","GOUGH ST",4.00,E,N,A,-,N,,,,,,,,,,N,4,0,1,2,A,-,08,22107,,N,G,B,B,A,H,-,A,A,0,Y,,,,Y,,D,22,0,0,1,0,1,0,0,0,0,"- ","- ",,,"SAN FRANCISCO","SAN FRANCISCO",-122.42314631000001,37.777811659999998
7110705,2015,2015-11-19,3801,2015-10-02,2325,488,TENDE,5,5,7,3801,0,0,0,,0,3J12E,"MARKET ST","5TH ST",0.00,,Y,A,-,N,,,,,,,,,,N,4,0,1,2,A,-,11,21456,B,N,G,B,B,A,H,-,C,A,0,Y,,,,Y,,N,60,0,0,1,0,1,0,0,0,0,"- ","- ",,,"SAN FRANCISCO","SAN FRANCISCO",-122.40805989,37.783999919999999
7110709,2015,2015-11-19,3801,2015-10-06,1015,1312,MISIS,2,5,7,3801,0,0,0,,0,3D15A,"MISSION ST","5TH ST",150.00,N,N,A,-,N,,,,,,,,,,N,4,0,1,2,A,-,11,21954,A,N,G,B,E,A,H,-,A,A,0,Y,,,Y,Y,,N,60,0,0,1,0,1,0,0,0,0,"- ","- ",,,"SAN FRANCISCO","SAN FRANCISCO",-122.40611654999999,37.783026210000003
7110721,2015,2016-08-10,3801,2015-10-23,2227,1759,INGLE,5,5,7,3801,0,0,0,,0,3H16E,"SAN BRUNO AV","BAYSHORE AV",0.00,,Y,A,-,N,,,,,,,,,,Y,3,0,2,3,A,-,10,21950,A,F,G,B,B,A,H,-,C,A,0,Y,,,,Y,,A,01,0,1,1,0,2,0,0,0,0,"- ","- ",,,"SAN FRANCISCO","SAN FRANCISCO",-122.40317999,37.711969959999998
7110724,2015,2015-11-16,3801,2015-10-21,1845,001644,INGLE,3,5,7,3801,0,0,0,,0,3H15D,"MISSION ST","ROLPH ST",0.00,,Y,A,-,N,,,,,,,,,,N,4,0,1,2,A,-,10,21950,A,N,G,B,B,A,H,-,B,A,0,Y,,,,Y,Y,-,,0,0,1,0,1,0,0,0,0,"- ","- ",,,"SAN FRANCISCO","SAN FRANCISCO",-122.44156986,37.715789890000003
7110726,2015,2015-11-16,3801,2015-10-11,1215,132,,7,5,7,3801,0,0,0,,0,4K2H,"GERMANIA ST","FILLMORE ST",33.00,W,N,A,-,N,,,,,,,,,,N,4,0,1,2,A,-,21,22106,,N,G,B,E,A,H,-,A,D,0,Y,,,,Y,,A,01,0,0,1,0,1,0,0,0,0,"- ","- ",,,"SAN FRANCISCO","SAN FRANCISCO",-122.43027263,37.770704979999998
7110730,2015,2015-11-16,3801,2015-10-19,0830,1036,,1,5,7,3801,0,0,0,,0,,"BALBOA ST","10TH AV",0.00,,Y,A,-,N,,,,,,,,,,N,4,0,1,2,A,-,10,21950,A,N,G,B,B,A,H,-,A,A,0,Y,,,,Y,,A,07,0,0,1,0,1,0,0,0,0,"- ","- ",,,"SAN FRANCISCO","SAN FRANCISCO",-122.46830993,37.777029900000002
7110731,2015,2015-11-16,3801,2015-10-21,0914,244,NORTH,3,5,7,3801,0,0,0,,0,3E12C,"DIVISADERO ST","FULTON ST",0.00,,Y,A,-,N,,,,,,,,,,N,4,0,1,2,A,-,10,21950,A,N,G,B,B,A,H,-,A,A,0,Y,,,,Y,,A,08,0,0,1,0,1,0,0,0,0,"- ","- ",,,"SAN FRANCISCO","SAN FRANCISCO",-122.43815987000001,37.776859930000001
7110745,2015,2015-11-16,3801,2015-10-23,1216,1657,MISSI,5,5,7,3801,0,0,0,,0,3D13C,"16TH ST","VAN NESS AV",0.00,,Y,A,-,N,,,,,,,,,,N,4,0,1,2,A,-,12,21453,A,F,G,B,B,A,H,-,A,A,0,Y,,,,Y,,-,99,0,0,1,0,1,0,0,0,0,"- ","- ",,,"SAN FRANCISCO","SAN FRANCISCO",-122.41748986,37.765179910000001
7110751,2015,2015-11-16,3801,2015-10-20,2045,1301,CENTR,2,5,7,3801,0,0,0,,0,3A11E,"POST ST","POWELL ST",15.00,E,N,A,-,N,,,,,,,,,,N,4,0,1,2,A,-,12,21453,A,F,G,B,B,A,H,-,C,A,0,Y,,,,Y,,A,01,0,0,1,0,1,0,0,0,0,"- ","- ",,,"SAN FRANCISCO","SAN FRANCISCO",-122.40834871,37.788296410000001
7110753,2015,2015-11-16,3801,2015-10-29,0710,1706,INGLE,4,5,7,3801,0,0,0,,0,3H13A,"MISSION ST","PERSIA AV",0.00,,Y,A,-,N,,,,,,,,,,N,4,0,1,2,A,-,10,21950,A,N,G,B,B,A,H,-,A,A,0,Y,,,,Y,,A,07,0,0,1,0,1,0,0,0,0,"- ","- ",,,"SAN FRANCISCO","SAN FRANCISCO",-122.4359699,37.723139940000003
7110754,2015,2015-11-18,3801,2015-10-24,1421,001325,SOUTH,6,5,7,3801,0,0,0,,0,3H42C,"4TH ST","KING ST",0.00,,Y,A,-,N,,,,,,,,,,Y,4,0,1,2,A,-,01,23153,A,N,G,B,B,A,H,-,A,A,0,Y,,,,Y,Y,A,01,0,0,1,0,1,0,0,0,0,"- ","- ",,,"SAN FRANCISCO","SAN FRANCISCO",-122.39414997,37.776429980000003
7110757,2015,2016-08-10,3801,2015-10-30,0640,001210,3H,5,5,7,3801,0,0,0,,0,3G5A,"MISSION ST","SICKLES AV",0.00,,Y,A,-,N,,,,,,,,,,N,4,0,1,2,A,-,09,21453,B,N,G,B,B,A,H,-,D,A,0,Y,,,,Y,,A,07,0,0,1,0,1,0,0,0,0,"- ","- ",,,"SAN FRANCISCO","SAN FRANCISCO",-122.45275997,37.708799910000003
7110760,2015,2015-11-16,3801,2015-10-20,0950,282,CENTR,2,5,7,3801,0,0,0,,0,3A2B,"MARKET ST","3RD ST",200.00,E,N,A,-,N,,,,,,,,,,N,4,0,1,2,A,-,11,21950,B,N,G,B,D,A,H,-,A,D,0,Y,Y,,,Y,,N,60,0,0,1,0,1,0,0,0,0,"- ","- ",,,"SAN FRANCISCO","SAN FRANCISCO",-122.40295755,37.788037959999997
7110761,2015,2015-11-16,3801,2015-10-26,2242,1718,MISSI,1,5,7,3801,0,0,0,,0,3D14E,"14TH ST","TRAINOR ST",153.00,E,N,A,-,N,,,,,,,,,,Y,2,0,3,2,A,-,01,23152,A,F,G,B,F,A,H,-,C,D,0,Y,,,,Y,Y,A,01,2,1,0,0,1,0,0,0,0,"- ","- ",,,"SAN FRANCISCO","SAN FRANCISCO",-122.41402198999999,37.768621369999998
7110762,2015,2015-11-16,3801,2015-10-13,1050,1172,SOUTH,2,5,7,3801,0,0,0,,0,COB,"FOLSOM ST","3RD ST",10.00,E,N,A,-,N,,,,,,,,,,N,4,0,1,2,A,-,11,21461,5,N,G,B,B,A,H,-,A,A,0,Y,,Y,,Y,,N,60,0,0,1,0,1,0,0,0,0,"- ","- ",,,"SAN FRANCISCO","SAN FRANCISCO",-122.39893546,37.783799369999997
7110765,2015,2015-11-16,3801,2015-10-16,0941,1487,CENTR,5,5,7,3801,0,0,0,,0,4B1A,"MARKET ST","NEW MONTGOMERY ST",35.00,W,N,A,-,N,,,,,,,,,,N,3,0,1,2,C,-,18,,,N,H,B,F,A,H,-,A,A,0,Y,,,,Y,,-,"- ",0,1,0,0,1,0,0,0,0,"- ","- ",,,"SAN FRANCISCO","SAN FRANCISCO",-122.40207805999999,37.788703959999999
7110768,2015,2016-08-10,3801,2015-10-26,0705,1078,,1,5,7,3801,0,0,0,,0,,"HOWARD ST","5TH ST",0.00,,Y,A,-,N,,,,,,,,,,N,3,0,1,2,A,-,11,21954,A,F,B,B,E,A,H,-,A,A,0,Y,,,,Y,,-,,0,1,0,0,1,0,0,0,0,"- ","- ",,,"SAN FRANCISCO","SAN FRANCISCO",-122.40492992999999,37.781509960000001
7110773,2015,2015-11-16,3801,2015-10-21,0740,2375,RICHM,3,5,7,3801,0,0,0,,0,901,"FULTON ST","7TH AV",60.00,E,N,A,-,N,,,,,,,,,,N,4,0,1,2,A,-,11,21950,B,N,G,B,D,A,H,-,B,D,0,Y,,,,Y,,N,60,0,0,1,0,1,0,0,0,0,"- ","- ",,,"SAN FRANCISCO","SAN FRANCISCO",-122.46462443999999,37.773513360000003
7110775,2015,2015-11-16,3801,2015-10-23,0003,2146,NORTH,5,5,7,3801,0,0,0,,0,3E14E,"CALIFORNIA ST","FILLMORE ST",0.00,,Y,A,-,N,,,,,,,,,,N,4,0,2,3,A,-,10,21950,A,N,G,B,B,A,H,-,C,A,0,Y,,,,Y,,A,01,0,0,2,0,2,0,0,0,0,"- ","- ",,,"SAN FRANCISCO","SAN FRANCISCO",-122.43381986999999,37.788909959999998
7110779,2015,2015-11-16,3801,2015-10-21,0706,4361,MISSI,3,5,7,3801,0,0,0,,0,3D00,"18TH ST","SANCHEZ ST",0.00,,Y,A,-,N,,,,,,,,,,N,4,0,1,2,A,-,10,21950,A,N,G,B,B,A,H,-,B,A,0,Y,,,,Y,,A,01,0,0,1,0,1,0,0,0,0,"- ","- ",,,"SAN FRANCISCO","SAN FRANCISCO",-122.43057,37.76114999
7110781,2015,2015-11-16,3801,2015-10-25,2023,465,RICHM,7,5,7,3801,0,0,0,,0,3G12D,"TURK ST","ARGUELLO BL",3.00,E,N,A,-,N,,,,,,,,,,N,3,0,1,2,A,-,10,21950,A,N,G,B,B,A,H,-,C,A,0,Y,,,,Y,,A,01,0,1,0,0,1,0,0,0,0,"- ","- ",,,"SAN FRANCISCO","SAN FRANCISCO",-122.45857961999999,37.777250000000002
7110783,2015,2015-11-16,3801,2015-10-21,2055,1876,,3,5,7,3801,0,0,0,,0,3E12D,"GEARY BL","LAGUNA ST",0.00,,Y,A,-,N,,,,,,,,,,N,3,0,1,2,A,-,10,21950,A,N,D,B,B,A,H,-,C,A,0,Y,,,,Y,,-,,0,1,0,0,1,0,0,0,0,"- ","- ",,,"SAN FRANCISCO","SAN FRANCISCO",-122.42799999,37.785039920000003
7110790,2015,2015-11-16,3801,2015-10-20,0709,132,PARK,2,5,7,3801,0,0,0,,0,4B5F,"ASHBURY ST","HAYES ST",0.00,,Y,A,-,N,,,,,,,,,,N,4,0,1,2,A,-,10,21950,A,N,G,B,B,A,H,-,A,A,0,Y,,,,Y,,A,01,0,0,1,0,1,0,0,0,0,"- ","- ",,,"SAN FRANCISCO","SAN FRANCISCO",-122.44769989,37.773739929999998
7110792,2015,2015-11-16,3801,2015-10-22,2140,1427,J,4,5,7,3801,0,0,0,,0,12E,"6TH ST","STEVENSON ALY",65.00,S,N,A,-,N,,,,,,,,,,N,4,0,1,2,A,-,11,21950,B,N,G,B,D,A,H,-,C,D,0,Y,,,,Y,,N,60,0,0,1,0,1,0,0,0,0,"- ","- ",,,"SAN FRANCISCO","SAN FRANCISCO",-122.40951033,37.781644200000002
7110793,2015,2015-11-16,3801,2015-10-25,1130,1682,TARAV,7,5,7,3801,0,0,0,,0,3I60,"17TH ST","STANYAN ST",0.00,,Y,-,-,N,,,,,,,,,,N,3,0,1,2,D,-,00,,,N,-,-,-,-,-,-,-,-,0,Y,,,,Y,,-,"- ",0,1,0,0,1,0,0,0,0,"- ","- ",,,"SAN FRANCISCO","SAN FRANCISCO",-122.45192987999999,37.761469929999997
7110801,2015,2015-11-14,3801,2015-10-01,0620,2362,COJ,4,5,7,3801,0,0,0,,0,3J3A,"STOCKTON ST","CLAY ST",0.00,,Y,A,-,N,,,,,,,,,,N,4,0,1,2,A,-,12,21453,A,F,G,B,B,A,H,-,C,A,0,Y,Y,,,Y,,L,04,0,0,1,0,1,0,0,0,0,"- ","- ",,,"SAN FRANCISCO","SAN FRANCISCO",-122.40784995,37.794069999999998
7110805,2015,2015-11-14,3801,2015-10-02,0825,4230,PARK,5,5,7,3801,0,0,0,,0,3F13A,"OAK ST","BAKER ST",10.00,E,N,A,-,N,,,,,,,,,,N,3,0,1,2,A,-,10,21950,A,N,G,B,B,A,H,-,A,A,0,Y,,,,Y,,A,01,0,1,0,0,1,0,0,0,0,"- ","- ",,,"SAN FRANCISCO","SAN FRANCISCO",-122.44072581,37.772704269999998
7110806,2015,2015-11-14,3801,2015-10-28,0140,1836,3A14E,3,5,7,3801,0,0,0,,0,03A,"SUTTER ST","TAYLOR ST",0.00,,Y,A,-,N,,,,,,,,,,N,2,0,1,3,C,-,18,,,N,G,B,D,A,H,-,C,D,0,Y,,,,Y,Y,-,"- ",1,0,0,0,1,0,0,0,0,"- ","- ",,,"SAN FRANCISCO","SAN FRANCISCO",-122.41187988999999,37.788809980000003
7110808,2015,2015-11-14,3801,2015-10-27,0945,001175,,2,5,7,3801,0,0,0,,0,4M101,"BAY ST","TAYLOR ST",60.00,W,N,B,-,N,,,,,,,,,,N,4,0,1,2,A,-,00,20001,A,F,G,B,E,A,H,-,A,D,0,Y,,,,Y,,A,01,0,0,1,0,1,0,0,0,0,"- ","- ",,,"SAN FRANCISCO","SAN FRANCISCO",-122.41545546,37.805385620000003
7110809,2015,2015-11-14,3801,2015-10-29,2135,2330,TARAV,4,5,7,3801,0,0,0,,0,6CAR,"OCEAN AV","LEE AV",0.00,,Y,A,-,N,,,,,,,,,,N,4,0,1,2,A,-,10,21950,A,N,G,B,B,A,H,-,C,A,0,Y,,,,Y,,A,01,0,0,1,0,1,0,0,0,0,"- ","- ",,,"SAN FRANCISCO","SAN FRANCISCO",-122.45409986999999,37.723489950000001
7110811,2015,2015-11-14,3801,2015-10-29,1839,617,,4,5,7,3801,0,0,0,,0,3H16D,"GUERRERO ST","28TH ST",0.00,,Y,A,-,N,,,,,,,,,,N,3,0,2,2,A,-,10,21950,A,N,D,I,B,A,H,-,C,D,0,Y,,Y,,Y,,C,02,0,1,1,0,1,0,0,0,1,"- ","- ",,,"SAN FRANCISCO","SAN FRANCISCO",-122.42231990000001,37.745579960000001
7110818,2015,2015-11-14,3801,2015-10-30,1433,002239,TENDE,5,5,7,3801,0,0,0,,0,3J53C,"4TH ST","STEVENSON ST",99.00,S,N,A,-,N,,,,,,,,,,N,3,0,1,2,A,-,11,21956,,N,G,B,D,A,H,-,A,D,0,Y,,,,Y,,N,60,0,1,0,0,1,0,0,0,0,"- ","- ",,,"SAN FRANCISCO","SAN FRANCISCO",-122.40495367,37.785093060000001
7110825,2015,2015-11-14,3801,2015-10-30,0917,004361,MISSI,5,5,7,3801,0,0,0,,0,3E14A,"DIVISION ST","BRANNAN ST",0.00,,Y,A,-,N,,,,,,,,,,N,4,0,1,2,A,-,10,21950,A,N,G,B,B,A,H,-,A,A,0,Y,,,,Y,,A,01,0,0,1,0,1,0,0,0,0,"- ","- ",,,"SAN FRANCISCO","SAN FRANCISCO",-122.40788000000001,37.769219900000003
7110830,2015,2015-11-14,3801,2015-11-01,2212,1524,TENDE,7,5,7,3801,0,0,0,,0,3J15D,"ELLIS ST","JONES ST",0.00,,Y,C,-,N,,,,,,,,,,N,4,0,1,2,A,-,10,21950,A,N,G,B,B,B,H,-,C,A,0,Y,,,,Y,,A,01,0,0,1,0,1,0,0,0,0,"- ","- ",,,"SAN FRANCISCO","SAN FRANCISCO",-122.41277993,37.78489999
7110835,2015,2015-11-14,3801,2015-10-26,2202,2112,NORTH,1,5,7,3801,0,0,0,,0,3E11E,"PAGE ST","DIVISADERO ST",1000.00,W,N,A,-,N,,,,,,,,,,N,3,0,1,2,A,-,11,21954,A,N,B,B,E,A,H,-,C,D,0,Y,,,,Y,,N,60,0,1,0,0,1,0,0,0,0,"- ","- ",,,"SAN FRANCISCO","SAN FRANCISCO",-122.44064604,37.771770609999997
7110837,2015,2016-01-11,3801,2015-10-29,1620,1126,,4,5,7,3801,0,0,0,,0,3A11D,"SUTTER ST","MASON ST",0.00,,Y,A,-,N,,,,,,,,,,N,4,0,1,2,A,-,11,21955,,N,G,B,D,A,H,-,A,A,0,Y,,,,Y,,N,60,0,0,1,0,1,0,0,0,0,"- ","- ",,,"SAN FRANCISCO","SAN FRANCISCO",-122.41021987000001,37.78900994
7110842,2015,2015-11-16,3801,2015-10-05,0958,94,NORTH,1,5,7,3801,0,0,0,,0,3E4A,"CALIFORNIA ST","PIERCE ST",0.00,,Y,A,-,N,,,,,,,,,,N,4,0,1,2,A,-,10,21950,A,N,G,B,B,A,H,-,A,A,0,Y,,,,Y,,-,,0,0,1,0,1,0,0,0,0,"- ","- ",,,"SAN FRANCISCO","SAN FRANCISCO",-122.43712997,37.788499940000001
7110854,2015,2015-11-16,3801,2015-10-16,1143,4360,BAYVI,5,5,7,3801,0,0,0,,0,002,"BAYSHORE BL","BAYSHORE BL 221",0.00,,Y,A,-,N,,,,,,,,,,N,2,0,1,2,A,-,17,21712,A,F,H,B,E,A,H,-,A,D,0,Y,,,,Y,,A,01,1,0,0,0,1,0,0,0,0,"- ","- ",,,"SAN FRANCISCO","SAN FRANCISCO",-122.40434825,37.744533400000002
7110856,2015,2015-11-16,3801,2015-10-07,0903,1934,BAYVI,3,5,7,3801,0,0,0,,0,1CAR,"PENNSYLVANIA AV","18TH ST",34.00,N,N,A,-,N,,,,,,,,,,N,4,0,1,2,D,-,00,,,N,G,B,E,A,H,-,A,D,0,Y,,,,Y,,-,"- ",0,0,1,0,1,0,0,0,0,"- ","- ",,,"SAN FRANCISCO","SAN FRANCISCO",-122.39363595,37.762853280000002
7110865,2015,2016-08-08,3801,2015-10-02,1555,2293,SOUTH,5,5,7,3801,0,0,0,,0,3B1C,"MISSION ST","6TH ST",0.00,,Y,A,-,N,,,,,,,,,,,4,0,1,2,A,-,09,21800,A,N,G,B,B,A,H,-,A,A,0,Y,,,,Y,,-,,0,0,1,0,1,0,0,0,0,"- ","- ",,,"SAN FRANCISCO","SAN FRANCISCO",-122.40868999,37.78097992
7110866,2015,2015-11-16,3801,2015-10-15,1641,575,BAYVI,4,5,7,3801,0,0,0,,0,3C14D,"JAMESTOWN AV","3RD ST",160.00,E,N,B,-,N,,,,,,,,,,N,2,0,1,4,A,-,11,21955,,N,G,B,D,A,H,-,A,A,0,Y,,,,Y,,N,60,1,0,0,0,1,0,0,0,0,"- ","- ",,,"SAN FRANCISCO","SAN FRANCISCO",-122.39624922,37.720016870000002
7110872,2015,2015-11-16,3801,2015-10-08,1658,964,NORTH,4,5,7,3801,0,0,0,,0,3E17D,"DIVISADERO ST","FELL ST",0.00,,Y,A,-,N,,,,,,,,,,N,4,0,1,2,A,-,10,21950,A,N,G,B,B,A,H,-,B,A,0,Y,,,,Y,,A,01,0,0,1,0,1,0,0,0,0,"- ","- ",,,"SAN FRANCISCO","SAN FRANCISCO",-122.43759986000001,37.774059899999997
7110887,2015,2015-11-18,3801,2015-10-12,1638,1306,COA,1,5,7,3801,0,0,0,,0,3A15D,"BROADWAY ST","FRONT ST",0.00,,Y,A,F,N,,,,,,,,,,N,4,0,1,2,A,-,10,21950,A,N,G,B,B,A,H,-,A,A,0,Y,,,,Y,,A,01,0,0,1,0,1,0,0,0,0,"- ","- ",,,"SAN FRANCISCO","SAN FRANCISCO",-122.39985986000001,37.798739980000001
7110888,2015,2015-11-19,3801,2015-10-10,1430,2260,NORTH,6,5,7,3801,0,0,0,,0,4CAR,"PINE ST","STEINER ST",100.00,W,N,A,-,N,,,,,,,,,,N,4,0,1,2,A,-,21,22106,,N,G,B,E,A,H,-,A,D,0,Y,,,,Y,,A,01,0,0,1,0,1,0,0,0,0,"- ","- ",,,"SAN FRANCISCO","SAN FRANCISCO",-122.43563174000001,37.787706239999999
7110891,2015,2015-11-19,3801,2015-10-11,1915,004264,BAYVI,7,5,7,3801,0,0,0,,0,3C12D,"HUDSON AV",SELBY,162.00,W,N,A,-,N,,,,,,,,,,N,4,0,1,2,A,-,11,21956,,N,G,B,E,A,H,-,C,D,0,Y,,,,Y,,N,60,0,0,1,0,1,0,0,0,0,"- ","- ",,,"SAN FRANCISCO","SAN FRANCISCO",-122.39623715,37.744558290000001
7110895,2015,2015-11-19,3801,2015-10-12,1750,2147,TARAV,1,5,7,3801,0,0,0,,0,3I12D,"TARAVAL ST","22ND AV",0.00,,Y,A,-,N,,,,,,,,,,N,3,0,1,2,A,-,10,21950,A,N,G,B,B,A,H,-,A,D,0,Y,,,,Y,,A,01,0,1,0,0,1,0,0,0,0,"- ","- ",,,"SAN FRANCISCO","SAN FRANCISCO",-122.47890993999999,37.742909930000003
7110900,2015,2015-11-19,3801,2015-10-10,0010,1480,MISSI,6,5,7,3801,0,0,0,,0,3D13E,"S VAN NESS AV","21ST ST",82.00,S,N,A,-,N,,,,,,,,,,N,3,0,1,2,A,-,11,21954,A,N,G,B,D,A,H,-,C,D,0,Y,,,,Y,Y,N,60,0,1,0,0,1,0,0,0,0,"- ","- ",,,"SAN FRANCISCO","SAN FRANCISCO",-122.4167274,37.75693545
7110911,2015,2015-11-18,3801,2015-10-09,0635,2297,BAYVI,5,5,7,3801,0,0,0,,0,004,"SAN BRUNO AV","PAUL AV",0.00,,Y,A,-,N,,,,,,,,,,N,4,0,1,2,A,-,10,21950,A,N,B,B,B,A,H,-,A,A,0,Y,,,,Y,,A,01,0,0,1,0,1,0,0,0,0,"- ","- ",,,"SAN FRANCISCO","SAN FRANCISCO",-122.40204992,37.723919899999999
7110921,2015,2015-11-16,3801,2015-10-02,1918,1301,CENTR,5,5,7,3801,0,0,0,,0,004,"WASHINGTON ST","ROSS ALY",2.00,E,N,A,-,N,,,,,,,,,,N,4,0,1,2,A,-,11,21956,,N,G,B,D,A,H,-,C,D,0,Y,,,,Y,,N,60,0,0,1,0,1,0,0,0,0,"- ","- ",,,"SAN FRANCISCO","SAN FRANCISCO",-122.40727312999999,37.795070709999997
7110923,2015,2015-11-16,3801,2015-10-02,2208,155,SOUTH,5,5,7,3801,0,0,0,,0,002,"NEW MONTGOMERY ST","MINNA ST",0.00,,Y,A,-,N,,,,,,,,,,Y,4,0,1,2,A,-,10,21954,B,F,G,B,E,A,H,-,C,A,0,Y,,,,Y,Y,A,01,0,0,1,0,1,0,0,0,0,"- ","- ",,,"SAN FRANCISCO","SAN FRANCISCO",-122.39998996,37.787029889999999
7110932,2015,2015-11-16,3801,2015-10-02,1630,4310,MISSI,5,5,7,3801,0,0,0,,0,5CAR,"18TH ST","FOLSOM ST",0.00,,Y,A,-,N,,,,,,,,,,N,4,0,1,2,A,-,11,21955,,N,G,B,D,A,H,-,A,A,0,Y,,Y,,Y,,N,60,0,0,1,0,1,0,0,0,0,"- ","- ",,,"SAN FRANCISCO","SAN FRANCISCO",-122.41498989999999,37.762099890000002
7110935,2015,2015-11-16,3801,2015-10-10,1510,2299,CENTR,6,5,7,3801,0,0,0,,0,3A14D,PACIFIC,"COLUMBUS AV",93.00,W,N,A,-,N,,,,,,,,,,N,2,0,1,2,A,-,11,21954,A,N,G,B,D,A,H,-,A,D,0,Y,,,,Y,,N,60,1,0,0,0,1,0,0,0,0,"- ","- ",,,"SAN FRANCISCO","SAN FRANCISCO",-122.40570957,37.79702889
7110938,2015,2015-11-16,3801,2015-10-06,1212,646,SOUTH,2,5,7,3801,0,0,0,,0,004,"9TH ST","FOLSOM ST",0.00,,Y,A,-,N,,,,,,,,,,N,3,0,1,2,A,-,10,21950,A,N,G,B,B,A,H,-,A,A,0,Y,,,,Y,,A,01,0,1,0,0,1,0,0,0,0,"- ","- ",,,"SAN FRANCISCO","SAN FRANCISCO",-122.41160992,37.773769889999997
7110941,2015,2015-11-16,3801,2015-10-06,1357,1117,CENTR,2,5,7,3801,0,0,0,,0,3A14A,"PACIFIC AV","GRANT AV",0.00,,Y,A,-,N,,,,,,,,,,N,4,0,1,2,A,-,10,21950,A,N,G,B,D,A,H,-,A,A,0,Y,,,,Y,,A,01,0,0,1,0,1,0,0,0,0,"- ","- ",,,"SAN FRANCISCO","SAN FRANCISCO",-122.40680998000001,37.796919920000001
7110945,2015,2015-11-16,3801,2015-10-06,2100,2299,CENTR,2,5,7,3801,0,0,0,,0,3A14E,UNION,GRANT,100.00,W,N,A,-,N,,,,,,,,,,N,3,0,1,2,A,-,11,21954,A,N,G,B,D,A,H,-,C,D,0,Y,,,,Y,Y,N,60,0,1,0,0,1,0,0,0,0,"- ","- ",,,"SAN FRANCISCO","SAN FRANCISCO",-122.40794164,37.800585480000002
7110947,2015,2015-11-16,3801,2015-10-05,1605,133,CENTR,1,5,7,3801,0,0,0,,0,3A3D,"JEFFERSON ST","TAYLOR ST",110.00,E,N,A,-,N,,,,,,,,,,N,3,0,1,2,A,-,11,21956,,N,G,B,D,A,H,-,A,A,0,Y,,,,Y,,N,60,0,1,0,0,1,0,0,0,0,"- ","- ",,,"SAN FRANCISCO","SAN FRANCISCO",-122.41541241,37.808269629999998
7110948,2015,2015-11-16,3801,2015-10-05,1526,1626,NORHT,1,5,7,3801,0,0,0,,0,3E12C,"FILLMORE ST","BROADWAY ST",0.00,,Y,A,-,N,,,,,,,,,,N,4,0,1,2,A,-,10,21950,A,N,G,B,B,A,H,-,A,A,0,Y,,,,Y,,A,07,0,0,1,0,1,0,0,0,0,"- ","- ",,,"SAN FRANCISCO","SAN FRANCISCO",-122.43489988,37.794279950000004
7110952,2015,2015-11-16,3801,2015-10-04,0527,1836,3A13E,7,5,7,3801,0,0,0,,0,03A,"HYDE ST","BUSH ST",0.00,,Y,A,-,N,,,,,,,,,,N,4,0,1,2,A,-,10,21950,A,N,G,B,B,A,H,-,C,A,0,Y,,,,Y,,A,01,0,0,1,0,1,0,0,0,0,"- ","- ",,,"SAN FRANCISCO","SAN FRANCISCO",-122.41700991,37.789119900000003
7110959,2015,2015-11-16,3801,2015-10-04,1805,1925,NORTH,7,5,7,3801,0,0,0,,0,3E12D,"LAGUNA ST","MCALLISTER ST",0.00,,Y,A,-,N,,,,,,,,,,N,4,0,1,2,A,-,10,21950,A,N,G,B,B,A,H,-,A,A,0,Y,,,,Y,,A,07,0,0,1,0,1,0,0,0,0,"- ","- ",,,"SAN FRANCISCO","SAN FRANCISCO",-122.42681999,37.779259979999999
7156241,2015,2016-01-19,3801,2015-12-07,1118,4036,BAYVI,1,5,7,3801,0,0,0,,0,SECTOR,"BAY SHORE BL","CORTLAND AV",6.00,N,N,B,-,N,,,,,,,,,,N,4,0,1,2,A,-,10,21950,A,N,G,B,B,A,H,-,A,A,0,Y,,,,Y,,I,11,0,0,1,0,1,0,0,0,0,"- ","- ",,,"SAN FRANCISCO","SAN FRANCISCO",-122.40698788,37.739596400000003