CASE_ID,ACCIDENT_YEAR,PROC_DATE,JURIS,COLLISION_DATE,COLLISION_TIME,OFFICER_ID,REPORTING_DISTRICT,DAY_OF_WEEK,CHP_SHIFT,POPULATION,CNTY_CITY_LOC,SPECIAL_COND,BEAT_TYPE,CHP_BEAT_TYPE,CITY_DIVISION_LAPD,CHP_BEAT_CLASS,BEAT_NUMBER,PRIMARY_RD,SECONDARY_RD,DISTANCE,DIRECTION,INTERSECTION,WEATHER_1,WEATHER_2,STATE_HWY_IND,CALTRANS_COUNTY,CALTRANS_DISTRICT,STATE_ROUTE,ROUTE_SUFFIX,POSTMILE_PREFIX,POSTMILE,LOCATION_TYPE,RAMP_INTERSECTION,SIDE_OF_HWY,TOW_AWAY,COLLISION_SEVERITY,NUMBER_KILLED,NUMBER_INJURED,PARTY_COUNT,PRIMARY_COLL_FACTOR,PCF_CODE_OF_VIOL,PCF_VIOL_CATEGORY,PCF_VIOLATION,PCF_VIOL_SUBSECTION,HIT_AND_RUN,TYPE_OF_COLLISION,MVIW,PED_ACTION,ROAD_SURFACE,ROAD_COND_1,ROAD_COND_2,LIGHTING,CONTROL_DEVICE,CHP_ROAD_TYPE,PEDESTRIAN_ACCIDENT,BICYCLE_ACCIDENT,MOTORCYCLE_ACCIDENT,TRUCK_ACCIDENT,NOT_PRIVATE_PROPERTY,ALCOHOL_INVOLVED,STWD_VEHTYPE_AT_FAULT,CHP_VEHTYPE_AT_FAULT,COUNT_SEVERE_INJ,COUNT_VISIBLE_INJ,COUNT_COMPLAINT_PAIN,COUNT_PED_KILLED,COUNT_PED_INJURED,COUNT_BICYCLIST_KILLED,COUNT_BICYCLIST_INJURED,COUNT_MC_KILLED,COUNT_MC_INJURED,PRIMARY_RAMP,SECONDARY_RAMP,LATITUDE,LONGITUDE,COUNTY,CITY,POINT_X,POINT_Y
7157762,2015,2016-01-25,3801,2015-12-04,2205,004290,,5,5,7,3801,0,0,0,,0,3G13D,"CLEMENT ST","5TH AV",0.00,,Y,A,-,N,,,,,,,,,,N,4,0,1,2,A,-,21,22106,,F,G,B,B,A,H,-,C,A,0,Y,,,,Y,,A,01,0,0,1,0,1,0,0,0,0,"- ","- ",,,"SAN FRANCISCO","SAN FRANCISCO",-122.46335999,37.782989929999999
7157765,2015,2016-01-20,3801,2015-11-22,1229,002047,CENTR,7,5,7,3801,0,0,0,,0,4B5A,"SUTTER ST","LEAVENWORTH ST",11.00,W,N,A,-,N,,,,,,,,,,N,3,0,1,2,A,-,10,21950,A,N,G,B,B,A,H,-,A,A,0,Y,,,,Y,,I,11,0,1,0,0,1,0,0,0,0,"- ","- ",,,"SAN FRANCISCO","SAN FRANCISCO",-122.41521763,37.788375379999998
7157773,2015,2016-01-20,3801,2015-11-19,1623,001994,BAYVI,4,5,7,3801,0,0,0,,0,4B3B,"PAUL AV","SAN BRUNO AV",5.00,E,N,A,-,N,,,,,,,,,,N,3,0,1,2,A,-,10,21950,A,F,G,B,B,A,H,-,A,A,0,Y,,,,Y,Y,D,22,0,1,0,0,1,0,0,0,0,"- ","- ",,,"SAN FRANCISCO","SAN FRANCISCO",-122.4020333,37.723916420000002
7157806,2015,2016-01-19,3801,2015-12-17,1540,912,CENTR,4,5,7,3801,0,0,0,,0,3A30,"WASHINGTON ST","WAVERLY PL",0.00,,Y,B,-,N,,,,,,,,,,N,3,0,2,3,A,-,05,21650,,N,G,B,D,A,H,-,A,D,0,Y,Y,,,Y,,L,04,0,1,1,0,2,0,0,0,0,"- ","- ",,,"SAN FRANCISCO","SAN FRANCISCO",-122.40698996,37.795099950000001
7157807,2015,2016-01-19,3801,2015-12-10,1835,2105,NORTH,4,5,7,3801,0,0,0,,0,3E12D,"SUTTER ST","WEBSTER ST",0.00,,Y,C,-,N,,,,,,,,,,N,3,0,1,2,A,-,10,21950,A,N,G,B,F,B,H,-,C,A,0,Y,,,,Y,,A,07,0,1,0,0,1,0,0,0,0,"- ","- ",,,"SAN FRANCISCO","SAN FRANCISCO",-122.43161986,37.786299980000003
7157811,2015,2016-01-19,3801,2015-12-04,1750,1530,CENTR,5,5,7,3801,0,0,0,,0,3A60,"LARKIN ST","BUSH ST",0.00,,Y,A,-,N,,,,,,,,,,N,4,0,1,2,A,-,10,21950,A,N,G,B,B,A,H,-,C,A,0,Y,,,,Y,,A,01,0,0,1,0,1,0,0,0,0,"- ","- ",,,"SAN FRANCISCO","SAN FRANCISCO",-122.41866992999999,37.788899950000001
7157812,2015,2016-01-20,3801,2015-12-07,1841,1537,MISSI,1,5,7,3801,0,0,0,,0,3D3D,"S VAN NESS AV","21ST ST",9.00,S,N,A,-,N,,,,,,,,,,N,3,0,1,2,A,-,10,21950,A,N,G,B,B,A,H,-,C,A,0,Y,,,,Y,,A,01,0,1,0,0,1,0,0,0,0,"- ","- ",,,"SAN FRANCISCO","SAN FRANCISCO",-122.41674752,37.757135349999999
7157815,2015,2016-01-19,3801,2015-12-04,1721,004259,BAYVI,5,5,7,3801,0,0,0,,0,3C15D,"WILLIAMS AV","APOLLO ST",0.00,,Y,A,-,N,,,,,,,,,,N,4,0,1,2,A,-,10,21950,A,N,G,B,B,A,H,-,C,D,0,Y,,,,Y,,-,,0,0,1,0,1,0,0,0,0,"- ","- ",,,"SAN FRANCISCO","SAN FRANCISCO",-122.3989799,37.730169940000003
7157820,2015,2016-01-20,3801,2015-12-08,2213,1784,MISSI,2,5,7,3801,0,0,0,,0,3D15E,"MISSION ST","14TH ST",0.00,,Y,A,-,N,,,,,,,,,,N,3,0,1,2,A,-,11,21954,A,F,B,-,E,A,H,-,C,A,0,Y,,,,Y,,N,60,0,1,0,0,1,0,0,0,0,"- ","- ",,,"SAN FRANCISCO","SAN FRANCISCO",-122.41996989,37.768289969999998
7157827,2015,2016-01-19,3801,2015-12-04,1549,001523,NORTH,5,5,7,3801,0,0,0,,0,6CAR,"POLK ST","CALIFORNIA ST",0.00,,Y,A,-,N,,,,,,,,,,N,4,0,1,5,A,-,10,21950,A,N,G,G,B,A,H,-,A,A,0,Y,Y,,,Y,,A,01,0,0,1,0,0,0,1,0,0,"- ","- ",,,"SAN FRANCISCO","SAN FRANCISCO",-122.42067992,37.790569959999999
7157828,2015,2016-01-20,3801,2015-12-09,0827,001588,12091,3,5,7,3801,0,0,0,,0,3A15A,"MARKET ST","3RD ST",0.00,,Y,B,-,N,,,,,,,,,,N,3,0,1,2,A,-,11,21955,,N,D,B,D,B,H,-,A,A,0,Y,,,,Y,,N,60,0,1,0,0,1,0,0,0,0,"- ","- ",,,"SAN FRANCISCO","SAN FRANCISCO",-122.40345987000001,37.78765989
7157832,2015,2016-01-20,3801,2015-12-09,1621,1108,SOUTH,3,5,7,3801,0,0,0,,0,4CAR,"FOLSOM ST","10TH ST",0.00,,Y,A,-,N,,,,,,,,,,N,4,0,1,2,A,-,10,21950,A,N,G,B,B,A,H,-,A,A,0,Y,,,,Y,,A,01,0,0,1,0,1,0,0,0,0,"- ","- ",,,"SAN FRANCISCO","SAN FRANCISCO",-122.41281991,37.772819910000003
7157835,2015,2016-01-19,3801,2015-12-09,1932,1622,NORTH,3,5,7,3801,0,0,0,,0,3E11D,"FELL ST","GOUGH ST",7.00,E,N,B,-,N,,,,,,,,,,N,4,0,1,2,A,-,10,21950,A,N,G,B,B,A,H,-,C,A,0,Y,,,,Y,,A,01,0,0,1,0,1,0,0,0,0,"- ","- ",,,"SAN FRANCISCO","SAN FRANCISCO",-122.42275622,37.775943660000003
7157883,2015,2016-01-29,3801,2015-12-02,1348,001994,CENTR,3,5,7,3801,0,0,0,,0,4B3B,CALIFORNIA,"JONES ST",60.00,W,N,A,-,N,,,,,,,,,,N,4,0,1,2,A,-,11,21954,A,N,B,B,E,A,H,-,A,D,0,Y,,,,Y,,N,60,0,0,1,0,1,0,0,0,0,"- ","- ",,,"SAN FRANCISCO","SAN FRANCISCO",-122.41431505,37.791393749999997
7157896,2015,2016-01-29,3801,2015-12-15,0834,004119,BAYVI,2,5,7,3801,0,0,0,,0,4B5C,"HUDSON AV","FRIEDELL ST",127.00,E,N,A,F,N,,,,,,,,,,N,3,0,1,2,B,-,22,,,N,G,B,E,A,D,-,A,D,0,Y,,,,Y,,N,60,0,1,0,0,1,0,0,0,0,"- ","- ",,,"SAN FRANCISCO","SAN FRANCISCO",-122.36877367,37.728985969999997
7157900,2015,2016-01-29,3801,2015-12-16,0905,1053,TARAV,3,5,7,3801,0,0,0,,0,3I13A,"10TH AV","ORTEGA ST",144.00,S,N,A,-,N,,,,,,,,,,N,4,0,1,3,A,-,03,22350,,F,B,E,E,A,H,-,A,D,0,Y,,,,Y,,A,01,0,0,1,0,1,0,0,0,0,"- ","- ",,,"SAN FRANCISCO","SAN FRANCISCO",-122.46657089999999,37.752415079999999
7157903,2015,2016-01-29,3801,2015-12-10,0701,1572,,4,5,7,3801,0,0,0,,0,,"BRYANT ST","MAIN ST",0.00,,Y,B,-,N,,,,,,,,,,N,4,0,1,2,A,-,10,21950,A,N,B,B,B,B,H,-,C,A,0,Y,,,,Y,,D,22,0,0,1,0,1,0,0,0,0,"- ","- ",,,"SAN FRANCISCO","SAN FRANCISCO",-122.38874993,37.786939940000003
7157904,2015,2016-01-29,3801,2015-12-11,0640,001918,TARAV,5,5,7,3801,0,0,0,,0,3I16A,"SAN JOSE AV","GOETHE ST",0.00,,Y,C,-,N,,,,,,,,,,N,4,0,1,2,A,-,03,22350,,N,G,B,B,B,H,-,C,D,0,Y,,,,Y,,E,22,0,0,1,0,1,0,0,0,0,"- ","- ",,,"SAN FRANCISCO","SAN FRANCISCO",-122.45884989,37.708439920000004
7157908,2015,2016-01-29,3801,2015-12-21,1726,1626,NORTH,1,5,7,3801,0,0,0,,0,3E13D,"OCTAVIA ST","FELL ST",0.00,,Y,C,-,N,,,,,,,,,,N,4,0,1,2,A,-,10,21950,A,N,G,B,B,B,E,-,C,A,0,Y,,,,Y,,I,11,0,0,1,0,1,0,0,0,0,"- ","- ",,,"SAN FRANCISCO","SAN FRANCISCO",-122.42447987,37.775719960000004
7157911,2015,2016-01-29,3801,2015-12-17,1656,1530,CENTR,4,5,7,3801,0,0,0,,0,3A12D,"SUTTER ST","KEARNY ST",16.00,W,N,A,-,N,,,,,,,,,,N,4,0,1,2,A,-,11,21456,B,N,G,B,B,A,H,-,C,A,0,Y,,,,Y,,N,60,0,0,1,0,1,0,0,0,0,"- ","- ",,,"SAN FRANCISCO","SAN FRANCISCO",-122.40389464,37.789822809999997
7157916,2015,2016-01-29,3801,2015-12-16,1809,002174,12162,3,5,7,3801,0,0,0,,0,1809,"BACON ST","GIRARD ST",0.00,,Y,A,-,N,,,,,,,,,,N,2,0,1,2,A,-,10,21950,A,N,G,B,B,A,H,-,C,A,0,Y,,,,Y,Y,D,22,1,0,0,0,1,0,0,0,0,"- ","- ",,,"SAN FRANCISCO","SAN FRANCISCO",-122.40458996,37.727379970000001
7173204,2016,2016-02-10,3801,2016-01-22,1443,1109,INGLE,5,5,7,3801,0,0,0,,0,3H2C,"BOCANA ST","ELLERT ST",92.00,N,N,C,-,N,,,,,,,,,,N,4,0,1,2,A,-,15,26453,,N,G,B,E,B,H,-,A,D,0,Y,,,,Y,,A,01,0,0,1,0,1,0,0,0,0,"- ","- ",,,"SAN FRANCISCO","SAN FRANCISCO",-122.41892821,37.738766269999999
7173208,2016,2016-02-10,3801,2016-01-19,0942,152,SOUTH,2,5,7,3801,0,0,0,,0,901,"5TH ST","FOLSOM ST",0.00,,Y,C,-,N,,,,,,,,,,N,4,0,1,2,A,-,10,21950,A,N,G,B,B,B,H,-,A,A,0,Y,,,,Y,,I,09,0,0,1,0,1,0,0,0,0,"- ","- ",,,"SAN FRANCISCO","SAN FRANCISCO",-122.40339985999999,37.780269969999999
7173212,2016,2016-02-10,3801,2016-01-19,1907,004319,901,2,5,7,3801,0,0,0,,0,MISSIO,"VALENCIA ST","CESAR CHAVEZ ST",0.00,,Y,A,-,N,,,,,,,,,,N,4,0,1,2,A,-,10,21950,A,N,G,B,B,A,H,-,C,A,0,Y,,,,Y,,A,01,0,0,1,0,1,0,0,0,0,"- ","- ",,,"SAN FRANCISCO","SAN FRANCISCO",-122.42024995,37.748119950000003
7173216,2016,2016-02-10,3801,2016-01-14,1320,000251,RICHM,4,5,7,3801,0,0,0,,0,3G61,"GEARY BL","25TH AV",15.00,W,N,B,C,N,,,,,,,,,,N,3,0,1,2,A,-,11,21956,,N,G,B,E,B,H,-,A,D,0,Y,,,,Y,,N,60,0,1,0,0,1,0,0,0,0,"- ","- ",,,"SAN FRANCISCO","SAN FRANCISCO",-122.48479179,37.780157080000002
7173228,2016,2016-02-10,3801,2016-01-19,0714,1572,,2,5,7,3801,0,0,0,,0,,"2ND ST","TOWNSEND ST",0.00,,Y,C,-,N,,,,,,,,,,N,4,0,1,2,A,-,11,21953,,N,B,B,B,B,H,-,C,A,0,Y,,,,Y,,A,01,0,0,1,0,1,0,0,0,0,"- ","- ",,,"SAN FRANCISCO","SAN FRANCISCO",-122.39051993,37.780619989999998
7173244,2016,2016-02-10,3801,2016-01-17,2330,2108,NORTH,7,5,7,3801,0,0,0,,0,3E11D,"DIVISADERO ST","OAK ST",0.00,,Y,-,-,N,,,,,,,,,,N,2,0,1,2,A,-,10,21950,A,F,G,B,B,-,H,-,C,A,0,Y,,,,Y,,-,99,1,0,0,0,1,0,0,0,0,"- ","- ",,,"SAN FRANCISCO","SAN FRANCISCO",-122.43742994999999,37.773139929999999
7173248,2016,2016-02-11,3801,2016-01-20,1935,1810,MISSI,3,5,7,3801,0,0,0,,0,3D4D,"CESAR CHAVEZ ST","MISSION ST",0.00,,Y,A,-,N,,,,,,,,,,N,4,0,1,2,A,-,03,22350,,N,G,B,B,A,H,-,C,A,0,Y,,,,Y,Y,A,01,0,0,1,0,1,0,0,0,0,"- ","- ",,,"SAN FRANCISCO","SAN FRANCISCO",-122.41814991,37.748179919999998
7173256,2016,2016-02-11,3801,2016-01-23,1651,001240,MISSI,6,5,7,3801,0,0,0,,0,3D14D,"TREAT AV","24TH ST",108.00,N,N,A,-,N,,,,,,,,,,N,4,0,1,2,A,-,21,22106,,N,G,B,E,A,H,-,A,D,0,Y,,,,Y,Y,A,01,0,0,1,0,1,0,0,0,0,"- ","- ",,,"SAN FRANCISCO","SAN FRANCISCO",-122.41301863,37.752865819999997
7173264,2016,2016-02-11,3801,2016-01-20,1630,2039,SOUTH,3,5,7,3801,0,0,0,,0,003,"9TH ST","BRANNAN ST",0.00,,Y,F,-,N,,,,,,,,,,N,4,0,1,2,D,-,00,,,N,G,B,F,A,H,-,C,D,0,Y,,,,Y,,-,"- ",0,0,1,0,1,0,0,0,0,"- ","- ",,,"SAN FRANCISCO","SAN FRANCISCO",-122.40698998000001,37.770059930000002
7173268,2016,2016-02-11,3801,2016-01-21,0725,2138,SOUTH,4,5,7,3801,0,0,0,,0,3B14A,"MINNA ST","7TH ST",0.00,,Y,A,-,N,,,,,,,,,,,4,0,1,2,A,-,03,22350,,F,G,B,E,A,H,-,A,D,0,Y,,,,Y,,A,07,0,0,1,0,1,0,0,0,0,"- ","- ",,,"SAN FRANCISCO","SAN FRANCISCO",-122.41037994,37.778789959999997
7173271,2016,2016-02-11,3801,2016-01-23,0620,000251,RICHM,6,5,7,3801,0,0,0,,0,3G61,"FULTON ST","PARK PRESIDIO BL",0.00,,Y,B,-,N,,,,,,,,,,N,4,0,1,2,D,-,00,,,N,G,B,D,A,H,-,C,A,0,Y,,,,Y,,-,"- ",0,0,1,0,1,0,0,0,0,"- ","- ",,,"SAN FRANCISCO","SAN FRANCISCO",-122.47177991,37.773129959999999
7173387,2016,2016-02-12,3801,2016-01-28,1833,004291,,4,5,7,3801,0,0,0,,0,,"LOUISBURG ST","NIAGARA AV",0.00,,Y,A,-,N,,,,,,,,,,N,4,0,1,2,A,-,10,21950,A,N,G,B,B,A,H,-,C,A,0,Y,,,,Y,,A,01,0,0,1,0,1,0,0,0,0,"- ","- ",,,"SAN FRANCISCO","SAN FRANCISCO",-122.45010988999999,37.720469960000003
7173395,2016,2016-02-12,3801,2016-01-28,0838,30,NORTH,4,5,7,3801,0,0,0,,0,3E1A,"FELL ST","GOUGH ST",0.00,,Y,A,-,N,,,,,,,,,,,4,0,1,2,A,-,"- ",,,N,G,B,B,A,H,-,A,A,0,Y,,,,Y,,-,,0,0,1,0,1,0,0,0,0,"- ","- ",,,"SAN FRANCISCO","SAN FRANCISCO",-122.42277993,37.775939919999999
7173396,2016,2016-02-12,3801,2016-01-28,0650,004361,MISSI,4,5,7,3801,0,0,0,,0,3D14A,"24TH ST","FOLSOM ST",0.00,,Y,A,-,N,,,,,,,,,,N,4,0,1,2,A,-,10,21950,A,N,G,B,B,A,H,-,B,A,0,Y,,,,Y,,A,01,0,0,1,0,1,0,0,0,0,"- ","- ",,,"SAN FRANCISCO","SAN FRANCISCO",-122.41408991,37.7525099
7173399,2016,2016-02-12,3801,2016-01-19,2036,2286,PARK,2,5,7,3801,0,0,0,,0,4B8F,"FELL ST","CLAYTON ST",0.00,,Y,B,-,N,,,,,,,,,,Y,2,0,1,2,A,-,11,21456,B,N,G,B,D,A,H,-,C,A,0,Y,,,,Y,,N,60,1,0,0,0,1,0,0,0,0,"- ","- ",,,"SAN FRANCISCO","SAN FRANCISCO",-122.44916997,37.772579970000002
7173400,2016,2016-02-12,3801,2016-01-24,1435,2310,NORTH,7,5,7,3801,0,0,0,,0,3E41B,"POST ST","LAGUNA ST",9.00,E,N,A,-,N,,,,,,,,,,N,4,0,1,2,A,-,10,21950,A,N,G,B,B,A,H,-,A,A,0,Y,,,,Y,,A,01,0,0,1,0,1,0,0,0,0,"- ","- ",,,"SAN FRANCISCO","SAN FRANCISCO",-122.4281292,37.785803700000002
7173404,2016,2016-02-12,3801,2016-01-24,1240,2260,NORTH,7,5,7,3801,0,0,0,,0,4CAR,"POST ST","LAGUNA ST",6.00,W,N,A,-,N,,,,,,,,,,N,4,0,1,2,A,-,10,21950,A,N,G,B,B,A,H,-,A,A,0,Y,,,,Y,,A,01,0,0,1,0,1,0,0,0,0,"- ","- ",,,"SAN FRANCISCO","SAN FRANCISCO",-122.42818045,37.78579714
7173419,2016,2016-02-08,3801,2016-01-06,0908,2316,SOUTH,3,5,7,3801,0,0,0,,0,3B14A,"OTIS ST","OTIS ST 170",0.00,,N,B,-,N,,,,,,,,,,N,4,0,1,2,A,-,08,22107,,F,G,B,F,B,H,-,A,D,0,Y,,,,Y,,A,01,0,0,1,0,1,0,0,0,0,"- ","- ",,,"SAN FRANCISCO","SAN FRANCISCO",-122.42025912,37.770915449999997
7173427,2016,2016-02-08,3801,2016-01-06,2216,125,"CO B",3,5,7,3801,0,0,0,,0,3B11D,"FOLSOM ST",EMBARCADERO,0.00,,Y,B,C,N,,,,,,,,,,N,3,0,1,2,A,-,10,21950,A,N,G,B,B,B,H,-,C,A,0,Y,,,,Y,,A,01,0,1,0,0,1,0,0,0,0,"- ","- ",,,"SAN FRANCISCO","SAN FRANCISCO",-122.38992333,37.790934450000002
7173482,2016,2016-02-11,3801,2016-01-20,0645,2482,,3,5,7,3801,0,0,0,,0,3I16A,"JUNIPERO SERRA BL","HOLLOWAY AV",0.00,,Y,B,-,N,,,,,,,,,,N,4,0,1,2,A,-,10,21950,A,N,G,B,B,A,H,-,A,A,0,Y,,,,Y,,A,01,0,0,1,0,1,0,0,0,0,"- ","- ",,,"SAN FRANCISCO","SAN FRANCISCO",-122.4726699,37.721569889999998
7173485,2016,2016-02-11,3801,2016-01-06,0503,2214,,3,5,7,3801,0,0,0,,0,3E12E,"WEBSTER ST","EDDY ST",13.00,S,N,C,-,N,,,,,,,,,,N,3,0,1,2,A,-,10,21950,A,N,G,B,B,B,-,-,C,A,0,Y,,,,Y,,A,01,0,1,0,0,1,0,0,0,0,"- ","- ",,,"SAN FRANCISCO","SAN FRANCISCO",-122.43066317,37.781584700000003
7173486,2016,2016-02-11,3801,2016-01-24,1702,720,,7,5,7,3801,0,0,0,,0,1702,"MISSION ST","OLIVER ST",0.00,,Y,A,-,N,,,,,,,,,,N,4,0,2,3,A,-,10,21950,A,N,G,B,B,A,H,-,A,D,0,Y,,,,Y,,A,07,0,0,2,0,2,0,0,0,0,"- ","- ",,,"SAN FRANCISCO","SAN FRANCISCO",-122.45051989,37.70955
7173488,2016,2016-02-10,3801,2016-01-12,1713,00751,,2,5,7,3801,0,0,0,,0,3A46D,"MONTGOMERY ST","SUTTER ST",5.00,S,N,A,-,N,,,,,,,,,,N,4,0,1,2,A,-,11,21456,B,F,G,B,B,A,H,-,B,A,0,Y,,,,Y,,N,60,0,0,1,0,1,0,0,0,0,"- ","- ",,,"SAN FRANCISCO","SAN FRANCISCO",-122.40216734000001,37.789996430000002
7173491,2016,2016-02-10,3801,2016-01-10,1442,480,COD,7,5,7,3801,0,0,0,,0,3D13D,"18TH ST","BRYANT ST",5.00,N,N,A,-,N,,,,,,,,,,N,3,0,1,2,A,-,10,21950,A,N,G,B,B,A,H,-,A,A,0,Y,,,,Y,,A,01,0,1,0,0,1,0,0,0,0,"- ","- ",,,"SAN FRANCISCO","SAN FRANCISCO",-122.41013276,37.761751189999998
7173493,2016,2017-02-09,3801,2016-01-07,0735,000316,,4,5,7,3801,0,0,0,,0,3E15A,"RICHARDSON AV","FRANCISCO ST",0.00,,Y,B,-,Y,SF,4,101,-,-,8.016,I,5,N,N,3,0,1,2,A,-,10,21950,A,N,G,B,B,B,H,-,A,A,0,Y,,,,Y,,A,01,0,1,0,0,1,0,0,0,0,"- ","- ",,,"SAN FRANCISCO","SAN FRANCISCO",-122.44710643000001,37.800427499999998
7173496,2016,2016-02-10,3801,2016-01-04,1927,52,,1,5,7,3801,0,0,0,,0,0B4,"MISSION ST","9TH ST",0.00,,Y,B,C,N,,,,,,,,,,N,4,0,1,2,A,-,10,21950,A,N,G,J,B,B,H,-,C,A,0,Y,,,,Y,,A,01,0,0,1,0,1,0,0,0,0,"- ","- ",,,"SAN FRANCISCO","SAN FRANCISCO",-122.41471988000001,37.776239930000003
7173499,2016,2016-08-24,3801,2016-01-20,1754,000878,,3,5,7,3801,0,0,0,,0,,"FOLSOM ST","EMBARCADERO SOUTH ST",0.00,,Y,A,-,N,,,,,,,,,,N,4,0,1,2,A,-,17,21663,,F,B,B,F,A,H,-,C,D,0,Y,,,,Y,,-,,0,0,1,0,1,0,0,0,0,"- ","- ",,,"SAN FRANCISCO","SAN FRANCISCO",-122.39017724999999,37.790750750000001
7173500,2016,2016-02-10,3801,2016-01-03,1505,000242,COJ,7,5,7,3801,0,0,0,,0,,"EDDY ST","MASON ST",13.00,E,N,B,-,N,,,,,,,,,,N,4,0,1,2,A,-,10,21950,A,N,G,B,B,A,H,-,A,A,0,Y,,,,Y,,A,01,0,0,1,0,1,0,0,0,0,"- ","- ",,,"SAN FRANCISCO","SAN FRANCISCO",-122.40925578,37.78438663
7173504,2016,2016-02-10,3801,2016-01-05,1843,1126,,2,5,7,3801,0,0,0,,0,3A1D,"JONES ST","PINE ST",0.00,,Y,A,-,N,,,,,,,,,,N,4,0,1,2,A,-,10,21950,A,N,G,B,B,A,H,-,C,A,0,Y,,,,Y,,-,,0,0,1,0,1,0,0,0,0,"- ","- ",,,"SAN FRANCISCO","SAN FRANCISCO",-122.41389991,37.790459910000003
7173509,2016,2016-02-11,3801,2016-01-25,1000,893,COA,1,5,7,3801,0,0,0,,0,3A12B,"CLAY ST","WALTER U LUM PL",0.00,,Y,A,-,N,,,,,,,,,,N,4,0,1,2,A,-,11,21954,A,N,G,B,D,A,H,-,-,D,0,Y,,,,Y,,N,60,0,0,1,0,1,0,0,0,0,"- ","- ",,,"SAN FRANCISCO","SAN FRANCISCO",-122.40564989000001,37.794359960000001
7173512,2016,2016-02-10,3801,2016-01-05,1945,001752,,2,5,7,3801,0,0,0,,0,A14D,"FRONT ST","JACKSON ST",2.00,N,N,C,-,N,,,,,,,,,,N,4,0,1,2,A,-,10,21950,A,N,G,B,B,B,H,-,C,A,0,Y,,,,Y,,A,07,0,0,1,0,1,0,0,0,0,"- ","- ",,,"SAN FRANCISCO","SAN FRANCISCO",-122.39948102,37.796945430000001
7173515,2016,2016-02-10,3801,2016-01-10,1140,002200,,7,5,7,3801,0,0,0,,0,,"MARKET ST","HYDE ST",0.00,,Y,A,-,N,,,,,,,,,,N,4,0,1,2,D,-,00,,,N,G,B,B,A,H,-,A,A,0,Y,,,,Y,,-,"- ",0,0,1,0,1,0,0,0,0,"- ","- ",,,"SAN FRANCISCO","SAN FRANCISCO",-122.41475996,37.778709880000001
7173516,2016,2016-02-10,3801,2016-01-04,0830,000358,COD,1,5,7,3801,0,0,0,,0,3D15D,"13TH ST","VAN NESS AV",0.00,,Y,A,-,N,,,,,,,,,,N,3,0,1,2,A,-,10,21950,A,F,G,B,B,A,H,-,A,A,0,Y,,,,Y,,A,01,0,1,0,0,1,0,0,0,0,"- ","- ",,,"SAN FRANCISCO","SAN FRANCISCO",-122.41776996,37.769719979999998
7173519,2016,2016-02-10,3801,2016-01-10,1645,912,,7,5,7,3801,0,0,0,,0,3C13D,"CAMBRIDGE ST","SILVER AV",226.00,N,N,A,-,N,,,,,,,,,,Y,3,0,1,5,A,-,21,22106,,N,C,J,E,A,H,-,B,D,0,Y,,,,Y,,A,01,0,1,0,0,1,0,0,0,0,"- ","- ",,,"SAN FRANCISCO","SAN FRANCISCO",-122.41945128,37.729658460000003
7173522,2016,2016-02-08,3801,2016-01-16,0934,2337,,6,5,7,3801,0,0,0,,0,3H3A,"MISSION ST","ALLISON ST",0.00,,Y,C,-,N,,,,,,,,,,N,4,0,1,2,A,-,"- ",,,N,G,B,-,B,H,-,A,A,0,Y,,,,Y,,N,60,0,0,1,0,1,0,0,0,0,"- ","- ",,,"SAN FRANCISCO","SAN FRANCISCO",-122.44264990000001,37.714609889999998
7173528,2016,2016-02-09,3801,2016-01-17,2319,002101,,7,5,7,3801,0,0,0,,0,3D15E,"HARRISON ST","15TH ST",0.00,,Y,B,C,N,,,,,,,,,,N,4,0,1,2,A,-,10,21950,A,F,G,B,B,B,H,-,C,D,0,Y,,,,Y,,A,01,0,0,1,0,1,0,0,0,0,"- ","- ",,,"SAN FRANCISCO","SAN FRANCISCO",-122.41326997,37.76704994
7173530,2016,2016-02-08,3801,2016-01-15,1530,002393,,5,5,7,3801,0,0,0,,0,3A4D,"THE EMBARCADERO","PIER 33",36.00,S,N,A,-,N,,,,,,,,,,N,4,0,1,2,A,-,03,22350,,N,G,B,E,A,H,-,A,D,0,Y,,,,Y,,A,01,0,0,1,0,1,0,0,0,0,"- ","- ",,,"SAN FRANCISCO","SAN FRANCISCO",-122.40510369,37.806418360000002
7173536,2016,2016-02-08,3801,2016-01-18,1447,2060,,1,5,7,3801,0,0,0,,0,002,"4TH ST","HOWARD ST",0.00,,Y,A,B,N,,,,,,,,,,N,4,0,1,2,A,-,11,21453,D,N,D,B,-,A,H,-,A,A,0,Y,,,,Y,,N,60,0,0,1,0,1,0,0,0,0,"- ","- ",,,"SAN FRANCISCO","SAN FRANCISCO",-122.40269997999999,37.783269939999997
7173546,2015,2016-02-09,3801,2015-11-03,0805,001714,COE,2,5,7,3801,0,0,0,,0,4B6E,"SACRAMENTO ST","FILLMORE ST",0.00,,Y,A,-,N,,,,,,,,,,N,4,0,2,3,A,-,10,21950,A,N,G,B,B,A,H,-,A,A,0,Y,,,,Y,,A,01,0,0,2,0,2,0,0,0,0,"- ","- ",,,"SAN FRANCISCO","SAN FRANCISCO",-122.43400989,37.789839970000003