CASE_ID,ACCIDENT_YEAR,PROC_DATE,JURIS,COLLISION_DATE,COLLISION_TIME,OFFICER_ID,REPORTING_DISTRICT,DAY_OF_WEEK,CHP_SHIFT,POPULATION,CNTY_CITY_LOC,SPECIAL_COND,BEAT_TYPE,CHP_BEAT_TYPE,CITY_DIVISION_LAPD,CHP_BEAT_CLASS,BEAT_NUMBER,PRIMARY_RD,SECONDARY_RD,DISTANCE,DIRECTION,INTERSECTION,WEATHER_1,WEATHER_2,STATE_HWY_IND,CALTRANS_COUNTY,CALTRANS_DISTRICT,STATE_ROUTE,ROUTE_SUFFIX,POSTMILE_PREFIX,POSTMILE,LOCATION_TYPE,RAMP_INTERSECTION,SIDE_OF_HWY,TOW_AWAY,COLLISION_SEVERITY,NUMBER_KILLED,NUMBER_INJURED,PARTY_COUNT,PRIMARY_COLL_FACTOR,PCF_CODE_OF_VIOL,PCF_VIOL_CATEGORY,PCF_VIOLATION,PCF_VIOL_SUBSECTION,HIT_AND_RUN,TYPE_OF_COLLISION,MVIW,PED_ACTION,ROAD_SURFACE,ROAD_COND_1,ROAD_COND_2,LIGHTING,CONTROL_DEVICE,CHP_ROAD_TYPE,PEDESTRIAN_ACCIDENT,BICYCLE_ACCIDENT,MOTORCYCLE_ACCIDENT,TRUCK_ACCIDENT,NOT_PRIVATE_PROPERTY,ALCOHOL_INVOLVED,STWD_VEHTYPE_AT_FAULT,CHP_VEHTYPE_AT_FAULT,COUNT_SEVERE_INJ,COUNT_VISIBLE_INJ,COUNT_COMPLAINT_PAIN,COUNT_PED_KILLED,COUNT_PED_INJURED,COUNT_BICYCLIST_KILLED,COUNT_BICYCLIST_INJURED,COUNT_MC_KILLED,COUNT_MC_INJURED,PRIMARY_RAMP,SECONDARY_RAMP,LATITUDE,LONGITUDE,COUNTY,CITY,POINT_X,POINT_Y
7173548,2016,2016-02-08,3801,2016-01-12,1120,004335,,2,5,7,3801,0,0,0,,0,901,"MISSION ST","24TH ST",140.00,N,N,A,-,N,,,,,,,,,,N,4,0,1,2,A,-,17,21655,,F,G,B,D,A,H,-,A,D,0,Y,,,,Y,,N,60,0,0,1,0,1,0,0,0,0,"- ","- ",,,"SAN FRANCISCO","SAN FRANCISCO",-122.41851612000001,37.75264404
7173551,2016,2016-02-12,3801,2016-01-15,1610,1511,BAYVI,5,5,7,3801,0,0,0,,0,3C15D,"3RD ST","WILLIAMS AV",0.00,,Y,A,-,N,,,,,,,,,,,3,0,1,2,A,-,10,21950,A,F,G,B,B,A,H,-,A,A,0,Y,,,,Y,,-,,0,1,0,0,1,0,0,0,0,"- ","- ",,,"SAN FRANCISCO","SAN FRANCISCO",-122.39272999000001,37.72927
7173554,2016,2016-02-09,3801,2016-01-03,0113,2039,SOUTH,7,5,7,3801,0,0,0,,0,004,"10TH ST","HARRISON ST",0.00,,Y,A,-,N,,,,,,,,,,N,3,0,1,2,A,-,11,21954,A,N,G,B,D,A,H,-,C,A,0,Y,,,,Y,Y,N,60,0,1,0,0,1,0,0,0,0,"- ","- ",,,"SAN FRANCISCO","SAN FRANCISCO",-122.41124993,37.771599960000003
7173558,2015,2016-02-09,3801,2015-12-03,1825,877,PARK,4,5,7,3801,0,0,0,,0,3F13D,"TURK ST","ROSELYN TER",0.00,,Y,A,-,N,,,,,,,,,,N,2,0,1,2,A,-,10,21950,A,N,G,B,B,B,H,-,C,D,0,Y,,,,Y,,A,01,1,0,0,0,1,0,0,0,0,"- ","- ",,,"SAN FRANCISCO","SAN FRANCISCO",-122.44977996,37.778259920000004
7173575,2016,2016-02-12,3801,2016-01-25,1515,2260,NORTH,1,5,7,3801,0,0,0,,0,5CAR,"BAY ST","VAN NESS AV",6.00,E,N,A,-,N,,,,,,,,,,N,3,0,1,2,A,-,11,21453,D,N,G,B,B,A,H,-,A,A,0,Y,,,,Y,,N,60,0,1,0,0,1,0,0,0,0,"- ","- ",,,"SAN FRANCISCO","SAN FRANCISCO",-122.42512951,37.804132729999999
7173576,2016,2016-02-09,3801,2016-01-14,1807,004302,,4,5,7,3801,0,0,0,,0,3C11D,"3RD ST","20TH ST",0.00,,Y,C,-,N,,,,,,,,,,N,3,0,1,2,A,-,11,21453,D,N,G,B,B,B,H,-,C,A,0,Y,,,,Y,,N,60,0,1,0,0,1,0,0,0,0,"- ","- ",,,"SAN FRANCISCO","SAN FRANCISCO",-122.38866992,37.760459910000002
7173584,2016,2016-02-09,3801,2016-01-19,1815,001837,,2,5,7,3801,0,0,0,,0,3C12D,"CARROLL AV","PHELPS ST",0.00,,Y,A,-,N,,,,,,,,,,N,2,0,1,2,A,-,12,22450,A,F,D,B,B,A,H,-,A,A,0,Y,,,,Y,,A,07,1,0,0,0,1,0,0,0,0,"- ","- ",,,"SAN FRANCISCO","SAN FRANCISCO",-122.40085999999999,37.729189920000003
7173587,2016,2016-02-12,3801,2016-01-25,1841,004264,BAYVI,1,5,7,3801,0,0,0,,0,3C12D,"WILLIAMS AV","APOLLO ST",26.00,S,N,A,-,N,,,,,,,,,,Y,2,0,2,3,A,-,01,23152,A,F,G,B,B,A,H,-,C,D,0,Y,,,,Y,Y,A,01,1,0,1,0,2,0,0,0,0,"- ","- ",,,"SAN FRANCISCO","SAN FRANCISCO",-122.39889149,37.73015736
7173590,2015,2016-02-09,3801,2015-12-20,1245,004119,BAYVI,7,5,7,3801,0,0,0,,0,4B5C,"LANE ST","PALOU AV",27.00,S,N,A,-,N,,,,,,,,,,N,4,0,2,4,A,-,08,22107,,N,B,B,E,A,H,-,A,D,0,Y,,,,Y,,A,01,0,0,2,0,2,0,0,0,0,"- ","- ",,,"SAN FRANCISCO","SAN FRANCISCO",-122.38908393,37.732869440000002
7173592,2016,2016-02-09,3801,2016-01-13,1620,2002,,3,5,7,3801,0,0,0,,0,3I13B,"LINCOLN WY","36TH AV",0.00,,Y,A,-,N,,,,,,,,,,N,4,0,1,2,A,-,"- ",,,N,G,B,E,A,H,-,A,A,0,Y,,,,Y,,N,60,0,0,1,0,1,0,0,0,0,"- ","- ",,,"SAN FRANCISCO","SAN FRANCISCO",-122.4955099,37.764649939999998
7173599,2016,2016-02-12,3801,2016-01-14,1905,1016,"CO E",4,5,7,3801,0,0,0,,0,3D21D,"PINE ST",BUCHANAN,0.00,,Y,C,-,N,,,,,,,,,,N,4,0,1,2,A,-,10,21950,A,N,B,B,B,B,G,-,C,A,0,Y,,,,Y,,-,,0,0,1,0,1,0,0,0,0,"- ","- ",,,"SAN FRANCISCO","SAN FRANCISCO",-122.43034998,37.788369889999998
7173600,2016,2016-08-24,3801,2016-01-15,1835,001160,3G13D,5,5,7,3801,0,0,0,,0,901,"3RD AV","CLEMENT ST",0.00,,Y,A,-,N,,,,,,,,,,N,3,0,1,2,A,-,10,21950,A,N,G,B,B,A,H,-,C,D,0,Y,,,,Y,,A,01,0,1,0,0,1,0,0,0,0,"- ","- ",,,"SAN FRANCISCO","SAN FRANCISCO",-122.4612099,37.78308998
7173602,2016,2016-02-11,3801,2016-01-09,1837,181,,6,5,7,3801,0,0,0,,0,3801,"O'FARRELL ST","JONES ST",0.00,,Y,A,-,N,,,,,,,,,,Y,4,0,1,2,A,-,11,21955,,F,A,B,E,-,A,-,C,A,0,Y,,,,Y,Y,N,60,0,0,1,0,1,0,0,0,0,"- ","- ",,,"SAN FRANCISCO","SAN FRANCISCO",-122.41296991,37.785799969999999
7173604,2016,2016-02-12,3801,2016-01-22,0659,4055,,5,5,7,3801,0,0,0,,0,,"LOMBARD ST","LYONS ST",0.00,,Y,C,-,N,,,,,,,,,,N,4,0,1,2,A,-,03,22350,,N,G,B,B,B,H,-,B,A,0,Y,,,,Y,,-,,0,0,1,0,1,0,0,0,0,"- ","- ",,,"SAN FRANCISCO","SAN FRANCISCO",-122.44732988,37.798469959999998
7173605,2016,2016-02-08,3801,2016-01-07,1819,1420,,4,5,7,3801,0,0,0,,0,4B107,"SAN JOSE AV","RICE ST",5.00,S,N,A,-,N,,,,,,,,,,N,4,0,1,2,A,-,10,21950,A,N,D,B,B,A,H,-,C,D,0,Y,,,,Y,,A,01,0,0,1,0,1,0,0,0,0,"- ","- ",,,"SAN FRANCISCO","SAN FRANCISCO",-122.45827121000001,37.708979550000002
7173607,2016,2016-02-12,3801,2016-01-06,1500,2302,,3,5,7,3801,0,0,0,,0,005,"FULTON ST","40TH AV",0.00,,Y,B,-,N,,,,,,,,,,N,3,0,1,3,A,-,11,21950,B,N,A,B,B,B,H,-,A,D,0,Y,,,,Y,,N,60,0,1,0,0,1,0,0,0,0,"- ","- ",,,"SAN FRANCISCO","SAN FRANCISCO",-122.50028996,37.771829949999997
7173613,2016,2016-02-08,3801,2016-01-13,1827,1994,,3,5,7,3801,0,0,0,,0,4CAR,"HOWARD ST","7TH ST",5.00,W,N,A,-,N,,,,,,,,,,N,3,0,1,2,A,-,10,21950,A,N,G,B,B,A,H,-,C,A,0,Y,,,,Y,Y,A,01,0,1,0,0,1,0,0,0,0,"- ","- ",,,"SAN FRANCISCO","SAN FRANCISCO",-122.40941201,37.777970109999998
7173615,2016,2016-02-12,3801,2016-01-08,0140,004297,,5,5,7,3801,0,0,0,,0,3D11E,"VALENCIA ST","15TH ST",14.00,S,N,A,-,N,,,,,,,,,,N,4,0,1,2,A,-,10,21950,A,N,G,B,B,A,H,-,C,A,0,Y,,,,Y,,A,01,0,0,1,0,1,0,0,0,0,"- ","- ",,,"SAN FRANCISCO","SAN FRANCISCO",-122.42202617,37.76649166
7173618,2016,2016-02-11,3801,2016-01-09,2123,1094,,6,5,7,3801,0,0,0,,0,,"IRVING ST","11TH AV",0.00,,Y,A,-,N,,,,,,,,,,N,4,0,1,2,A,-,10,21950,A,F,G,B,B,B,H,-,C,D,0,Y,,,,Y,,A,01,0,0,1,0,1,0,0,0,0,"- ","- ",,,"SAN FRANCISCO","SAN FRANCISCO",-122.46846997999999,37.763959890000002
7173619,2016,2016-02-12,3801,2016-01-05,1730,4084,,2,5,7,3801,0,0,0,,0,4B81,"FUNSTON AV",LURLINE,7.40,S,N,A,-,N,,,,,,,,,,N,3,0,1,3,A,-,03,22350,,N,B,B,E,B,C,E,C,A,0,Y,,,,Y,,A,01,0,1,0,0,1,0,0,0,0,"- ","- ",,,"SAN FRANCISCO","SAN FRANCISCO",-122.47027863,37.759229699999999
7173620,2016,2016-02-12,3801,2016-01-22,2233,00658,,5,5,7,3801,0,0,0,,0,3D15E,"GUERRERO ST","CESAR CHAVEZ ST",14.00,N,N,C,-,N,,,,,,,,,,N,4,0,1,2,A,-,10,21950,A,N,G,B,B,B,H,-,C,A,0,Y,,,,Y,,I,11,0,0,1,0,1,0,0,0,0,"- ","- ",,,"SAN FRANCISCO","SAN FRANCISCO",-122.42248447999999,37.748058299999997
7173622,2016,2016-02-12,3801,2016-01-09,1051,004305,,6,5,7,3801,0,0,0,,0,3D16A,"FOLSOM ST","16TH ST",0.00,,Y,B,-,N,,,,,,,,,,N,4,0,1,2,A,-,11,21456,B,N,B,B,B,A,H,-,A,A,0,Y,,,,Y,,N,60,0,0,1,0,1,0,0,0,0,"- ","- ",,,"SAN FRANCISCO","SAN FRANCISCO",-122.41529991,37.765309930000001
7173624,2016,2016-02-12,3801,2016-01-22,2151,1265,3D,5,5,7,3801,0,0,0,,0,3D11E,"DOLORES ST","16TH ST",0.00,,Y,C,-,N,,,,,,,,,,N,4,0,1,2,A,-,10,21950,A,N,G,B,B,B,H,-,C,A,0,Y,,,,Y,,D,22,0,0,1,0,1,0,0,0,0,"- ","- ",,,"SAN FRANCISCO","SAN FRANCISCO",-122.42644,37.764639979999998
7173625,2016,2016-02-11,3801,2016-01-19,0836,000845,,2,5,7,3801,0,0,0,,0,4B2C,"MARKET ST","NEW MONTGOMERY",0.00,,Y,C,-,N,,,,,,,,,,N,4,0,1,2,A,-,11,21456,B,N,G,B,-,B,-,-,A,A,0,Y,,,,Y,,N,60,0,0,1,0,1,0,0,0,0,"- ","- ",,,"SAN FRANCISCO","SAN FRANCISCO",-122.40198992000001,37.788769899999998
7173627,2016,2016-02-12,3801,2016-01-18,1146,1931,,1,5,7,3801,0,0,0,,0,3E00,"JACKSON ST","FRANKLIN ST",0.00,,Y,C,-,N,,,,,,,,,,N,4,0,1,2,A,-,10,21950,A,F,B,B,B,B,H,-,C,A,0,Y,,,,Y,,-,,0,0,1,0,1,0,0,0,0,"- ","- ",,,"SAN FRANCISCO","SAN FRANCISCO",-122.42467988999999,37.79372996
7173628,2016,2016-02-12,3801,2016-01-22,0340,00652,,5,5,7,3801,0,0,0,,0,003,"KIRKHAM ST","38TH AV",0.00,,Y,C,-,N,,,,,,,,,,N,4,0,1,2,A,-,11,21954,A,N,G,B,E,B,H,-,C,D,0,Y,,,,Y,,N,60,0,0,1,0,1,0,0,0,0,"- ","- ",,,"SAN FRANCISCO","SAN FRANCISCO",-122.49721993999999,37.758949940000001
7173629,2016,2016-02-11,3801,2016-01-16,0005,1871,,6,5,7,3801,0,0,0,,0,,"FITCH ST","QUESADA AV",30.00,S,N,F,-,N,,,,,,,,,,N,4,0,1,3,A,-,05,21650,,F,B,E,E,-,G,-,-,D,0,Y,,,,Y,,A,01,0,0,1,0,1,0,0,0,0,"- ","- ",,,"SAN FRANCISCO","SAN FRANCISCO",-122.37846454,37.725845470000003
7173630,2016,2016-02-12,3801,2016-01-21,0650,4223,,4,5,7,3801,0,0,0,,0,3H4A,"JUDSON AV","GENNESSEE ST",0.00,,Y,A,-,N,,,,,,,,,,N,4,0,1,2,A,-,10,21950,A,N,B,B,B,A,H,-,B,A,0,Y,,,,Y,,A,07,0,0,1,0,1,0,0,0,0,"- ","- ",,,"SAN FRANCISCO","SAN FRANCISCO",-122.45120992,37.728349999999999
7173632,2016,2016-02-12,3801,2016-01-22,2250,1230,,5,5,7,3801,0,0,0,,0,3A13D,"BAY ST","TAYLOR ST",0.00,,Y,B,-,N,,,,,,,,,,N,4,0,1,2,A,-,10,21950,A,N,G,B,B,B,H,-,C,A,0,Y,,,,Y,,A,01,0,0,1,0,1,0,0,0,0,"- ","- ",,,"SAN FRANCISCO","SAN FRANCISCO",-122.41524991,37.805409969999999
7173635,2016,2016-02-12,3801,2016-01-07,2223,1883,,4,5,7,3801,0,0,0,,0,,"BUSH ST","MASON ST",40.00,E,N,A,-,N,,,,,,,,,,Y,4,0,1,2,A,-,11,21955,,N,G,B,D,A,H,-,C,A,0,Y,,,,Y,,N,60,0,0,1,0,1,0,0,0,0,"- ","- ",,,"SAN FRANCISCO","SAN FRANCISCO",-122.41029330000001,37.78997751
7173638,2015,2016-02-12,3801,2015-01-06,1712,1292,,2,5,7,3801,0,0,0,,0,3E13D,"VAN NESS AV","FELL ST",0.00,,Y,C,-,N,,,,,,,,,,N,4,0,1,2,A,-,11,21954,A,N,G,B,D,B,H,-,C,A,0,Y,,,,Y,,I,09,0,0,1,0,1,0,0,0,0,"- ","- ",,,"SAN FRANCISCO","SAN FRANCISCO",-122.4195,37.776379990000002
7173639,2016,2016-02-12,3801,2016-01-18,0210,002380,,1,5,7,3801,0,0,0,,0,3B13E,"FOLSOM ST","8TH ST",74.00,E,N,C,-,N,,,,,,,,,,N,4,0,1,2,A,-,21,22106,,N,G,B,E,B,H,-,C,A,0,Y,,,,Y,Y,A,01,0,0,1,0,1,0,0,0,0,"- ","- ",,,"SAN FRANCISCO","SAN FRANCISCO",-122.40987079,37.775135229999997
7173687,2016,2016-02-10,3801,2016-01-08,1901,2078,NORTH,5,5,7,3801,0,0,0,,0,3E12D,"GOUGH ST","SUTTER ST",0.00,,Y,A,-,N,,,,,,,,,,N,4,0,1,2,A,-,10,21950,A,N,G,B,B,A,H,-,C,A,0,Y,,,,Y,,A,01,0,0,1,0,1,0,0,0,0,"- ","- ",,,"SAN FRANCISCO","SAN FRANCISCO",-122.42503999,37.787139940000003
7173689,2016,2016-02-11,3801,2016-01-31,2157,621,INGLE,7,5,7,3801,0,0,0,,0,03H,"GENEVA AV","CAYUGA AV",0.00,,Y,A,-,N,,,,,,,,,,N,3,0,1,2,A,-,10,21950,A,N,G,B,B,A,H,-,C,A,0,Y,,,,Y,,A,01,0,1,0,0,1,0,0,0,0,"- ","- ",,,"SAN FRANCISCO","SAN FRANCISCO",-122.44367987,37.71891995
7173694,2016,2016-02-11,3801,2016-01-04,1915,1514,TARAV,1,5,7,3801,0,0,0,,0,006,"JULES AV","GRAFTON AV",0.00,,Y,C,-,N,,,,,,,,,,N,2,0,1,2,A,-,10,21950,A,F,G,B,B,B,H,-,C,A,0,Y,,,,Y,,A,01,1,0,0,0,1,0,0,0,0,"- ","- ",,,"SAN FRANCISCO","SAN FRANCISCO",-122.46123989,37.719999989999998
7173697,2016,2016-02-11,3801,2016-01-28,0840,1887,TRAFF,4,5,7,3801,0,0,0,,0,4B1C,"BALBOA ST","43RD AV",15.00,E,N,B,-,N,,,,,,,,,,N,4,0,1,2,A,-,10,21950,A,N,G,B,B,A,H,-,A,A,0,Y,,,,Y,,A,01,0,0,1,0,1,0,0,0,0,"- ","- ",,,"SAN FRANCISCO","SAN FRANCISCO",-122.50371817,37.775432420000001
7173703,2016,2016-02-10,3801,2016-01-31,1801,004358,BAYVI,7,5,7,3801,0,0,0,,0,003,"3RD ST","FAIRFAX AV",0.00,,Y,A,-,N,,,,,,,,,,N,4,0,1,2,A,-,08,22100,A,N,G,B,F,A,H,-,C,D,0,Y,,,,Y,,-,,0,0,1,0,1,0,0,0,0,"- ","- ",,,"SAN FRANCISCO","SAN FRANCISCO",-122.38828999,37.741969959999999
7173710,2016,2017-02-09,3801,2016-01-29,0835,27,TARAV,5,5,7,3801,0,0,0,,0,3I1A,"19TH AV","LAWTON ST",105.00,N,N,C,E,Y,SF,4,1,-,-,3.550,H,-,S,N,4,0,1,2,A,-,11,21954,A,N,G,B,E,B,H,-,A,D,0,Y,,,,Y,,N,60,0,0,1,0,1,0,0,0,0,"- ","- ",,,"SAN FRANCISCO","SAN FRANCISCO",-122.47681101000001,37.758314839999997
7173714,2016,2016-02-11,3801,2016-01-29,1615,000358,"CO D",5,5,7,3801,0,0,0,,0,3D14D,"MISSION ST","24TH ST",98.00,S,N,B,C,N,,,,,,,,,,N,4,0,1,2,A,-,11,21954,A,N,G,B,E,B,H,-,B,D,0,Y,,,,Y,,N,60,0,0,1,0,1,0,0,0,0,"- ","- ",,,"SAN FRANCISCO","SAN FRANCISCO",-122.4184602,37.751991820000001
7173722,2016,2016-02-11,3801,2016-01-29,1950,1511,BAYVI,5,5,7,3801,0,0,0,,0,3C11D,"3RD ST","20TH ST",0.00,,Y,C,-,N,,,,,,,,,,N,4,0,2,3,A,-,17,21451,A,N,G,B,B,B,H,-,C,A,0,Y,,,,Y,,I,19,0,0,2,0,2,0,0,0,0,"- ","- ",,,"SAN FRANCISCO","SAN FRANCISCO",-122.38866992,37.760459910000002
7173730,2016,2016-02-10,3801,2016-01-29,1745,2020,INGLE,5,5,7,3801,0,0,0,,0,3H12C,"CESAR CHAVEZ ST","VALENCIA ST",0.00,,Y,C,-,N,,,,,,,,,,N,4,0,1,2,A,-,10,21950,A,N,G,B,B,B,H,-,C,A,0,Y,,,,Y,,-,,0,0,1,0,1,0,0,0,0,"- ","- ",,,"SAN FRANCISCO","SAN FRANCISCO",-122.42024995,37.748119950000003
7173741,2016,2016-02-11,3801,2016-01-05,1245,001968,TENDE,2,5,7,3801,0,0,0,,0,3J44C,"JONES ST","ELLIS ST",0.00,,Y,B,C,N,,,,,,,,,,N,4,0,1,2,A,-,17,21451,A,F,A,B,B,B,H,-,A,A,0,Y,,,,Y,,A,08,0,0,1,0,1,0,0,0,0,"- ","- ",,,"SAN FRANCISCO","SAN FRANCISCO",-122.41277993,37.78489999
7173758,2016,2016-02-10,3801,2016-01-30,1425,2355,MISSI,6,5,7,3801,0,0,0,,0,5CAR,"MISSION ST","19TH ST",175.00,N,N,A,-,N,,,,,,,,,,N,4,0,1,2,A,-,11,21955,,N,G,B,D,A,H,-,A,A,0,Y,,,,Y,,N,60,0,0,1,0,1,0,0,0,0,"- ","- ",,,"SAN FRANCISCO","SAN FRANCISCO",-122.41926377999999,37.760699469999999
7179244,2015,2016-02-09,3801,2015-12-31,1441,000184,TENDE,4,5,7,3801,0,0,0,,0,3J51C,"MARKET ST","7TH ST",0.00,,Y,A,-,N,,,,,,,,,,N,3,0,1,2,A,-,11,21950,B,N,-,-,D,B,H,-,A,-,0,Y,,,,Y,,N,60,0,1,0,0,1,0,0,0,0,"- ","- ",,,"SAN FRANCISCO","SAN FRANCISCO",-122.4125099,37.780479900000003
7187285,2016,2016-03-10,3801,2016-02-02,0811,002317,SOUTH,2,5,7,3801,0,0,0,,0,3B1A,"2ND ST",STILLMAN,0.00,,Y,A,-,N,,,,,,,,,,N,4,0,1,2,A,-,10,21950,A,N,G,B,B,B,H,-,A,D,0,Y,,,,Y,,A,01,0,0,1,0,1,0,0,0,0,"- ","- ",,,"SAN FRANCISCO","SAN FRANCISCO",-122.3941799,37.783509930000001
7187445,2016,2016-03-10,3801,2016-02-14,1814,4358,3C15D,7,5,7,3801,0,0,0,,0,,"JAMESTOWN AV","JAMESTOWN AV 650",0.00,,Y,A,-,N,,,,,,,,,,Y,3,0,1,2,A,-,01,23153,A,N,A,B,F,A,H,-,B,D,0,Y,,,,Y,Y,A,07,0,1,0,0,1,0,0,0,0,"- ","- ",,,"SAN FRANCISCO","SAN FRANCISCO",-122.3879689,37.712729969999998
7187502,2016,2016-03-08,3801,2016-02-05,0656,1591,BAYVI,5,5,7,3801,0,0,0,,0,3C15A,"3RD ST","ARMSTRONG AV",0.00,,Y,A,-,N,,,,,,,,,,N,4,0,1,2,A,-,10,21950,A,N,G,B,B,A,H,-,A,A,0,Y,,,,Y,,A,01,0,0,1,0,1,0,0,0,0,"- ","- ",,,"SAN FRANCISCO","SAN FRANCISCO",-122.39366990000001,37.727039990000002
7187515,2016,2016-03-14,3801,2016-02-11,1421,1498,TARAV,4,5,7,3801,0,0,0,,0,3I1B,"9TH AV","LAWTON ST",15.00,S,N,B,-,N,,,,,,,,,,N,4,0,1,2,A,-,10,21950,A,N,G,B,B,A,H,-,A,A,0,Y,,,,Y,,A,08,0,0,1,0,1,0,0,0,0,"- ","- ",,,"SAN FRANCISCO","SAN FRANCISCO",-122.4659367,37.758398880000001
7187538,2016,2016-03-14,3801,2016-02-09,0925,2229,BAYVI,2,5,7,3801,0,0,0,,0,3C13A,"BAYSHORE BL","PAUL AV",0.00,,Y,A,-,N,,,,,,,,,,N,4,0,1,2,A,-,10,21950,A,N,G,B,B,A,H,-,A,A,0,Y,,,,Y,,A,01,0,0,1,0,1,0,0,0,0,"- ","- ",,,"SAN FRANCISCO","SAN FRANCISCO",-122.40078991,37.723609889999999
7187542,2016,2016-03-14,3801,2016-01-26,1318,002486,BAYVI,2,5,7,3801,0,0,0,,0,3C12B,"BAY SHORE BL","BAYSHORE BL 531",0.00,,-,A,-,N,,,,,,,,,,N,4,0,1,2,A,-,00,20001,A,F,D,B,F,A,H,-,A,D,0,Y,,,,Y,,D,22,0,0,1,0,1,0,0,0,0,"- ","- ",,,"SAN FRANCISCO","SAN FRANCISCO",-122.40702778000001,37.739035690000001
7187574,2016,2016-03-09,3801,2016-02-04,1544,1515,NORTH,4,5,7,3801,0,0,0,,0,3E77,"FELL ST","FELL ST 1175",0.00,,Y,A,-,N,,,,,,,,,,N,4,0,1,2,B,-,22,,,N,G,B,F,A,H,-,A,D,0,Y,,,,Y,,A,01,0,0,1,0,1,0,0,0,0,"- ","- ",,,"SAN FRANCISCO","SAN FRANCISCO",-122.43715614,37.77411334
7187597,2016,2016-03-09,3801,2016-02-18,1025,2086,NORTE,4,5,7,3801,0,0,0,,0,3E11A,"BUSH ST","SCOTT ST",0.00,,Y,A,-,N,,,,,,,,,,N,4,0,1,2,A,-,10,21950,A,N,G,B,B,A,H,-,A,A,0,Y,,,,Y,,A,01,0,0,1,0,1,0,0,0,0,"- ","- ",,,"SAN FRANCISCO","SAN FRANCISCO",-122.43836997,37.786399969999998
7190007,2016,2016-02-19,3801,2016-01-16,1300,2260,NORTH,6,5,7,3801,0,0,0,,0,4CAR,"POST ST","DIVISADERO ST",8.00,E,N,A,-,N,,,,,,,,,,Y,1,1,0,2,A,-,10,21950,A,N,G,B,B,A,H,-,A,A,0,Y,,,,Y,,I,10,0,0,0,1,0,0,0,0,0,"- ","- ",,,"SAN FRANCISCO","SAN FRANCISCO",-122.43964268000001,37.784313599999997
7190008,2016,2018-09-24,3801,2016-01-29,1834,,INGLE,5,5,7,3801,0,0,0,,0,4B3C,"30TH ST","DOLORES ST",18.00,W,N,C,-,N,,,,,,,,,,N,1,1,0,2,A,-,11,21456,B,N,G,B,B,B,H,-,C,A,0,Y,,,,Y,Y,N,60,0,0,0,1,0,0,0,0,0,"- ","- ",37.742370000000001,-122.42440999999999,"SAN FRANCISCO","SAN FRANCISCO",-122.42438212,37.742216599999999
7190032,2016,2018-09-24,3801,2016-02-12,0750,73,INGLE,5,5,7,3801,0,0,0,,0,4B5G,"GENEVA AV","ATHENS ST",4.00,E,N,A,-,N,,,,,,,,,,Y,1,1,0,2,A,-,10,21950,A,N,G,B,B,A,H,-,A,D,0,Y,,,,Y,,A,01,0,0,0,1,0,0,0,0,0,"- ","- ",,,"SAN FRANCISCO","SAN FRANCISCO",-122.43452782999999,37.713464780000002
7190083,2016,2016-03-28,3801,2016-02-05,0950,1994,TENDE,5,5,7,3801,0,0,0,,0,,"MARKET ST","7TH ST",28.00,W,N,A,-,N,,,,,,,,,,N,1,1,0,2,A,-,10,21950,A,N,G,B,B,A,H,-,A,A,0,Y,,,,Y,,A,01,0,0,0,1,0,0,0,0,0,"- ","- ",,,"SAN FRANCISCO","SAN FRANCISCO",-122.41257862000001,37.78042568
7190087,2016,2016-03-28,3801,2016-03-12,1844,1994,TENDE,6,5,7,3801,0,0,0,,0,4B3F,"ELLIS ST","LEAVENWORTH ST",0.00,,Y,C,-,N,,,,,,,,,,Y,1,1,1,3,A,-,12,21453,A,F,G,B,D,B,H,-,C,A,0,Y,,,,Y,,A,08,0,1,0,1,1,0,0,0,0,"- ","- ",,,"SAN FRANCISCO","SAN FRANCISCO",-122.41441989,37.784669940000001
7190090,2016,2018-09-26,3801,2016-03-10,1229,000868,,4,5,7,3801,0,0,0,,0,4B2E,"SUNSET BL","NORIEGA ST",0.00,,Y,C,-,N,,,,,,,,,,Y,1,1,0,2,A,-,11,21456,B,N,G,B,B,B,H,-,A,A,0,Y,,,,Y,,N,60,0,0,0,1,0,0,0,0,0,"- ","- ",,,"SAN FRANCISCO","SAN FRANCISCO",-122.49531996,37.7534299
7190215,2016,2016-06-22,3801,2016-05-10,2225,1730,TARAV,2,5,7,3801,0,0,0,,0,4B8G,"BROTHERHOOD WY","JUNIPERO SERRA BL",0.00,,-,B,-,N,,,,,,,,,,Y,1,1,1,2,A,-,01,23152,A,N,G,B,C,A,H,-,C,D,0,Y,,Y,,Y,Y,C,02,1,0,0,1,0,0,0,0,1,"- ","- ",,,"SAN FRANCISCO","SAN FRANCISCO",-122.47136996,37.712809989999997
7190238,2016,2016-07-27,3801,2016-06-09,1049,1171,NORTH,4,5,7,3801,0,0,0,,0,4B1D,"FRANKLIN ST","GEARY BL",7.00,S,N,A,B,N,,,,,,,,,,Y,1,1,0,2,A,-,11,21453,D,N,G,B,B,A,H,-,A,A,0,Y,,,,Y,,N,60,0,0,0,1,0,0,0,0,0,"- ","- ",37.785620000000002,-122.423,"SAN FRANCISCO","SAN FRANCISCO",-122.42301596999999,37.785461040000001
7190376,2016,2016-09-26,3801,2016-08-01,1608,4214,CENTR,1,5,7,3801,0,0,0,,0,4B8A,"GEARY BL","STOCKTON ST",12.00,W,N,A,-,N,,,,,,,,,,Y,1,1,1,3,A,-,11,21453,D,N,G,B,B,A,D,E,A,A,0,Y,,Y,,Y,,N,60,1,0,0,1,1,0,0,0,0,"- ","- ",,,"SAN FRANCISCO","SAN FRANCISCO",-122.406621,37.787554710000002