CASE_ID,ACCIDENT_YEAR,PROC_DATE,JURIS,COLLISION_DATE,COLLISION_TIME,OFFICER_ID,REPORTING_DISTRICT,DAY_OF_WEEK,CHP_SHIFT,POPULATION,CNTY_CITY_LOC,SPECIAL_COND,BEAT_TYPE,CHP_BEAT_TYPE,CITY_DIVISION_LAPD,CHP_BEAT_CLASS,BEAT_NUMBER,PRIMARY_RD,SECONDARY_RD,DISTANCE,DIRECTION,INTERSECTION,WEATHER_1,WEATHER_2,STATE_HWY_IND,CALTRANS_COUNTY,CALTRANS_DISTRICT,STATE_ROUTE,ROUTE_SUFFIX,POSTMILE_PREFIX,POSTMILE,LOCATION_TYPE,RAMP_INTERSECTION,SIDE_OF_HWY,TOW_AWAY,COLLISION_SEVERITY,NUMBER_KILLED,NUMBER_INJURED,PARTY_COUNT,PRIMARY_COLL_FACTOR,PCF_CODE_OF_VIOL,PCF_VIOL_CATEGORY,PCF_VIOLATION,PCF_VIOL_SUBSECTION,HIT_AND_RUN,TYPE_OF_COLLISION,MVIW,PED_ACTION,ROAD_SURFACE,ROAD_COND_1,ROAD_COND_2,LIGHTING,CONTROL_DEVICE,CHP_ROAD_TYPE,PEDESTRIAN_ACCIDENT,BICYCLE_ACCIDENT,MOTORCYCLE_ACCIDENT,TRUCK_ACCIDENT,NOT_PRIVATE_PROPERTY,ALCOHOL_INVOLVED,STWD_VEHTYPE_AT_FAULT,CHP_VEHTYPE_AT_FAULT,COUNT_SEVERE_INJ,COUNT_VISIBLE_INJ,COUNT_COMPLAINT_PAIN,COUNT_PED_KILLED,COUNT_PED_INJURED,COUNT_BICYCLIST_KILLED,COUNT_BICYCLIST_INJURED,COUNT_MC_KILLED,COUNT_MC_INJURED,PRIMARY_RAMP,SECONDARY_RAMP,LATITUDE,LONGITUDE,COUNTY,CITY,POINT_X,POINT_Y
7193202,2016,2016-04-13,3801,2016-03-25,0928,004301,NORTH,5,5,7,3801,0,0,0,,0,3E61,"FILLMORE ST","CLAY ST",0.00,,Y,A,-,N,,,,,,,,,,N,2,0,1,2,A,-,10,21950,A,N,G,B,B,A,H,-,A,A,0,Y,,,,Y,,A,01,1,0,0,0,1,0,0,0,0,"- ","- ",,,"SAN FRANCISCO","SAN FRANCISCO",-122.43418997000001,37.790719979999999
7193230,2016,2016-04-13,3801,2016-03-25,1024,2465,NORTH,5,5,7,3801,0,0,0,,0,3E42,"VALLEJO ST","FILLMORE ST",5.00,E,N,A,-,N,,,,,,,,,,N,4,0,1,2,A,-,10,21950,A,N,G,B,B,A,H,-,A,-,0,Y,,,,Y,,A,01,0,0,1,0,1,0,0,0,0,"- ","- ",,,"SAN FRANCISCO","SAN FRANCISCO",-122.4350829,37.79522214
7193233,2016,2016-04-13,3801,2016-03-21,1656,00798,NORTH,1,5,7,3801,0,0,0,,0,3E11C,"VAN NESS AV","JACKSON ST",6.00,S,N,B,C,N,,,,,,,,,,N,4,0,1,2,A,-,10,21950,A,N,G,B,B,B,H,-,A,A,0,Y,,,,Y,,A,01,0,0,1,0,1,0,0,0,0,"- ","- ",,,"SAN FRANCISCO","SAN FRANCISCO",-122.42315644,37.793913760000002
7193234,2016,2016-04-13,3801,2016-03-25,1745,1810,MISSI,5,5,7,3801,0,0,0,,0,3D15D,"CAPP ST","23RD ST",0.00,,Y,A,-,N,,,,,,,,,,N,4,0,1,2,A,-,10,21950,A,N,G,B,B,A,H,-,A,A,0,Y,,,,Y,Y,A,01,0,0,1,0,1,0,0,0,0,"- ","- ",,,"SAN FRANCISCO","SAN FRANCISCO",-122.41747994000001,37.753909890000003
7193242,2016,2016-04-13,3801,2016-03-25,1941,4254,MISSI,5,5,7,3801,0,0,0,,0,3D13D,"23RD ST","SHOTWELL ST",62.00,E,N,-,-,N,,,,,,,,,,Y,2,0,1,4,A,-,00,20001,A,F,-,B,E,A,H,-,B,D,0,Y,,,,Y,,A,07,1,0,0,0,1,0,0,0,0,"- ","- ",,,"SAN FRANCISCO","SAN FRANCISCO",-122.41511619000001,37.754063860000002
7193258,2016,2016-04-13,3801,2016-03-05,2303,2105,NORTH,6,5,7,3801,0,0,0,,0,3E11E,"FRANKLIN ST","HAYES ST",5.00,N,N,C,-,N,,,,,,,,,,N,2,0,2,3,A,-,10,21950,A,N,G,B,B,B,H,-,C,A,0,Y,,,,Y,,A,01,1,0,1,0,2,0,0,0,0,"- ","- ",,,"SAN FRANCISCO","SAN FRANCISCO",-122.42134231999999,37.777093610000001
7193265,2016,2016-04-13,3801,2016-03-17,1143,1979,TARAB,4,5,7,3801,0,0,0,,0,3I16B,"GARCES DR","GONZALEZ DR",75.00,S,N,A,-,N,,,,,,,,,,N,4,0,1,2,A,-,21,22106,,F,G,B,E,A,H,-,A,D,0,Y,,,,Y,,A,08,0,0,1,0,1,0,0,0,0,"- ","- ",,,"SAN FRANCISCO","SAN FRANCISCO",-122.47841121,37.715715230000001
7193266,2016,2016-04-13,3801,2016-03-24,2356,882,TENDE,4,5,7,3801,0,0,0,,0,3J11E,"LEAVENWORTH ST","GOLDEN GATE ST",0.00,,Y,A,-,N,,,,,,,,,,N,4,0,1,2,A,-,11,21955,,N,G,B,D,A,H,-,C,A,0,Y,,,,Y,,N,60,0,0,1,0,1,0,0,0,0,"- ","- ",,,"SAN FRANCISCO","SAN FRANCISCO",-122.41385999000001,37.781869919999998
7193278,2016,2016-04-13,3801,2016-03-22,1817,2465,NORTH,2,5,7,3801,0,0,0,,0,3E17C,"SUTTER ST","STEINER ST",7.00,W,N,A,-,N,,,,,,,,,,N,4,0,1,2,A,-,10,21950,A,N,G,B,B,A,H,-,A,D,0,Y,,,,Y,,A,08,0,0,1,0,1,0,0,0,0,"- ","- ",,,"SAN FRANCISCO","SAN FRANCISCO",-122.4349239,37.785886830000003
7199712,2016,2018-09-27,3801,2016-03-11,0550,1887,,5,5,7,3801,0,0,0,,0,4B1C,"BROADWAY ST","POWELL ST",10.00,W,N,C,-,N,,,,,,,,,,N,1,1,0,2,A,-,10,21950,A,F,G,B,B,B,H,-,C,A,0,Y,,,,Y,Y,D,22,0,0,0,1,0,0,0,0,0,"- ","- ",,,"SAN FRANCISCO","SAN FRANCISCO",-122.41027398999999,37.79740477
7199916,2017,2017-02-15,3801,2017-01-11,1215,2127,NORTH,3,5,7,3801,0,0,0,,0,4B1A,"UNION ST","BUCHANAN ST",15.00,E,N,A,-,N,,,,,,,,,,N,1,1,0,2,A,-,10,21950,A,N,G,B,B,A,H,-,A,D,0,Y,,,,Y,Y,E,22,0,0,0,1,0,0,0,0,0,"- ","- ",,,"SAN FRANCISCO","SAN FRANCISCO",-122.43214861,37.797515930000003
7200042,2016,2017-05-04,3801,2016-11-05,1948,2305,MISSI,6,5,7,3801,0,0,0,,0,4B7G,"MARKET ST","DOLORES ST",215.00,W,N,A,-,N,,,,,,,,,,N,1,1,0,2,A,-,11,21955,,N,G,B,D,A,H,-,C,D,0,Y,,,,Y,,N,60,0,0,0,1,0,0,0,0,0,"- ","- ",,,"SAN FRANCISCO","SAN FRANCISCO",-122.42744251000001,37.768787490000001
7200071,2017,2017-05-11,3801,2017-03-01,1844,546,INGLE,3,5,7,3801,0,0,0,,0,4B7H,"MISSION ST","NEY ST",0.00,,Y,A,-,N,,,,,,,,,,Y,1,1,0,2,A,-,10,21950,A,N,G,B,B,A,H,-,C,D,0,Y,,,,Y,,A,01,0,0,0,1,0,0,0,0,0,"- ","- ",37.729930000000003,-122.42992,"SAN FRANCISCO","SAN FRANCISCO",-122.43000996000001,37.730009920000001
7200158,2016,2017-06-23,3801,2016-09-01,1000,1171,INGLE,4,5,7,3801,0,0,0,,0,4B1D,"SANTOS ST","VELASCO AV",178.00,S,N,B,-,N,,,,,,,,,,Y,1,1,0,4,A,-,01,23152,A,N,G,B,E,A,H,-,-,C,0,Y,,,,Y,,A,01,0,0,0,1,0,0,0,0,0,"- ","- ",,,"SAN FRANCISCO","SAN FRANCISCO",-122.41957767,37.709496899999998
7202004,2016,2016-03-07,3801,2016-02-25,0924,649,NORTH,4,5,7,3801,0,0,0,,0,3E12A,"EDDY ST","VAN NESS AV",0.00,,Y,A,-,N,,,,,,,,,,N,4,0,1,2,A,-,11,21956,,N,G,B,E,A,H,-,A,A,0,Y,,,,Y,,N,60,0,0,1,0,1,0,0,0,0,"- ","- ",,,"SAN FRANCISCO","SAN FRANCISCO",-122.42089998,37.782869980000001
7202005,2016,2016-03-07,3801,2016-02-01,1933,2017,INGLE,1,5,7,3801,0,0,0,,0,3H15D,"SICKLES ST","MISSION ST",0.00,,Y,A,-,N,,,,,,,,,,N,4,0,1,2,A,-,10,21950,A,N,G,B,B,A,H,-,C,A,0,Y,,,,Y,,A,07,0,0,1,0,1,0,0,0,0,"- ","- ",,,"SAN FRANCISCO","SAN FRANCISCO",-122.45275997,37.708799910000003
7202008,2016,2016-03-07,3801,2016-02-16,2109,936,MISSI,2,5,7,3801,0,0,0,,0,3D15E,"CLIPPER ST","DIAMOND HEIGHTS BL",5.00,W,N,A,-,N,,,,,,,,,,N,3,0,1,2,A,-,10,21950,A,N,G,B,B,A,H,-,C,D,0,Y,,,,Y,,A,07,0,1,0,0,1,0,0,0,0,"- ","- ",,,"SAN FRANCISCO","SAN FRANCISCO",-122.44402564000001,37.746754129999999
7202009,2016,2016-03-07,3801,2016-02-01,0824,723,INGLE,1,5,7,3801,0,0,0,,0,`5CAR,"ALEMANY BL","LAWRENCE AV",0.00,,Y,A,-,N,,,,,,,,,,N,2,0,1,2,A,-,10,21950,A,N,G,B,B,A,H,-,A,A,0,Y,,,,Y,,A,01,1,0,0,0,1,0,0,0,0,"- ","- ",,,"SAN FRANCISCO","SAN FRANCISCO",-122.45318997,37.711269940000001
7202010,2016,2016-03-07,3801,2016-02-01,1334,002426`,CENTR,1,5,7,3801,0,0,0,,0,3A13C,"JONES ST","PACIFIC AV",0.00,,Y,A,-,N,,,,,,,,,,N,4,0,1,2,A,-,10,21950,A,N,G,B,B,A,H,-,A,A,0,Y,,,,Y,,A,01,0,0,1,0,1,0,0,0,0,"- ","- ",,,"SAN FRANCISCO","SAN FRANCISCO",-122.41499999,37.795889969999998
7202012,2016,2016-03-07,3801,2016-02-23,1254,2101,MISSI,2,5,7,3801,0,0,0,,0,3D13C,"HOFF ST","16TH ST",0.00,,Y,A,-,N,,,,,,,,,,N,4,0,1,2,A,-,10,21950,A,N,G,B,B,A,H,-,A,A,0,Y,,,,Y,,A,01,0,0,1,0,1,0,0,0,0,"- ","- ",,,"SAN FRANCISCO","SAN FRANCISCO",-122.42056986,37.764989989999997
7202016,2016,2016-03-11,3801,2016-02-17,1100,864,J,3,5,7,3801,0,0,0,,0,334,"JONES ST","EDDY ST",0.00,,Y,-,-,N,,,,,,,,,,N,4,0,1,2,A,-,10,21950,A,N,-,-,-,-,-,-,-,-,0,Y,,,,Y,,A,01,0,0,1,0,1,0,0,0,0,"- ","- ",,,"SAN FRANCISCO","SAN FRANCISCO",-122.41258998000001,37.78393999
7202017,2016,2016-03-07,3801,2016-02-01,1214,2127,CENTR,1,5,7,3801,0,0,0,,0,4B1E,"WASHINGTON ST","DRUMM ST",46.00,S,N,A,-,N,,,,,,,,,,Y,3,0,1,2,A,-,03,22350,,N,E,I,F,A,H,-,A,D,0,Y,,,Y,Y,,F,26,0,1,0,0,1,0,0,0,0,"- ","- ",,,"SAN FRANCISCO","SAN FRANCISCO",-122.39713608,37.796344959999999
7202026,2016,2016-03-07,3801,2016-02-17,1805,001375,COI,3,5,7,3801,0,0,0,,0,3I13D,"VICENTE ST","40TH AV",0.00,,Y,C,-,N,,,,,,,,,,N,2,0,2,3,A,-,10,21950,A,N,D,B,B,B,H,-,C,A,0,Y,,,,Y,,A,01,1,1,0,0,2,0,0,0,0,"- ","- ",,,"SAN FRANCISCO","SAN FRANCISCO",-122.49790993000001,37.738339949999997
7202028,2016,2016-03-07,3801,2016-02-17,2015,4298,MISSI,3,5,7,3801,0,0,0,,0,3D15D,"13TH ST","MISSION ST",0.00,,Y,C,-,N,,,,,,,,,,N,4,0,1,2,A,-,11,21954,A,N,G,B,D,B,H,-,C,A,0,Y,,,,Y,Y,N,60,0,0,1,0,1,0,0,0,0,"- ","- ",,,"SAN FRANCISCO","SAN FRANCISCO",-122.42017991,37.769989959999997
7202037,2016,2016-03-07,3801,2016-02-01,1124,2311,PARK,1,5,7,3801,0,0,0,,0,3F11A,"7TH AV","KIRKHAM AV",0.00,,Y,A,-,N,,,,,,,,,,Y,4,0,1,2,A,-,11,21453,D,N,G,B,E,A,H,-,A,A,0,Y,,,,Y,,N,60,0,0,1,0,1,0,0,0,0,"- ","- ",,,"SAN FRANCISCO","SAN FRANCISCO",-122.46391988000001,37.760389940000003
7202038,2016,2016-03-07,3801,2016-02-17,2056,001933,TARAV,3,5,7,3801,0,0,0,,0,3I11D,"19TH AV","JUDAH ST",0.00,,Y,C,-,N,,,,,,,,,,N,3,0,1,2,A,-,11,21954,A,N,G,-,E,C,H,-,C,A,0,Y,,,,Y,Y,N,60,0,1,0,0,1,0,0,0,0,"- ","- ",,,"SAN FRANCISCO","SAN FRANCISCO",-122.47702998,37.76169994
7202042,2016,2016-03-07,3801,2016-02-19,0714,606,CENTR,5,5,7,3801,0,0,0,,0,3A4,"BATTERY ST","GREEN ST",0.00,,Y,A,-,N,,,,,,,,,,N,3,0,1,2,A,-,10,21950,A,N,G,B,B,A,H,-,A,A,0,Y,,,,Y,,A,01,0,1,0,0,1,0,0,0,0,"- ","- ",,,"SAN FRANCISCO","SAN FRANCISCO",-122.40140997,37.800459930000002
7202044,2016,2016-03-07,3801,2016-02-16,1317,251,RICHM,2,5,7,3801,0,0,0,,0,3G61,"GEARY BL","6TH AV",0.00,,Y,A,-,N,,,,,,,,,,N,4,0,1,2,A,-,10,21950,A,N,G,B,B,A,H,-,A,A,0,Y,,,,Y,,A,01,0,0,1,0,1,0,0,0,0,"- ","- ",,,"SAN FRANCISCO","SAN FRANCISCO",-122.4642899,37.781089979999997
7202045,2016,2016-04-22,3801,2016-02-02,2203,837,CENTR,2,5,7,3801,0,0,0,,0,3A153,"FRONT ST","CALIFORNIA ST",15.00,S,N,A,-,N,,,,,,,,,,N,4,0,1,2,A,-,10,21950,A,N,G,B,B,A,H,-,C,A,0,Y,,,,Y,,A,01,0,0,1,0,1,0,0,0,0,"- ","- ",,,"SAN FRANCISCO","SAN FRANCISCO",-122.3988117,37.793329319999998
7202046,2016,2016-03-07,3801,2016-02-19,1359,2268,,5,5,7,3801,0,0,0,,0,,"PINE ST","CENTURY PL",0.00,,Y,B,C,N,,,,,,,,,,N,3,0,1,2,A,-,10,21954,B,N,G,B,D,B,H,-,A,A,0,Y,,,,Y,,N,60,0,1,0,0,1,0,0,0,0,"- ","- ",,,"SAN FRANCISCO","SAN FRANCISCO",-122.40160988,37.79201999
7202057,2016,2016-03-07,3801,2016-02-01,1055,976,NORTH,1,5,7,3801,0,0,0,,0,3E16A,"EDDY ST","VAN NESS AV",0.00,,Y,A,-,N,,,,,,,,,,N,4,0,1,2,A,-,10,21950,A,N,G,B,B,A,H,-,A,A,0,Y,,,,Y,,A,,0,0,1,0,1,0,0,0,0,"- ","- ",,,"SAN FRANCISCO","SAN FRANCISCO",-122.42089998,37.782869980000001
7202060,2016,2016-03-07,3801,2016-02-21,0638,133,CENTR,7,5,7,3801,0,0,0,,0,3A14A,"LARKIN ST","POST ST",0.00,,Y,A,-,N,,,,,,,,,,N,4,0,2,4,A,-,07,21658,A,N,F,C,F,A,D,-,A,A,0,Y,,,,Y,Y,A,07,0,0,2,0,1,0,0,0,0,"- ","- ",,,"SAN FRANCISCO","SAN FRANCISCO",-122.41826994,37.787039900000003
7202065,2016,2016-03-07,3801,2016-02-03,1925,2168,CENTR,3,5,7,3801,0,0,0,,0,3A11D,"MASON ST","SACRAMENTO ST",0.00,,Y,C,-,N,,,,,,,,,,N,4,0,1,2,A,-,10,21950,A,N,G,B,B,B,H,-,C,A,0,Y,,,,Y,,A,07,0,0,1,0,1,0,0,0,0,"- ","- ",,,"SAN FRANCISCO","SAN FRANCISCO",-122.41098991,37.7927599
7202072,2016,2016-03-07,3801,2016-02-02,1845,1840,COA,2,5,7,3801,0,0,0,,0,3A46D,"GEARY ST","STOCKTON ST",0.00,,Y,-,-,N,,,,,,,,,,Y,2,0,1,2,A,-,03,22350,,F,-,-,-,-,-,-,-,-,0,Y,,,,Y,,A,01,1,0,0,0,1,0,0,0,0,"- ","- ",,,"SAN FRANCISCO","SAN FRANCISCO",-122.40657993000001,37.78755993
7202076,2016,2016-03-07,3801,2016-02-04,1505,1216,BAYVI,4,5,7,3801,0,0,0,,0,3C14C,"SAN BRUNO AV","SILVER AV",150.00,S,N,A,-,N,,,,,,,,,,N,3,0,1,2,A,-,11,21955,,F,G,B,E,A,H,-,A,A,0,Y,,,,Y,,N,60,0,1,0,0,1,0,0,0,0,"- ","- ",,,"SAN FRANCISCO","SAN FRANCISCO",-122.40545873000001,37.732058340000002
7202080,2016,2016-03-07,3801,2016-02-05,1130,2375,RICHM,5,5,7,3801,0,0,0,,0,3G60,"GEARY BL","COLLINS ST",13.00,E,N,A,-,N,,,,,,,,,,N,3,0,1,2,A,-,10,21950,A,N,G,B,B,A,H,-,A,A,0,Y,,,,Y,,A,01,0,1,0,0,1,0,0,0,0,"- ","- ",,,"SAN FRANCISCO","SAN FRANCISCO",-122.45007538999999,37.782184659999999
7202082,2016,2016-03-07,3801,2016-02-22,1220,97,PARK,1,5,7,3801,0,0,0,,0,3F11A,"6TH AV",JUDAH,213.00,N,N,A,-,N,,,,,,,,,,N,4,0,1,2,A,-,08,22101,D,F,G,B,E,A,C,-,A,A,0,Y,,,,Y,Y,A,01,0,0,1,0,1,0,0,0,0,"- ","- ",,,"SAN FRANCISCO","SAN FRANCISCO",-122.46300459,37.762924480000002
7202089,2016,2016-03-07,3801,2016-02-12,0800,2091,SOUTH,5,5,7,3801,0,0,0,,0,,"6TH ST","BRANNAN ST",0.00,,Y,A,-,N,,,,,,,,,,N,3,0,1,2,A,-,10,21950,A,N,G,B,B,A,H,-,A,A,0,Y,,,,Y,,A,01,0,1,0,0,1,0,0,0,0,"- ","- ",,,"SAN FRANCISCO","SAN FRANCISCO",-122.40095986,37.774829949999997
7202098,2016,2016-03-07,3801,2016-02-17,2100,4373,,3,5,7,3801,0,0,0,,0,,"SAN BRUNO AV","ALEMANY BL",0.00,,Y,A,-,N,,,,,,,,,,N,3,0,1,2,A,-,11,21456,B,N,G,B,D,A,H,-,C,A,0,Y,,,,Y,,N,60,0,1,0,0,1,0,0,0,0,"- ","- ",,,"SAN FRANCISCO","SAN FRANCISCO",-122.40816993999999,37.735880000000002
7202100,2016,2016-03-07,3801,2016-02-17,1820,569,CENTR,3,5,7,3801,0,0,0,,0,3A4D,"THE EMBARCADERO NORTH",BROADWAY,0.00,,Y,C,-,N,,,,,,,,,,N,4,0,1,2,A,-,10,21950,A,N,G,B,D,B,H,-,C,A,0,Y,,,,Y,,A,01,0,0,1,0,1,0,0,0,0,"- ","- ",,,"SAN FRANCISCO","SAN FRANCISCO",-122.39775985999999,37.799179950000003
7202108,2016,2016-03-11,3801,2016-02-15,2041,4229,CENTR,1,5,7,3801,0,0,0,,0,3A2D,"WAVERLY PL","SACRAMENTO ST",0.00,,Y,A,-,N,,,,,,,,,,N,4,0,1,2,A,-,21,22106,,N,G,B,B,A,H,-,E,D,0,Y,,,,Y,,A,01,0,0,1,0,1,0,0,0,0,"- ","- ",,,"SAN FRANCISCO","SAN FRANCISCO",-122.40662999,37.79331998
7202112,2016,2016-03-07,3801,2016-02-17,1410,1622,CENTR,3,5,7,3801,0,0,0,,0,3A15C,"2ND ST","STEVENSON ST",6.00,E,N,A,-,N,,,,,,,,,,N,4,0,1,2,A,-,11,21950,B,N,G,B,D,A,H,-,A,D,0,Y,,,,Y,,N,60,0,0,1,0,1,0,0,0,0,"- ","- ",,,"SAN FRANCISCO","SAN FRANCISCO",-122.40082477,37.788788789999998
7202120,2016,2016-03-07,3801,2016-02-18,1100,1177,CENTR,4,5,7,3801,0,0,0,,0,3A14A,"BATTERY ST","BROADWAY ST",0.00,,Y,B,-,N,,,,,,,,,,N,4,0,1,2,A,-,10,21950,A,N,G,B,B,B,H,-,A,A,0,Y,,,,Y,,A,07,0,0,1,0,1,0,0,0,0,"- ","- ",,,"SAN FRANCISCO","SAN FRANCISCO",-122.40103999,37.798599969999998
7202161,2016,2016-03-08,3801,2016-02-17,1113,001515,NORTH,3,5,7,3801,0,0,0,,0,3E16C,"POLK ST","UNION ST",0.00,,Y,B,-,N,,,,,,,,,,N,3,0,1,2,A,-,10,21950,A,N,B,B,B,A,H,-,A,A,0,Y,,,,Y,,A,01,0,1,0,0,1,0,0,0,0,"- ","- ",,,"SAN FRANCISCO","SAN FRANCISCO",-122.42232991,37.798759990000001
7202186,2016,2016-03-08,3801,2016-02-11,1535,001533,TARAV,4,5,7,3801,0,0,0,,0,3I16B,"TARAVAL ST","35TH AV",110.00,E,N,A,-,N,,,,,,,,,,N,3,0,1,2,A,-,06,21756,A,N,G,B,E,A,H,-,A,D,0,Y,,,,Y,,A,08,0,1,0,0,1,0,0,0,0,"- ","- ",,,"SAN FRANCISCO","SAN FRANCISCO",-122.49244016999999,37.742308440000002
7202191,2016,2016-03-07,3801,2016-02-18,0900,515,3A40C,4,5,7,3801,0,0,0,,0,3A40C,BEACH,MASON,0.00,,Y,A,B,N,,,,,,,,,,N,4,0,1,2,A,-,10,21950,A,N,A,B,B,B,H,-,A,A,0,Y,,,,Y,,-,,0,0,1,0,1,0,0,0,0,"- ","- ",,,"SAN FRANCISCO","SAN FRANCISCO",-122.4139799,37.807490000000001
7202194,2016,2016-03-07,3801,2016-02-09,1234,251,RICHM,2,5,7,3801,0,0,0,,0,3G61,"WASHINGTON ST","LYON ST",160.00,E,N,A,-,N,,,,,,,,,,,3,0,1,2,A,-,13,22515,A,N,G,B,E,A,H,-,A,D,0,Y,,,,Y,,A,01,0,1,0,0,1,0,0,0,0,"- ","- ",,,"SAN FRANCISCO","SAN FRANCISCO",-122.44540338,37.79018087
7202198,2016,2017-04-21,3801,2016-02-11,0910,000751,CENTR,4,5,7,3801,0,0,0,,0,3A3D,"LEAVENWORTH ST","BEACH ST",0.00,,Y,A,-,N,,,,,,,,,,N,4,0,1,2,A,-,10,21950,A,M,G,B,B,A,H,-,A,A,0,Y,,,,Y,,I,10,0,0,1,0,1,0,0,0,0,"- ","- ",,,"SAN FRANCISCO","SAN FRANCISCO",-122.41891987,37.806869919999997
7202214,2016,2016-03-07,3801,2016-02-19,1426,207,NORTH,5,5,7,3801,0,0,0,,0,3E12C,WEBSTER,"GOLDEN GATE AV",0.00,,Y,C,-,N,,,,,,,,,,N,3,0,1,2,A,-,10,21950,A,N,G,B,B,B,H,-,A,A,0,Y,,,,Y,,A,01,0,1,0,0,1,0,0,0,0,"- ","- ",,,"SAN FRANCISCO","SAN FRANCISCO",-122.43029989999999,37.779759949999999
7202215,2016,2016-03-07,3801,2016-02-18,1248,001459,NORTH,4,5,7,3801,0,0,0,,0,3E13C,"GEARY BL","LAGUNA ST",0.00,,Y,A,-,N,,,,,,,,,,N,4,0,1,2,A,-,10,21950,A,N,G,B,B,A,H,-,A,A,0,Y,,,,Y,,A,01,0,0,1,0,1,0,0,0,0,"- ","- ",,,"SAN FRANCISCO","SAN FRANCISCO",-122.42799999,37.785039920000003
7202217,2016,2016-03-07,3801,2016-02-16,0756,1917,TARAV,2,5,7,3801,0,0,0,,0,3I16A,"RIVERA ST","22ND AV",0.00,,Y,A,-,N,,,,,,,,,,N,4,0,2,3,A,-,10,21950,A,N,G,B,B,A,H,-,A,A,0,Y,,,,Y,,A,08,0,0,2,0,2,0,0,0,0,"- ","- ",,,"SAN FRANCISCO","SAN FRANCISCO",-122.47915999,37.746629919999997
7202229,2016,2016-03-07,3801,2016-02-17,1920,002393,CENTR,3,5,7,3801,0,0,0,,0,3A13D,"NORTH POINT ST","VAN NESS AV",0.00,,Y,C,-,N,,,,,,,,,,N,3,0,1,2,A,-,10,21950,A,N,G,B,B,B,H,-,C,A,0,Y,,,,Y,,A,01,0,1,0,0,1,0,0,0,0,"- ","- ",,,"SAN FRANCISCO","SAN FRANCISCO",-122.42534996000001,37.805059999999997
7202281,2016,2016-03-07,3801,2016-02-06,1656,2430,CENTR,6,5,7,3801,0,0,0,,0,3S117,"MARKET ST","SPEAR ST",0.00,,Y,A,-,N,,,,,,,,,,N,4,0,2,3,C,-,18,,,N,G,J,E,A,H,-,A,D,0,Y,,,,Y,,-,"- ",0,0,2,0,2,0,0,0,0,"- ","- ",,,"SAN FRANCISCO","SAN FRANCISCO",-122.39572991999999,37.793749890000001
7202295,2016,2016-03-09,3801,2016-01-26,1200,858,MISSI,2,5,7,3801,0,0,0,,0,3D13E,"MISSION ST","21ST ST",210.00,S,N,A,-,N,,,,,,,,,,N,3,0,1,2,A,-,03,22350,,F,G,B,D,A,H,-,A,D,0,Y,,,,Y,,-,99,0,1,0,0,1,0,0,0,0,"- ","- ",,,"SAN FRANCISCO","SAN FRANCISCO",-122.41885176,37.756445650000003
7202301,2016,2016-03-07,3801,2016-02-24,0840,1161,INGLE,3,5,7,3801,0,0,0,,0,3H2A,"MIGUEL ST","ARLINGTON ST",0.00,,Y,A,-,N,,,,,,,,,,N,3,0,1,2,A,-,10,21950,A,N,G,B,B,A,H,-,A,A,0,Y,,,,Y,,A,07,0,1,0,0,1,0,0,0,0,"- ","- ",,,"SAN FRANCISCO","SAN FRANCISCO",-122.42714991,37.736679979999998
7202304,2016,2017-02-11,3801,2016-01-23,1130,1609,NORTH,6,5,7,3801,0,0,0,,0,3E13A,"VAN NESS","POST ST",6.00,N,N,B,-,Y,SF,4,101,-,-,5.670,I,5,N,N,2,0,2,3,A,-,12,21453,A,N,G,B,B,A,H,-,A,A,0,Y,,,,Y,,-,,1,1,0,0,2,0,0,0,0,"- ","- ",,,"SAN FRANCISCO","SAN FRANCISCO",-122.42148206,37.786642739999998
7202314,2016,2016-03-08,3801,2016-01-19,0727,1931,NORTH,2,5,7,3801,0,0,0,,0,3E00,"GOUGH ST","ELLIS ST",0.00,,Y,C,-,N,,,,,,,,,,N,4,0,1,2,A,-,10,21950,A,N,B,B,B,B,H,-,C,A,0,Y,,,,Y,,A,01,0,0,1,0,1,0,0,0,0,"- ","- ",,,"SAN FRANCISCO","SAN FRANCISCO",-122.42428986,37.783399989999999
7202320,2016,2016-03-08,3801,2016-01-19,1115,956,NORTH,2,5,7,3801,0,0,0,,0,003,"PINE ST","FRANKLIN ST",0.00,,Y,B,C,N,,,,,,,,,,N,4,0,1,2,A,-,10,21950,A,N,G,B,B,B,H,-,A,A,0,Y,,,,Y,,A,01,0,0,1,0,1,0,0,0,0,"- ","- ",,,"SAN FRANCISCO","SAN FRANCISCO",-122.42377994,37.78920995
7202700,2016,2016-03-17,3801,2016-02-16,0944,727,MISSI,2,5,7,3801,0,0,0,,0,3D13A,"16TH ST","SHOTWELL ST",0.00,,Y,A,-,N,,,,,,,,,,N,2,0,1,2,A,-,10,21950,A,N,G,A,B,A,H,-,A,D,0,Y,,,,Y,,A,01,1,0,0,0,1,0,0,0,0,"- ","- ",,,"SAN FRANCISCO","SAN FRANCISCO",-122.41636994,37.765249949999998
7203042,2016,2016-03-07,3801,2016-02-10,1622,004300,TENDE,3,5,7,3801,0,0,0,,0,003,"MCALLISTER ST","HYDE ST",0.00,,Y,A,-,N,,,,,,,,,,N,3,0,1,2,A,-,11,21456,B,N,G,B,B,A,H,-,A,A,0,Y,,,,Y,,N,60,0,1,0,0,1,0,0,0,0,"- ","- ",,,"SAN FRANCISCO","SAN FRANCISCO",-122.4153199,37.780739930000003