CASE_ID,ACCIDENT_YEAR,PROC_DATE,JURIS,COLLISION_DATE,COLLISION_TIME,OFFICER_ID,REPORTING_DISTRICT,DAY_OF_WEEK,CHP_SHIFT,POPULATION,CNTY_CITY_LOC,SPECIAL_COND,BEAT_TYPE,CHP_BEAT_TYPE,CITY_DIVISION_LAPD,CHP_BEAT_CLASS,BEAT_NUMBER,PRIMARY_RD,SECONDARY_RD,DISTANCE,DIRECTION,INTERSECTION,WEATHER_1,WEATHER_2,STATE_HWY_IND,CALTRANS_COUNTY,CALTRANS_DISTRICT,STATE_ROUTE,ROUTE_SUFFIX,POSTMILE_PREFIX,POSTMILE,LOCATION_TYPE,RAMP_INTERSECTION,SIDE_OF_HWY,TOW_AWAY,COLLISION_SEVERITY,NUMBER_KILLED,NUMBER_INJURED,PARTY_COUNT,PRIMARY_COLL_FACTOR,PCF_CODE_OF_VIOL,PCF_VIOL_CATEGORY,PCF_VIOLATION,PCF_VIOL_SUBSECTION,HIT_AND_RUN,TYPE_OF_COLLISION,MVIW,PED_ACTION,ROAD_SURFACE,ROAD_COND_1,ROAD_COND_2,LIGHTING,CONTROL_DEVICE,CHP_ROAD_TYPE,PEDESTRIAN_ACCIDENT,BICYCLE_ACCIDENT,MOTORCYCLE_ACCIDENT,TRUCK_ACCIDENT,NOT_PRIVATE_PROPERTY,ALCOHOL_INVOLVED,STWD_VEHTYPE_AT_FAULT,CHP_VEHTYPE_AT_FAULT,COUNT_SEVERE_INJ,COUNT_VISIBLE_INJ,COUNT_COMPLAINT_PAIN,COUNT_PED_KILLED,COUNT_PED_INJURED,COUNT_BICYCLIST_KILLED,COUNT_BICYCLIST_INJURED,COUNT_MC_KILLED,COUNT_MC_INJURED,PRIMARY_RAMP,SECONDARY_RAMP,LATITUDE,LONGITUDE,COUNTY,CITY,POINT_X,POINT_Y
7203049,2016,2016-03-07,3801,2016-02-03,1435,2212,INGLE,3,5,7,3801,0,0,0,,0,3H00,"GENEVA AV",NAPLES,0.00,,Y,A,-,N,,,,,,,,,,N,3,0,1,2,A,-,10,21950,A,F,G,B,B,A,H,-,A,A,0,Y,,,,Y,,A,01,0,1,0,0,1,0,0,0,0,"- ","- ",,,"SAN FRANCISCO","SAN FRANCISCO",-122.43618988999999,37.714209920000002
7203052,2016,2016-03-07,3801,2016-02-02,0652,00658,MISSI,2,5,7,3801,0,0,0,,0,3D14E,"25TH ST","VALENCIA ST",0.00,,Y,C,-,N,,,,,,,,,,,4,0,1,2,A,-,10,21950,A,F,G,B,B,B,H,-,C,A,0,Y,,,,Y,,D,23,0,0,1,0,1,0,0,0,0,"- ","- ",,,"SAN FRANCISCO","SAN FRANCISCO",-122.42049993000001,37.750509989999998
7203057,2016,2016-03-07,3801,2016-02-10,1116,976,NORTH,3,5,7,3801,0,0,0,,0,3E12A,"CALIFORNIA ST","CALIFORNIA ST 2435",0.00,,-,A,-,N,,,,,,,,,,N,3,0,1,2,A,-,11,21955,,N,G,B,D,A,H,-,A,A,0,Y,,,,Y,,N,60,0,1,0,0,1,0,0,0,0,"- ","- ",,,"SAN FRANCISCO","SAN FRANCISCO",-122.43456781,37.788813380000001
7203067,2016,2016-03-07,3801,2016-02-29,1317,27,TARAV,1,5,7,3801,0,0,0,,0,3I1A,"KIRKHAM ST","16TH AV",0.00,,Y,A,-,N,,,,,,,,,,N,2,0,1,2,A,-,05,21650,A,N,G,B,B,A,H,-,A,D,0,Y,,,,Y,,A,01,1,0,0,0,1,0,0,0,0,"- ","- ",,,"SAN FRANCISCO","SAN FRANCISCO",-122.47365996000001,37.759969929999997
7203068,2016,2016-05-23,3801,2016-01-26,1155,2355,TARAV,2,5,7,3801,0,0,0,,0,004,"VICENTE ST","WEST PORTAL AV",0.00,,Y,-,-,N,,,,,,,,,,N,2,0,1,2,A,-,10,21950,A,N,-,-,-,-,-,-,-,-,0,Y,,,,Y,,A,01,1,0,0,0,1,0,0,0,0,"- ","- ",,,"SAN FRANCISCO","SAN FRANCISCO",-122.4670199,37.739739970000002
7203069,2016,2016-03-07,3801,2016-02-06,1620,781,SOUTH,6,5,7,3801,0,0,0,,0,3B14D,"6TH ST","JESSIE ST",0.00,,Y,A,-,N,,,,,,,,,,N,4,0,1,2,A,-,21,22106,,F,G,B,D,A,H,-,A,A,0,Y,,,,Y,,-,,0,0,1,0,1,0,0,0,0,"- ","- ",,,"SAN FRANCISCO","SAN FRANCISCO",-122.40920997000001,37.781399989999997
7203072,2016,2016-03-07,3801,2016-02-05,0235,856,SOUTH,5,5,7,3801,0,0,0,,0,3B14E,"MISSION ST","11TH ST",0.00,,Y,A,-,N,,,,,,,,,,N,4,0,1,2,A,-,17,23109,A,M,G,B,E,A,H,-,C,A,0,Y,,,,Y,Y,A,01,0,0,1,0,1,0,0,0,0,"- ","- ",,,"SAN FRANCISCO","SAN FRANCISCO",-122.41709998,37.774329989999998
7203073,2016,2016-03-07,3801,2016-02-09,0854,001081,TARAV,2,5,7,3801,0,0,0,,0,3I11A,"ULLOA ST","20TH AV",0.00,,Y,A,-,N,,,,,,,,,,Y,2,0,1,2,A,-,10,21950,A,N,G,B,B,A,H,-,A,D,0,Y,,,,Y,,A,07,1,0,0,0,1,0,0,0,0,"- ","- ",,,"SAN FRANCISCO","SAN FRANCISCO",-122.47663998,37.741139939999996
7203075,2016,2016-03-07,3801,2016-02-29,1553,890,,1,5,7,3801,0,0,0,,0,3J12D,"TURK ST","TAYLOR ST",155.00,W,N,A,-,N,,,,,,,,,,N,4,0,1,2,A,-,11,21955,,N,G,B,D,A,H,-,A,A,0,Y,,,,Y,,N,60,0,0,1,0,1,0,0,0,0,"- ","- ",,,"SAN FRANCISCO","SAN FRANCISCO",-122.41130957999999,37.783141780000001
7203080,2016,2016-03-07,3801,2016-02-09,0759,2482,TARAV,2,5,7,3801,0,0,0,,0,3I15A,"OCEAN AV","SANTA ANA AV",0.00,,Y,A,F,N,,,,,,,,,,N,4,0,1,2,A,-,10,21950,A,N,G,B,B,A,H,-,A,D,0,Y,,,,Y,,A,07,0,0,1,0,1,0,0,0,0,"- ","- ",,,"SAN FRANCISCO","SAN FRANCISCO",-122.4686099,37.729599960000002
7203085,2016,2016-03-07,3801,2016-02-05,1935,001375,CO1,5,5,7,3801,0,0,0,,0,3I16D,"SAGAMORE ST","ORIZABA AV",230.00,E,N,A,-,N,,,,,,,,,,N,2,0,1,2,A,-,03,22350,,F,B,B,E,A,H,-,C,D,0,Y,,,,Y,,A,01,1,0,0,0,1,0,0,0,0,"- ","- ",,,"SAN FRANCISCO","SAN FRANCISCO",-122.46179539000001,37.711373610000003
7203098,2016,2016-03-07,3801,2016-02-06,1357,1939,SOUTH,6,5,7,3801,0,0,0,,0,4B6A,"3RD ST","HOWARD ST",34.00,S,N,A,-,N,,,,,,,,,,N,3,0,1,2,A,-,21,22106,,N,G,B,E,A,E,-,A,A,0,Y,,,,Y,,A,01,0,1,0,0,1,0,0,0,0,"- ","- ",37.78519,-122.40031999999999,"SAN FRANCISCO","SAN FRANCISCO",-122.40041651,37.784944170000003
7203107,2016,2016-03-07,3801,2016-03-01,0733,02382,RICHM,2,5,7,3801,0,0,0,,0,3G60,"FULTON ST","28TH AV",0.00,,Y,A,-,N,,,,,,,,,,N,4,0,1,2,A,-,10,21950,A,N,A,B,B,A,H,-,A,D,0,Y,,,,Y,,A,01,0,0,1,0,1,0,0,0,0,"- ","- ",,,"SAN FRANCISCO","SAN FRANCISCO",-122.48740995,37.772419880000001
7203111,2016,2016-03-07,3801,2016-02-29,0810,425,COH,1,5,7,3801,0,0,0,,0,3H13A,"CRESCENT AV","NEVADA ST",32.00,E,N,A,-,N,,,,,,,,,,N,3,0,1,2,A,-,10,21950,A,N,G,B,D,A,H,-,A,A,0,Y,,,,Y,,A,01,0,1,0,0,1,0,0,0,0,"- ","- ",,,"SAN FRANCISCO","SAN FRANCISCO",-122.41169454,37.734765879999998
8008461,2016,2016-05-26,3801,2016-04-01,1452,4119,MISSI,5,5,7,3801,0,0,0,,0,5CAR,"MISSION ST","16TH ST",200.00,N,N,A,-,N,,,,,,,,,,N,4,0,2,3,A,-,11,21955,,N,G,B,D,A,H,-,A,D,0,Y,,,,Y,,N,60,0,0,2,0,1,0,0,0,0,"- ","- ",,,"SAN FRANCISCO","SAN FRANCISCO",-122.41971982,37.765598009999998
8008468,2017,2017-09-20,3801,2017-08-24,1052,4006,NORTH,4,5,7,3801,0,0,0,,0,3E14C,"BUCHANAN ST","CLAY ST",120.00,S,N,A,-,N,,,,,,,,,,Y,4,0,1,3,A,-,03,22350,,N,C,B,E,A,C,-,A,A,0,Y,,,,Y,,A,01,0,0,1,0,1,0,0,0,0,"- ","- ",,,"SAN FRANCISCO","SAN FRANCISCO",-122.43084155,37.790804850000001
8008469,2016,2016-05-26,3801,2016-04-09,0330,2030,TARAV,6,5,7,3801,0,0,0,,0,5CAR,"CRESPI DR","19TH AV",0.00,,Y,B,-,N,,,,,,,,,,N,4,0,1,2,D,-,00,,,N,G,B,E,B,H,-,C,A,0,Y,,,,Y,,-,"- ",0,0,1,0,1,0,0,0,0,"- ","- ",,,"SAN FRANCISCO","SAN FRANCISCO",-122.47536995999999,37.720279939999998
8008844,2017,2017-07-20,3801,2017-06-02,2055,1427,TENDE,5,5,7,3801,0,0,0,,0,14D,"LEAVENWORTH ST","TURK ST",20.00,N,N,A,-,N,,,,,,,,,,N,2,0,1,2,A,-,11,21954,A,F,G,B,E,A,H,-,C,D,0,Y,,,,Y,,N,60,1,0,0,0,1,0,0,0,0,"- ","- ",,,"SAN FRANCISCO","SAN FRANCISCO",-122.41405165,37.782854159999999
8008848,2017,2017-07-20,3801,2017-06-06,1757,1427,TENDE,2,5,7,3801,0,0,0,,0,14D,"TAYLOR ST","TURK ST",0.00,,Y,A,-,N,,,,,,,,,,N,4,0,1,2,A,-,10,21950,C,N,G,B,B,A,H,-,A,C,0,Y,,,,Y,,A,01,0,0,1,0,1,0,0,0,0,"- ","- ",,,"SAN FRANCISCO","SAN FRANCISCO",-122.41077986000001,37.783209880000001
8008864,2017,2017-07-19,3801,2017-06-14,1545,484,TARAV,3,5,7,3801,0,0,0,,0,3116B,"OCEAN AV","DORADO TER",0.00,,Y,A,-,N,,,,,,,,,,Y,3,0,2,5,A,-,10,21950,A,N,G,B,B,A,H,-,A,A,0,Y,,,,Y,,A,01,0,2,0,0,2,0,0,0,0,"- ","- ",,,"SAN FRANCISCO","SAN FRANCISCO",-122.46122996,37.724949940000002
8008868,2017,2017-07-19,3801,2017-06-14,0821,837,CENTR,3,5,7,3801,0,0,0,,0,3A12E,"HYDE ST","WASHINGTON ST",40.00,E,N,A,-,N,,,,,,,,,,N,4,0,1,2,A,-,10,21950,A,N,G,B,B,A,H,-,A,A,0,Y,,,,Y,,A,01,0,0,1,0,1,0,0,0,0,"- ","- ",,,"SAN FRANCISCO","SAN FRANCISCO",-122.41791829,37.793581469999999
8008873,2017,2017-07-19,3801,2017-06-06,1809,A21521,SOUTH,2,5,7,3801,0,0,0,,0,0B4,"9TH ST","HARRISON ST",0.00,,Y,A,-,N,,,,,,,,,,N,3,0,1,2,A,-,10,21950,A,N,G,B,B,A,H,-,A,A,0,Y,,,,Y,,A,01,0,1,0,0,1,0,0,0,0,"- ","- ",,,"SAN FRANCISCO","SAN FRANCISCO",-122.41004995999999,37.77252996
8008880,2017,2017-07-25,3801,2017-06-14,2318,1400,CENTR,3,5,7,3801,0,0,0,,0,3A15E,"MARKET ST","NEW MONTGOMERY ST",0.00,,Y,A,-,N,,,,,,,,,,,2,0,1,2,-,-,"- ",,,F,G,B,B,A,H,-,C,A,0,Y,,,,Y,,-,"- ",1,0,0,0,1,0,0,0,0,"- ","- ",,,"SAN FRANCISCO","SAN FRANCISCO",-122.40198992000001,37.788769899999998
8013669,2016,2016-04-14,3801,2016-01-31,1841,2214,NORTH,7,5,7,3801,0,0,0,,0,3E14D,"WEBSTER ST",HAIGHT,14.00,N,N,A,-,N,,,,,,,,,,N,4,0,1,2,D,-,00,,,N,G,B,B,A,H,-,C,D,0,Y,,,,Y,,-,"- ",0,0,1,0,1,0,0,0,0,"- ","- ",,,"SAN FRANCISCO","SAN FRANCISCO",-122.42878691999999,37.772368069999999
8014273,2016,2016-04-21,3801,2016-03-16,1330,001299,CENTR,3,5,7,3801,0,0,0,,0,3A14C,"1ST ST","STEVENSON ST",0.00,,Y,A,-,N,,,,,,,,,,N,3,0,1,2,A,-,11,21954,A,N,G,B,D,A,H,-,A,D,0,Y,,,,Y,,N,60,0,1,0,0,1,0,0,0,0,"- ","- ",,,"SAN FRANCISCO","SAN FRANCISCO",-122.39859998999999,37.790599960000002
8015209,2016,2016-04-14,3801,2016-03-23,1554,004372,,3,5,7,3801,0,0,0,,0,,"CLEMENT ST","6TH AV",30.00,W,N,A,-,N,,,,,,,,,,N,3,0,1,2,A,-,11,21453,D,N,D,B,B,A,H,-,A,A,0,Y,,,,Y,,N,60,0,1,0,0,1,0,0,0,0,"- ","- ",,,"SAN FRANCISCO","SAN FRANCISCO",-122.46452357,37.78294408
8015217,2016,2016-04-14,3801,2016-03-20,0140,1482,TENDE,7,5,7,3801,0,0,0,,0,3J14E,LEAVENWORTH,OFARRELL,0.00,,Y,A,-,N,,,,,,,,,,N,4,0,1,2,A,-,11,21950,B,N,G,B,D,A,H,-,C,A,0,Y,,,,Y,,N,60,0,0,1,0,1,0,0,0,0,"- ","- ",,,"SAN FRANCISCO","SAN FRANCISCO",-122.41460995,37.785599980000001
8015246,2016,2016-04-14,3801,2016-03-29,1245,1445,NORTH,2,5,7,3801,0,0,0,,0,3E5C,"VAN NESS AV","SUTTER ST",0.00,,Y,A,-,N,,,,,,,,,,N,2,0,1,2,A,-,10,21950,A,N,G,B,B,A,H,-,A,A,0,Y,,,,Y,,A,07,1,0,0,0,1,0,0,0,0,"- ","- ",,,"SAN FRANCISCO","SAN FRANCISCO",-122.42183987,37.787529919999997
8015261,2016,2016-04-14,3801,2016-03-26,1345,2310,NORTH,6,5,7,3801,0,0,0,,0,002,"WEBSTER ST","ELLIS ST",8.00,S,N,-,-,N,,,,,,,,,,N,4,0,1,2,-,-,"- ",,,N,-,B,B,A,H,-,A,D,0,Y,,,,Y,,-,"- ",0,0,1,0,1,0,0,0,0,"- ","- ",,,"SAN FRANCISCO","SAN FRANCISCO",-122.43086544000001,37.782548319999997
8015262,2016,2016-04-14,3801,2016-03-15,0444,1582,,2,5,7,3801,0,0,0,,0,,"BRIDGEVIEW DR","TOPEKA AV",0.00,,Y,B,-,N,,,,,,,,,,N,2,0,1,2,A,-,10,21950,A,N,G,B,B,A,H,-,C,A,0,Y,,,,Y,,A,01,1,0,0,0,1,0,0,0,0,"- ","- ",,,"SAN FRANCISCO","SAN FRANCISCO",-122.39773987,37.733309890000001
8015273,2016,2016-04-14,3801,2016-03-24,0930,1572,SOUTH,4,5,7,3801,0,0,0,,0,3B1A,"BEALE ST","HOWARD ST",0.00,,N,A,-,N,,,,,,,,,,N,4,0,1,2,A,-,11,21955,,N,G,B,D,A,H,-,A,A,0,Y,,,,Y,,N,60,0,0,1,0,1,0,0,0,0,"- ","- ",,,"SAN FRANCISCO","SAN FRANCISCO",-122.39427986,37.789919939999997
8015277,2016,2016-04-14,3801,2016-03-22,1823,2451,INGLE,2,5,7,3801,0,0,0,,0,3HI3D,"LYELL ST","STILL ST",0.00,,Y,A,-,N,,,,,,,,,,N,3,0,2,2,A,-,11,21956,,N,G,B,D,A,H,-,A,D,0,Y,Y,,,Y,,N,60,0,2,0,0,1,0,1,0,0,"- ","- ",,,"SAN FRANCISCO","SAN FRANCISCO",-122.43176997,37.731909969999997
8015541,2016,2016-04-18,3801,2016-03-13,1707,004300,TENDE,7,5,7,3801,0,0,0,,0,3J11D,"MARKET ST","7TH ST",0.00,,Y,B,C,N,,,,,,,,,,N,4,0,1,2,A,-,11,21950,B,N,G,B,E,B,H,-,A,A,0,Y,,,,Y,,N,60,0,0,1,0,1,0,0,0,0,"- ","- ",,,"SAN FRANCISCO","SAN FRANCISCO",-122.4125099,37.780479900000003
8015545,2016,2016-04-15,3801,2016-03-13,0609,795,NORTH,7,5,7,3801,0,0,0,,0,3E16A,"POLK ST","PINE ST",0.00,,Y,C,-,N,,,,,,,,,,N,4,0,1,2,A,-,12,21453,A,F,G,B,-,B,H,-,C,A,0,Y,,,,Y,,D,23,0,0,1,0,1,0,0,0,0,"- ","- ",,,"SAN FRANCISCO","SAN FRANCISCO",-122.42049994,37.789639979999997
8015565,2016,2016-04-15,3801,2016-03-29,1638,4057,NORTH,2,5,7,3801,0,0,0,,0,3E11D,"OCTAVIA ST","FELL ST",9.00,S,N,A,-,N,,,,,,,,,,N,4,0,1,2,A,-,10,21950,A,N,G,B,B,A,H,-,A,A,0,Y,,,,Y,,D,22,0,0,1,0,1,0,0,0,0,"- ","- ",,,"SAN FRANCISCO","SAN FRANCISCO",-122.42447532,37.775695560000003
8016146,2016,2016-04-18,3801,2016-03-16,0805,4267,TARAV,3,5,7,3801,0,0,0,,0,3I41,"29TH AV","KIRKHAM ST",0.00,,Y,A,-,N,,,,,,,,,,N,3,0,1,2,A,-,03,22350,,N,G,B,B,A,H,-,A,D,0,Y,,,,Y,,D,22,0,1,0,0,1,0,0,0,0,"- ","- ",,,"SAN FRANCISCO","SAN FRANCISCO",-122.48756994,37.759359889999999
8016396,2016,2016-04-13,3801,2016-03-02,1421,1108,SOUTH,3,5,7,3801,0,0,0,,0,5CAR,"KING ST","2ND ST",0.00,,Y,A,-,N,,,,,,,,,,N,4,0,1,2,A,-,11,21456,B,N,G,B,B,A,H,-,A,A,0,Y,,,,Y,,N,60,0,0,1,0,1,0,0,0,0,"- ","- ",,,"SAN FRANCISCO","SAN FRANCISCO",-122.3897,37.779959959999999
8019300,2016,2016-04-18,3801,2016-02-17,1750,1196,INGLE,3,5,7,3801,0,0,0,,0,3H5,"MOUNT VERNON AV","ALEMANY BL",5.00,W,N,C,-,N,,,,,,,,,,N,3,0,1,2,A,-,12,21453,A,N,G,B,B,B,H,-,C,A,0,Y,,,,Y,,A,01,0,1,0,0,1,0,0,0,0,"- ","- ",,,"SAN FRANCISCO","SAN FRANCISCO",-122.44461234000001,37.716109619999997
8019318,2015,2016-04-15,3801,2015-10-04,2334,001459,NORTH,7,5,7,3801,0,0,0,,0,3E13E,POLK,"SUTTER ST",0.00,,Y,A,-,N,,,,,,,,,,N,4,0,1,2,A,-,08,22107,,N,G,B,B,A,H,-,C,A,0,Y,,,,Y,Y,A,01,0,0,1,0,1,0,0,0,0,"- ","- ",,,"SAN FRANCISCO","SAN FRANCISCO",-122.42009991,37.78775993
8019353,2015,2016-04-15,3801,2015-12-29,1244,1510,RICHM,2,5,7,3801,0,0,0,,0,3G14C,"FULTON ST","40TH AV",7.00,E,N,A,-,N,,,,,,,,,,N,3,0,1,2,A,-,10,21950,A,N,G,B,B,A,H,-,A,D,0,Y,,,,Y,,A,07,0,1,0,0,1,0,0,0,0,"- ","- ",,,"SAN FRANCISCO","SAN FRANCISCO",-122.50026583,37.771831310000003
8019445,2016,2016-08-24,3801,2016-03-19,2349,000707,TENDE,6,5,7,3801,0,0,0,,0,3J15E,"ELLIS ST","JONES ST",0.00,,Y,A,-,N,,,,,,,,,,N,4,0,1,2,A,-,09,21453,B,N,G,B,D,A,H,-,C,A,0,Y,,,,Y,,A,01,0,0,1,0,1,0,0,0,0,"- ","- ",,,"SAN FRANCISCO","SAN FRANCISCO",-122.41277993,37.78489999
8019449,2016,2017-02-09,3801,2016-03-24,2051,4051,NORTH,4,5,7,3801,0,0,0,,0,3E13D,"VAN NESS AV","SUTTER ST",0.00,,Y,A,-,Y,SF,4,101,-,-,5.740,I,5,S,N,4,0,1,2,A,-,11,21950,B,N,D,B,B,A,H,-,C,A,0,Y,,,,Y,Y,N,60,0,0,1,0,1,0,0,0,0,"- ","- ",,,"SAN FRANCISCO","SAN FRANCISCO",-122.42187798,37.78756679
8019453,2016,2016-08-24,3801,2016-03-24,1425,2169,,4,5,7,3801,0,0,0,,0,3J42C,"9TH ST","MARKET ST",50.00,S,N,A,-,N,,,,,,,,,,N,4,0,1,2,A,-,11,21954,A,N,G,B,D,A,H,-,A,A,0,Y,,,,Y,,N,60,0,0,1,0,1,0,0,0,0,"- ","- ",,,"SAN FRANCISCO","SAN FRANCISCO",-122.41620795999999,37.777402610000003
8020043,2016,2016-04-28,3801,2016-03-14,1101,2092,TENDE,1,5,7,3801,0,0,0,,0,3J11A,"MARKET ST","7TH ST",35.00,W,N,A,-,N,,,,,,,,,,N,4,0,1,2,A,-,11,21453,D,N,G,B,B,A,H,-,A,A,0,Y,,,,Y,,N,60,0,0,1,0,1,0,0,0,0,"- ","- ",,,"SAN FRANCISCO","SAN FRANCISCO",-122.41259577,37.780412099999999
8020049,2016,2016-04-18,3801,2016-03-22,0645,1917,TARAV,2,5,7,3801,0,0,0,,0,3116A,"SAN JOSE AV","GOETHE ST",0.00,,Y,A,-,N,,,,,,,,,,N,3,0,2,3,A,-,10,21950,A,N,G,B,B,A,H,-,C,A,0,Y,,,,Y,,D,22,0,2,0,0,2,0,0,0,0,"- ","- ",,,"SAN FRANCISCO","SAN FRANCISCO",-122.45884989,37.708439920000004
8020055,2016,2016-04-20,3801,2016-02-01,1108,1571,,1,5,7,3801,0,0,0,,0,,"16TH ST","HARRISON ST",0.00,,Y,A,-,N,,,,,,,,,,N,4,0,1,2,A,-,10,21950,A,N,G,B,B,A,H,-,A,A,0,Y,,,,Y,Y,D,22,0,0,1,0,1,0,0,0,0,"- ","- ",,,"SAN FRANCISCO","SAN FRANCISCO",-122.41314996,37.765449940000003
8020085,2016,2016-05-03,3801,2016-03-01,0936,2093,TENDE,2,5,7,3801,0,0,0,,0,,"GOLDEN GATE AV","CONTINUUM WY",0.00,,Y,A,-,N,,,,,,,,,,N,4,0,1,2,A,-,11,21950,B,N,D,B,D,A,H,-,A,D,0,Y,,,Y,Y,,N,60,0,0,1,0,1,0,0,0,0,"- ","- ",,,"SAN FRANCISCO","SAN FRANCISCO",-122.41469711000001,37.781756629999997
8020094,2016,2017-06-20,3801,2016-02-27,1715,380,CENTR,6,5,7,3801,0,0,0,,0,002,MONTGOMERY,CLAY,0.00,,Y,A,-,N,,,,,,,,,,N,4,0,1,2,A,-,10,21950,A,N,G,B,B,A,H,-,A,A,0,Y,,,,Y,,-,,0,0,1,0,1,0,0,0,0,"- ","- ",,,"SAN FRANCISCO","SAN FRANCISCO",-122.40311989,37.79467992
8020096,2016,2016-04-14,3801,2016-02-24,1529,1766,TENDE,3,5,7,3801,0,0,0,,0,4B103,"STEVENSON ST","5TH ST",250.00,E,N,A,-,N,,,,,,,,,,N,4,0,1,2,A,-,21,22106,,F,G,B,E,A,H,-,A,A,0,Y,,,,Y,,A,07,0,0,1,0,1,0,0,0,0,"- ","- ",37.78342,-122.40751,"SAN FRANCISCO","SAN FRANCISCO",-122.40746,37.78351
8020123,2016,2016-04-13,3801,2016-03-10,2239,890,TENDE,4,5,7,3801,0,0,0,,0,3J12D,"MARKET ST","9TH ST",42.00,E,N,C,-,N,,,,,,,,,,N,4,0,1,2,A,-,10,21950,A,N,G,B,B,B,H,-,C,A,0,Y,,,,Y,Y,A,01,0,0,1,0,1,0,0,0,0,"- ","- ",,,"SAN FRANCISCO","SAN FRANCISCO",-122.41622694,37.77758137
8020125,2016,2016-04-21,3801,2016-03-10,1913,1910,E,4,5,7,3801,0,0,0,,0,3E15D,FRANKLIN,PINE,0.00,,Y,C,-,N,,,,,,,,,,N,4,0,1,3,A,-,12,21453,A,F,G,B,B,B,H,-,C,A,0,Y,,,,Y,Y,-,,0,0,1,0,1,0,0,0,0,"- ","- ",,,"SAN FRANCISCO","SAN FRANCISCO",-122.42377994,37.78920995
8020126,2016,2016-04-13,3801,2016-03-12,2000,1571,MISSI,6,5,7,3801,0,0,0,,0,3D11D,"18TH ST","GUERRERO ST",0.00,,Y,C,-,N,,,,,,,,,,N,4,0,1,2,A,-,10,21950,A,N,G,B,B,B,H,-,C,A,0,Y,,,,Y,,A,07,0,0,1,0,1,0,0,0,0,"- ","- ",,,"SAN FRANCISCO","SAN FRANCISCO",-122.42379996,37.761579930000003
8020130,2016,2016-04-13,3801,2016-03-11,1055,0295,TENDE,5,5,7,3801,0,0,0,,0,00J,"MARKET ST","4TH ST",0.00,,Y,C,-,N,,,,,,,,,,N,3,0,2,3,A,-,10,21950,A,N,G,B,B,B,H,-,A,A,0,Y,,,,Y,,A,08,0,1,1,0,2,0,0,0,0,"- ","- ",,,"SAN FRANCISCO","SAN FRANCISCO",-122.40588997,37.785699899999997
8020135,2016,2016-04-13,3801,2016-03-01,1641,2466,RICHO,2,5,7,3801,0,0,0,,0,TWO,"COLLINS ST","MAYFAIR ST",0.00,,Y,A,-,N,,,,,,,,,,N,4,0,1,2,A,-,11,21950,B,N,G,B,B,A,H,-,A,D,0,Y,,,,Y,,N,60,0,0,1,0,1,0,0,0,0,"- ","- ",,,"SAN FRANCISCO","SAN FRANCISCO",-122.45039992,37.786069900000001
8020137,2016,2016-04-13,3801,2016-03-01,2050,1628,PARK,2,5,7,3801,0,0,0,,0,3F12D,"HAIGHT ST","CLAYTON ST",0.00,,Y,A,-,N,,,,,,,,,,N,3,0,1,2,A,-,12,22450,A,M,G,B,B,A,H,-,C,A,0,Y,,,,Y,,A,01,0,1,0,0,1,0,0,0,0,"- ","- ",,,"SAN FRANCISCO","SAN FRANCISCO",-122.44857995,37.769799970000001
8020149,2016,2016-04-13,3801,2016-03-12,1543,2312,,6,5,7,3801,0,0,0,,0,3J13D,"MARKET ST","7TH ST",35.00,W,N,C,-,N,,,,,,,,,,N,4,0,1,2,A,-,11,21950,B,N,D,B,B,B,H,-,A,A,0,Y,,,,Y,,N,60,0,0,1,0,1,0,0,0,0,"- ","- ",,,"SAN FRANCISCO","SAN FRANCISCO",-122.41259577,37.780412099999999
8020151,2016,2016-04-13,3801,2016-03-14,0952,001081,TARAV,1,5,7,3801,0,0,0,,0,3I13A,"32ND AV","NORIEGA ST",33.00,N,N,A,-,N,,,,,,,,,,N,4,0,1,2,A,-,11,21954,A,N,G,B,D,A,H,-,A,D,0,Y,,,,Y,,N,60,0,0,1,0,1,0,0,0,0,"- ","- ",,,"SAN FRANCISCO","SAN FRANCISCO",-122.49040685,37.753720489999999
8020152,2016,2016-04-13,3801,2016-03-11,1800,1962,SOUTH,5,5,7,3801,0,0,0,,0,3B15D,"KANSAS ST","23RD ST",0.00,,Y,C,-,N,,,,,,,,,,N,4,0,1,2,A,-,10,21950,A,N,G,B,B,B,H,-,B,A,0,Y,,,,Y,,A,01,0,0,1,0,1,0,0,0,0,"- ","- ",,,"SAN FRANCISCO","SAN FRANCISCO",-122.40253995,37.754519899999998
8020157,2016,2016-04-12,3801,2016-03-08,1724,1994,NORTH,2,5,7,3801,0,0,0,,0,4B3B,"CHESTNUT ST","VAN NESS AV",10.00,W,N,A,-,N,,,,,,,,,,N,3,0,1,2,A,-,11,21950,B,N,G,B,B,A,H,-,A,A,0,Y,,,,Y,,N,60,0,1,0,0,1,0,0,0,0,"- ","- ",37.802219999999998,-122.42462,"SAN FRANCISCO","SAN FRANCISCO",-122.42481424,37.802255930000001
8020162,2016,2016-04-13,3801,2016-03-08,1935,4051,NORTH,2,5,7,3801,0,0,0,,0,3E13D,"GOUGH ST","EDDY ST",8.00,S,N,A,-,N,,,,,,,,,,,4,0,1,2,A,-,10,21950,A,N,A,B,B,A,H,-,C,A,0,Y,,,,Y,,A,01,0,0,1,0,1,0,0,0,0,"- ","- ",,,"SAN FRANCISCO","SAN FRANCISCO",-122.42411566,37.782448299999999