CASE_ID,ACCIDENT_YEAR,PROC_DATE,JURIS,COLLISION_DATE,COLLISION_TIME,OFFICER_ID,REPORTING_DISTRICT,DAY_OF_WEEK,CHP_SHIFT,POPULATION,CNTY_CITY_LOC,SPECIAL_COND,BEAT_TYPE,CHP_BEAT_TYPE,CITY_DIVISION_LAPD,CHP_BEAT_CLASS,BEAT_NUMBER,PRIMARY_RD,SECONDARY_RD,DISTANCE,DIRECTION,INTERSECTION,WEATHER_1,WEATHER_2,STATE_HWY_IND,CALTRANS_COUNTY,CALTRANS_DISTRICT,STATE_ROUTE,ROUTE_SUFFIX,POSTMILE_PREFIX,POSTMILE,LOCATION_TYPE,RAMP_INTERSECTION,SIDE_OF_HWY,TOW_AWAY,COLLISION_SEVERITY,NUMBER_KILLED,NUMBER_INJURED,PARTY_COUNT,PRIMARY_COLL_FACTOR,PCF_CODE_OF_VIOL,PCF_VIOL_CATEGORY,PCF_VIOLATION,PCF_VIOL_SUBSECTION,HIT_AND_RUN,TYPE_OF_COLLISION,MVIW,PED_ACTION,ROAD_SURFACE,ROAD_COND_1,ROAD_COND_2,LIGHTING,CONTROL_DEVICE,CHP_ROAD_TYPE,PEDESTRIAN_ACCIDENT,BICYCLE_ACCIDENT,MOTORCYCLE_ACCIDENT,TRUCK_ACCIDENT,NOT_PRIVATE_PROPERTY,ALCOHOL_INVOLVED,STWD_VEHTYPE_AT_FAULT,CHP_VEHTYPE_AT_FAULT,COUNT_SEVERE_INJ,COUNT_VISIBLE_INJ,COUNT_COMPLAINT_PAIN,COUNT_PED_KILLED,COUNT_PED_INJURED,COUNT_BICYCLIST_KILLED,COUNT_BICYCLIST_INJURED,COUNT_MC_KILLED,COUNT_MC_INJURED,PRIMARY_RAMP,SECONDARY_RAMP,LATITUDE,LONGITUDE,COUNTY,CITY,POINT_X,POINT_Y
8020164,2016,2016-04-13,3801,2016-03-06,1115,2102,INGLE,7,5,7,3801,0,0,0,,0,3H13C,"MISSION ST","TRUMBULL ST",0.00,,N,A,-,N,,,,,,,,,,N,4,0,1,2,A,-,10,21950,A,N,G,B,B,A,H,-,A,A,0,Y,,,,Y,Y,A,01,0,0,1,0,1,0,0,0,0,"- ","- ",,,"SAN FRANCISCO","SAN FRANCISCO",-122.42924995,37.73077997
8020167,2016,2016-04-18,3801,2016-03-07,1221,001515,NORTH,1,5,7,3801,0,0,0,,0,3E13C,"POLK ST","GEARY ST",0.00,,Y,A,-,N,,,,,,,,,,Y,4,0,2,3,A,-,12,21453,A,N,D,C,E,A,H,-,A,A,0,Y,,,,Y,,A,01,0,0,2,0,1,0,0,0,0,"- ","- ",,,"SAN FRANCISCO","SAN FRANCISCO",-122.41973999,37.785899960000002
8020169,2016,2016-04-13,3801,2016-03-10,0900,1571,MISSI,4,5,7,3801,0,0,0,,0,3D11A,"15TH ST","JULIAN ST",0.00,,Y,B,-,N,,,,,,,,,,N,3,0,1,2,A,-,21,22106,,N,G,B,B,A,H,-,A,D,0,Y,,,,Y,,A,07,0,1,0,0,1,0,0,0,0,"- ","- ",,,"SAN FRANCISCO","SAN FRANCISCO",-122.42101986999999,37.766609969999998
8020176,2016,2016-04-13,3801,2016-03-02,1255,2078,NORTH,3,5,7,3801,0,0,0,,0,3E11C,"HAIGHT ST","PIERCE ST",0.00,,Y,A,-,N,,,,,,,,,,N,3,0,1,2,A,-,10,21950,A,N,B,B,B,A,H,-,A,D,0,Y,,,,Y,,A,01,0,1,0,0,1,0,0,0,0,"- ","- ",,,"SAN FRANCISCO","SAN FRANCISCO",-122.43372995999999,37.771689889999998
8020179,2016,2016-04-13,3801,2016-03-02,1635,000751,CENTR,3,5,7,3801,0,0,0,,0,3A12D,"KEARNY ST","CALIFORNIA ST",4.00,S,N,A,-,N,,,,,,,,,,N,4,0,1,2,A,-,10,21950,A,F,G,B,F,A,H,-,A,A,0,Y,,,,Y,,A,07,0,0,1,0,1,0,0,0,0,"- ","- ",,,"SAN FRANCISCO","SAN FRANCISCO",-122.4043783,37.792669089999997
8020182,2016,2016-04-13,3801,2016-03-03,0900,001588,CENTR,4,5,7,3801,0,0,0,,0,3A14A,"DRUMM ST","WASHINGTON ST",0.00,,Y,C,-,N,,,,,,,,,,,3,0,1,2,A,-,10,21950,A,N,G,B,B,B,H,-,A,A,0,Y,,,,Y,,A,01,0,1,0,0,1,0,0,0,0,"- ","- ",,,"SAN FRANCISCO","SAN FRANCISCO",-122.39697999000001,37.79636996
8020220,2016,2016-04-13,3801,2016-03-21,1924,1445,NORTH,1,5,7,3801,0,0,0,,0,3E91,"GREEN ST","LAGUNA ST",0.00,,Y,B,-,N,,,,,,,,,,N,4,0,1,2,A,-,10,21950,A,N,G,B,B,B,H,-,C,A,0,Y,,,,Y,,A,01,0,0,1,0,1,0,0,0,0,"- ","- ",,,"SAN FRANCISCO","SAN FRANCISCO",-122.43034991,37.796789920000002
8020222,2016,2016-04-13,3801,2016-03-28,2058,2487,NORTH,1,5,7,3801,0,0,0,,0,3E13D,"GOUGH ST","SUTTER ST",37.00,S,N,A,-,N,,,,,,,,,,N,3,0,1,2,A,-,10,21950,A,N,G,B,B,A,H,-,C,A,0,Y,,,,Y,,A,01,0,1,0,0,1,0,0,0,0,"- ","- ",,,"SAN FRANCISCO","SAN FRANCISCO",-122.42501889,37.787039749999998
8020224,2016,2016-08-24,3801,2016-03-30,0735,97,PARK,3,5,7,3801,0,0,0,,0,3F11A,"CARL ST","COLE ST",0.00,,Y,A,-,N,,,,,,,,,,,4,0,1,2,A,-,10,21950,A,N,G,B,B,A,H,-,A,A,0,Y,,,,Y,,-,,0,0,1,0,1,0,0,0,0,"- ","- ",,,"SAN FRANCISCO","SAN FRANCISCO",-122.44996986,37.765779879999997
8020229,2016,2016-04-13,3801,2016-03-26,1115,002101,TARAV,6,5,7,3801,0,0,0,,0,3116A,"LEE AV","OCEAN AV",95.00,S,N,A,-,N,,,,,,,,,,N,3,0,1,2,A,-,21,22106,,N,G,B,E,A,H,-,A,D,0,Y,,,,Y,,A,01,0,1,0,0,1,0,0,0,0,"- ","- ",,,"SAN FRANCISCO","SAN FRANCISCO",-122.4541,37.723229019999998
8020230,2016,2016-04-13,3801,2016-03-27,1823,2407,CENTR,7,5,7,3801,0,0,0,,0,3A12D,"MONTGOMERY ST","WASHINGTON ST",0.00,,Y,B,-,N,,,,,,,,,,N,3,0,1,2,A,-,10,21950,A,N,G,B,B,A,H,-,A,A,0,Y,,,,Y,Y,A,01,0,1,0,0,1,0,0,0,0,"- ","- ",,,"SAN FRANCISCO","SAN FRANCISCO",-122.40329986,37.795529899999998
8020232,2016,2016-04-13,3801,2016-03-26,0430,488,INGLE,6,5,7,3801,0,0,0,,0,3H14E,"COTTER ST","SAN JOSE AV",5.00,E,N,A,-,N,,,,,,,,,,N,3,0,1,2,A,-,10,21950,A,F,G,B,B,A,H,-,C,D,0,Y,,,,Y,Y,-,,0,1,0,0,1,0,0,0,0,"- ","- ",,,"SAN FRANCISCO","SAN FRANCISCO",-122.43744839999999,37.730269819999997
8020236,2016,2016-04-13,3801,2016-03-24,1920,001375,COI,4,5,7,3801,0,0,0,,0,3I13D,"IRVING ST","24TH AV",0.00,,Y,A,-,N,,,,,,,,,,N,3,0,1,2,A,-,03,22350,,N,C,B,F,A,H,-,C,D,0,Y,Y,,,Y,,L,04,0,1,0,0,1,0,0,0,0,"- ","- ",,,"SAN FRANCISCO","SAN FRANCISCO",-122.48248995,37.763329990000003
8020263,2016,2016-04-13,3801,2016-03-02,0015,750,MISSI,3,5,7,3801,0,0,0,,0,3D15E,"DOLORES ST","16TH ST",0.00,,Y,A,-,N,,,,,,,,,,N,4,0,1,2,A,-,03,22350,,F,G,B,E,A,H,-,C,A,0,Y,,,,Y,,-,,0,0,1,0,1,0,0,0,0,"- ","- ",,,"SAN FRANCISCO","SAN FRANCISCO",-122.42644,37.764639979999998
8020301,2016,2017-02-09,3801,2016-03-12,2104,2105,NORTH,6,5,7,3801,0,0,0,,0,3E13D,"VAN NESS AV","GROVE ST",0.00,,Y,C,-,Y,SF,4,101,-,-,5.076,I,5,N,N,4,0,2,3,A,-,10,21950,A,N,G,B,B,B,H,-,C,A,0,Y,,,,Y,,A,01,0,0,2,0,2,0,0,0,0,"- ","- ",,,"SAN FRANCISCO","SAN FRANCISCO",-122.41982230000001,37.778293410000003
8020302,2016,2016-08-24,3801,2016-03-11,1949,1160,COG3G,5,5,7,3801,0,0,0,,0,901,"FULTON ST","30TH AV",0.00,,Y,C,-,N,,,,,,,,,,N,4,0,1,2,A,-,10,21950,A,N,G,B,B,B,H,-,C,A,0,Y,,,,Y,,A,01,0,0,1,0,1,0,0,0,0,"- ","- ",,,"SAN FRANCISCO","SAN FRANCISCO",-122.48953987,37.772329910000003
8020306,2016,2017-02-09,3801,2016-03-10,2050,302,NORTH,4,5,7,3801,0,0,0,,0,3E4D,"BRODERICK ST","LOMBARD ST",0.00,,Y,C,-,Y,SF,4,101,-,-,7.806,I,5,N,N,3,0,1,2,A,-,10,21950,A,F,G,B,B,B,H,-,C,A,0,Y,,,,Y,Y,A,01,0,1,0,0,1,0,0,0,0,"- ","- ",,,"SAN FRANCISCO","SAN FRANCISCO",-122.44468148,37.79886655
8020314,2016,2016-04-13,3801,2016-03-25,2349,2343,SOUTH,5,5,7,3801,0,0,0,,0,0B5,"KING ST","3RD ST",0.00,,Y,A,-,N,,,,,,,,,,N,3,0,1,2,A,-,11,21453,D,N,G,B,D,A,H,-,C,A,0,Y,,,,Y,Y,N,60,0,1,0,0,1,0,0,0,0,"- ","- ",,,"SAN FRANCISCO","SAN FRANCISCO",-122.39194990999999,37.778199979999997
8020322,2016,2016-08-24,3801,2016-03-23,2104,1242,CENTR,3,5,7,3801,0,0,0,,0,3A3E,"LARKIN ST","SACRAMENTO ST",0.00,,Y,A,-,N,,,,,,,,,,N,4,0,1,2,A,-,10,21950,A,N,G,B,B,A,H,-,C,A,0,Y,,,,Y,,A,01,0,0,1,0,1,0,0,0,0,"- ","- ",,,"SAN FRANCISCO","SAN FRANCISCO",-122.41923987,37.791709939999997
8020324,2016,2016-04-13,3801,2016-03-22,1141,740,CENTR,2,5,7,3801,0,0,0,,0,002,"POWELL ST","SUTTER ST",0.00,,Y,A,-,N,,,,,,,,,,N,4,0,1,2,A,-,10,21950,A,N,D,B,B,A,G,H,A,A,0,Y,,,,Y,,A,01,0,0,1,0,1,0,0,0,0,"- ","- ",,,"SAN FRANCISCO","SAN FRANCISCO",-122.40860995,37.789229900000002
8020325,2016,2016-04-13,3801,2016-03-22,1950,4300,TENDE,2,5,7,3801,0,0,0,,0,3J60,"LEAVENWORTH ST","MCALLISTER ST",92.00,N,N,A,-,N,,,,,,,,,,N,4,0,1,2,A,-,11,21954,A,F,G,B,E,A,H,-,C,D,0,Y,,,,Y,,N,60,0,0,1,0,1,0,0,0,0,"- ","- ",,,"SAN FRANCISCO","SAN FRANCISCO",-122.41373874,37.78117975
8020327,2016,2016-04-13,3801,2016-03-21,1300,4333,TARAV,1,5,7,3801,0,0,0,,0,3I4D,"28TH AV","TARAVAL AV",0.00,,Y,C,E,N,,,,,,,,,,N,3,0,1,2,A,-,10,21950,A,N,G,B,B,B,H,-,A,A,0,Y,,Y,,Y,,C,03,0,1,0,0,1,0,0,0,0,"- ","- ",,,"SAN FRANCISCO","SAN FRANCISCO",-122.48533997,37.742629999999998
8020328,2016,2016-04-18,3801,2016-03-20,2050,2135,RICHM,7,5,7,3801,0,0,0,,0,3G12E,"SPRUCE ST","CALIFORNIA ST",0.00,,Y,A,-,N,,,,,,,,,,N,4,0,1,2,A,-,10,21950,A,N,G,B,B,A,H,-,C,A,0,Y,,,,Y,,-,"- ",0,0,1,0,1,0,0,0,0,"- ","- ",,,"SAN FRANCISCO","SAN FRANCISCO",-122.45340994999999,37.786399920000001
8020332,2016,2016-04-13,3801,2016-03-02,0800,518,INGLE,3,5,7,3801,0,0,0,,0,4B6H,"SAN JOSE AV","RANDALL ST",34.00,E,N,A,-,N,,,,,,,,,,N,4,0,1,2,A,-,11,21456,B,N,-,B,B,A,H,-,A,A,0,Y,,,,Y,,N,60,0,0,1,0,1,0,0,0,0,"- ","- ",37.73997,-122.42400000000001,"SAN FRANCISCO","SAN FRANCISCO",-122.42423397,37.739951089999998
8020415,2016,2016-04-15,3801,2016-03-07,1743,004333,TARAV,1,5,7,3801,0,0,0,,0,3I11D,"GRAFTON AV","PLYMOUTH AV",0.00,,Y,A,-,N,,,,,,,,,,N,4,0,1,2,A,-,10,21950,A,N,G,B,B,A,H,-,B,A,0,Y,,,,Y,,A,01,0,0,1,0,1,0,0,0,0,"- ","- ",,,"SAN FRANCISCO","SAN FRANCISCO",-122.45615997,37.720009900000001
8020416,2016,2016-04-14,3801,2016-03-17,1645,2168,CNTRL,4,5,7,3801,0,0,0,,0,3A12D,"KEARNY ST","BUSH ST",0.00,,Y,A,-,N,,,,,,,,,,N,3,0,1,2,A,-,11,21954,A,N,G,-,D,A,H,-,A,A,0,Y,Y,,,Y,,N,60,0,1,0,0,0,0,1,0,0,"- ","- ",,,"SAN FRANCISCO","SAN FRANCISCO",-122.4040299,37.790769939999997
8020418,2016,2016-04-13,3801,2016-03-04,0104,00829,STHRN,5,5,7,3801,0,0,0,,0,3B12E,"MISSION ST","10TH ST",0.00,,Y,A,-,N,,,,,,,,,,N,3,0,1,2,D,-,00,,,F,G,B,B,A,H,-,C,A,0,Y,,,,Y,Y,-,"- ",0,1,0,0,1,0,0,0,0,"- ","- ",,,"SAN FRANCISCO","SAN FRANCISCO",-122.41590991,37.775279990000001
8020419,2016,2016-04-14,3801,2016-03-04,1905,004320,NGLSD,5,5,7,3801,0,0,0,,0,001,"MISSION ST","KINGSTON ST",0.00,,Y,A,-,N,,,,,,,,,,N,2,0,1,2,A,-,11,21950,B,N,G,B,D,A,H,-,C,D,0,Y,,,,Y,,N,60,1,0,0,0,1,0,0,0,0,"- ","- ",,,"SAN FRANCISCO","SAN FRANCISCO",-122.42237987999999,37.741750000000003
8020422,2016,2016-04-13,3801,2016-03-04,2133,004294,STHRN,5,5,7,3801,0,0,0,,0,3B14D,"FOLSOM ST","MOSS ST",0.00,,Y,A,-,N,,,,,,,,,,N,4,0,1,2,A,-,11,21955,,N,G,B,D,A,H,-,C,D,0,Y,,,,Y,,N,60,0,0,1,0,1,0,0,0,0,"- ","- ",,,"SAN FRANCISCO","SAN FRANCISCO",-122.40729992,37.777189970000002
8020423,2016,2016-04-20,3801,2016-03-04,2245,867,STHRN,5,5,7,3801,0,0,0,,0,,"MARKET ST","SOUTH VAN NESS",0.00,,Y,B,C,N,,,,,,,,,,N,3,0,1,2,A,-,11,21453,D,N,G,B,B,B,H,-,C,A,0,Y,,,,Y,Y,N,60,0,1,0,0,1,0,0,0,0,"- ","- ",,,"SAN FRANCISCO","SAN FRANCISCO",-122.41925990999999,37.775169959999999
8020430,2016,2016-04-13,3801,2016-03-05,0100,1427,J,6,5,7,3801,0,0,0,,0,14E,"ELLIS ST","LARKIN ST",0.00,,Y,C,-,N,,,,,,,,,,N,4,0,1,2,A,-,10,21950,A,F,G,B,B,B,H,-,C,A,0,Y,,,,Y,,A,01,0,0,1,0,1,0,0,0,0,"- ","- ",,,"SAN FRANCISCO","SAN FRANCISCO",-122.41771996999999,37.784249889999998
8020431,2016,2016-04-13,3801,2016-03-06,1845,4374,MSION,7,5,7,3801,0,0,0,,0,3D14D,"CESAR CHAVEZ","VALENCIA ST",0.00,,Y,C,G,N,,,,,,,,,,N,3,0,2,3,A,-,10,21950,A,N,G,B,B,B,H,-,C,A,0,Y,,,,Y,,A,08,0,1,1,0,2,0,0,0,0,"- ","- ",,,"SAN FRANCISCO","SAN FRANCISCO",-122.42024995,37.748119950000003
8020434,2016,2016-04-15,3801,2016-03-05,2355,837,CNTRL,6,5,7,3801,0,0,0,,0,3A11E,"SUTTER ST","POLK ST",0.00,,Y,C,-,N,,,,,,,,,,N,4,0,1,2,A,-,10,21950,A,M,G,B,B,B,H,-,C,A,0,Y,,,,Y,,A,01,0,0,1,0,1,0,0,0,0,"- ","- ",,,"SAN FRANCISCO","SAN FRANCISCO",-122.42009991,37.78775993
8020435,2016,2016-04-14,3801,2016-03-07,1407,1751,STHRN,1,5,7,3801,0,0,0,,0,3B2C,"5TH ST","FOLSOM ST",0.00,,Y,C,-,N,,,,,,,,,,N,4,0,1,2,A,-,10,21950,A,N,G,B,B,B,H,-,A,A,0,Y,,,,Y,,A,01,0,0,1,0,1,0,0,0,0,"- ","- ",,,"SAN FRANCISCO","SAN FRANCISCO",-122.40339985999999,37.780269969999999
8020454,2016,2016-04-13,3801,2016-03-03,0738,708,CNTRL,4,5,7,3801,0,0,0,,0,3A12A,"KEARNY ST","BUSH ST",0.00,,Y,B,-,N,,,,,,,,,,N,3,0,1,2,A,-,10,21950,A,F,G,B,B,B,H,-,A,A,0,Y,,,,Y,,A,01,0,1,0,0,1,0,0,0,0,"- ","- ",,,"SAN FRANCISCO","SAN FRANCISCO",-122.4040299,37.790769939999997
8020455,2016,2016-04-14,3801,2016-03-03,2020,1438,NGLSD,4,5,7,3801,0,0,0,,0,"5 CAR","SAN JOSE AV","OCEAN AV",0.00,,Y,A,-,N,,,,,,,,,,N,4,0,1,2,A,-,10,21950,A,N,G,B,B,B,H,-,C,A,0,Y,,,,Y,,A,01,0,0,1,0,1,0,0,0,0,"- ","- ",,,"SAN FRANCISCO","SAN FRANCISCO",-122.44480986000001,37.722929890000003
8020463,2016,2016-04-14,3801,2016-03-04,2255,000707,03042,5,5,7,3801,0,0,0,,0,2255,"TURK ST","JONES ST",0.00,,Y,C,-,N,,,,,,,,,,N,3,0,1,2,A,-,11,21456,A,N,G,B,B,B,H,-,C,A,0,Y,,,,Y,,N,60,0,1,0,0,1,0,0,0,0,"- ","- ",,,"SAN FRANCISCO","SAN FRANCISCO",-122.41240990999999,37.782999940000003
8020471,2016,2016-04-14,3801,2016-03-16,2246,1613,BVIEW,3,5,7,3801,0,0,0,,0,002,"3RD ST","LA SALLE AV",0.00,,Y,A,-,N,,,,,,,,,,N,3,0,1,2,A,-,11,21955,,N,G,B,D,A,H,-,C,A,0,Y,,,,Y,,N,60,0,1,0,0,1,0,0,0,0,"- ","- ",,,"SAN FRANCISCO","SAN FRANCISCO",-122.38993995,37.737219969999998
8020474,2016,2016-04-13,3801,2016-03-07,1540,1609,NTHRN,1,5,7,3801,0,0,0,,0,3E42,"WEBSTER ST","SUTTER ST",4.00,S,N,A,-,N,,,,,,,,,,N,3,0,1,2,A,-,10,21950,A,N,G,B,B,A,H,-,A,A,0,Y,,,,Y,,A,01,0,1,0,0,1,0,0,0,0,"- ","- ",,,"SAN FRANCISCO","SAN FRANCISCO",-122.43161781000001,37.786289150000002
8020475,2016,2016-04-14,3801,2016-03-17,0633,004361,MSION,4,5,7,3801,0,0,0,,0,3D14A,"CORTLAND AV","ELLSWORTH ST",0.00,,Y,A,-,N,,,,,,,,,,N,2,0,1,2,A,-,10,21950,A,N,G,B,B,A,H,-,C,A,0,Y,,,,Y,,A,08,1,0,0,0,1,0,0,0,0,"- ","- ",,,"SAN FRANCISCO","SAN FRANCISCO",-122.41466991,37.738889899999997
8038166,2016,2016-05-17,3801,2016-04-18,1040,2443,MISSI,1,5,7,3801,0,0,0,,0,3D13A,"CASTRO ST","24TH ST",0.00,,Y,A,-,N,,,,,,,,,,N,4,0,2,3,A,-,11,21456,B,N,G,B,B,A,H,-,A,A,0,Y,,,,Y,,N,60,0,0,2,0,2,0,0,0,0,"- ","- ",,,"SAN FRANCISCO","SAN FRANCISCO",-122.43406988,37.751299930000002
8038189,2016,2016-05-17,3801,2016-04-04,0752,000312,PARK,1,5,7,3801,0,0,0,,0,3CAR,"FULTON ST","SHRADER ST",125.00,E,N,A,-,N,,,,,,,,,,N,4,0,1,2,A,-,11,21954,A,N,B,B,D,A,H,-,A,A,0,Y,,,,Y,,N,60,0,0,1,0,1,0,0,0,0,"- ","- ",,,"SAN FRANCISCO","SAN FRANCISCO",-122.45254353999999,37.775027690000002
8038210,2016,2016-05-17,3801,2016-04-25,1700,1334,CENTR,1,5,7,3801,0,0,0,,0,3A5D,"SANSOME ST","PINE ST",0.00,,Y,A,-,N,,,,,,,,,,N,4,0,1,2,A,-,11,21954,A,N,G,B,D,A,H,-,A,A,0,Y,,,,Y,,N,60,0,0,1,0,1,0,0,0,0,"- ","- ",,,"SAN FRANCISCO","SAN FRANCISCO",-122.40091997,37.792099899999997
8039636,2016,2016-06-03,3801,2016-04-06,1330,1498,TARAV,3,5,7,3801,0,0,0,,0,3I5B,"46TH AV","TARAVAL ST",3.00,N,N,A,-,N,,,,,,,,,,N,3,0,2,3,A,-,10,21950,A,N,G,B,B,A,H,-,A,A,0,Y,,,,Y,,D,22,0,1,1,0,2,0,0,0,0,"- ","- ",,,"SAN FRANCISCO","SAN FRANCISCO",-122.50463053,37.741778230000001
8039958,2016,2016-05-16,3801,2016-04-23,2222,1752,CENTR,6,5,7,3801,0,0,0,,0,0A4,"COLUMBUS AV","UNION ST",163.00,S,N,A,-,N,,,,,,,,,,N,2,0,1,2,A,-,11,21954,A,N,G,B,D,A,H,-,C,D,0,Y,,,,Y,,N,60,1,0,0,0,1,0,0,0,0,"- ","- ",,,"SAN FRANCISCO","SAN FRANCISCO",-122.40974167,37.800018450000003
8039966,2016,2016-05-16,3801,2016-04-22,1724,880,B,5,5,7,3801,0,0,0,,0,004,"10TH ST","HARRISON ST",180.00,S,N,A,-,N,,,,,,,,,,N,4,0,1,2,A,-,11,21956,,N,G,B,E,A,H,-,A,A,0,Y,,,,Y,,N,60,0,0,1,0,1,0,0,0,0,"- ","- ",,,"SAN FRANCISCO","SAN FRANCISCO",-122.41082096,37.771241490000001
8039967,2016,2016-05-16,3801,2016-04-15,1252,880,B,5,5,7,3801,0,0,0,,0,002,"HOWARD ST","5TH ST",315.00,E,N,A,-,N,,,,,,,,,,N,3,0,1,2,A,-,00,20001,A,F,G,B,D,A,H,-,A,A,0,Y,,,,Y,,A,07,0,1,0,0,1,0,0,0,0,"- ","- ",,,"SAN FRANCISCO","SAN FRANCISCO",-122.40415689,37.78212018
8039974,2016,2016-05-16,3801,2016-04-19,0910,1216,BAYVI,2,5,7,3801,0,0,0,,0,3C15B,"THOMAS AV","THOMAS AV 1459",0.00,,Y,A,-,N,,,,,,,,,,N,3,0,1,2,A,-,17,21663,,M,G,B,F,A,H,-,A,D,0,Y,,,,Y,Y,A,01,0,1,0,0,1,0,0,0,0,"- ","- ",,,"SAN FRANCISCO","SAN FRANCISCO",-122.38872349,37.728934989999999
8042406,2016,2016-05-16,3801,2016-04-09,0201,004222,COH,6,5,7,3801,0,0,0,,0,3H11E,"MISSION ST","HIGHLAND AV",0.00,,Y,C,-,N,,,,,,,,,,N,2,0,1,2,A,-,10,21950,A,N,G,B,B,B,H,-,C,D,0,Y,,,,Y,,A,08,1,0,0,0,1,0,0,0,0,"- ","- ",,,"SAN FRANCISCO","SAN FRANCISCO",-122.42403989,37.737359929999997
8042410,2016,2016-05-16,3801,2016-04-12,1930,002339,PARKS,2,5,7,3801,0,0,0,,0,3F12D,"PARNASSUS AV","HILLWAY AV",0.00,,Y,A,-,N,,,,,,,,,,N,4,0,1,2,A,-,11,21950,B,N,G,B,B,A,H,-,C,D,0,Y,,,,Y,,N,60,0,0,1,0,1,0,0,0,0,"- ","- ",,,"SAN FRANCISCO","SAN FRANCISCO",-122.45669989,37.763839990000001
8042414,2016,2016-05-16,3801,2016-04-12,2026,2435,TENDE,2,5,7,3801,0,0,0,,0,3J13D,"GOLDEN GATE AV","LARKIN ST",130.00,E,N,A,-,N,,,,,,,,,,N,4,0,1,2,A,-,11,21955,,N,G,B,D,A,H,-,C,D,0,Y,,,,Y,,N,60,0,0,1,0,1,0,0,0,0,"- ","- ",,,"SAN FRANCISCO","SAN FRANCISCO",-122.41670571,37.78149655
8042446,2016,2016-05-16,3801,2016-04-09,2241,562,TENDE,6,5,7,3801,0,0,0,,0,3JBE,"HYDE ST","EDDY ST",0.00,,Y,C,-,N,,,,,,,,,,Y,3,0,1,2,A,-,10,21954,B,F,G,B,D,B,H,-,C,A,0,Y,,,,Y,,-,,0,1,0,0,1,0,0,0,0,"- ","- ",,,"SAN FRANCISCO","SAN FRANCISCO",-122.41588996999999,37.783509930000001
8042458,2016,2016-05-16,3801,2016-04-10,1955,2091,TARAV,7,5,7,3801,0,0,0,,0,,"19TH AV","SANTIAGO ST",0.00,,Y,A,-,N,,,,,,,,,,N,3,0,1,2,A,-,10,21950,A,N,G,B,B,A,H,-,C,A,0,Y,,,,Y,,A,01,0,1,0,0,1,0,0,0,0,"- ","- ",,,"SAN FRANCISCO","SAN FRANCISCO",-122.47579988,37.7448999
8042542,2016,2017-02-11,3801,2016-04-01,2051,002147,TARAV,5,5,7,3801,0,0,0,,0,3I15D,"19TH AV","WINSTON DR",97.00,S,N,A,-,Y,SF,4,1,-,-,1.330,H,-,S,N,3,0,1,2,A,-,11,21955,,N,G,B,D,A,H,-,C,A,0,Y,,,,Y,,N,60,0,1,0,0,1,0,0,0,0,"- ","- ",,,"SAN FRANCISCO","SAN FRANCISCO",-122.47508929999999,37.72663438
8042562,2016,2016-05-17,3801,2016-04-04,1646,2260,NORTH,1,5,7,3801,0,0,0,,0,2CAR,"WEBSTER ST","MCALLISTER ST",6.00,N,N,A,-,N,,,,,,,,,,N,4,0,1,2,A,-,10,21950,A,N,G,B,B,-,H,-,A,A,0,Y,,,,Y,,A,01,0,0,1,0,1,0,0,0,0,"- ","- ",,,"SAN FRANCISCO","SAN FRANCISCO",-122.43011339,37.778856259999998
8042586,2016,2016-05-17,3801,2016-04-04,2020,1206,RICHM,1,5,7,3801,0,0,0,,0,3G13D,"GEARY BL","32ND AV",0.00,,Y,A,-,N,,,,,,,,,,Y,4,0,2,4,A,-,01,23153,A,F,A,B,B,A,H,-,C,A,0,Y,,,,Y,Y,A,01,0,0,2,0,1,0,0,0,0,"- ","- ",,,"SAN FRANCISCO","SAN FRANCISCO",-122.49222985999999,37.779809919999998
8042594,2016,2016-05-17,3801,2016-04-17,0410,1007,BAYVI,7,5,7,3801,0,0,0,,0,2CAR,"BAYSHORE BL","INDUSTRIAL ST",0.00,,Y,A,-,N,,,,,,,,,,N,3,0,1,2,A,-,09,21453,B,F,G,B,B,A,H,-,C,A,0,Y,,,,Y,,A,01,0,1,0,0,1,0,0,0,0,"- ","- ",,,"SAN FRANCISCO","SAN FRANCISCO",-122.40696,37.737999940000002
8042606,2016,2016-05-17,3801,2016-04-16,0919,2001,INGLE,6,5,7,3801,0,0,0,,0,005,"LELAND AV","DESMOND ST",0.00,,Y,A,-,N,,,,,,,,,,N,4,0,1,2,A,-,10,21950,A,N,G,B,B,A,H,-,A,D,0,Y,,,,Y,,A,01,0,0,1,0,1,0,0,0,0,"- ","- ",,,"SAN FRANCISCO","SAN FRANCISCO",-122.40479997,37.711609940000002
8042628,2016,2016-05-17,3801,2016-04-02,2001,2102,CENTR,6,5,7,3801,0,0,0,,0,3A12D,"BUSH ST","HYDE ST",6.00,E,N,A,-,N,,,,,,,,,,N,4,0,1,2,A,-,10,21950,A,N,G,B,B,-,H,-,B,A,0,Y,,,,Y,,A,07,0,0,1,0,1,0,0,0,0,"- ","- ",,,"SAN FRANCISCO","SAN FRANCISCO",-122.41698952,37.789122759999998
8042788,2016,2016-05-17,3801,2016-03-11,1116,1045,PARK,5,5,7,3801,0,0,0,,0,004,"HERMANN ST","BUCHANAN ST",0.00,,Y,A,-,N,,,,,,,,,,N,4,0,1,2,A,-,10,21950,A,N,G,B,B,A,H,-,A,A,0,Y,,,,Y,,A,01,0,0,1,0,1,0,0,0,0,"- ","- ",,,"SAN FRANCISCO","SAN FRANCISCO",-122.42677989000001,37.77066997