CASE_ID,ACCIDENT_YEAR,PROC_DATE,JURIS,COLLISION_DATE,COLLISION_TIME,OFFICER_ID,REPORTING_DISTRICT,DAY_OF_WEEK,CHP_SHIFT,POPULATION,CNTY_CITY_LOC,SPECIAL_COND,BEAT_TYPE,CHP_BEAT_TYPE,CITY_DIVISION_LAPD,CHP_BEAT_CLASS,BEAT_NUMBER,PRIMARY_RD,SECONDARY_RD,DISTANCE,DIRECTION,INTERSECTION,WEATHER_1,WEATHER_2,STATE_HWY_IND,CALTRANS_COUNTY,CALTRANS_DISTRICT,STATE_ROUTE,ROUTE_SUFFIX,POSTMILE_PREFIX,POSTMILE,LOCATION_TYPE,RAMP_INTERSECTION,SIDE_OF_HWY,TOW_AWAY,COLLISION_SEVERITY,NUMBER_KILLED,NUMBER_INJURED,PARTY_COUNT,PRIMARY_COLL_FACTOR,PCF_CODE_OF_VIOL,PCF_VIOL_CATEGORY,PCF_VIOLATION,PCF_VIOL_SUBSECTION,HIT_AND_RUN,TYPE_OF_COLLISION,MVIW,PED_ACTION,ROAD_SURFACE,ROAD_COND_1,ROAD_COND_2,LIGHTING,CONTROL_DEVICE,CHP_ROAD_TYPE,PEDESTRIAN_ACCIDENT,BICYCLE_ACCIDENT,MOTORCYCLE_ACCIDENT,TRUCK_ACCIDENT,NOT_PRIVATE_PROPERTY,ALCOHOL_INVOLVED,STWD_VEHTYPE_AT_FAULT,CHP_VEHTYPE_AT_FAULT,COUNT_SEVERE_INJ,COUNT_VISIBLE_INJ,COUNT_COMPLAINT_PAIN,COUNT_PED_KILLED,COUNT_PED_INJURED,COUNT_BICYCLIST_KILLED,COUNT_BICYCLIST_INJURED,COUNT_MC_KILLED,COUNT_MC_INJURED,PRIMARY_RAMP,SECONDARY_RAMP,LATITUDE,LONGITUDE,COUNTY,CITY,POINT_X,POINT_Y
8042800,2016,2016-05-17,3801,2016-03-12,1805,179,SOUTH,6,5,7,3801,0,0,0,,0,3B14D,"2ND ST","HARRISON ST",54.00,N,N,C,-,N,,,,,,,,,,N,4,0,1,2,A,-,11,21955,,N,G,B,D,B,H,-,C,A,0,Y,,,,Y,,N,60,0,0,1,0,1,0,0,0,0,"- ","- ",,,"SAN FRANCISCO","SAN FRANCISCO",-122.39531373,37.784433640000003
8042812,2016,2016-05-18,3801,2016-04-27,1005,2470,SOUTH,3,5,7,3801,0,0,0,,0,3B12A,"FOLSOM ST","7TH ST",0.00,,Y,B,-,N,,,,,,,,,,Y,4,0,3,3,A,-,12,21453,A,N,D,C,B,B,H,-,A,A,0,Y,,,,Y,,-,,0,0,3,0,1,0,0,0,0,"- ","- ",,,"SAN FRANCISCO","SAN FRANCISCO",-122.40784985000001,37.776769889999997
8042814,2016,2016-05-17,3801,2016-03-23,2127,2080,CENTR,3,5,7,3801,0,0,0,,0,3A13E,"LOMBARD ST","MASON ST",12.00,E,N,A,-,N,,,,,,,,,,N,3,0,1,2,A,-,10,21950,A,N,G,B,B,A,H,-,C,A,0,Y,,,,Y,,A,01,0,1,0,0,1,0,0,0,0,"- ","- ",,,"SAN FRANCISCO","SAN FRANCISCO",-122.41296899,37.80282528
8042861,2016,2016-05-17,3801,2016-03-30,1534,441,TENDE,3,5,7,3801,0,0,0,,0,,"MINNA ST","6TH ST",51.00,W,N,A,-,N,,,,,,,,,,N,4,0,1,2,A,-,21,22106,,F,C,B,D,A,H,-,A,D,0,Y,,,,Y,Y,A,08,0,0,1,0,1,0,0,0,0,"- ","- ",37.780430000000003,-122.40827,"SAN FRANCISCO","SAN FRANCISCO",-122.40825545,37.780451429999999
8046651,2016,2016-05-17,3801,2016-04-05,0726,2375,,2,5,7,3801,0,0,0,,0,3G60,"EL CAMINO DEL MAR","30TH AV",0.00,,Y,A,-,N,,,,,,,,,,N,4,0,1,2,A,-,10,21950,A,N,G,B,B,A,H,-,A,D,0,Y,,,,Y,,A,01,0,0,1,0,1,0,0,0,0,"- ","- ",,,"SAN FRANCISCO","SAN FRANCISCO",-122.49057998000001,37.786259950000002
8046652,2016,2016-05-17,3801,2016-04-04,1805,000302,NORTH,1,5,7,3801,0,0,0,,0,3E11D,"JACKSON ST","OCTAVIA ST",177.00,E,N,A,-,N,,,,,,,,,,N,4,0,1,3,A,-,21,22106,,N,C,C,E,A,H,-,-,D,0,Y,,,,Y,,A,01,0,0,1,0,0,0,0,0,0,"- ","- ",,,"SAN FRANCISCO","SAN FRANCISCO",-122.42736499,37.793396999999999
8046659,2016,2016-05-27,3801,2016-04-04,0815,2073,3801,1,5,7,3801,0,0,0,,0,005,"3RD ST","CARROLL AV",0.00,,Y,A,-,N,,,,,,,,,,N,4,0,1,2,A,-,10,21950,A,N,A,B,B,A,H,-,A,A,0,Y,,,,Y,,A,01,0,0,1,0,1,0,0,0,0,"- ","- ",,,"SAN FRANCISCO","SAN FRANCISCO",-122.39435998,37.725490000000001
8046679,2016,2016-05-17,3801,2016-04-05,0743,2457,MISSI,2,5,7,3801,0,0,0,,0,901,"22ND ST","HARRISON ST",96.00,E,N,A,-,N,,,,,,,,,,N,3,0,1,2,A,-,11,21954,A,N,G,B,D,A,H,-,A,D,0,Y,,Y,,Y,,N,60,0,1,0,0,1,0,0,0,0,"- ","- ",,,"SAN FRANCISCO","SAN FRANCISCO",-122.41188888000001,37.755860910000003
8046699,2016,2016-05-17,3801,2016-04-30,2037,004375,TARAV,6,5,7,3801,0,0,0,,0,3I11D,"45TH AV","VICENTE ST",12.00,S,N,A,-,N,,,,,,,,,,N,3,0,1,2,A,-,10,21950,A,N,-,B,B,A,H,-,D,D,0,Y,,,,Y,,A,01,0,1,0,0,1,0,0,0,0,"- ","- ",,,"SAN FRANCISCO","SAN FRANCISCO",-122.50329714,37.73805711
8046704,2016,2016-05-17,3801,2016-04-08,2359,2477,MISSI,5,5,7,3801,0,0,0,,0,3D14E,"CESAR CHAVEZ",VALENCIA,5.00,E,N,B,C,N,,,,,,,,,,N,4,0,1,2,A,-,10,21950,A,N,G,B,B,B,H,-,C,A,0,Y,,,,Y,,A,01,0,0,1,0,1,0,0,0,0,"- ","- ",,,"SAN FRANCISCO","SAN FRANCISCO",-122.42023270999999,37.748120319999998
8046715,2016,2016-05-17,3801,2016-04-05,2332,1427,TENDE,2,5,7,3801,0,0,0,,0,0J4,"TAYLOR ST","TURK ST",0.00,,Y,A,-,N,,,,,,,,,,Y,4,0,1,3,A,-,12,21453,A,N,D,B,F,A,H,-,C,A,0,Y,,,,Y,Y,A,01,0,0,1,0,1,0,0,0,0,"- ","- ",,,"SAN FRANCISCO","SAN FRANCISCO",-122.41077986000001,37.783209880000001
8046719,2016,2016-05-17,3801,2016-04-06,1348,2260,NORTH,3,5,7,3801,0,0,0,,0,3CAR,"VAN NESS AV","FERN ST",40.00,S,N,A,-,N,,,,,,,,,,N,4,0,1,3,A,-,17,21663,,F,G,B,F,A,H,-,A,D,0,Y,Y,,,Y,,L,04,0,0,1,0,1,0,0,0,0,"- ","- ",,,"SAN FRANCISCO","SAN FRANCISCO",-122.42190961999999,37.787901310000002
8046721,2016,2016-05-19,3801,2016-04-09,2015,2122,TENDE,6,5,7,3801,0,0,0,,0,3J12D,"LARKIN ST","GROVE ST",0.00,,Y,C,-,N,,,,,,,,,,N,4,0,1,2,A,-,10,21950,A,N,G,B,B,B,H,-,C,A,0,Y,,,,Y,,A,07,0,0,1,0,1,0,0,0,0,"- ","- ",,,"SAN FRANCISCO","SAN FRANCISCO",-122.41659,37.778659990000001
8046732,2016,2016-05-18,3801,2016-04-22,2058,1696,NORTH,5,5,7,3801,0,0,0,,0,3E14E,"VAN NESS AV","MARKET ST",0.00,,Y,A,-,N,,,,,,,,,,N,3,0,1,2,A,-,11,21456,B,N,G,B,B,A,H,-,C,A,0,Y,,,,Y,,N,60,0,1,0,0,1,0,0,0,0,"- ","- ",,,"SAN FRANCISCO","SAN FRANCISCO",-122.41925990999999,37.775169959999999
8046739,2016,2016-05-18,3801,2016-04-14,1615,4178,TARAV,4,5,7,3801,0,0,0,,0,4B3A,"BRIGHT ST","RANDOLPH ST",165.00,N,N,A,-,N,,,,,,,,,,N,3,0,1,2,A,-,11,21955,,N,G,B,E,A,H,-,A,D,0,Y,,,,Y,,N,60,0,1,0,0,1,0,0,0,0,"- ","- ",37.714300000000001,-122.4637,"SAN FRANCISCO","SAN FRANCISCO",-122.46353752,37.714753279999996
8046740,2016,2016-05-18,3801,2016-04-26,1730,00751,CENTA,2,5,7,3801,0,0,0,,0,3A46D,"CLAY ST","BATTERY ST",15.00,E,N,A,-,N,,,,,,,,,,N,3,0,1,2,A,-,11,21955,,N,G,B,D,A,H,-,A,D,0,Y,,,,Y,,N,60,0,1,0,0,1,0,0,0,0,"- ","- ",,,"SAN FRANCISCO","SAN FRANCISCO",-122.40029892,37.795007400000003
8046744,2016,2016-05-17,3801,2016-04-22,0507,04229,CENTR,5,5,7,3801,0,0,0,,0,3A15E,"CALIFORNIA ST","KEARNY ST",0.00,,Y,F,-,N,,,,,,,,,,N,4,0,1,2,A,-,10,21950,A,N,G,B,B,B,H,-,C,A,0,Y,,,,Y,,A,07,0,0,1,0,1,0,0,0,0,"- ","- ",,,"SAN FRANCISCO","SAN FRANCISCO",-122.40437991,37.792679980000003
8046745,2016,2016-05-19,3801,2016-04-06,1930,829,SOUTH,3,5,7,3801,0,0,0,,0,3B11D,"BRYANT ST","2ND ST",2.00,W,N,A,-,N,,,,,,,,,,N,3,0,1,2,A,-,11,21453,D,N,A,B,B,A,H,-,B,A,0,Y,,,,Y,,N,60,0,1,0,0,1,0,0,0,0,"- ","- ",,,"SAN FRANCISCO","SAN FRANCISCO",-122.3936349,37.783076119999997
8046746,2016,2016-05-18,3801,2016-04-23,2258,2411,SOUTH,6,5,7,3801,0,0,0,,0,003,"MINNA ST","JULIA ST",171.00,E,N,A,-,N,,,,,,,,,,N,3,0,1,2,A,-,10,21952,,N,G,B,F,A,H,-,C,D,0,Y,,,,Y,,A,01,0,1,0,0,1,0,0,0,0,"- ","- ",,,"SAN FRANCISCO","SAN FRANCISCO",-122.41144245,37.777942920000001
8046747,2016,2016-05-18,3801,2016-04-25,0740,00798,NORTH,1,5,7,3801,0,0,0,,0,3E90,"SACRAMENTO ST","WEBSTER ST",0.00,,Y,A,-,N,,,,,,,,,,N,3,0,1,2,A,-,10,21950,A,N,G,B,B,A,H,-,A,D,0,Y,,,,Y,,A,01,0,1,0,0,1,0,0,0,0,"- ","- ",,,"SAN FRANCISCO","SAN FRANCISCO",-122.4323799,37.79002998
8046749,2016,2016-05-19,3801,2016-04-07,0850,1513,RICHM,4,5,7,3801,0,0,0,,0,3G3A,"GEARY BL","ST JOSEPH",20.00,N,N,A,-,N,,,,,,,,,,N,4,0,1,2,A,-,10,21950,A,N,A,B,B,A,H,-,A,A,0,Y,,,,Y,,A,01,0,0,1,0,1,0,0,0,0,"- ","- ",,,"SAN FRANCISCO","SAN FRANCISCO",-122.44270172,37.782819050000001
8046751,2016,2016-05-18,3801,2016-04-24,1137,00880,B,7,5,7,3801,0,0,0,,0,003,"MISSION ST","7TH ST",0.00,,Y,A,-,N,,,,,,,,,,N,3,0,1,2,A,-,00,20001,A,F,G,B,B,A,H,-,A,A,0,Y,,,,Y,,A,01,0,1,0,0,1,0,0,0,0,"- ","- ",,,"SAN FRANCISCO","SAN FRANCISCO",-122.41089991,37.779209899999998
8046755,2016,2016-05-18,3801,2016-04-24,1338,1377,INGLE,7,5,7,3801,0,0,0,,0,3HI5C,"GENEVA AV","CAYUGA AV",0.00,,Y,A,-,N,,,,,,,,,,N,4,0,2,3,A,-,10,21950,A,N,G,B,B,A,H,-,A,A,0,Y,,,,Y,,A,01,0,0,2,0,2,0,0,0,0,"- ","- ",,,"SAN FRANCISCO","SAN FRANCISCO",-122.44367987,37.71891995
8046756,2016,2016-05-17,3801,2016-04-26,0715,2441,NORTH,2,5,7,3801,0,0,0,,0,3E13A,"GOUGH ST","MCALLISTER ST",9.00,S,N,A,-,N,,,,,,,,,,N,3,0,1,2,A,-,11,21950,B,N,G,B,B,A,H,-,A,A,0,Y,,,,Y,,N,60,0,1,0,0,1,0,0,0,0,"- ","- ",,,"SAN FRANCISCO","SAN FRANCISCO",-122.42353522000001,37.77964557
8046757,2016,2016-05-19,3801,2016-04-06,1600,1609,NORTH,3,5,7,3801,0,0,0,,0,3E11D,"PIERCE ST","CHESTNUT ST",3.00,S,N,A,-,N,,,,,,,,,,N,3,0,1,2,A,-,10,21950,A,N,G,B,B,A,H,-,A,A,0,Y,,,,Y,,A,01,0,1,0,0,1,0,0,0,0,"- ","- ",,,"SAN FRANCISCO","SAN FRANCISCO",-122.43948136,37.800391830000002
8046758,2016,2016-05-18,3801,2016-04-16,1530,2465,NORTH,6,5,7,3801,0,0,0,,0,3E14C,"GOUGH ST","FELL ST",0.00,,Y,A,-,N,,,,,,,,,,N,3,0,2,3,A,-,10,21950,A,N,G,B,B,A,H,-,A,A,0,Y,,,,Y,,A,07,0,1,1,0,2,0,0,0,0,"- ","- ",,,"SAN FRANCISCO","SAN FRANCISCO",-122.42277993,37.775939919999999
8046763,2016,2016-05-18,3801,2016-04-26,2037,1564,INGLE,2,5,7,3801,0,0,0,,0,3H16D,"SAN BRUNO AV","CAMPBELL AV",400.00,S,N,A,-,N,,,,,,,,,,N,3,0,1,2,A,-,10,21950,A,N,G,B,C,A,H,-,C,D,0,Y,,,,Y,,A,01,0,1,0,0,1,0,0,0,0,"- ","- ",,,"SAN FRANCISCO","SAN FRANCISCO",-122.40053502000001,37.714746740000002
8046769,2016,2016-05-18,3801,2016-04-06,0824,667,MISSI,3,5,7,3801,0,0,0,,0,0D2,"20TH ST","HARTFORD ST",20.00,S,N,A,-,N,,,,,,,,,,N,3,0,1,2,A,-,21,22106,,N,G,B,D,A,H,-,A,D,0,Y,,,,Y,,A,01,0,1,0,0,1,0,0,0,0,"- ","- ",,,"SAN FRANCISCO","SAN FRANCISCO",-122.43365891000001,37.757764989999998
8046774,2016,2016-05-18,3801,2016-04-18,1121,4270,TENDE,1,5,7,3801,0,0,0,,0,3J51C,"HYDE ST","GOLDEN GATE AV",20.00,N,N,A,-,N,,,,,,,,,,N,4,0,1,2,D,-,00,,,N,G,B,F,A,H,-,A,A,0,Y,,,,Y,Y,-,"- ",0,0,1,0,1,0,0,0,0,"- ","- ",,,"SAN FRANCISCO","SAN FRANCISCO",-122.4155112,37.781704220000002
8046775,2016,2016-08-29,3801,2016-04-29,2116,001074,NORTH,5,5,7,3801,0,0,0,,0,3E61,"MCALLISTER ST","FILLMORE ST",0.00,,Y,A,-,N,,,,,,,,,,,2,0,1,2,A,-,10,21950,A,N,G,B,B,A,H,-,C,A,0,Y,,,,Y,,A,01,1,0,0,0,1,0,0,0,0,"- ","- ",,,"SAN FRANCISCO","SAN FRANCISCO",-122.43174987,37.778639890000001
8046777,2016,2016-05-18,3801,2016-04-20,0800,1172,COB,3,5,7,3801,0,0,0,,0,COB,"NEW MONTGOMERY ST","MINNA ST",0.00,,Y,A,-,N,,,,,,,,,,,4,0,1,2,A,-,11,21954,A,N,G,B,D,A,H,-,A,A,0,Y,,,,Y,,N,60,0,0,1,0,1,0,0,0,0,"- ","- ",,,"SAN FRANCISCO","SAN FRANCISCO",-122.39998996,37.787029889999999
8046783,2016,2016-05-18,3801,2016-04-29,1020,000740,CENTR,5,5,7,3801,0,0,0,,0,3A42B,"LARKIN ST","GEARY ST",0.00,,Y,A,-,N,,,,,,,,,,N,4,0,1,2,A,-,10,21950,A,N,G,B,B,A,H,-,A,A,0,Y,,,,Y,,A,01,0,0,1,0,1,0,0,0,0,"- ","- ",,,"SAN FRANCISCO","SAN FRANCISCO",-122.4181099,37.786109889999999
8046787,2016,2016-05-18,3801,2016-04-29,0950,000358,COA,5,5,7,3801,0,0,0,,0,3A13A,"BROADWAY ST","LARKIN ST",0.00,,Y,A,-,N,,,,,,,,,,N,2,0,1,2,A,-,10,21950,A,N,G,B,B,A,H,-,A,A,0,Y,,,,Y,,A,01,1,0,0,0,1,0,0,0,0,"- ","- ",,,"SAN FRANCISCO","SAN FRANCISCO",-122.42012991999999,37.796219999999998
8046789,2016,2016-05-18,3801,2016-04-21,1241,38,SOUTH,4,5,7,3801,0,0,0,,0,5CAR,"TERRY A FRANCOIS","SOUTH ST",1.00,N,N,A,-,N,,,,,,,,,,N,3,0,1,2,A,-,10,21950,A,N,G,B,B,A,H,-,A,A,0,Y,,,,Y,,-,,0,1,0,0,1,0,0,0,0,"- ","- ",,,"SAN FRANCISCO","SAN FRANCISCO",-122.38630026,37.76903274
8046790,2016,2016-05-18,3801,2016-04-12,1835,781,SOUTH,2,5,7,3801,0,0,0,,0,0B4,"11TH ST","HARRISON ST",180.00,S,N,A,-,N,,,,,,,,,,N,4,0,1,2,A,-,10,21952,,N,G,B,F,A,H,-,A,D,0,Y,,,,Y,,A,01,0,0,1,0,1,0,0,0,0,"- ","- ",,,"SAN FRANCISCO","SAN FRANCISCO",-122.41203006000001,37.77027992
8046791,2016,2016-05-18,3801,2016-04-29,0930,002283,,5,5,7,3801,0,0,0,,0,3H5A,"ALEMANY BL","ONONDAGA AV",0.00,,Y,A,-,N,,,,,,,,,,N,4,0,1,2,A,-,10,21950,A,N,G,B,B,A,H,-,A,A,0,Y,,,,Y,,A,01,0,0,1,0,1,0,0,0,0,"- ","- ",,,"SAN FRANCISCO","SAN FRANCISCO",-122.43870986,37.721649900000003
8046798,2016,2016-05-18,3801,2016-04-18,2318,001242,CENTR,1,5,7,3801,0,0,0,,0,3A60,"CLAY ST","MONTGOMERY ST",0.00,,Y,A,-,N,,,,,,,,,,N,4,0,1,2,A,-,10,21950,A,N,G,B,B,A,H,-,C,A,0,Y,,,,Y,,A,01,0,0,1,0,1,0,0,0,0,"- ","- ",,,"SAN FRANCISCO","SAN FRANCISCO",-122.40311989,37.79467992
8049502,2016,2016-06-09,3801,2016-05-02,0945,242,COJ,1,5,7,3801,0,0,0,,0,003,"LARKIN ST",ELLIS,0.00,N,N,A,-,N,,,,,,,,,,N,4,0,1,2,A,-,10,21950,A,N,G,B,B,A,H,-,A,A,0,Y,,,,Y,,A,01,0,0,1,0,1,0,0,0,0,"- ","- ",,,"SAN FRANCISCO","SAN FRANCISCO",-122.41771996999999,37.784249889999998
8049615,2016,2016-08-29,3801,2016-05-13,1055,000442,05132,5,5,7,3801,0,0,0,,0,001,"POST ST","TAYLOR ST",0.00,,Y,A,-,N,,,,,,,,,,N,4,0,1,2,A,-,10,21950,A,N,G,B,B,A,H,-,A,A,0,Y,,,,Y,Y,A,01,0,0,1,0,1,0,0,0,0,"- ","- ",,,"SAN FRANCISCO","SAN FRANCISCO",-122.41169988999999,37.78785997
8049620,2016,2016-06-07,3801,2016-05-31,1043,001737,TUES,2,5,7,3801,0,0,0,,0,3H11A,"CORTLAND AV","ANDOVER ST",0.00,,Y,A,-,N,,,,,,,,,,N,4,0,1,2,A,-,10,21950,A,N,G,B,B,A,A,-,A,A,0,Y,,,,Y,,A,01,0,0,1,0,1,0,0,0,0,"- ","- ",,,"SAN FRANCISCO","SAN FRANCISCO",-122.41650991,37.73905989
8049632,2016,2017-02-13,3801,2016-05-29,2356,000382,NORTH,7,5,7,3801,0,0,0,,0,3E16E,"VAN NESS AV","BROADWAY ST",0.00,,Y,A,-,Y,SF,4,101,-,-,6.320,I,5,N,Y,3,0,1,2,A,-,10,21950,A,N,G,B,B,A,H,-,C,A,0,Y,,,,Y,,A,01,0,1,0,0,1,0,0,0,0,"- ","- ",,,"SAN FRANCISCO","SAN FRANCISCO",-122.42332494,37.795758360000001
8049668,2016,2016-06-07,3801,2016-05-03,1535,640,COJ,2,5,7,3801,0,0,0,,0,004,"GOLDEN GATE AV","MARKET ST",130.00,W,N,A,-,N,,,,,,,,,,N,4,0,2,2,A,-,11,21955,,N,D,B,D,A,H,-,A,D,0,Y,Y,,,Y,,N,60,0,0,2,0,1,0,1,0,0,"- ","- ",,,"SAN FRANCISCO","SAN FRANCISCO",-122.41074875,37.782260000000001
8049671,2016,2016-06-07,3801,2016-05-10,1750,1334,CENTR,2,5,7,3801,0,0,0,,0,3A14D,"JACKSON ST","GRANT ST",59.00,W,N,A,-,N,,,,,,,,,,N,4,0,1,2,A,-,21,22106,,N,G,B,C,A,H,-,A,A,0,Y,,,,Y,,A,01,0,0,1,0,1,0,0,0,0,"- ","- ",,,"SAN FRANCISCO","SAN FRANCISCO",-122.40683155000001,37.796003710000001
8049682,2016,2016-06-07,3801,2016-05-13,0121,2042,RICHM,5,5,7,3801,0,0,0,,0,3G13E,"GEARY BL","6TH AV",87.00,E,N,A,-,N,,,,,,,,,,N,4,0,1,2,A,-,11,21955,,N,G,B,D,A,H,-,C,A,0,Y,,,,Y,,N,60,0,0,1,0,1,0,0,0,0,"- ","- ",,,"SAN FRANCISCO","SAN FRANCISCO",-122.4639894,37.78110418
8049685,2016,2016-06-08,3801,2016-05-01,0833,001478,NORTH,7,5,7,3801,0,0,0,,0,003,"POST ST","FRANKLIN ST",0.00,,Y,A,-,N,,,,,,,,,,N,3,0,1,2,A,-,10,21950,A,N,G,B,B,A,H,-,A,A,0,Y,,,,Y,,A,07,0,1,0,0,1,0,0,0,0,"- ","- ",,,"SAN FRANCISCO","SAN FRANCISCO",-122.42319997,37.786399930000002
8049709,2016,2016-06-08,3801,2016-05-05,1742,1994,CENTR,4,5,7,3801,0,0,0,,0,4B3B,"POWELL ST","SACRAMENTO ST",8.00,S,N,A,-,N,,,,,,,,,,N,4,0,1,2,A,-,10,21950,A,N,G,B,B,A,H,-,A,A,0,Y,,,,Y,,A,01,0,0,1,0,1,0,0,0,0,"- ","- ",37.792879999999997,-122.40915,"SAN FRANCISCO","SAN FRANCISCO",-122.40935561000001,37.792968299999998
8049713,2016,2016-06-08,3801,2016-05-05,1721,4119,BAYVI,4,5,7,3801,0,0,0,,0,3CAR,"OAKDALE AV","GRIFFITH ST",321.00,W,N,A,-,N,,,,,,,,,,Y,4,0,1,2,A,-,05,21650,,F,G,B,D,A,H,-,A,D,0,Y,,,,Y,,A,01,0,0,1,0,1,0,0,0,0,"- ","- ",,,"SAN FRANCISCO","SAN FRANCISCO",-122.38004961999999,37.728726639999998
8049721,2016,2016-08-29,3801,2016-05-01,0223,1837,3C,7,5,7,3801,0,0,0,,0,3CI1E,"3RD ST","3RD ST 2890",0.00,,N,A,-,N,,,,,,,,,,N,4,0,1,2,A,-,03,22350,A,F,B,B,F,A,H,-,C,D,0,Y,,,,Y,Y,-,,0,0,1,0,1,0,0,0,0,"- ","- ",,,"SAN FRANCISCO","SAN FRANCISCO",-122.38790989,37.753125580000003
8049780,2016,2016-06-08,3801,2016-05-05,0905,000289,NORTH,4,5,7,3801,0,0,0,,0,3E3A,"HAYES ST","VAN NESS AV",72.00,W,N,A,-,N,,,,,,,,,,N,3,0,2,2,A,-,11,21955,,N,H,-,D,A,H,-,A,D,0,Y,Y,,,Y,,N,60,0,2,0,0,1,0,1,0,0,"- ","- ",,,"SAN FRANCISCO","SAN FRANCISCO",-122.41992616,37.777259229999999
8049885,2016,2016-06-07,3801,2016-05-06,1100,4196,,5,5,7,3801,0,0,0,,0,006,"BROADWAY ST","POLK ST",0.00,,Y,C,-,N,,,,,,,,,,N,4,0,1,2,A,-,10,21950,A,N,G,B,B,B,-,-,A,A,0,Y,,,,Y,,-,,0,0,1,0,1,0,0,0,0,"- ","- ",,,"SAN FRANCISCO","SAN FRANCISCO",-122.42175989,37.795939959999998
8050183,2016,2017-02-14,3801,2016-04-24,2353,1464,TARAV,7,5,7,3801,0,0,0,,0,3I13E,"JOHN DALY BL","RT 280 S",0.00,,Y,A,-,Y,SF,4,280,-,R,0.143,R,1,S,N,3,0,1,2,A,-,11,21956,,N,G,B,E,A,H,-,D,D,0,Y,,,,Y,,N,60,0,1,0,0,1,0,0,0,0,"- ","- ",,,"SAN FRANCISCO","SAN FRANCISCO",-122.46704076,37.709706400000002
8052044,2016,2016-06-09,3801,2016-05-10,0410,2413,MISSI,2,5,7,3801,0,0,0,,0,3D13D,"FOLSOM ST","ENTERPRISE ST",0.00,,Y,A,-,N,,,,,,,,,,N,4,0,2,3,C,-,18,,,F,E,I,F,A,H,-,C,D,0,Y,,,,Y,,-,"- ",0,0,2,0,2,0,0,0,0,"- ","- ",,,"SAN FRANCISCO","SAN FRANCISCO",-122.41523986,37.764699950000001
8052056,2016,2016-06-09,3801,2016-04-20,2311,001324,SOUTH,3,5,7,3801,0,0,0,,0,4C4,"MISSION ST","LASKIE ST",116.00,W,N,A,-,N,,,,,,,,,,Y,2,0,3,4,A,-,01,23152,E,N,C,B,E,A,H,-,C,D,0,Y,,,,Y,,A,01,1,2,0,0,2,0,0,0,0,"- ","- ",,,"SAN FRANCISCO","SAN FRANCISCO",-122.41440277,37.776493780000003
8052068,2016,2016-06-08,3801,2016-05-10,0415,2453,,2,5,7,3801,0,0,0,,0,3D15E,"FOLSOM ST","ENTERPRISE ST",26.00,S,N,B,-,N,,,,,,,,,,N,4,0,2,3,A,-,21,22106,,F,E,I,F,A,H,-,C,A,0,Y,,,,Y,,-,,0,0,2,0,2,0,0,0,0,"- ","- ",,,"SAN FRANCISCO","SAN FRANCISCO",-122.41523365,37.76462875
8052080,2016,2016-06-09,3801,2016-04-25,0710,1487,RICHM,1,5,7,3801,0,0,0,,0,4B6G,"CALIFORNIA ST","11TH AV",9.00,E,N,A,-,N,,,,,,,,,,N,4,0,1,2,A,-,10,21950,A,N,G,B,B,A,H,-,A,A,0,Y,,,,Y,,D,22,0,0,1,0,1,0,0,0,0,"- ","- ",37.784480000000002,-122.46995,"SAN FRANCISCO","SAN FRANCISCO",-122.4698789,37.784571450000001
8052340,2016,2016-06-20,3801,2016-05-15,0947,2472,MISSI,7,5,7,3801,0,0,0,,0,901,"CESAR CHAVEZ ST","HAMPSHIRE ST",30.00,E,N,A,-,N,,,,,,,,,,N,2,0,1,2,A,-,02,21654,A,N,G,B,E,A,H,-,A,D,0,Y,,,,Y,,N,60,1,0,0,0,1,0,0,0,0,"- ","- ",,,"SAN FRANCISCO","SAN FRANCISCO",-122.40667153,37.74880606
8052348,2016,2016-06-08,3801,2016-05-04,1555,002334,SOUTH,3,5,7,3801,0,0,0,,0,0B2,"HARRISON ST","3RD ST",0.00,,Y,A,-,N,,,,,,,,,,N,4,0,1,2,A,-,10,21950,A,F,G,B,B,A,H,-,A,A,0,Y,,,,Y,,A,01,0,0,1,0,1,0,0,0,0,"- ","- ",,,"SAN FRANCISCO","SAN FRANCISCO",-122.39738991999999,37.78254991
8052360,2016,2016-06-08,3801,2016-05-14,1720,00781,SOUTH,6,5,7,3801,0,0,0,,0,0B2,"NATOMA ST","6TH ST",282.00,E,N,A,-,N,,,,,,,,,,N,3,0,1,2,A,-,21,22106,,N,G,B,E,A,H,-,A,D,0,Y,,,,Y,Y,A,01,0,1,0,0,1,0,0,0,0,"- ","- ",,,"SAN FRANCISCO","SAN FRANCISCO",-122.40697894,37.780727089999999
8052384,2016,2016-06-08,3801,2016-05-16,2227,2435,TENDE,1,5,7,3801,0,0,0,,0,3J1IE,HYDE,"ELLIS ST",38.00,S,N,A,-,N,,,,,,,,,,N,4,0,1,2,A,-,08,22107,,N,G,B,E,A,H,-,C,A,0,Y,,,,Y,,A,01,0,0,1,0,1,0,0,0,0,"- ","- ",,,"SAN FRANCISCO","SAN FRANCISCO",-122.41604131,37.784346669999998
8052576,2016,2016-06-07,3801,2016-05-01,2245,2453,MISSI,7,5,7,3801,0,0,0,,0,3D14E,"GUERRERO ST","18TH ST",0.00,,Y,A,-,N,,,,,,,,,,N,4,0,1,2,D,-,00,,,N,G,B,B,A,H,-,C,A,0,Y,,,,Y,,-,"- ",0,0,1,0,1,0,0,0,0,"- ","- ",,,"SAN FRANCISCO","SAN FRANCISCO",-122.42379996,37.761579930000003