CASE_ID,ACCIDENT_YEAR,PROC_DATE,JURIS,COLLISION_DATE,COLLISION_TIME,OFFICER_ID,REPORTING_DISTRICT,DAY_OF_WEEK,CHP_SHIFT,POPULATION,CNTY_CITY_LOC,SPECIAL_COND,BEAT_TYPE,CHP_BEAT_TYPE,CITY_DIVISION_LAPD,CHP_BEAT_CLASS,BEAT_NUMBER,PRIMARY_RD,SECONDARY_RD,DISTANCE,DIRECTION,INTERSECTION,WEATHER_1,WEATHER_2,STATE_HWY_IND,CALTRANS_COUNTY,CALTRANS_DISTRICT,STATE_ROUTE,ROUTE_SUFFIX,POSTMILE_PREFIX,POSTMILE,LOCATION_TYPE,RAMP_INTERSECTION,SIDE_OF_HWY,TOW_AWAY,COLLISION_SEVERITY,NUMBER_KILLED,NUMBER_INJURED,PARTY_COUNT,PRIMARY_COLL_FACTOR,PCF_CODE_OF_VIOL,PCF_VIOL_CATEGORY,PCF_VIOLATION,PCF_VIOL_SUBSECTION,HIT_AND_RUN,TYPE_OF_COLLISION,MVIW,PED_ACTION,ROAD_SURFACE,ROAD_COND_1,ROAD_COND_2,LIGHTING,CONTROL_DEVICE,CHP_ROAD_TYPE,PEDESTRIAN_ACCIDENT,BICYCLE_ACCIDENT,MOTORCYCLE_ACCIDENT,TRUCK_ACCIDENT,NOT_PRIVATE_PROPERTY,ALCOHOL_INVOLVED,STWD_VEHTYPE_AT_FAULT,CHP_VEHTYPE_AT_FAULT,COUNT_SEVERE_INJ,COUNT_VISIBLE_INJ,COUNT_COMPLAINT_PAIN,COUNT_PED_KILLED,COUNT_PED_INJURED,COUNT_BICYCLIST_KILLED,COUNT_BICYCLIST_INJURED,COUNT_MC_KILLED,COUNT_MC_INJURED,PRIMARY_RAMP,SECONDARY_RAMP,LATITUDE,LONGITUDE,COUNTY,CITY,POINT_X,POINT_Y
8052588,2016,2016-06-07,3801,2016-05-02,1430,2097,BAYVI,1,5,7,3801,0,0,0,,0,3C11C,"CESAR CHAVEZ ST","CONNECTICUT ST",0.00,,Y,A,-,N,,,,,,,,,,N,3,0,1,4,A,-,03,22350,,N,C,C,B,A,H,-,A,A,0,Y,,,,Y,,A,01,0,1,0,0,1,0,0,0,0,"- ","- ",,,"SAN FRANCISCO","SAN FRANCISCO",-122.39626988000001,37.749749889999997
8052591,2016,2016-06-07,3801,2016-05-09,1147,3E12A,NORTH,1,5,7,3801,0,0,0,,0,3E12A,"MCALLISTER ST","FILLMORE ST",14.00,E,N,A,-,N,,,,,,,,,,N,4,0,1,2,A,-,08,22100,A,N,G,B,B,A,H,-,A,A,0,Y,,,,Y,,A,07,0,0,1,0,1,0,0,0,0,"- ","- ",,,"SAN FRANCISCO","SAN FRANCISCO",-122.43170206000001,37.778645570000002
8052627,2016,2016-06-07,3801,2016-05-02,2000,004369,PARK,1,5,7,3801,0,0,0,,0,3F1,"2ND AV","LINCOLN WY",0.00,,Y,A,-,N,,,,,,,,,,N,4,0,1,2,A,-,10,21950,A,M,G,B,B,A,H,-,B,A,0,Y,,,,Y,,A,01,0,0,1,0,1,0,0,0,0,"- ","- ",,,"SAN FRANCISCO","SAN FRANCISCO",-122.45891992999999,37.766259949999998
8052639,2016,2016-06-07,3801,2016-05-04,0830,002355,MISSI,3,5,7,3801,0,0,0,,0,3D13A,"VALENCIA ST","22ND ST",120.00,S,N,A,-,N,,,,,,,,,,N,3,0,2,2,A,-,11,21955,,N,H,B,D,A,H,-,A,A,0,Y,Y,,,Y,,N,60,0,1,1,0,1,0,1,0,0,"- ","- ",,,"SAN FRANCISCO","SAN FRANCISCO",-122.4209364,37.75498142
8052641,2016,2016-06-08,3801,2016-05-27,1527,244,NORTH,5,5,7,3801,0,0,0,,0,3E5C,"FRANKLIN ST","FILBERT ST",105.00,N,N,A,-,N,,,,,,,,,,N,3,0,2,5,D,-,00,,,N,E,I,F,A,H,-,A,D,0,Y,,,,Y,,-,"- ",0,1,1,0,1,0,0,0,0,"- ","- ",,,"SAN FRANCISCO","SAN FRANCISCO",-122.42586577,37.79957503
8052646,2016,2016-06-08,3801,2016-05-21,2249,1810,MISSI,6,5,7,3801,0,0,0,,0,3D11D,"16TH ST","CHURCH ST",0.00,,Y,A,-,N,,,,,,,,,,N,4,0,1,2,A,-,11,21950,B,N,G,B,B,A,H,-,C,A,0,Y,,,,Y,Y,N,60,0,0,1,0,1,0,0,0,0,"- ","- ",,,"SAN FRANCISCO","SAN FRANCISCO",-122.42864987999999,37.764499899999997
8052655,2016,2016-06-07,3801,2016-05-12,1230,970,COB,4,5,7,3801,0,0,0,,0,3B3C,"HARRIET ST","AHERN WY",30.00,S,N,A,-,N,,,,,,,,,,N,4,0,1,2,A,-,21,22106,,N,G,B,F,A,H,-,A,D,0,Y,,,,Y,,A,07,0,0,1,0,1,0,0,0,0,"- ","- ",,,"SAN FRANCISCO","SAN FRANCISCO",-122.40386731,37.776241149999997
8052662,2016,2016-06-08,3801,2016-05-22,1626,000340,COG,7,5,7,3801,0,0,0,,0,3G15D,"CABRILLO ST","38TH AV",0.00,,Y,A,-,N,,,,,,,,,,N,3,0,1,2,A,-,11,21956,A,N,D,B,E,A,H,-,A,D,0,Y,,,,Y,,N,60,0,1,0,0,1,0,0,0,0,"- ","- ",,,"SAN FRANCISCO","SAN FRANCISCO",-122.49823986,37.773809900000003
8052668,2016,2016-06-07,3801,2016-05-20,0615,1689,RICHM,5,5,7,3801,0,0,0,,0,02A,"BUSH ST",PRESIDIO,3.50,E,N,A,-,N,,,,,,,,,,N,3,0,1,2,A,-,11,21954,A,N,G,B,E,A,H,-,B,A,0,Y,,,,Y,,N,60,0,1,0,0,1,0,0,0,0,"- ","- ",,,"SAN FRANCISCO","SAN FRANCISCO",-122.44640800000001,37.785371329999997
8052670,2016,2016-06-08,3801,2016-05-23,1336,4244,MISSI,1,5,7,3801,0,0,0,,0,3D75,"20TH ST","DOLORES ST",300.00,W,N,B,-,N,,,,,,,,,,N,4,0,1,3,A,-,08,22107,,N,B,B,E,A,H,-,A,D,0,Y,,,,Y,,A,01,0,0,1,0,1,0,0,0,0,"- ","- ",,,"SAN FRANCISCO","SAN FRANCISCO",-122.42686427,37.758139710000002
8052671,2016,2016-06-07,3801,2016-05-25,1857,4302,BAYVI,3,5,7,3801,0,0,0,,0,3C13D,"MISSOURI ST","CESAR CHAVEZ ST",220.00,N,N,A,-,N,,,,,,,,,,N,4,0,1,2,A,-,21,22106,,N,G,B,D,A,H,-,A,D,0,Y,,,,Y,,A,01,0,0,1,0,1,0,0,0,0,"- ","- ",,,"SAN FRANCISCO","SAN FRANCISCO",-122.39531335,37.75041289
8052675,2016,2016-06-07,3801,2016-05-27,0033,1246,MISSI,5,5,7,3801,0,0,0,,0,3D13E,"MISSION ST","20TH ST",90.00,N,N,A,-,N,,,,,,,,,,N,2,0,1,3,A,-,11,21955,,N,G,B,D,A,H,-,C,A,0,Y,,,Y,Y,Y,N,60,1,0,0,0,1,0,0,0,0,"- ","- ",,,"SAN FRANCISCO","SAN FRANCISCO",-122.41906686999999,37.758876319999999
8052676,2016,2016-06-08,3801,2016-05-19,1253,676,NORTH,4,5,7,3801,0,0,0,,0,3E10,"POST ST","DIVISADERO ST",0.00,,Y,A,-,N,,,,,,,,,,N,4,0,1,2,A,-,21,22106,,F,G,B,E,A,H,-,A,A,0,Y,,,,Y,,A,07,0,0,1,0,1,0,0,0,0,"- ","- ",,,"SAN FRANCISCO","SAN FRANCISCO",-122.43966997,37.784309980000003
8052700,2016,2016-06-07,3801,2016-05-14,1505,2421,SOUTH,6,5,7,3801,0,0,0,,0,3B14C,"5TH ST","HOWARD ST",0.00,,Y,A,-,N,,,,,,,,,,N,4,0,1,2,A,-,11,21950,B,N,G,B,D,A,H,-,A,A,0,Y,,,,Y,,N,60,0,0,1,0,1,0,0,0,0,"- ","- ",,,"SAN FRANCISCO","SAN FRANCISCO",-122.40492992999999,37.781509960000001
8052708,2016,2016-06-07,3801,2016-05-10,2110,4042,INGLE,2,5,7,3801,0,0,0,,0,0H5,"SICKLES AV","CAYUGA AV",10.00,W,N,A,-,N,,,,,,,,,,N,2,0,1,2,A,-,10,21950,A,N,G,B,B,A,H,-,C,A,0,Y,,,,Y,,A,08,1,0,0,0,1,0,0,0,0,"- ","- ",,,"SAN FRANCISCO","SAN FRANCISCO",-122.45455418,37.710209640000002
8052714,2016,2016-06-08,3801,2016-05-27,2123,2423,CENTR,5,5,7,3801,0,0,0,,0,0A1,"GEARY ST","HYDE ST",0.00,,Y,A,-,N,,,,,,,,,,N,4,0,1,2,A,-,10,21950,A,N,G,B,B,A,H,-,C,A,0,Y,,,,Y,,A,01,0,0,1,0,1,0,0,0,0,"- ","- ",,,"SAN FRANCISCO","SAN FRANCISCO",-122.41644988,37.786319890000001
8052718,2016,2016-06-08,3801,2016-05-27,1655,004285,SOUTH,5,5,7,3801,0,0,0,,0,3B62,"BRANNAN ST","333 BRANNAN ST",0.00,,Y,A,-,N,,,,,,,,,,N,2,0,1,2,A,-,11,21954,A,N,G,B,D,A,H,-,A,A,0,Y,,,,Y,,N,60,1,0,0,0,1,0,0,0,0,"- ","- ",,,"SAN FRANCISCO","SAN FRANCISCO",-122.39283979,37.781214640000002
8052798,2016,2017-02-11,3801,2016-05-22,1157,27,TARAV,7,5,7,3801,0,0,0,,0,3I1A,"19TH AV","RIVERA ST",0.00,,Y,A,-,Y,SF,4,1,-,-,2.750,I,5,S,N,4,0,1,2,A,-,10,21950,A,N,G,B,B,A,H,-,A,A,0,Y,,,,Y,,A,01,0,0,1,0,1,0,0,0,0,"- ","- ",,,"SAN FRANCISCO","SAN FRANCISCO",-122.47599848999999,37.746857900000002
8053207,2016,2016-06-08,3801,2016-04-29,1414,27,"SAN F",5,5,7,3801,0,0,0,,0,3I11A,"HOLLOWAY ST","ARELLANO AV",0.00,,Y,A,-,N,,,,,,,,,,N,3,0,1,2,A,-,10,21950,A,N,G,J,B,A,H,-,A,D,0,Y,,,,Y,,A,01,0,1,0,0,1,0,0,0,0,"- ","- ",,,"SAN FRANCISCO","SAN FRANCISCO",-122.47899993999999,37.72087999
8053243,2016,2016-06-08,3801,2016-04-29,1800,1573,BAYVI,5,5,7,3801,0,0,0,,0,3C92,"3RD ST","REVERE AV",0.00,,Y,A,-,N,,,,,,,,,,N,3,0,1,2,A,-,17,21663,,F,G,B,F,A,H,-,A,A,0,Y,,Y,,Y,Y,C,02,0,1,0,0,1,0,0,0,0,"- ","- ",,,"SAN FRANCISCO","SAN FRANCISCO",-122.39160997,37.732439980000002
8053662,2016,2016-06-16,3801,2016-05-23,2210,000920,,1,5,7,3801,0,0,0,,0,3G2E,"ST JOSEPHS AV","GEARY BL",3.00,S,N,A,-,N,,,,,,,,,,,4,0,1,2,A,-,12,21453,A,N,G,B,B,A,H,-,C,A,0,Y,,,,Y,,-,"- ",0,0,1,0,1,0,0,0,0,"- ","- ",,,"SAN FRANCISCO","SAN FRANCISCO",-122.4427676,37.782801980000002
8053674,2016,2016-06-16,3801,2016-05-17,2210,4042,INGLE,2,5,7,3801,0,0,0,,0,0H5,"MISSION ST","GUTTENBERG ST",40.00,N,N,A,-,N,,,,,,,,,,Y,4,0,1,2,A,-,"- ",,,N,G,B,F,A,H,-,C,D,0,Y,,,,Y,Y,D,22,0,0,1,0,1,0,0,0,0,"- ","- ",,,"SAN FRANCISCO","SAN FRANCISCO",-122.4445097,37.71287324
8055915,2016,2016-06-06,3801,2016-05-13,2010,4119,MISSI,5,5,7,3801,0,0,0,,0,5CAR,"16TH ST","CAPP ST",118.00,E,N,A,-,N,,,,,,,,,,N,3,0,1,2,A,-,11,21955,,N,G,B,D,A,H,-,C,D,0,Y,,,,Y,,N,60,0,1,0,0,1,0,0,0,0,"- ","- ",,,"SAN FRANCISCO","SAN FRANCISCO",-122.41829342,37.765129340000001
8055922,2016,2016-06-07,3801,2016-05-31,2116,1593,PARK,2,5,7,3801,0,0,0,,0,3F1,"7TH AV","IRVING ST",0.00,,Y,A,-,N,,,,,,,,,,N,2,0,1,2,A,-,11,21453,D,N,G,B,B,A,H,-,C,A,0,Y,,,,Y,,N,60,1,0,0,0,1,0,0,0,0,"- ","- ",,,"SAN FRANCISCO","SAN FRANCISCO",-122.46415987,37.764159980000002
8055924,2016,2016-06-07,3801,2016-05-21,0214,A11408,3A60,6,5,7,3801,0,0,0,,0,CENTRA,"BROADWAY ST","COLUMBUS AV",55.00,W,N,A,-,N,,,,,,,,,,N,4,0,1,2,A,-,11,21954,A,N,G,B,D,A,H,-,C,A,0,Y,,,,Y,Y,N,60,0,0,1,0,1,0,0,0,0,"- ","- ",,,"SAN FRANCISCO","SAN FRANCISCO",-122.40682931000001,37.797873770000002
8055994,2016,2016-06-06,3801,2016-05-31,0420,1613,COC,2,5,7,3801,0,0,0,,0,3C12E,"JERROLD AV","SELBY ST",0.00,,Y,A,-,N,,,,,,,,,,N,3,0,1,2,A,-,08,22107,,N,G,B,E,A,H,-,C,D,0,Y,,,,Y,,-,,0,1,0,0,1,0,0,0,0,"- ","- ",,,"SAN FRANCISCO","SAN FRANCISCO",-122.39699988,37.742919960000002
8067243,2017,2017-07-20,3801,2017-06-09,1741,2213,SOUTH,5,5,7,3801,0,0,0,,0,3B15C,"TOWNSEND ST","THE EMBARCADERO",0.00,,Y,A,-,N,,,,,,,,,,N,4,0,2,3,A,-,10,21950,A,N,G,B,B,A,H,-,A,A,0,Y,,,,Y,,A,01,0,0,2,0,2,0,0,0,0,"- ","- ",,,"SAN FRANCISCO","SAN FRANCISCO",-122.38840994,37.781809950000003
8067266,2017,2017-07-24,3801,2017-06-08,0958,38,SOUTH,4,5,7,3801,0,0,0,,0,3CAR,"MISSION ST","7TH ST",0.00,,Y,C,-,N,,,,,,,,,,N,3,0,1,2,A,-,11,21453,D,N,G,B,B,B,H,-,A,A,0,Y,,,,Y,,N,60,0,1,0,0,1,0,0,0,0,"- ","- ",,,"SAN FRANCISCO","SAN FRANCISCO",-122.41089991,37.779209899999998
8067267,2017,2017-07-20,3801,2017-06-09,2159,2424,NORTH,5,5,7,3801,0,0,0,,0,3E12E,"POLK ST","CALIFORNIA ST",100.00,S,N,A,-,N,,,,,,,,,,N,3,0,2,2,A,-,11,21950,B,N,H,B,E,A,H,-,C,A,0,Y,Y,,,Y,Y,N,60,0,2,0,0,1,0,1,0,0,"- ","- ",,,"SAN FRANCISCO","SAN FRANCISCO",-122.42062745,37.790298470000003
8067270,2017,2017-07-24,3801,2017-06-08,1111,329,NORTH,4,5,7,3801,0,0,0,,0,3E13C,"VAN NESS AV","EDDY ST",6.00,S,N,C,-,N,,,,,,,,,,N,2,0,1,2,A,-,11,21950,B,N,G,B,B,B,H,-,A,A,0,Y,,,,Y,,N,60,1,0,0,0,1,0,0,0,0,"- ","- ",,,"SAN FRANCISCO","SAN FRANCISCO",-122.42089728000001,37.782853660000001
8076463,2016,2016-08-11,3801,2016-06-12,2317,912,BAYVI,7,5,7,3801,0,0,0,,0,3C13E,"PALOU AV","INGALLS ST",0.00,,Y,A,-,N,,,,,,,,,,Y,3,0,3,4,A,-,12,22450,A,N,D,C,F,A,H,-,C,A,0,Y,,,,Y,,-,"- ",0,2,1,0,1,0,0,0,0,"- ","- ",,,"SAN FRANCISCO","SAN FRANCISCO",-122.38343996,37.729749910000002
8076475,2016,2016-08-11,3801,2016-06-23,0818,2481,COJ,4,5,7,3801,0,0,0,,0,0JI,"MARKET ST","9TH ST",0.00,,Y,A,-,N,,,,,,,,,,N,3,0,1,2,A,-,11,21456,B,N,G,B,D,A,H,-,A,A,0,Y,,,,Y,,N,60,0,1,0,0,1,0,0,0,0,"- ","- ",,,"SAN FRANCISCO","SAN FRANCISCO",-122.41632995000001,37.777499929999998
8076478,2016,2016-08-22,3801,2016-06-14,1728,1994,MISSI,2,5,7,3801,0,0,0,,0,4B3B,"POTRERO AV","16TH ST",0.00,,Y,A,-,N,,,,,,,,,,Y,2,0,1,3,A,-,11,21456,B,N,G,B,D,A,H,-,A,A,0,Y,,,,Y,,N,60,1,0,0,0,1,0,0,0,0,"- ","- ",37.765819999999998,-122.40748000000001,"SAN FRANCISCO","SAN FRANCISCO",-122.40755998,37.765769929999998
8078545,2016,2016-07-18,3801,2016-04-12,1558,256,TENDE,2,5,7,3801,0,0,0,,0,4B8H,"HYDE ST","MCALLISTER ST",0.00,,Y,-,-,N,,,,,,,,,,N,2,0,1,2,A,-,12,21453,A,N,G,B,B,A,H,-,A,A,0,Y,,,,Y,,A,01,1,0,0,0,1,0,0,0,0,"- ","- ",37.780729999999998,-122.41542,"SAN FRANCISCO","SAN FRANCISCO",-122.4153199,37.780739930000003
8079044,2016,2016-07-12,3801,2016-06-10,1545,004310,MISSI,5,5,7,3801,0,0,0,,0,D74,"15TH ST","MISSION ST",0.00,,Y,A,-,N,,,,,,,,,,N,4,0,1,2,A,-,10,21950,A,N,G,B,B,A,H,-,A,A,0,Y,,,,Y,,A,01,0,0,1,0,1,0,0,0,0,"- ","- ",,,"SAN FRANCISCO","SAN FRANCISCO",-122.41981998,37.76666994
8079046,2016,2016-07-12,3801,2016-06-10,0318,1622,CENTR,5,5,7,3801,0,0,0,,0,3A13E,"BUSH ST","HYDE ST",90.00,E,N,A,-,N,,,,,,,,,,Y,3,0,1,2,A,-,11,21950,B,F,G,B,D,A,H,-,C,A,0,Y,,,,Y,,N,60,0,1,0,0,1,0,0,0,0,"- ","- ",,,"SAN FRANCISCO","SAN FRANCISCO",-122.41670286,37.789161460000003
8079048,2016,2016-07-12,3801,2016-06-08,1504,2200,SOUTH,3,5,7,3801,0,0,0,,0,002,"3RD ST","MISSION ST",0.00,,Y,A,-,N,,,,,,,,,,N,4,0,1,2,D,-,00,,,F,G,B,B,A,H,-,A,A,0,Y,,,,Y,,-,"- ",0,0,1,0,1,0,0,0,0,"- ","- ",,,"SAN FRANCISCO","SAN FRANCISCO",-122.40199989,37.786269900000001
8079055,2016,2016-07-12,3801,2016-06-03,0344,2058,CENTR,5,5,7,3801,0,0,0,,0,004,"COLUMBUS AV","BROADWAY ST",164.00,N,N,A,-,N,,,,,,,,,,N,3,0,1,2,A,-,11,21954,A,N,G,B,D,A,H,-,C,A,0,Y,,,,Y,,N,60,0,1,0,0,1,0,0,0,0,"- ","- ",,,"SAN FRANCISCO","SAN FRANCISCO",-122.40708472999999,37.798170059999997
8079057,2016,2016-07-11,3801,2016-06-13,1625,1601,SOUTH,1,5,7,3801,0,0,0,,0,3B11D,"STEUART ST","HOWARD ST",137.00,N,N,A,-,N,,,,,,,,,,N,4,0,1,3,A,-,21,22106,,N,G,B,D,A,H,-,A,D,0,Y,,,,Y,,A,08,0,0,1,0,1,0,0,0,0,"- ","- ",,,"SAN FRANCISCO","SAN FRANCISCO",-122.39197486,37.792286519999998
8079063,2016,2016-07-12,3801,2016-06-13,1715,720,TENDE,1,5,7,3801,0,0,0,,0,3J11D,"MARKET ST","8TH ST",26.00,W,N,A,-,N,,,,,,,,,,N,2,0,1,2,A,-,11,21955,,N,G,B,D,A,H,-,A,A,0,Y,,,,Y,,N,60,1,0,0,0,1,0,0,0,0,"- ","- ",,,"SAN FRANCISCO","SAN FRANCISCO",-122.41482541000001,37.778660940000002
8079068,2016,2016-07-12,3801,2016-06-14,1626,001542,INGLE,2,5,7,3801,0,0,0,,0,3H16D,"FLORENTINE ST","MORSE ST",198.00,W,N,A,-,N,,,,,,,,,,Y,3,0,1,2,A,-,03,22350,,N,G,B,D,A,H,-,A,D,0,Y,,,,Y,,A,01,0,1,0,0,1,0,0,0,0,"- ","- ",,,"SAN FRANCISCO","SAN FRANCISCO",-122.44354934,37.712415280000002
8079074,2016,2016-07-11,3801,2016-06-07,1521,27,TARAV,2,5,7,3801,0,0,0,,0,311A,"12TH AV","KIRKHAM ST",218.00,S,N,A,-,N,,,,,,,,,,N,4,0,1,2,A,-,21,22106,,N,G,B,E,A,H,-,A,D,0,Y,,,,Y,,A,07,0,0,1,0,1,0,0,0,0,"- ","- ",,,"SAN FRANCISCO","SAN FRANCISCO",-122.46923815,37.759561730000001
8079080,2016,2016-07-12,3801,2016-06-23,1755,001752,CENTR,4,5,7,3801,0,0,0,,0,0A1,"SUTTER ST","LEAVENWORTH ST",0.00,,Y,A,-,N,,,,,,,,,,N,3,0,1,2,A,-,10,21950,A,N,G,B,B,A,H,-,A,A,0,Y,,,,Y,,A,01,0,1,0,0,1,0,0,0,0,"- ","- ",,,"SAN FRANCISCO","SAN FRANCISCO",-122.41517995,37.788379929999998
8079083,2016,2016-07-12,3801,2016-06-19,1958,1110,"CO G",7,5,7,3801,0,0,0,,0,002,"MASONIC AV","GEARY BL",0.00,,Y,A,-,N,,,,,,,,,,N,4,0,1,2,A,-,10,21950,A,N,G,B,B,A,H,-,A,A,0,Y,,,,Y,,A,01,0,0,1,0,1,0,0,0,0,"- ","- ",,,"SAN FRANCISCO","SAN FRANCISCO",-122.44786986,37.782279889999998
8079084,2016,2017-02-11,3801,2016-06-19,1231,2427,NORTH,7,5,7,3801,0,0,0,,0,3E12C,"LOMBARD ST","SCOTT ST",14.00,E,N,A,-,Y,SF,4,101,-,-,7.600,H,-,S,N,4,0,1,3,A,-,12,21453,A,N,G,B,F,A,H,-,A,A,0,Y,,,,Y,,A,01,0,0,1,0,1,0,0,0,0,"- ","- ",,,"SAN FRANCISCO","SAN FRANCISCO",-122.44087677,37.799210610000003
8079095,2016,2016-07-12,3801,2016-06-19,1640,002207,MISSI,7,5,7,3801,0,0,0,,0,3D15D,"NOE ST","JERSEY ST",9.00,S,N,A,-,N,,,,,,,,,,N,2,0,1,2,B,-,22,,,N,D,B,E,A,H,-,A,A,0,Y,,,,Y,,N,60,1,0,0,0,1,0,0,0,0,"- ","- ",,,"SAN FRANCISCO","SAN FRANCISCO",-122.43178758000001,37.750605350000001
8079096,2016,2016-07-12,3801,2016-06-20,1234,000970,"CO B",1,5,7,3801,0,0,0,,0,3B1C,"5TH ST","HOWARD ST",2.00,S,N,A,-,N,,,,,,,,,,N,4,0,1,2,A,-,12,21453,A,F,G,B,B,A,H,-,A,A,0,Y,Y,,,Y,,L,04,0,0,1,0,1,0,0,0,0,"- ","- ",,,"SAN FRANCISCO","SAN FRANCISCO",-122.4049251,37.781506120000003
8079103,2016,2016-07-12,3801,2016-06-16,2000,708,INGLE,4,5,7,3801,0,0,0,,0,3H11E,"POWHATTAN AV","ANDOVER ST",0.00,,Y,A,-,N,,,,,,,,,,N,3,0,1,2,A,-,10,21950,A,F,G,B,B,A,H,-,A,D,0,Y,,,,Y,,A,01,0,1,0,0,1,0,0,0,0,"- ","- ",,,"SAN FRANCISCO","SAN FRANCISCO",-122.41630991,37.74163995
8079106,2016,2016-07-12,3801,2016-06-15,1405,2453,MISSI,3,5,7,3801,0,0,0,,0,3D11A,"NOE ST","MARKET ST",0.00,,Y,A,-,N,,,,,,,,,,N,4,0,1,2,A,-,11,21453,D,N,G,B,B,A,H,-,A,A,0,Y,,,,Y,,N,60,0,0,1,0,1,0,0,0,0,"- ","- ",,,"SAN FRANCISCO","SAN FRANCISCO",-122.43313992,37.764239959999998
8079109,2016,2016-08-02,3801,2016-06-16,1035,002411,SOUTH,4,5,7,3801,0,0,0,,0,,"9TH ST","MINNA ST",0.00,,Y,A,-,N,,,,,,,,,,N,2,0,1,2,A,-,11,21954,A,F,G,B,D,A,H,-,A,D,0,Y,,,,Y,,N,60,1,0,0,0,1,0,0,0,0,"- ","- ",,,"SAN FRANCISCO","SAN FRANCISCO",-122.41417,37.775799960000001
8079113,2016,2016-07-12,3801,2016-06-06,1637,4175,MISSI,1,5,7,3801,0,0,0,,0,4B4B,"POTRERO AV","17TH ST",0.00,,Y,A,-,N,,,,,,,,,,N,4,0,4,4,A,-,09,21801,A,N,D,-,F,A,H,-,A,A,0,Y,,,,Y,,A,01,0,0,4,0,2,0,0,0,0,"- ","- ",37.764519999999997,-122.40739000000001,"SAN FRANCISCO","SAN FRANCISCO",-122.40742988,37.764489990000001
8079114,2016,2016-07-12,3801,2016-06-07,1650,2374,INGLE,2,5,7,3801,0,0,0,,0,3H11D,"CORTLAND AV","WINFIELD ST",0.00,,Y,B,-,N,,,,,,,,,,N,4,0,1,2,A,-,00,21967,,N,G,B,E,A,H,-,A,D,0,Y,,,,Y,,N,60,0,0,1,0,1,0,0,0,0,"- ","- ",,,"SAN FRANCISCO","SAN FRANCISCO",-122.42025996,37.739979890000001
8079120,2016,2016-08-29,3801,2016-06-03,2045,1650,COJ,5,5,7,3801,0,0,0,,0,3J13D,"HYDE ST","FULTON ST",0.00,,Y,A,F,N,,,,,,,,,,N,4,0,1,2,A,-,11,21456,B,N,H,A,B,A,H,-,C,A,0,Y,,Y,,Y,,N,60,0,0,1,0,0,0,0,0,1,"- ","- ",,,"SAN FRANCISCO","SAN FRANCISCO",-122.41512999,37.779809890000003
8079123,2016,2016-07-12,3801,2016-06-23,1012,2435,TENDE,4,5,7,3801,0,0,0,,0,3J11A,"CYRIL MAGNIN","MARKET ST",39.00,N,N,A,-,N,,,,,,,,,,N,3,0,1,2,A,-,10,21950,A,N,G,-,B,A,-,-,A,A,0,Y,,,,Y,,A,01,0,1,0,0,1,0,0,0,0,"- ","- ",,,"SAN FRANCISCO","SAN FRANCISCO",-122.40815915,37.784072709999997
8079124,2016,2016-07-12,3801,2016-06-22,2125,001499,INGLE,3,5,7,3801,0,0,0,,0,3H14E,"MISSION ST","MURRAY ST",133.00,N,N,A,-,N,,,,,,,,,,N,3,0,1,2,A,-,00,21951,A,N,G,B,D,A,H,-,E,A,0,Y,,,,Y,,N,60,0,1,0,0,1,0,0,0,0,"- ","- ",,,"SAN FRANCISCO","SAN FRANCISCO",-122.4261308,37.73394055
8079139,2016,2016-07-12,3801,2016-06-21,0744,1053,TARAV,2,5,7,3801,0,0,0,,0,3I16A,"ALEMANY BL","ST CHARLES AV",8.00,E,N,A,-,N,,,,,,,,,,N,2,0,1,2,A,-,10,21950,A,N,G,B,B,A,H,-,A,A,0,Y,,,,Y,,A,08,1,0,0,0,1,0,0,0,0,"- ","- ",,,"SAN FRANCISCO","SAN FRANCISCO",-122.46928529,37.710629879999999
8079142,2016,2016-07-12,3801,2016-06-27,1850,002455,NORTH,1,5,7,3801,0,0,0,,0,3E16D,"FELL ST","LAGUNA ST",0.00,,Y,A,-,N,,,,,,,,,,N,3,0,1,2,A,-,10,21950,A,N,G,B,B,A,H,-,A,A,0,Y,,,,Y,,A,01,0,1,0,0,1,0,0,0,0,"- ","- ",,,"SAN FRANCISCO","SAN FRANCISCO",-122.42604993,37.775539950000002
8079145,2016,2016-07-12,3801,2016-06-28,1620,1092,NORTH,2,5,7,3801,0,0,0,,0,3E16D,"PINE ST","OCTAVIA ST",0.00,,Y,A,-,N,,,,,,,,,,N,4,0,1,2,A,-,10,21950,A,N,G,B,B,A,H,-,A,A,0,Y,,,,Y,,A,01,0,0,1,0,1,0,0,0,0,"- ","- ",,,"SAN FRANCISCO","SAN FRANCISCO",-122.42705989,37.788799949999998
8079154,2016,2016-08-29,3801,2016-06-27,0019,2056,SOUTH,1,5,7,3801,0,0,0,,0,3B13E,"HAWTHORNE ST","FOLSOM ST",226.00,N,N,A,-,N,,,,,,,,,,N,4,0,1,2,A,-,08,22107,,F,B,B,E,A,H,-,C,D,0,Y,,,,Y,,A,01,0,0,1,0,1,0,0,0,0,"- ","- ",,,"SAN FRANCISCO","SAN FRANCISCO",-122.39838871000001,37.785114559999997
8079159,2016,2016-07-12,3801,2016-06-16,1457,1420,TARAV,4,5,7,3801,0,0,0,,0,4B107,"JUNIPERO SERRA BL","GARFIELD ST",92.00,N,N,A,-,N,,,,,,,,,,N,3,0,1,2,A,-,11,21955,,N,G,B,D,A,H,-,A,D,0,Y,,,,Y,,N,60,0,1,0,0,1,0,0,0,0,"- ","- ",37.71978,-122.4725,"SAN FRANCISCO","SAN FRANCISCO",-122.47237385,37.719852420000002