CASE_ID,ACCIDENT_YEAR,PROC_DATE,JURIS,COLLISION_DATE,COLLISION_TIME,OFFICER_ID,REPORTING_DISTRICT,DAY_OF_WEEK,CHP_SHIFT,POPULATION,CNTY_CITY_LOC,SPECIAL_COND,BEAT_TYPE,CHP_BEAT_TYPE,CITY_DIVISION_LAPD,CHP_BEAT_CLASS,BEAT_NUMBER,PRIMARY_RD,SECONDARY_RD,DISTANCE,DIRECTION,INTERSECTION,WEATHER_1,WEATHER_2,STATE_HWY_IND,CALTRANS_COUNTY,CALTRANS_DISTRICT,STATE_ROUTE,ROUTE_SUFFIX,POSTMILE_PREFIX,POSTMILE,LOCATION_TYPE,RAMP_INTERSECTION,SIDE_OF_HWY,TOW_AWAY,COLLISION_SEVERITY,NUMBER_KILLED,NUMBER_INJURED,PARTY_COUNT,PRIMARY_COLL_FACTOR,PCF_CODE_OF_VIOL,PCF_VIOL_CATEGORY,PCF_VIOLATION,PCF_VIOL_SUBSECTION,HIT_AND_RUN,TYPE_OF_COLLISION,MVIW,PED_ACTION,ROAD_SURFACE,ROAD_COND_1,ROAD_COND_2,LIGHTING,CONTROL_DEVICE,CHP_ROAD_TYPE,PEDESTRIAN_ACCIDENT,BICYCLE_ACCIDENT,MOTORCYCLE_ACCIDENT,TRUCK_ACCIDENT,NOT_PRIVATE_PROPERTY,ALCOHOL_INVOLVED,STWD_VEHTYPE_AT_FAULT,CHP_VEHTYPE_AT_FAULT,COUNT_SEVERE_INJ,COUNT_VISIBLE_INJ,COUNT_COMPLAINT_PAIN,COUNT_PED_KILLED,COUNT_PED_INJURED,COUNT_BICYCLIST_KILLED,COUNT_BICYCLIST_INJURED,COUNT_MC_KILLED,COUNT_MC_INJURED,PRIMARY_RAMP,SECONDARY_RAMP,LATITUDE,LONGITUDE,COUNTY,CITY,POINT_X,POINT_Y
8079174,2016,2016-07-12,3801,2016-06-25,0210,147,TENDE,6,5,7,3801,0,0,0,,0,3J1E,"OFARRELL ST","JONES ST",0.00,,Y,A,-,N,,,,,,,,,,N,3,0,1,2,A,-,"- ",,,N,H,B,E,A,H,-,C,A,0,Y,,,,Y,Y,N,60,0,1,0,0,1,0,0,0,0,"- ","- ",,,"SAN FRANCISCO","SAN FRANCISCO",-122.41296991,37.785799969999999
8079175,2016,2016-07-12,3801,2016-06-24,2332,2228,SOUTH,5,5,7,3801,0,0,0,,0,3B13E,"MISSION ST","BEALE ST",0.00,,Y,A,-,N,,,,,,,,,,N,4,0,1,2,A,-,10,21950,A,N,G,B,B,A,H,-,C,A,0,Y,,,,Y,,-,,0,0,1,0,1,0,0,0,0,"- ","- ",,,"SAN FRANCISCO","SAN FRANCISCO",-122.39583991000001,37.791159960000002
8079176,2016,2016-07-12,3801,2016-06-24,2201,2204,SOUTH,5,5,7,3801,0,0,0,,0,3B12E,"ELGIN PARK","MARKET ST",27.00,S,N,A,-,N,,,,,,,,,,N,4,0,1,2,A,-,17,21663,,N,G,B,F,A,H,-,C,D,0,Y,,,,Y,,-,,0,0,1,0,1,0,0,0,0,"- ","- ",,,"SAN FRANCISCO","SAN FRANCISCO",-122.42373922,37.77155157
8079177,2016,2016-07-12,3801,2016-06-24,1438,2172,"CO A",5,5,7,3801,0,0,0,,0,002,"MONTGOMERY ST","CLAY ST",0.00,,Y,A,-,N,,,,,,,,,,N,3,0,1,2,A,-,10,21950,A,N,G,B,B,A,H,-,A,A,0,Y,,,,Y,,A,01,0,1,0,0,1,0,0,0,0,"- ","- ",,,"SAN FRANCISCO","SAN FRANCISCO",-122.40311989,37.79467992
8079179,2016,2016-07-12,3801,2016-06-24,1406,1325,TENDE,5,5,7,3801,0,0,0,,0,3J14A,"MARKET ST","5TH ST",0.00,,Y,A,-,N,,,,,,,,,,N,4,0,1,2,A,-,00,21954,,N,G,B,D,A,H,-,A,A,0,Y,,,,Y,,N,60,0,0,1,0,1,0,0,0,0,"- ","- ",,,"SAN FRANCISCO","SAN FRANCISCO",-122.40805989,37.783999919999999
8079180,2016,2016-07-12,3801,2016-06-24,1339,0905,,5,5,7,3801,0,0,0,,0,3J52C,"CYRIL MAGNIN ST","MARKET ST",0.00,,Y,A,-,N,,,,,,,,,,N,3,0,1,2,A,-,10,21950,A,N,G,B,B,A,H,-,A,A,0,Y,,,,Y,,A,07,0,1,0,0,1,0,0,0,0,"- ","- ",,,"SAN FRANCISCO","SAN FRANCISCO",-122.40805989,37.783999919999999
8079185,2016,2016-07-12,3801,2016-06-20,0700,02355,SOUTH,1,5,7,3801,0,0,0,,0,3B12A,"BRYANT ST","4TH ST",0.00,,Y,A,-,N,,,,,,,,,,N,4,0,1,2,A,-,10,21950,A,N,G,B,B,A,H,-,A,A,0,Y,,,,Y,,A,01,0,0,1,0,1,0,0,0,0,"- ","- ",,,"SAN FRANCISCO","SAN FRANCISCO",-122.39806995000001,37.77957
8079186,2016,2016-07-12,3801,2016-06-18,1000,2380,SOUTH,6,5,7,3801,0,0,0,,0,3B15A,"16TH ST","4TH ST",0.00,,Y,A,-,N,,,,,,,,,,N,3,0,1,2,A,-,10,21950,A,N,G,B,-,A,H,-,A,A,0,Y,,,,Y,,A,01,0,1,0,0,1,0,0,0,0,"- ","- ",,,"SAN FRANCISCO","SAN FRANCISCO",-122.39082995,37.766839900000001
8079187,2016,2016-07-12,3801,2016-06-17,0929,004223,INGLE,5,5,7,3801,0,0,0,,0,3H3,"PERSIA AV","MISSION ST",20.00,E,N,B,-,N,,,,,,,,,,N,3,0,1,2,A,-,11,21954,A,N,G,B,D,A,H,-,A,A,0,Y,,,,Y,,N,60,0,1,0,0,1,0,0,0,0,"- ","- ",,,"SAN FRANCISCO","SAN FRANCISCO",-122.43591083,37.723111539999998
8079189,2016,2016-10-07,3801,2016-06-27,1608,2007,CENTR,1,5,7,3801,0,0,0,,0,3A140,"1ST ST","MARKET ST",114.00,S,N,A,-,N,,,,,,,,,,N,3,0,1,2,A,-,11,21950,B,N,G,B,D,A,H,-,A,D,0,Y,,Y,,Y,,N,60,0,1,0,0,1,0,0,0,0,"- ","- ",,,"SAN FRANCISCO","SAN FRANCISCO",-122.39886846,37.790822759999998
8079193,2016,2016-07-12,3801,2016-06-23,1648,2159,NORTH,4,5,7,3801,0,0,0,,0,4T6I,"POLK ST","EDDY ST",2.00,N,N,A,-,N,,,,,,,,,,N,3,0,1,2,A,-,11,21453,D,N,G,B,B,A,H,-,A,A,0,Y,,Y,,Y,,N,60,0,1,0,0,1,0,0,0,0,"- ","- ",,,"SAN FRANCISCO","SAN FRANCISCO",-122.41918090999999,37.783085450000002
8079198,2016,2016-07-12,3801,2016-06-17,1852,000054,NORTH,5,5,7,3801,0,0,0,,0,3E45,"LOMBARD ST","DIVISADERO ST",0.00,,Y,A,-,N,,,,,,,,,,N,4,0,3,3,A,-,04,21703,,N,C,C,B,A,H,-,A,A,0,Y,,,,Y,,A,08,0,0,3,0,1,0,0,0,0,"- ","- ",,,"SAN FRANCISCO","SAN FRANCISCO",-122.44264993,37.799009980000001
8079242,2016,2016-07-14,3801,2016-06-23,2240,2003,CENTR,4,5,7,3801,0,0,0,,0,3A4E,"COLUMBUS AV","STOCKTON ST",50.00,S,N,A,-,N,,,,,,,,,,Y,4,0,1,2,A,-,11,21954,A,F,G,B,D,A,H,-,C,A,0,Y,,,,Y,Y,N,60,0,0,1,0,1,0,0,0,0,"- ","- ",,,"SAN FRANCISCO","SAN FRANCISCO",-122.40885571,37.799404389999999
8079272,2016,2016-07-13,3801,2016-06-09,1500,750,TENDE,4,5,7,3801,0,0,0,,0,3J14C,"HYDE ST","TURK ST",0.00,,Y,A,-,N,,,,,,,,,,,4,0,1,2,A,-,21,22106,,F,G,B,B,A,H,-,A,A,0,Y,,,,Y,,-,,0,0,1,0,1,0,0,0,0,"- ","- ",,,"SAN FRANCISCO","SAN FRANCISCO",-122.41568995,37.782569889999998
8079331,2016,2016-08-29,3801,2016-06-09,1705,2102,CENTR,4,5,7,3801,0,0,0,,0,3A15D,"MARKET ST","DAVIS ST",64.00,W,N,A,-,N,,,,,,,,,,N,4,0,1,2,A,-,11,21955,,N,G,B,D,A,H,-,A,A,0,Y,,,,Y,Y,N,60,0,0,1,0,1,0,0,0,0,"- ","- ",,,"SAN FRANCISCO","SAN FRANCISCO",-122.39749492,37.792364309999996
8079338,2016,2016-07-12,3801,2016-06-17,1323,4286,RICHM,5,5,7,3801,0,0,0,,0,0G1,"HAGIWARA TEA GARDEN DR","MARTIN LUTHER KING JR DR",300.00,N,N,A,-,N,,,,,,,,,,N,3,0,2,3,A,-,10,21950,A,N,G,B,C,A,H,-,A,A,0,Y,,,,Y,,A,07,0,1,1,0,2,0,0,0,0,"- ","- ",,,"SAN FRANCISCO","SAN FRANCISCO",-122.46947387,37.769981199999997
8079340,2016,2016-07-12,3801,2016-06-15,1816,2334,SOUTH,3,5,7,3801,0,0,0,,0,0B3,"MISSION ST","7TH ST",0.00,,Y,A,-,N,,,,,,,,,,N,4,0,1,2,A,-,11,21453,D,N,G,B,B,A,H,-,A,A,0,Y,,,,Y,,N,60,0,0,1,0,1,0,0,0,0,"- ","- ",,,"SAN FRANCISCO","SAN FRANCISCO",-122.41089991,37.779209899999998
8079342,2016,2016-07-12,3801,2016-06-14,1700,1537,MISSI,2,5,7,3801,0,0,0,,0,3D61,"23RD ST",UTAH,3.00,N,N,A,-,N,,,,,,,,,,N,4,0,1,2,A,-,10,21950,A,N,G,B,B,A,H,-,A,D,0,Y,,,,Y,,A,01,0,0,1,0,1,0,0,0,0,"- ","- ",,,"SAN FRANCISCO","SAN FRANCISCO",-122.40544967,37.754350819999999
8079343,2016,2016-08-02,3801,2016-06-14,1640,835,TENDR,2,5,7,3801,0,0,0,,0,001,"MARKET ST","4TH ST",0.00,,Y,A,-,N,,,,,,,,,,N,4,0,1,2,A,-,12,21453,A,N,A,B,B,A,H,-,A,A,0,Y,Y,,,Y,,L,04,0,0,1,0,1,0,0,0,0,"- ","- ",,,"SAN FRANCISCO","SAN FRANCISCO",-122.40588997,37.785699899999997
8079346,2016,2016-07-12,3801,2016-06-18,0003,1427,TENDE,6,5,7,3801,0,0,0,,0,14E,"MASON ST","ELLIS ST",0.00,,Y,A,-,N,,,,,,,,,,N,4,0,1,2,A,-,10,21950,A,N,G,B,B,A,H,-,C,A,0,Y,,,,Y,,A,01,0,0,1,0,1,0,0,0,0,"- ","- ",,,"SAN FRANCISCO","SAN FRANCISCO",-122.40945996000001,37.785329990000001
8079350,2016,2016-08-02,3801,2016-06-12,1930,1061,CENTR,7,5,7,3801,0,0,0,,0,3A11D,EMBARCADERO,"TAYLOR ST",181.00,E,N,A,-,N,,,,,,,,,,N,4,0,1,2,A,-,03,22350,,F,C,B,F,A,H,-,A,D,0,Y,Y,,,Y,Y,L,04,0,0,1,0,1,0,0,0,0,"- ","- ",,,"SAN FRANCISCO","SAN FRANCISCO",-122.41520762,37.808946210000002
8079353,2016,2016-07-12,3801,2016-06-09,1745,1430,,4,5,7,3801,0,0,0,,0,3D13D,"MISSION ST","22ND ST",3.00,N,N,A,-,N,,,,,,,,,,N,4,0,1,2,A,-,10,21950,A,F,G,B,B,A,H,-,A,D,0,Y,,,,Y,,A,01,0,0,1,0,1,0,0,0,0,"- ","- ",,,"SAN FRANCISCO","SAN FRANCISCO",-122.41874088,37.75545821
8079356,2016,2016-07-12,3801,2016-06-12,1330,959,TENDE,7,5,7,3801,0,0,0,,0,3J11D,"OCTAVIA BL","MARKET ST",0.00,,Y,A,-,N,,,,,,,,,,N,4,0,1,2,A,-,08,22101,D,F,G,B,B,A,H,-,A,A,0,Y,,,,Y,,A,01,0,0,1,0,1,0,0,0,0,"- ","- ",,,"SAN FRANCISCO","SAN FRANCISCO",-122.42358993000001,37.771779950000003
8079361,2016,2016-07-12,3801,2016-06-02,1000,320,NORTH,4,5,7,3801,0,0,0,,0,002,"FULTON ST","OCTAVIA ST",113.00,W,N,B,-,N,,,,,,,,,,N,4,0,1,2,A,-,21,22106,,N,G,B,E,A,H,-,A,D,0,Y,,,,Y,,A,08,0,0,1,0,1,0,0,0,0,"- ","- ",37.778500000000001,-122.42486,"SAN FRANCISCO","SAN FRANCISCO",-122.42537618,37.778490849999997
8079367,2016,2016-07-12,3801,2016-06-03,1757,2288,INGLE,5,5,7,3801,0,0,0,,0,3H12D,"DIAMOND ST","WILDER ST",0.00,,Y,A,-,N,,,,,,,,,,N,3,0,1,2,A,-,11,21950,B,N,G,B,D,A,H,-,A,A,0,Y,,,,Y,,N,60,0,1,0,0,1,0,0,0,0,"- ","- ",,,"SAN FRANCISCO","SAN FRANCISCO",-122.43392986000001,37.73425992
8079369,2016,2016-07-12,3801,2016-06-05,1217,2429,NORTH,7,5,7,3801,0,0,0,,0,3E13C,"LOMBARD ST","VAN NESS AV",0.00,,Y,A,-,N,,,,,,,,,,N,3,0,1,2,A,-,10,21950,A,N,G,B,B,A,H,-,A,A,0,Y,,,,Y,,A,01,0,1,0,0,1,0,0,0,0,"- ","- ",,,"SAN FRANCISCO","SAN FRANCISCO",-122.42457988,37.801319970000002
8079373,2016,2016-07-12,3801,2016-06-02,1841,2449,COB,4,5,7,3801,0,0,0,,0,003,"8TH ST","TEHAMA ST",0.00,,Y,A,-,N,,,,,,,,,,N,4,0,1,2,A,-,11,21956,A,N,G,B,D,A,H,-,A,A,0,Y,,,,Y,,N,60,0,0,1,0,1,0,0,0,0,"- ","- ",,,"SAN FRANCISCO","SAN FRANCISCO",-122.41106988,37.775809899999999
8079374,2016,2016-08-29,3801,2016-06-05,0340,93,NORTH,7,5,7,3801,0,0,0,,0,03E,"POLK ST","OFARRELL ST",0.00,,Y,A,-,N,,,,,,,,,,,4,0,1,2,A,-,11,21956,,N,G,B,E,A,H,-,C,A,0,Y,,,,Y,,A,01,0,0,1,0,1,0,0,0,0,"- ","- ",,,"SAN FRANCISCO","SAN FRANCISCO",-122.41954986,37.784969920000002
8079376,2016,2016-08-02,3801,2016-06-06,0855,2469,MISSI,1,5,7,3801,0,0,0,,0,3D13A,"20TH ST","MISSION ST",12.00,S,N,A,-,N,,,,,,,,,,N,4,0,1,3,A,-,10,21950,A,N,G,B,B,A,H,-,A,D,0,Y,,,,Y,,A,01,0,0,1,0,1,0,0,0,0,"- ","- ",,,"SAN FRANCISCO","SAN FRANCISCO",-122.41904,37.758629999999997
8083272,2016,2016-07-15,3801,2016-05-24,1519,1730,RICHM,2,5,7,3801,0,0,0,,0,4B8G,"CALIFORNIA ST","24TH AV",0.00,,Y,B,-,N,,,,,,,,,,N,3,0,1,2,A,-,10,21950,A,N,G,B,B,A,H,-,A,A,0,Y,,,,Y,,A,01,0,1,0,0,1,0,0,0,0,"- ","- ",37.784080000000003,-122.48399000000001,"SAN FRANCISCO","SAN FRANCISCO",-122.4839199,37.783929919999999
8083279,2016,2016-08-29,3801,2016-05-17,1820,4119,BAYVI,2,5,7,3801,0,0,0,,0,2CAR,"PHELPS ST","WILLIAMS AV",8.00,S,N,A,-,N,,,,,,,,,,N,4,0,1,2,A,-,10,21950,A,N,G,B,B,A,H,-,A,D,0,Y,,,,Y,,A,01,0,0,1,0,1,0,0,0,0,"- ","- ",37.730319999999999,-122.40007,"SAN FRANCISCO","SAN FRANCISCO",-122.39986721,37.730282789999997
8083289,2016,2016-07-15,3801,2016-05-31,0816,2127,TENDE,2,5,7,3801,0,0,0,,0,4B1A,"POLK ST","MYRTLE ST",61.00,S,N,A,-,N,,,,,,,,,,N,2,0,1,2,A,-,11,21955,,N,G,B,D,A,H,-,A,D,0,Y,,Y,,Y,,N,60,1,0,0,0,1,0,0,0,0,"- ","- ",,,"SAN FRANCISCO","SAN FRANCISCO",-122.41960760000001,37.785264410000003
8083305,2016,2016-07-15,3801,2016-05-27,0855,73,MISSI,5,5,7,3801,0,0,0,,0,4B5D,"HARRISON ST","14TH ST",10.00,S,N,A,-,N,,,,,,,,,,N,2,0,1,2,A,-,10,21950,A,N,G,B,B,A,H,-,A,A,0,Y,,,,Y,,A,01,1,0,0,0,1,0,0,0,0,"- ","- ",,,"SAN FRANCISCO","SAN FRANCISCO",-122.41343847,37.76863256
8083309,2016,2016-07-15,3801,2016-05-17,1806,13,RICHM,2,5,7,3801,0,0,0,,0,,"22ND AV","CABRILLO ST",0.00,,Y,A,-,N,,,,,,,,,,N,2,0,1,2,A,-,11,21954,A,N,D,B,D,A,H,-,A,D,0,Y,,,,Y,,N,60,1,0,0,0,1,0,0,0,0,"- ","- ",,,"SAN FRANCISCO","SAN FRANCISCO",-122.48111994,37.774589980000002
8083313,2016,2016-07-15,3801,2016-05-25,1501,256,INGLE,3,5,7,3801,0,0,0,,0,4B8H,"SAN JOSE AV","OCEAN AV",0.00,,Y,A,-,N,,,,,,,,,,N,3,0,1,2,A,-,10,21950,A,N,G,B,B,A,H,-,A,A,0,Y,,,,Y,,A,01,0,1,0,0,1,0,0,0,0,"- ","- ",37.723210000000002,-122.44473000000001,"SAN FRANCISCO","SAN FRANCISCO",-122.44480986000001,37.722929890000003
8089473,2016,2016-10-20,3801,2016-08-07,1645,750,,7,5,7,3801,0,0,0,,0,,"7TH ST","MISSION ST",0.00,,Y,A,-,N,,,,,,,,,,N,4,0,1,2,A,-,10,21950,A,F,G,B,B,A,H,-,A,A,0,Y,,,,Y,,A,01,0,0,1,0,1,0,0,0,0,"- ","- ",,,"SAN FRANCISCO","SAN FRANCISCO",-122.41089991,37.779209899999998
8089477,2016,2017-02-18,3801,2016-08-16,0930,002265,SOUTH,2,5,7,3801,0,0,0,,0,3B16D,"4TH ST","HARRISON ST",0.00,,Y,A,-,Y,SF,4,80,-,-,4.914,R,4,W,N,2,0,1,2,A,-,10,21950,A,F,G,B,B,A,H,-,A,A,0,Y,,,,Y,,A,01,1,0,0,0,1,0,0,0,0,"- ","- ",,,"SAN FRANCISCO","SAN FRANCISCO",-122.39801713,37.781236569999997
8089494,2016,2016-09-14,3801,2016-08-26,0915,4253,,5,5,7,3801,0,0,0,,0,002,"30TH ST","SAN JOSE AV",0.00,,Y,A,-,N,,,,,,,,,,,4,0,1,2,A,-,10,21950,A,N,G,B,B,A,H,-,A,A,0,Y,,,,Y,Y,A,01,0,0,1,0,1,0,0,0,0,"- ","- ",,,"SAN FRANCISCO","SAN FRANCISCO",-122.42328998000001,37.7422799
8089499,2016,2016-09-20,3801,2016-08-06,1144,A22254,CENTR,6,5,7,3801,0,0,0,,0,3A13A,"COLUMBUS AV","GREEN ST",42.00,N,N,A,-,N,,,,,,,,,,N,3,0,1,2,A,-,17,22517,,N,G,B,E,A,H,-,A,D,0,Y,,,,Y,,N,60,0,1,0,0,1,0,0,0,0,"- ","- ",,,"SAN FRANCISCO","SAN FRANCISCO",-122.40909035999999,37.79957512
8090101,2016,2016-08-26,3801,2016-07-28,1243,1887,SOUTH,4,5,7,3801,0,0,0,,0,4B1C,"MISSION ST","6TH ST",95.00,E,N,A,-,N,,,,,,,,,,N,2,0,1,2,A,-,11,21955,,N,G,B,D,A,H,-,A,D,0,Y,,,,Y,,N,60,1,0,0,0,1,0,0,0,0,"- ","- ",,,"SAN FRANCISCO","SAN FRANCISCO",-122.40845840999999,37.781165270000002
8090125,2016,2016-09-28,3801,2016-07-12,1620,1126,CENTR,2,5,7,3801,0,0,0,,0,3A1D,"JONES ST","PINE ST",0.00,,Y,A,-,N,,,,,,,,,,N,4,0,1,2,A,-,10,21950,A,N,G,B,B,A,H,-,A,A,0,Y,,,,Y,,J,41,0,0,1,0,1,0,0,0,0,"- ","- ",,,"SAN FRANCISCO","SAN FRANCISCO",-122.41389991,37.790459910000003
8090176,2016,2016-08-26,3801,2016-07-05,0921,4139,TENDE,2,5,7,3801,0,0,0,,0,,"MARKET ST","7TH ST",0.00,,Y,A,B,N,,,,,,,,,,N,4,0,1,2,A,-,11,21456,B,N,G,G,B,A,H,-,A,A,0,Y,Y,,,Y,Y,-,"- ",0,0,1,0,1,0,0,0,0,"- ","- ",,,"SAN FRANCISCO","SAN FRANCISCO",-122.4125099,37.780479900000003
8090192,2016,2016-08-26,3801,2016-07-10,0052,2415,,7,5,7,3801,0,0,0,,0,,"CAPP ST","20TH ST",0.00,,Y,A,-,N,,,,,,,,,,N,4,0,1,2,A,-,10,21950,A,F,G,B,B,A,H,-,C,A,0,Y,,,,Y,,A,01,0,0,1,0,1,0,0,0,0,"- ","- ",,,"SAN FRANCISCO","SAN FRANCISCO",-122.41795995,37.758679919999999
8098013,2016,2016-09-28,3801,2016-06-14,1526,2299,CENTR,2,5,7,3801,0,0,0,,0,3A14D,GEARY,JONES,0.00,,Y,A,-,N,,,,,,,,,,N,3,0,1,2,A,-,10,21950,A,N,G,B,B,A,H,-,A,A,0,Y,,,,Y,,A,01,0,1,0,0,1,0,0,0,0,"- ","- ",,,"SAN FRANCISCO","SAN FRANCISCO",-122.41314992,37.786749970000002
8098021,2016,2016-08-17,3801,2016-06-04,1622,1420,MISSI,6,5,7,3801,0,0,0,,0,4B107,FOLSOM,"25TH ST",0.00,,Y,A,-,N,,,,,,,,,,N,2,0,2,2,A,-,01,23153,A,F,G,C,B,A,H,-,A,A,0,Y,,Y,,Y,,C,02,1,0,1,0,1,0,0,0,1,"- ","- ",,,"SAN FRANCISCO","SAN FRANCISCO",-122.41393991,37.750919930000002
8098252,2016,2016-08-17,3801,2016-07-22,0040,002314,PARK,5,5,7,3801,0,0,0,,0,3F13E,"HAIGHT ST","MASONIC AV",86.00,W,N,A,-,N,,,,,,,,,,N,2,0,1,2,A,-,11,21955,,F,G,B,D,A,H,-,C,D,0,Y,,,,Y,,N,60,1,0,0,0,1,0,0,0,0,"- ","- ",,,"SAN FRANCISCO","SAN FRANCISCO",-122.44564372000001,37.770172330000001
8098256,2016,2016-08-17,3801,2016-07-22,1237,2078,CNTRL,5,5,7,3801,0,0,0,,0,3A14A,"THE EMBARCADERO","STOCKTON ST",0.00,,Y,A,-,N,,,,,,,,,,N,4,0,1,2,A,-,11,21456,B,N,G,B,D,A,H,-,A,A,0,Y,,,,Y,,N,60,0,0,1,0,1,0,0,0,0,"- ","- ",,,"SAN FRANCISCO","SAN FRANCISCO",-122.41082132,37.808294930000002
8098264,2016,2016-08-17,3801,2016-07-17,1219,004028,,7,5,7,3801,0,0,0,,0,,"KING ST","4TH ST",0.00,,Y,B,-,N,,,,,,,,,,,3,0,1,2,A,-,11,21453,D,N,G,B,D,A,H,-,A,A,0,Y,,,,Y,Y,N,60,0,1,0,0,1,0,0,0,0,"- ","- ",,,"SAN FRANCISCO","SAN FRANCISCO",-122.39414997,37.776429980000003
8098275,2016,2016-08-29,3801,2016-07-16,1701,1994,TENDE,6,5,7,3801,0,0,0,,0,4B3B,"MARKET ST","7TH ST",58.00,W,N,A,-,N,,,,,,,,,,N,3,0,2,2,A,-,11,21456,B,N,G,B,B,A,H,-,A,A,0,Y,,,,Y,,N,60,0,1,1,0,1,0,0,0,0,"- ","- ",,,"SAN FRANCISCO","SAN FRANCISCO",-122.41265213,37.780367480000002
8098284,2016,2016-08-17,3801,2016-07-22,0124,488,IGLSD,5,5,7,3801,0,0,0,,0,3H13E,"ALEMANY BL","ELLSWORTH ST",520.00,W,N,A,-,N,,,,,,,,,,N,2,0,1,2,A,-,11,21956,A,N,G,B,E,A,H,-,C,D,0,Y,,,,Y,,N,60,1,0,0,0,1,0,0,0,0,"- ","- ",,,"SAN FRANCISCO","SAN FRANCISCO",-122.42081524,37.732179289999998
8098319,2016,2016-08-18,3801,2016-07-21,1452,1052,MISSI,4,5,7,3801,0,0,0,,0,3D13C,"NOE ST","19TH ST",5.00,S,N,A,-,N,,,,,,,,,,N,3,0,1,2,A,-,10,21950,A,N,G,B,B,A,H,-,A,A,0,Y,,,,Y,,D,22,0,1,0,0,1,0,0,0,0,"- ","- ",,,"SAN FRANCISCO","SAN FRANCISCO",-122.43263865,37.759416309999999
8101189,2016,2016-08-26,3801,2016-06-30,1040,004267,SOUTH,4,5,7,3801,0,0,0,,0,4X21,"BRANNAN ST","EMBARCADERO ST",0.00,,Y,A,-,N,,,,,,,,,,N,4,0,1,3,A,-,21,22106,,N,H,E,F,A,H,-,A,D,0,Y,,,,Y,,I,11,0,0,1,0,1,0,0,0,0,"- ","- ",,,"SAN FRANCISCO","SAN FRANCISCO",-122.388192,37.784781000000002
8101212,2016,2016-08-18,3801,2016-07-11,1655,1906,BAYVI,1,5,7,3801,0,0,0,,0,3C11D,"MARIPOSA ST","DEHARO ST",3.00,W,N,A,-,N,,,,,,,,,,N,2,0,1,2,A,-,10,21950,A,N,G,B,B,A,H,-,A,A,0,Y,,,,Y,,I,11,1,0,0,0,1,0,0,0,0,"- ","- ",,,"SAN FRANCISCO","SAN FRANCISCO",-122.40147035,37.763579389999997
8101224,2016,2016-09-07,3801,2016-07-22,1521,2205,TENDE,5,5,7,3801,0,0,0,,0,3J13D,"EDDY ST","LEAVENWORTH ST",16.00,W,N,B,-,N,,,,,,,,,,N,4,0,2,3,A,-,03,22350,,N,H,I,E,A,H,-,A,D,0,Y,,,,Y,Y,-,,0,0,2,0,2,0,0,0,0,"- ","- ",,,"SAN FRANCISCO","SAN FRANCISCO",-122.41429462000001,37.78372272
8101232,2016,2016-09-27,3801,2016-07-24,2040,1230,CENTR,7,5,7,3801,0,0,0,,0,3A40D,"VAN NESS AV","NORTHPOINT ST",528.00,N,N,A,-,N,,,,,,,,,,N,4,0,1,2,A,-,"- ",,,N,G,B,F,A,H,-,E,D,0,Y,Y,,,Y,,L,04,0,0,1,0,1,0,0,0,0,"- ","- ",,,"SAN FRANCISCO","SAN FRANCISCO",-122.42563069000001,37.806451269999997
8101248,2016,2016-09-27,3801,2016-07-11,0715,1955,INGLE,1,5,7,3801,0,0,0,,0,3H13A,"CAYUGA AV","MOUNT VERNON AV",0.00,,Y,A,-,N,,,,,,,,,,N,4,0,1,2,A,-,10,21950,A,N,G,B,B,A,H,-,A,A,0,Y,,,,Y,,A,01,0,0,1,0,1,0,0,0,0,"- ","- ",,,"SAN FRANCISCO","SAN FRANCISCO",-122.44581995,37.717069930000001
8101260,2016,2016-09-27,3801,2016-07-20,0917,1113,BAYVI,3,5,7,3801,0,0,0,,0,C12A,"3RD ST","CARROLL AV",15.00,N,N,A,-,N,,,,,,,,,,N,3,0,1,2,A,-,10,21950,A,N,G,B,B,A,H,-,A,A,0,Y,,,,Y,,A,01,0,1,0,0,1,0,0,0,0,"- ","- ",,,"SAN FRANCISCO","SAN FRANCISCO",-122.39434214000001,37.725528689999997
8101280,2016,2016-10-19,3801,2016-07-01,2110,1420,TARAV,5,5,7,3801,0,0,0,,0,4B107,"19TH AV","WINSTON DR SOUTH",2.00,N,N,A,-,Y,SF,4,1,-,-,1.350,I,5,S,N,2,0,1,2,A,-,11,21955,,N,G,B,D,A,H,-,C,A,0,Y,,,,Y,,N,60,1,0,0,0,1,0,0,0,0,"- ","- ",37.726860000000002,-122.47502,"SAN FRANCISCO","SAN FRANCISCO",-122.47507382000001,37.726920159999999
8101285,2016,2016-08-16,3801,2016-07-15,1319,1025,CENTR,5,5,7,3801,0,0,0,,0,3A2A,"FRANCISCO ST","MONTGOMERY ST",50.00,W,N,A,-,N,,,,,,,,,,N,4,0,1,2,A,-,21,22106,,F,G,B,E,A,H,-,A,D,0,Y,,,,Y,,A,01,0,0,1,0,1,0,0,0,0,"- ","- ",,,"SAN FRANCISCO","SAN FRANCISCO",-122.40552586,37.805656370000001
8101288,2016,2016-08-17,3801,2016-07-21,2222,93,NORTH,4,5,7,3801,0,0,0,,0,3E13E,DIVISADERO,"ELLIS ST",15.00,S,N,A,-,N,,,,,,,,,,N,2,0,1,2,A,-,11,21956,,N,D,B,D,A,H,-,C,A,0,Y,,,,Y,,N,60,1,0,0,0,1,0,0,0,0,"- ","- ",,,"SAN FRANCISCO","SAN FRANCISCO",-122.43910136,37.78147937