CASE_ID,ACCIDENT_YEAR,PROC_DATE,JURIS,COLLISION_DATE,COLLISION_TIME,OFFICER_ID,REPORTING_DISTRICT,DAY_OF_WEEK,CHP_SHIFT,POPULATION,CNTY_CITY_LOC,SPECIAL_COND,BEAT_TYPE,CHP_BEAT_TYPE,CITY_DIVISION_LAPD,CHP_BEAT_CLASS,BEAT_NUMBER,PRIMARY_RD,SECONDARY_RD,DISTANCE,DIRECTION,INTERSECTION,WEATHER_1,WEATHER_2,STATE_HWY_IND,CALTRANS_COUNTY,CALTRANS_DISTRICT,STATE_ROUTE,ROUTE_SUFFIX,POSTMILE_PREFIX,POSTMILE,LOCATION_TYPE,RAMP_INTERSECTION,SIDE_OF_HWY,TOW_AWAY,COLLISION_SEVERITY,NUMBER_KILLED,NUMBER_INJURED,PARTY_COUNT,PRIMARY_COLL_FACTOR,PCF_CODE_OF_VIOL,PCF_VIOL_CATEGORY,PCF_VIOLATION,PCF_VIOL_SUBSECTION,HIT_AND_RUN,TYPE_OF_COLLISION,MVIW,PED_ACTION,ROAD_SURFACE,ROAD_COND_1,ROAD_COND_2,LIGHTING,CONTROL_DEVICE,CHP_ROAD_TYPE,PEDESTRIAN_ACCIDENT,BICYCLE_ACCIDENT,MOTORCYCLE_ACCIDENT,TRUCK_ACCIDENT,NOT_PRIVATE_PROPERTY,ALCOHOL_INVOLVED,STWD_VEHTYPE_AT_FAULT,CHP_VEHTYPE_AT_FAULT,COUNT_SEVERE_INJ,COUNT_VISIBLE_INJ,COUNT_COMPLAINT_PAIN,COUNT_PED_KILLED,COUNT_PED_INJURED,COUNT_BICYCLIST_KILLED,COUNT_BICYCLIST_INJURED,COUNT_MC_KILLED,COUNT_MC_INJURED,PRIMARY_RAMP,SECONDARY_RAMP,LATITUDE,LONGITUDE,COUNTY,CITY,POINT_X,POINT_Y
8101290,2016,2016-08-17,3801,2016-07-16,1050,2465,CENTR,6,5,7,3801,0,0,0,,0,3A15A,"CLAY ST","TAYLOR ST",0.00,,Y,A,-,N,,,,,,,,,,N,4,0,1,2,A,-,10,21950,A,N,G,B,B,A,H,-,A,A,0,Y,,,,Y,,A,01,0,0,1,0,1,0,0,0,0,"- ","- ",,,"SAN FRANCISCO","SAN FRANCISCO",-122.41283,37.793439960000001
8101291,2016,2016-08-17,3801,2016-07-11,0715,2008,RICHM,1,5,7,3801,0,0,0,,0,3G68,"POINT LOBOS AV","43RD AV",0.00,,Y,A,-,N,,,,,,,,,,N,2,0,1,2,A,-,10,21950,A,N,G,B,B,A,H,-,B,A,0,Y,,,,Y,,A,01,1,0,0,0,1,0,0,0,0,"- ","- ",,,"SAN FRANCISCO","SAN FRANCISCO",-122.50400986,37.779719929999999
8101294,2016,2016-08-17,3801,2016-07-17,2110,2435,TENDE,7,5,7,3801,0,0,0,,0,3J12E,"JESSIE ST","6TH ST",0.00,,Y,A,-,N,,,,,,,,,,N,4,0,1,2,A,-,12,22450,A,F,G,B,B,A,H,-,C,A,0,Y,,,,Y,,A,01,0,0,1,0,1,0,0,0,0,"- ","- ",,,"SAN FRANCISCO","SAN FRANCISCO",-122.40920997000001,37.781399989999997
8101299,2016,2016-08-17,3801,2016-07-03,1730,1438,INGLE,7,5,7,3801,0,0,0,,0,5CAR,"GENEVA AV",NAPLES,77.00,E,N,A,-,N,,,,,,,,,,N,4,0,1,2,D,-,00,,,N,G,B,F,A,H,-,A,D,0,Y,,,,Y,,-,"- ",0,0,1,0,1,0,0,0,0,"- ","- ",,,"SAN FRANCISCO","SAN FRANCISCO",-122.43595994,37.714103489999999
8101301,2016,2016-08-17,3801,2016-07-15,1000,1917,TARAV,5,5,7,3801,0,0,0,,0,3I16A,"ARCH ST","SARGENT ST",211.00,S,N,A,-,N,,,,,,,,,,N,4,0,1,2,A,-,21,22106,,N,G,B,F,A,H,-,A,D,0,Y,,,,Y,Y,A,01,0,0,1,0,1,0,0,0,0,"- ","- ",,,"SAN FRANCISCO","SAN FRANCISCO",-122.46711000000001,37.715510340000002
8101306,2016,2016-08-17,3801,2016-07-12,1619,001523,NORTH,2,5,7,3801,0,0,0,,0,2CAR,"FILLMORE ST","FULTON ST",0.00,,Y,A,-,N,,,,,,,,,,N,4,0,1,2,A,-,10,21950,A,N,G,B,B,A,H,-,A,A,0,Y,,,,Y,,A,07,0,0,1,0,1,0,0,0,0,"- ","- ",,,"SAN FRANCISCO","SAN FRANCISCO",-122.43155991,37.777689979999998
8101312,2016,2016-08-17,3801,2016-07-18,1632,256,INGLE,1,5,7,3801,0,0,0,,0,4B8H,"MISSION ST","VIRGINIA AV",0.00,,Y,A,-,N,,,,,,,,,,N,3,0,1,2,A,-,11,21453,D,N,G,B,B,A,H,-,A,B,0,Y,,,,Y,,N,60,0,1,0,0,1,0,0,0,0,"- ","- ",37.743209999999998,-122.42164,"SAN FRANCISCO","SAN FRANCISCO",-122.42149999,37.743149930000001
8101314,2016,2016-08-17,3801,2016-07-13,0449,004269,INGLE,3,5,7,3801,0,0,0,,0,3H16E,"BAYSHORE BL","ARLETA AV",0.00,,Y,A,-,N,,,,,,,,,,N,4,0,1,2,A,-,11,21955,,N,G,B,D,A,H,-,C,A,0,Y,,,,Y,,N,60,0,0,1,0,1,0,0,0,0,"- ","- ",,,"SAN FRANCISCO","SAN FRANCISCO",-122.40260997999999,37.712269990000003
8101316,2016,2016-08-17,3801,2016-07-27,1020,1172,SOUTH,3,5,7,3801,0,0,0,,0,COB,"BRYANT ST","2ND ST",0.00,,Y,A,-,N,,,,,,,,,,N,3,0,1,2,A,-,11,21950,B,N,G,B,B,A,H,-,A,A,0,Y,,,,Y,,N,60,0,1,0,0,1,0,0,0,0,"- ","- ",,,"SAN FRANCISCO","SAN FRANCISCO",-122.39362985,37.78307993
8101319,2016,2016-08-17,3801,2016-07-23,1154,2260,NORTH,6,5,7,3801,0,0,0,,0,2CAR,"VAN NESS AV","EDDY ST",0.00,,Y,A,-,N,,,,,,,,,,N,4,0,1,2,A,-,11,21954,A,N,G,B,D,A,H,-,A,A,0,Y,,,,Y,,N,60,0,0,1,0,1,0,0,0,0,"- ","- ",,,"SAN FRANCISCO","SAN FRANCISCO",-122.42089998,37.782869980000001
8101325,2016,2016-08-16,3801,2016-07-19,0930,2026,TARAV,2,5,7,3801,0,0,0,,0,3I16A,"ULLOA ST","WEST PORTAL AV",0.00,,Y,B,-,N,,,,,,,,,,N,3,0,1,2,A,-,11,21956,,N,G,B,C,A,H,-,A,D,0,Y,,,,Y,,N,60,0,1,0,0,1,0,0,0,0,"- ","- ",,,"SAN FRANCISCO","SAN FRANCISCO",-122.46578996,37.740909909999999
8101326,2016,2016-08-17,3801,2016-07-09,1735,001046,SFSUP,6,5,7,3801,0,0,0,,0,003,"11TH ST","HARRISON ST",0.00,,Y,A,-,N,,,,,,,,,,N,3,0,1,2,A,-,10,21950,A,N,G,B,B,A,H,-,A,A,0,Y,,,,Y,,A,01,0,1,0,0,1,0,0,0,0,"- ","- ",,,"SAN FRANCISCO","SAN FRANCISCO",-122.41246993,37.770629909999997
8101335,2016,2016-08-17,3801,2016-07-10,1837,1636,MISSI,7,5,7,3801,0,0,0,,0,3D11D,"CAPP ST","20TH ST",40.00,N,N,A,-,N,,,,,,,,,,N,4,0,1,2,A,-,11,21954,A,N,G,B,D,A,H,-,A,D,0,Y,,,,Y,,N,60,0,0,1,0,1,0,0,0,0,"- ","- ",,,"SAN FRANCISCO","SAN FRANCISCO",-122.41797069,37.758789559999997
8101341,2016,2016-08-16,3801,2016-07-17,1900,2205,TENDE,7,5,7,3801,0,0,0,,0,3J13D,"LARKIN ST","TURK ST",3.00,W,N,B,-,N,,,,,,,,,,N,4,0,1,2,A,-,11,21950,B,N,G,B,E,A,H,-,A,D,0,Y,,,,Y,Y,N,60,0,0,1,0,1,0,0,0,0,"- ","- ",,,"SAN FRANCISCO","SAN FRANCISCO",-122.41734159000001,37.782388140000002
8101342,2016,2016-08-17,3801,2016-07-19,2356,2302,RICHM,2,5,7,3801,0,0,0,,0,003,"PARK PRESIDIO BL","CABRILLO ST",0.00,,Y,A,-,N,,,,,,,,,,N,3,0,1,2,A,-,11,21954,A,N,A,B,B,A,H,-,C,A,0,Y,,,,Y,,N,60,0,1,0,0,1,0,0,0,0,"- ","- ",,,"SAN FRANCISCO","SAN FRANCISCO",-122.47191991,37.774999909999998
8101351,2016,2016-08-17,3801,2016-07-14,0724,86,TARAV,4,5,7,3801,0,0,0,,0,3I15A,"JUNIPERO SERRA BL","BROTHERHOOD WY",0.00,,Y,A,-,N,,,,,,,,,,N,3,0,1,2,A,-,10,21950,A,N,G,B,B,A,H,-,A,D,0,Y,,,,Y,,A,01,0,1,0,0,1,0,0,0,0,SF,"- ",,,"SAN FRANCISCO","SAN FRANCISCO",-122.47136996,37.712809989999997
8101352,2016,2016-08-17,3801,2016-07-04,2227,2419,COA,1,5,7,3801,0,0,0,,0,3A4,"BAY ST","POWELL ST",0.00,,Y,B,-,N,,,,,,,,,,N,2,0,1,2,A,-,10,21950,A,N,G,B,B,A,H,-,C,A,0,Y,,,,Y,,A,01,1,0,0,0,1,0,0,0,0,"- ","- ",,,"SAN FRANCISCO","SAN FRANCISCO",-122.41193995,37.80583996
8101372,2016,2016-08-17,3801,2016-07-24,1845,720,TENDE,7,5,7,3801,0,0,0,,0,3J00,"JONES ST","ELLIS ST",0.00,,Y,-,-,N,,,,,,,,,,N,4,0,1,2,A,-,"- ",,,F,-,-,-,-,-,-,-,-,0,Y,,,,Y,,-,"- ",0,0,1,0,1,0,0,0,0,"- ","- ",,,"SAN FRANCISCO","SAN FRANCISCO",-122.41277993,37.78489999
8101383,2016,2016-08-17,3801,2016-07-01,1906,899,CENTR,5,5,7,3801,0,0,0,,0,4B3E,"UNION ST","GRANT ST",4.00,W,N,A,-,N,,,,,,,,,,N,2,0,1,2,A,-,10,21950,A,N,G,B,B,A,H,-,A,A,0,Y,,,,Y,,A,01,1,0,0,0,1,0,0,0,0,"- ","- ",,,"SAN FRANCISCO","SAN FRANCISCO",-122.40761367,37.800628240000002
8101391,2016,2016-08-17,3801,2016-07-01,0747,2444,COC,5,5,7,3801,0,0,0,,0,3C11A,"PHELPS ST","EGBERT AV",0.00,,Y,A,-,N,,,,,,,,,,N,3,0,1,2,A,-,10,21950,A,N,G,B,B,A,H,-,A,A,0,Y,,,,Y,,A,08,0,1,0,0,1,0,0,0,0,"- ","- ",,,"SAN FRANCISCO","SAN FRANCISCO",-122.40193995,37.727959980000001
8101392,2016,2016-08-17,3801,2016-07-13,0825,1978,BAYVI,3,5,7,3801,0,0,0,,0,002,"VESTA ST","THORNTON AV",0.00,,Y,A,-,N,,,,,,,,,,N,4,0,1,2,A,-,10,21950,A,N,G,B,B,A,H,-,A,A,0,Y,,,,Y,,A,01,0,0,1,0,1,0,0,0,0,"- ","- ",,,"SAN FRANCISCO","SAN FRANCISCO",-122.40030996,37.731469930000003
8101400,2016,2016-08-17,3801,2016-07-10,2118,2228,SOUTH,7,5,7,3801,0,0,0,,0,3B12E,"MISSION ST","9TH ST",0.00,,Y,A,-,N,,,,,,,,,,N,3,0,1,2,A,-,11,21453,D,N,G,B,B,A,H,-,C,A,0,Y,,,,Y,,N,60,0,1,0,0,1,0,0,0,0,"- ","- ",,,"SAN FRANCISCO","SAN FRANCISCO",-122.41471988000001,37.776239930000003
8101408,2016,2016-08-17,3801,2016-07-12,1920,000312,TARAV,2,5,7,3801,0,0,0,,0,1CAR,"TARAVAL ST","17TH AV",102.00,E,N,A,-,N,,,,,,,,,,N,4,0,1,2,A,-,06,21756,A,N,G,B,E,A,H,-,A,D,0,Y,,,,Y,,A,01,0,0,1,0,1,0,0,0,0,"- ","- ",,,"SAN FRANCISCO","SAN FRANCISCO",-122.47320750999999,37.743163060000001
8101440,2016,2016-08-17,3801,2016-07-11,1205,00792,NORTH,1,5,7,3801,0,0,0,,0,3E13A,"STEINER ST","FELL ST",58.00,N,N,A,-,N,,,,,,,,,,N,3,0,1,2,A,-,11,21954,A,N,G,B,E,A,H,-,A,A,0,Y,,,,Y,,N,60,0,1,0,0,1,0,0,0,0,"- ","- ",,,"SAN FRANCISCO","SAN FRANCISCO",-122.43268048,37.774837490000003
8101661,2016,2016-08-17,3801,2016-07-01,0648,2305,CENTR,5,5,7,3801,0,0,0,,0,4B1E,BROADWAY,"SANSOME ST",0.00,,Y,A,-,N,,,,,,,,,,N,4,0,1,2,D,-,00,,,N,G,B,B,A,H,-,A,A,0,Y,,,,Y,,-,"- ",0,0,1,0,1,0,0,0,0,"- ","- ",37.798560000000002,-122.40215999999999,"SAN FRANCISCO","SAN FRANCISCO",-122.40222993,37.798449939999998
8101670,2016,2016-08-17,3801,2016-07-09,1650,1900,CENTR,6,5,7,3801,0,0,0,,0,3A15A,"LARKIN ST","CLAY ST",0.00,,Y,A,-,N,,,,,,,,,,N,4,0,1,2,A,-,10,21950,A,N,G,B,B,A,G,-,A,D,0,Y,,,,Y,,A,01,0,0,1,0,1,0,0,0,0,"- ","- ",,,"SAN FRANCISCO","SAN FRANCISCO",-122.41940990000001,37.792589919999998
8101672,2016,2016-08-18,3801,2016-07-09,0921,646,COB,6,5,7,3801,0,0,0,,0,005,"BERRY ST","6TH ST",135.00,W,N,A,-,N,,,,,,,,,,N,4,0,1,2,A,-,11,21955,,N,G,B,D,A,H,-,A,D,0,Y,,,,Y,,N,60,0,0,1,0,1,0,0,0,0,"- ","- ",,,"SAN FRANCISCO","SAN FRANCISCO",-122.39861727,37.771605219999998
8102414,2016,2016-08-17,3801,2016-07-23,1630,4315,STHRN,6,5,7,3801,0,0,0,,0,3B12A,"5TH ST",FOLSOM,0.00,,Y,-,-,N,,,,,,,,,,N,4,0,1,2,D,-,00,,,N,G,B,B,-,-,-,-,-,0,Y,,,,Y,,-,"- ",0,0,1,0,1,0,0,0,0,"- ","- ",,,"SAN FRANCISCO","SAN FRANCISCO",-122.40339985999999,37.780269969999999
8102434,2016,2016-08-17,3801,2016-07-28,1024,2086,,4,5,7,3801,0,0,0,,0,,"SLOAT BL","19TH AV",9.00,W,N,B,-,N,,,,,,,,,,N,4,0,1,3,A,-,10,21950,A,N,G,B,B,A,H,-,A,A,0,Y,,,,Y,,A,01,0,0,1,0,1,0,0,0,0,"- ","- ",,,"SAN FRANCISCO","SAN FRANCISCO",-122.47516113,37.734720000000003
8102458,2016,2016-08-17,3801,2016-07-27,0913,646,STHRN,3,5,7,3801,0,0,0,,0,001,"HOWARD ST","2ND ST",0.00,,Y,A,-,N,,,,,,,,,,N,3,0,1,2,A,-,11,21956,,N,G,B,E,A,H,-,A,A,0,Y,,,,Y,,N,60,0,1,0,0,1,0,0,0,0,"- ","- ",,,"SAN FRANCISCO","SAN FRANCISCO",-122.39824992,37.786789939999998
8102462,2016,2016-08-17,3801,2016-07-26,2102,004332,RCHMN,2,5,7,3801,0,0,0,,0,3G14E,"25TH AV","ANZA ST",0.00,,Y,A,-,N,,,,,,,,,,N,3,0,1,2,A,-,10,21950,A,N,G,B,B,A,H,-,C,A,0,Y,,,,Y,,A,01,0,1,0,0,1,0,0,0,0,"- ","- ",,,"SAN FRANCISCO","SAN FRANCISCO",-122.48458998,37.778169980000001
8102477,2016,2016-08-17,3801,2016-07-29,1924,795,MSION,5,5,7,3801,0,0,0,,0,"3 CAR","MARKET ST","15TH ST",0.00,,Y,A,-,N,,,,,,,,,,N,4,0,1,2,A,-,11,21456,B,N,G,B,B,A,H,-,A,A,0,Y,,Y,,Y,,N,60,0,0,1,0,1,0,0,0,0,"- ","- ",,,"SAN FRANCISCO","SAN FRANCISCO",-122.43100990000001,37.765979909999999
8102765,2016,2016-08-17,3801,2016-04-18,1744,256,INGLE,1,5,7,3801,0,0,0,,0,4B8H,"BENTON AV","GENEBERN WY",528.00,S,N,A,-,N,,,,,,,,,,N,3,0,1,3,A,-,21,22106,,N,G,B,E,A,H,-,A,D,0,Y,,,,Y,,A,01,0,1,0,0,1,0,0,0,0,"- ","- ",37.732959999999999,-122.42519,"SAN FRANCISCO","SAN FRANCISCO",-122.42514,37.732860000000002
8103598,2016,2016-08-17,3801,2016-07-21,1822,899,CENTR,4,5,7,3801,0,0,0,,0,4B3E,"COLUMBUS AV","STOCKTON ST",5.00,,N,A,-,N,,,,,,,,,,N,2,0,1,2,A,-,10,21950,A,N,G,B,B,A,H,-,A,A,0,Y,,,,Y,,I,10,1,0,0,0,1,0,0,0,0,"- ","- ",,,"SAN FRANCISCO","SAN FRANCISCO",-122.40897987,37.799499910000002
8103928,2016,2016-10-11,3801,2016-09-09,1247,2093,TARAV,5,5,7,3801,0,0,0,,0,3I11A,"9TH AV","LINCOLN WY",0.00,S,N,B,-,N,,,,,,,,,,Y,4,0,1,2,A,-,21,22106,,N,H,B,F,A,H,-,A,D,0,Y,,,,Y,,A,07,0,0,1,0,1,0,0,0,0,"- ","- ",,,"SAN FRANCISCO","SAN FRANCISCO",-122.46643996,37.765929900000003
8103944,2016,2016-10-11,3801,2016-09-09,2349,004347,TARAV,5,5,7,3801,0,0,0,,0,959B,"TARAVAL ST","19TH AV",65.00,E,N,A,-,N,,,,,,,,,,N,4,0,1,2,A,-,06,21756,A,N,G,B,E,A,H,-,C,A,0,Y,,,,Y,,A,01,0,0,1,0,1,0,0,0,0,"- ","- ",,,"SAN FRANCISCO","SAN FRANCISCO",-122.47543595,37.74304523
8103960,2016,2016-10-11,3801,2016-09-05,1818,696,TARAV,1,5,7,3801,0,0,0,,0,3I15B,"FUNSTON AV",LINCOLN,0.00,,Y,A,-,N,,,,,,,,,,N,4,0,1,2,A,-,11,21456,B,N,G,B,B,A,H,-,A,A,0,Y,,,,Y,,N,60,0,0,1,0,1,0,0,0,0,"- ","- ",,,"SAN FRANCISCO","SAN FRANCISCO",-122.47071988,37.765739889999999
8103976,2016,2016-10-11,3801,2016-09-05,1649,001752,CENTR,1,5,7,3801,0,0,0,,0,0A2,"POST ST","STOCKTON ST",0.00,,Y,A,-,N,,,,,,,,,,N,2,0,2,3,A,-,11,21955,,N,G,B,E,A,H,-,A,D,0,Y,,,,Y,,N,60,1,0,1,0,2,0,0,0,0,"- ","- ",,,"SAN FRANCISCO","SAN FRANCISCO",-122.40676988,37.788509990000001
8103980,2016,2016-10-11,3801,2016-09-06,1900,002483,NORTH,2,5,7,3801,0,0,0,,0,3E13D,"WEBSTER ST","TURK ST",0.00,,Y,A,-,N,,,,,,,,,,N,4,0,1,2,A,-,10,21950,A,N,G,B,B,A,H,-,C,A,0,Y,,,,Y,,A,01,0,0,1,0,1,0,0,0,0,"- ","- ",,,"SAN FRANCISCO","SAN FRANCISCO",-122.43048985999999,37.780689969999997
8103988,2016,2016-10-11,3801,2016-09-04,1016,1042,COE,7,5,7,3801,0,0,0,,0,3E13A,"GEARY BL","FRANKLIN ST",0.00,,Y,A,-,N,,,,,,,,,,N,4,0,1,2,A,-,10,21950,A,N,G,B,B,A,H,-,A,A,0,Y,,,,Y,,A,01,0,0,1,0,1,0,0,0,0,"- ","- ",,,"SAN FRANCISCO","SAN FRANCISCO",-122.42301989000001,37.785479889999998
8103994,2016,2016-10-11,3801,2016-09-16,1604,4350,MISSI,5,5,7,3801,0,0,0,,0,3D15D,"UTAH ST","16TH ST",0.00,,Y,A,-,N,,,,,,,,,,N,3,0,1,2,A,-,11,21954,A,N,G,B,D,A,H,-,A,D,0,Y,,,,Y,,N,60,0,1,0,0,1,0,0,0,0,"- ","- ",,,"SAN FRANCISCO","SAN FRANCISCO",-122.40654999,37.765839970000002
8119879,2016,2016-09-20,3801,2016-08-28,1910,2099,INGLE,7,5,7,3801,0,0,0,,0,3HI6C,"SUNNYDALE AV","SAWYER ST",140.00,E,N,A,-,N,,,,,,,,,,N,4,0,1,2,A,-,11,21954,A,N,G,B,D,A,H,-,A,D,0,Y,,,,Y,,N,60,0,0,1,0,1,0,0,0,0,"- ","- ",,,"SAN FRANCISCO","SAN FRANCISCO",-122.41463405,37.711520700000001
8119900,2016,2016-09-20,3801,2016-08-11,0920,1172,SOUTH,4,5,7,3801,0,0,0,,0,COB,"PERRY ST","3RD ST",168.00,W,N,A,-,N,,,,,,,,,,N,4,0,2,3,A,-,21,22106,,F,G,B,F,A,H,-,A,A,0,Y,,,,Y,,D,23,0,0,2,0,2,0,0,0,0,"- ","- ",,,"SAN FRANCISCO","SAN FRANCISCO",-122.39731089,37.781821549999997
8120246,2016,2016-09-20,3801,2016-08-12,1352,397,INGLE,5,5,7,3801,0,0,0,,0,3H160,"OCEAN AV","PHELAN AV",0.00,,Y,A,-,N,,,,,,,,,,N,4,0,1,2,A,-,10,21950,A,N,G,B,B,A,H,-,A,A,0,Y,,,,Y,,-,"- ",0,0,1,0,1,0,0,0,0,"- ","- ",,,"SAN FRANCISCO","SAN FRANCISCO",-122.45232991,37.723069889999998
8120278,2016,2016-09-20,3801,2016-08-27,1445,994,CENTR,6,5,7,3801,0,0,0,,0,3A15A,"SUTTER ST","KEARNY ST",0.00,,Y,A,-,N,,,,,,,,,,N,4,0,1,2,D,-,00,,,N,G,B,B,A,H,-,A,A,0,Y,,,,Y,,-,"- ",0,0,1,0,1,0,0,0,0,"- ","- ",,,"SAN FRANCISCO","SAN FRANCISCO",-122.40383989999999,37.789829939999997
8120334,2016,2016-09-13,3801,2016-08-01,1605,738,NORTH,1,5,7,3801,0,0,0,,0,3E15D,"CHESTNUT ST","OCTAVIA ST",0.00,,Y,A,-,N,,,,,,,,,,N,3,0,1,2,A,-,10,21950,A,N,G,B,B,A,H,-,A,A,0,Y,,,,Y,,A,01,0,1,0,0,1,0,0,0,0,"- ","- ",,,"SAN FRANCISCO","SAN FRANCISCO",-122.42965995,37.801649920000003
8120350,2016,2016-11-19,3801,2016-08-05,0050,1925,MISSI,5,5,7,3801,0,0,0,,0,3D11E,"VALENCIA ST","DUBOCE AV",0.00,,Y,C,-,N,,,,,,,,,,N,3,0,1,2,A,-,10,21950,A,N,G,B,B,B,H,-,C,A,0,Y,,,,Y,,A,01,0,1,0,0,1,0,0,0,0,"- ","- ",,,"SAN FRANCISCO","SAN FRANCISCO",-122.42235989,37.769869980000003
8120352,2016,2016-09-14,3801,2016-08-21,1835,835,"CO J",7,5,7,3801,0,0,0,,0,3J15D,"EDDY ST","TAYLOR ST",0.00,,Y,A,-,N,,,,,,,,,,Y,4,0,1,2,A,-,10,21950,A,N,G,B,B,A,H,-,A,A,0,Y,,,,Y,Y,A,01,0,0,1,0,1,0,0,0,0,"- ","- ",,,"SAN FRANCISCO","SAN FRANCISCO",-122.41094996,37.784159959999997
8120364,2016,2016-09-14,3801,2016-08-16,0800,987,"CO J",2,5,7,3801,0,0,0,,0,3J11A,"JESSIE ST","6TH ST",250.00,W,N,A,-,N,,,,,,,,,,N,4,0,1,2,A,-,21,22106,,N,G,B,E,A,H,-,A,D,0,Y,,,,Y,,A,01,0,0,1,0,1,0,0,0,0,"- ","- ",,,"SAN FRANCISCO","SAN FRANCISCO",-122.40982803,37.780919310000002
8120372,2016,2016-09-14,3801,2016-08-16,0915,4187,MSSON,2,5,7,3801,0,0,0,,0,3D61,"BRYANT ST","20TH ST",50.00,S,N,A,-,N,,,,,,,,,,N,3,0,1,3,A,-,06,21755,A,N,G,B,F,A,H,-,A,A,0,Y,,Y,,Y,,C,02,0,1,0,0,0,0,0,0,1,"- ","- ",,,"SAN FRANCISCO","SAN FRANCISCO",-122.40976211,37.759073379999997
8120380,2016,2016-09-14,3801,2016-08-18,0950,1172,STHRN,4,5,7,3801,0,0,0,,0,"CO D","DIAMOND ST","MARKET ST",0.00,,Y,B,-,N,,,,,,,,,,N,4,0,2,3,A,-,10,21950,A,F,G,B,B,A,H,-,A,A,0,Y,,,,Y,,A,01,0,0,2,0,2,0,0,0,0,"- ","- ",,,"SAN FRANCISCO","SAN FRANCISCO",-122.43729992999999,37.761899990000003
8120381,2016,2016-09-13,3801,2016-08-02,1440,1817,CENTR,2,5,7,3801,0,0,0,,0,3A78,"STOCKTON ST","JACKSON ST",77.00,N,N,A,-,N,,,,,,,,,,N,3,0,1,2,A,-,11,21955,,N,G,B,D,A,H,-,A,D,0,Y,,,,Y,,N,60,0,1,0,0,1,0,0,0,0,"- ","- ",,,"SAN FRANCISCO","SAN FRANCISCO",-122.40826452,37.79603856
8120441,2016,2016-11-14,3801,2016-08-24,1145,1086,COH,3,5,7,3801,0,0,0,,0,3H15D,"CORTLAND AV","NEVADA ST",0.00,,Y,A,B,N,,,,,,,,,,N,3,0,1,2,-,-,"- ",,,N,G,B,B,A,H,-,A,D,0,Y,,,,Y,,-,"- ",0,1,0,0,1,0,0,0,0,"- ","- ",,,"SAN FRANCISCO","SAN FRANCISCO",-122.41133987000001,37.739829909999997
8120446,2016,2016-11-10,3801,2016-08-12,1810,1126,A,5,5,7,3801,0,0,0,,0,3A11D,"BUSH ST","HYDE ST",0.00,,Y,A,-,N,,,,,,,,,,N,4,0,1,2,A,-,10,21950,A,N,H,B,E,A,H,-,A,-,0,Y,,,,Y,,A,01,0,0,1,0,1,0,0,0,0,"- ","- ",,,"SAN FRANCISCO","SAN FRANCISCO",-122.41700991,37.789119900000003
8120458,2016,2016-09-15,3801,2016-08-12,1616,1688,PARK,5,5,7,3801,0,0,0,,0,3F13D,MASONIC,"FULTON ST",0.00,,Y,A,-,N,,,,,,,,,,N,3,0,1,2,A,-,10,21950,A,N,G,B,B,A,H,-,A,A,0,Y,,,,Y,,A,01,0,1,0,0,1,0,0,0,0,"- ","- ",,,"SAN FRANCISCO","SAN FRANCISCO",-122.44646989,37.775789979999999
8120469,2016,2016-09-15,3801,2016-08-28,1500,1230,CENTR,7,5,7,3801,0,0,0,,0,3A40D,"BEACH ST","LARKIN ST",130.00,W,N,A,-,N,,,,,,,,,,N,4,0,1,2,A,-,11,21954,A,N,G,B,D,A,H,-,A,D,0,Y,,,,Y,,N,60,0,0,1,0,1,0,0,0,0,"- ","- ",,,"SAN FRANCISCO","SAN FRANCISCO",-122.42261411,37.806381829999999
8120542,2016,2016-09-19,3801,2016-08-20,2022,1014,MISSI,6,5,7,3801,0,0,0,,0,,"PORTOLA DR","CLIPPER ST",0.00,,Y,A,-,N,,,,,,,,,,N,4,0,1,2,A,-,10,21950,A,N,A,B,B,A,H,-,C,A,0,Y,,,,Y,,-,,0,0,1,0,1,0,0,0,0,"- ","- ",,,"SAN FRANCISCO","SAN FRANCISCO",-122.44483992000001,37.746939980000001
8120565,2016,2017-01-28,3801,2016-08-19,0455,2008,RICHM,5,5,7,3801,0,0,0,,0,3G14E,"PARK PRESIDIO BL","GEARY BL",0.00,,Y,A,-,Y,SF,4,1,-,-,5.510,H,-,N,N,2,0,1,2,A,-,11,21456,B,N,G,B,D,A,H,-,C,A,0,Y,,,,Y,,N,60,1,0,0,0,1,0,0,0,0,"- ","- ",,,"SAN FRANCISCO","SAN FRANCISCO",-122.47226798,37.780719599999998
8120580,2016,2016-09-14,3801,2016-08-13,1458,1362,RICHM,6,5,7,3801,0,0,0,,0,3G15D,"33RD AV","GEARY BL",0.00,,N,A,-,N,,,,,,,,,,Y,4,0,1,2,A,-,21,22106,,F,G,I,F,A,H,-,A,D,0,Y,,,,Y,,A,01,0,0,1,0,1,0,0,0,0,"- ","- ",,,"SAN FRANCISCO","SAN FRANCISCO",-122.49328998999999,37.779709889999999
8120598,2016,2016-09-15,3801,2016-08-08,1220,001187,3E,1,5,7,3801,0,0,0,,0,50B,"MARKET ST","GOLDEN GATE AV",0.00,,Y,-,-,N,,,,,,,,,,,3,0,1,2,D,-,00,,,N,G,-,B,-,-,-,-,-,0,Y,,,,Y,,-,"- ",0,1,0,0,1,0,0,0,0,"- ","- ",,,"SAN FRANCISCO","SAN FRANCISCO",-122.41029991000001,37.78223989