CASE_ID,ACCIDENT_YEAR,PROC_DATE,JURIS,COLLISION_DATE,COLLISION_TIME,OFFICER_ID,REPORTING_DISTRICT,DAY_OF_WEEK,CHP_SHIFT,POPULATION,CNTY_CITY_LOC,SPECIAL_COND,BEAT_TYPE,CHP_BEAT_TYPE,CITY_DIVISION_LAPD,CHP_BEAT_CLASS,BEAT_NUMBER,PRIMARY_RD,SECONDARY_RD,DISTANCE,DIRECTION,INTERSECTION,WEATHER_1,WEATHER_2,STATE_HWY_IND,CALTRANS_COUNTY,CALTRANS_DISTRICT,STATE_ROUTE,ROUTE_SUFFIX,POSTMILE_PREFIX,POSTMILE,LOCATION_TYPE,RAMP_INTERSECTION,SIDE_OF_HWY,TOW_AWAY,COLLISION_SEVERITY,NUMBER_KILLED,NUMBER_INJURED,PARTY_COUNT,PRIMARY_COLL_FACTOR,PCF_CODE_OF_VIOL,PCF_VIOL_CATEGORY,PCF_VIOLATION,PCF_VIOL_SUBSECTION,HIT_AND_RUN,TYPE_OF_COLLISION,MVIW,PED_ACTION,ROAD_SURFACE,ROAD_COND_1,ROAD_COND_2,LIGHTING,CONTROL_DEVICE,CHP_ROAD_TYPE,PEDESTRIAN_ACCIDENT,BICYCLE_ACCIDENT,MOTORCYCLE_ACCIDENT,TRUCK_ACCIDENT,NOT_PRIVATE_PROPERTY,ALCOHOL_INVOLVED,STWD_VEHTYPE_AT_FAULT,CHP_VEHTYPE_AT_FAULT,COUNT_SEVERE_INJ,COUNT_VISIBLE_INJ,COUNT_COMPLAINT_PAIN,COUNT_PED_KILLED,COUNT_PED_INJURED,COUNT_BICYCLIST_KILLED,COUNT_BICYCLIST_INJURED,COUNT_MC_KILLED,COUNT_MC_INJURED,PRIMARY_RAMP,SECONDARY_RAMP,LATITUDE,LONGITUDE,COUNTY,CITY,POINT_X,POINT_Y
8120614,2016,2016-09-15,3801,2016-08-30,0658,2375,RICHM,2,5,7,3801,0,0,0,,0,3G60,"CLEMENT ST","ARGUELLO BL",2.00,W,N,A,-,N,,,,,,,,,,N,3,0,1,2,A,-,10,21950,A,N,G,B,B,A,H,-,A,A,0,Y,,,,Y,,A,01,0,1,0,0,1,0,0,0,0,"- ","- ",,,"SAN FRANCISCO","SAN FRANCISCO",-122.45902691000001,37.78318969
8120721,2016,2016-09-19,3801,2016-08-19,2119,001933,BAYVI,5,5,7,3801,0,0,0,,0,3C12E,"BARNEVELD AV","MCKINNON AV",350.00,N,N,A,-,N,,,,,,,,,,N,4,0,1,2,A,-,03,22350,,N,G,B,E,A,H,-,C,D,0,Y,,,,Y,,A,01,0,0,1,0,1,0,0,0,0,"- ","- ",,,"SAN FRANCISCO","SAN FRANCISCO",-122.40298761,37.744753629999998
8120745,2016,2016-09-19,3801,2016-08-09,2315,1102,SOUTH,2,5,7,3801,0,0,0,,0,0B1,"HARRISON ST","MAIN ST",0.00,,Y,A,-,N,,,,,,,,,,N,3,0,1,2,A,-,11,21453,D,N,G,B,B,A,H,-,C,A,0,Y,,,,Y,Y,N,60,0,1,0,0,1,0,0,0,0,"- ","- ",,,"SAN FRANCISCO","SAN FRANCISCO",-122.39031995000001,37.788149900000001
8120749,2016,2016-09-19,3801,2016-08-10,2150,4341,PARK,3,5,7,3801,0,0,0,,0,3F53,"HAIGHT ST","MASONIC ST",0.00,,Y,A,-,N,,,,,,,,,,N,4,0,1,2,A,-,11,21453,D,N,G,B,B,A,H,-,C,A,0,Y,,,,Y,,N,60,0,0,1,0,1,0,0,0,0,"- ","- ",,,"SAN FRANCISCO","SAN FRANCISCO",-122.44534989,37.770209989999998
8122003,2016,2016-09-14,3801,2016-08-04,0910,2271,INGLS,4,5,7,3801,0,0,0,,0,,"SAN BRUNO AV","MANSELL ST",0.00,,Y,B,-,N,,,,,,,,,,N,3,0,1,2,A,-,11,21955,,N,G,B,D,A,H,-,A,D,0,Y,,,,Y,Y,N,60,0,1,0,0,1,0,0,0,0,"- ","- ",,,"SAN FRANCISCO","SAN FRANCISCO",-122.40111996,37.721639969999998
8122007,2016,2016-09-14,3801,2016-08-05,0045,000952,CENTR,5,5,7,3801,0,0,0,,0,901,"TAYLOR ST","PINE ST",0.00,,Y,B,-,N,,,,,,,,,,N,4,0,1,2,A,-,10,21950,A,N,G,B,B,B,H,-,C,A,0,Y,,,,Y,,A,01,0,0,1,0,1,0,0,0,0,"- ","- ",,,"SAN FRANCISCO","SAN FRANCISCO",-122.41224988,37.790659949999998
8122010,2016,2016-09-14,3801,2016-08-24,2040,1876,COE,3,5,7,3801,0,0,0,,0,3E16D,"VAN NESS AV","CALIFORNIA ST",0.00,,Y,A,-,N,,,,,,,,,,N,3,0,1,2,A,-,11,21453,D,N,G,B,B,A,-,-,C,A,0,Y,,,,Y,Y,N,60,0,1,0,0,1,0,0,0,0,"- ","- ",,,"SAN FRANCISCO","SAN FRANCISCO",-122.42240999000001,37.79034996
8122011,2016,2016-09-14,3801,2016-08-02,0928,000183,TENDE,2,5,7,3801,0,0,0,,0,3J14A,"EDDY ST","LARKIN ST",0.00,,Y,A,-,N,,,,,,,,,,N,4,0,1,2,A,-,10,21950,A,N,G,B,B,A,H,-,A,A,0,Y,,,,Y,,A,01,0,0,1,0,1,0,0,0,0,"- ","- ",,,"SAN FRANCISCO","SAN FRANCISCO",-122.41751985000001,37.783299909999997
8122012,2016,2016-09-14,3801,2016-08-16,1600,4000,PARK,2,5,7,3801,0,0,0,,0,4CAR,"MARKET ST","16TH ST",0.00,,Y,A,-,N,,,,,,,,,,N,2,0,1,2,D,-,00,,,N,G,B,B,A,H,-,A,A,0,Y,,,,Y,,-,"- ",1,0,0,0,1,0,0,0,0,"- ","- ",,,"SAN FRANCISCO","SAN FRANCISCO",-122.43313992,37.764239959999998
8122013,2016,2016-09-15,3801,2016-08-13,0154,4172,MISSI,6,5,7,3801,0,0,0,,0,3D11E,"MARKET ST","16TH ST",0.00,,Y,A,-,N,,,,,,,,,,N,4,0,1,2,A,-,08,22100,A,F,G,B,B,A,H,-,C,A,0,Y,,,,Y,,A,01,0,0,1,0,1,0,0,0,0,"- ","- ",,,"SAN FRANCISCO","SAN FRANCISCO",-122.43313992,37.764239959999998
8122015,2016,2016-09-14,3801,2016-08-02,1723,837,CENTR,2,5,7,3801,0,0,0,,0,3A40D,"NORTH POINT ST","MASON ST",0.00,,Y,A,-,N,,,,,,,,,,N,4,0,1,2,A,-,11,21950,B,N,G,B,B,A,H,-,A,A,0,Y,,,,Y,,N,60,0,0,1,0,1,0,0,0,0,"- ","- ",,,"SAN FRANCISCO","SAN FRANCISCO",-122.41377989999999,37.806579909999996
8122016,2016,2016-11-14,3801,2016-08-08,1809,2203,MISSI,1,5,7,3801,0,0,0,,0,6CAR,"13TH ST","SOUTH VAN NESS AV",2.00,E,N,A,-,N,,,,,,,,,,N,3,0,1,2,A,-,10,21950,A,N,G,B,B,A,H,-,A,A,0,Y,,,,Y,,-,,0,1,0,0,1,0,0,0,0,"- ","- ",,,"SAN FRANCISCO","SAN FRANCISCO",-122.41776316000001,37.76971915
8122017,2016,2016-09-14,3801,2016-08-12,0901,2228,SOUTH,5,5,7,3801,0,0,0,,0,901,"FOLSOM ST","4TH ST",0.00,,Y,A,-,N,,,,,,,,,,N,4,0,1,2,C,-,18,,,N,G,J,E,A,H,-,A,D,0,Y,Y,,,Y,,-,"- ",0,0,1,0,0,0,1,0,0,"- ","- ",,,"SAN FRANCISCO","SAN FRANCISCO",-122.40115994999999,37.782039939999997
8122022,2016,2016-09-14,3801,2016-08-25,1420,2104,TENDE,4,5,7,3801,0,0,0,,0,3J13A,"ELLIS ST","JONES ST",0.00,,Y,A,-,N,,,,,,,,,,N,3,0,2,3,A,-,10,21950,A,N,G,B,B,A,H,-,A,A,0,Y,,,,Y,,A,01,0,1,1,0,2,0,0,0,0,"- ","- ",,,"SAN FRANCISCO","SAN FRANCISCO",-122.41277993,37.78489999
8122026,2016,2016-09-14,3801,2016-08-25,1053,994,CENTR,4,5,7,3801,0,0,0,,0,3A14A,"1ST ST","MARKET ST",0.00,,Y,A,-,N,,,,,,,,,,N,4,0,1,2,A,-,10,21950,A,N,G,B,B,A,H,-,A,A,0,Y,,,,Y,,A,01,0,0,1,0,1,0,0,0,0,"- ","- ",,,"SAN FRANCISCO","SAN FRANCISCO",-122.39913993,37.791049889999996
8122027,2016,2016-09-14,3801,2016-08-04,2200,002343,SOUTH,4,5,7,3801,0,0,0,,0,0B3,"MISSION ST","7TH ST",0.00,,Y,A,F,N,,,,,,,,,,N,4,0,1,2,A,-,10,21950,A,N,G,B,B,B,D,-,C,A,0,Y,,,,Y,,A,01,0,0,1,0,1,0,0,0,0,"- ","- ",,,"SAN FRANCISCO","SAN FRANCISCO",-122.41089991,37.779209899999998
8122030,2016,2016-09-14,3801,2016-08-27,1225,4253,INGLE,6,5,7,3801,0,0,0,,0,0H2,"DAY ST","CHURCH ST",0.00,,Y,A,-,N,,,,,,,,,,N,3,0,1,2,A,-,10,21950,A,N,G,B,B,A,H,-,A,D,0,Y,,,,Y,,A,01,0,1,0,0,1,0,0,0,0,"- ","- ",,,"SAN FRANCISCO","SAN FRANCISCO",-122.42656993,37.742899979999997
8122032,2016,2016-09-14,3801,2016-08-07,1800,001418,TARAV,7,5,7,3801,0,0,0,,0,3I6,"BRIGHTON AV","OCEAN AV",250.00,S,N,A,-,N,,,,,,,,,,N,3,0,1,2,A,-,11,21954,A,N,G,B,D,A,H,-,A,D,0,Y,,,,Y,,N,60,0,1,0,0,1,0,0,0,0,"- ","- ",,,"SAN FRANCISCO","SAN FRANCISCO",-122.45514,37.723013199999997
8122034,2016,2016-09-14,3801,2016-08-18,1656,1420,NORTH,4,5,7,3801,0,0,0,,0,4B107,"FRANKLIN ST","HAYES ST",49.00,N,N,A,-,N,,,,,,,,,,N,2,0,1,2,A,-,11,21954,A,N,G,B,E,-,H,-,A,A,0,Y,,,,Y,Y,N,60,1,0,0,0,1,0,0,0,0,"- ","- ",37.776989999999998,-122.42122999999999,"SAN FRANCISCO","SAN FRANCISCO",-122.42136271,37.777213400000001
8122037,2016,2016-09-14,3801,2016-08-14,0921,1887,RICHM,7,5,7,3801,0,0,0,,0,4B1C,"FULTON ST","26TH AV",20.00,W,N,B,-,N,,,,,,,,,,N,2,0,2,3,A,-,10,21950,A,N,G,B,B,A,H,-,A,A,0,Y,,Y,,Y,,C,02,1,0,1,0,1,0,0,0,1,"- ","- ",,,"SAN FRANCISCO","SAN FRANCISCO",-122.48532917999999,37.772518990000002
8122041,2016,2016-09-14,3801,2016-08-16,2125,467,SOUTH,2,5,7,3801,0,0,0,,0,3B90,"6TH ST","MINNA ST",0.00,,Y,A,-,N,,,,,,,,,,N,4,0,1,2,A,-,03,22350,,F,G,B,D,A,H,-,C,A,0,Y,,,,Y,,A,01,0,0,1,0,1,0,0,0,0,"- ","- ",,,"SAN FRANCISCO","SAN FRANCISCO",-122.40812986,37.78054994
8122044,2016,2016-09-14,3801,2016-08-04,2210,467,SOUTH,4,5,7,3801,0,0,0,,0,3B15E,"VERMONT ST","16TH ST",0.00,,Y,C,-,N,,,,,,,,,,N,4,0,1,2,A,-,11,21954,A,N,G,B,D,B,H,-,C,A,0,Y,,,,Y,,N,60,0,0,1,0,1,0,0,0,0,"- ","- ",,,"SAN FRANCISCO","SAN FRANCISCO",-122.40462994000001,37.76595992
8122050,2016,2016-09-14,3801,2016-08-26,1950,1238,SOUTH,5,5,7,3801,0,0,0,,0,0B1,"HOWARD ST","BEALE ST",0.00,,Y,A,-,N,,,,,,,,,,N,4,0,1,2,A,-,10,21950,A,N,G,B,B,A,H,-,B,A,0,Y,,,,Y,,A,01,0,0,1,0,1,0,0,0,0,"- ","- ",,,"SAN FRANCISCO","SAN FRANCISCO",-122.39427986,37.789919939999997
8122052,2016,2016-09-14,3801,2016-08-03,1646,994,CENTR,3,5,7,3801,0,0,0,,0,3A12D,"SUTTER ST","MASON ST",215.00,W,N,A,-,N,,,,,,,,,,N,3,0,2,3,A,-,00,22655,B,N,G,B,D,A,H,-,A,D,0,Y,,,,Y,,A,08,0,1,1,0,2,0,0,0,0,"- ","- ",,,"SAN FRANCISCO","SAN FRANCISCO",-122.41095582,37.788921350000003
8122055,2016,2016-11-14,3801,2016-08-08,0845,4305,MISSI,1,5,7,3801,0,0,0,,0,,"GUERRERO ST","14TH ST",0.00,,Y,A,-,N,,,,,,,,,,N,3,0,1,2,A,-,12,21453,A,F,G,B,-,A,H,-,A,A,0,Y,,,,Y,,A,01,0,1,0,0,1,0,0,0,0,"- ","- ",,,"SAN FRANCISCO","SAN FRANCISCO",-122.42440985,37.768019940000002
8122058,2016,2016-11-10,3801,2016-08-14,1030,1410,PARK,7,5,7,3801,0,0,0,,0,03F,"FULTON ST","STANYAN ST",0.00,E,N,A,-,N,,,,,,,,,,N,3,0,1,2,A,-,10,21950,A,F,G,B,B,A,-,-,A,-,0,Y,,,,Y,,-,,0,1,0,0,1,0,0,0,0,"- ","- ",,,"SAN FRANCISCO","SAN FRANCISCO",-122.45465991,37.774749890000002
8122059,2016,2016-09-14,3801,2016-08-08,0905,A22254,,1,5,7,3801,0,0,0,,0,CENTRA,"WASHINGTON ST","GRANT AV",0.00,,Y,A,-,N,,,,,,,,,,N,3,0,1,2,A,-,12,21453,A,F,G,B,B,A,H,-,A,A,0,Y,,,,Y,,A,07,0,1,0,0,1,0,0,0,0,"- ","- ",,,"SAN FRANCISCO","SAN FRANCISCO",-122.40644999,37.795159949999999
8122065,2016,2016-09-14,3801,2016-08-16,1834,2203,MISSI,2,5,7,3801,0,0,0,,0,4CAR,"CAPP ST","25TH ST",8.00,N,N,A,-,N,,,,,,,,,,N,4,0,1,2,D,-,00,,,N,G,B,B,A,H,-,A,A,0,Y,,,,Y,,-,"- ",0,0,1,0,1,0,0,0,0,"- ","- ",,,"SAN FRANCISCO","SAN FRANCISCO",-122.41719208000001,37.750751909999998
8122071,2016,2016-09-14,3801,2016-08-30,1438,002334,SOUTH,2,5,7,3801,0,0,0,,0,0B4,"9TH ST","FOLSOM ST",0.00,,Y,A,-,N,,,,,,,,,,N,3,0,1,2,A,-,11,21954,A,N,G,B,D,A,H,-,A,D,0,Y,,,,Y,,N,60,0,1,0,0,1,0,0,0,0,"- ","- ",,,"SAN FRANCISCO","SAN FRANCISCO",-122.41160992,37.773769889999997
8122076,2016,2016-09-14,3801,2016-08-02,1224,976,BAYVI,2,5,7,3801,0,0,0,,0,3C15C,"3RD ST","HOLLISTER AV",0.00,,Y,A,-,N,,,,,,,,,,N,4,0,1,2,A,-,10,21950,A,N,G,B,B,A,H,-,A,A,0,Y,,,,Y,,A,01,0,0,1,0,1,0,0,0,0,"- ","- ",,,"SAN FRANCISCO","SAN FRANCISCO",-122.39604989,37.721729940000003
8122095,2016,2016-09-14,3801,2016-08-30,1340,1750,NORTH,2,5,7,3801,0,0,0,,0,2CAR,"GOLDEN GATE AV","FILLMORE ST",50.00,E,N,A,-,N,,,,,,,,,,N,4,0,1,2,A,-,11,21954,A,N,G,B,E,A,H,-,A,D,0,Y,,,,Y,,N,60,0,0,1,0,1,0,0,0,0,"- ","- ",,,"SAN FRANCISCO","SAN FRANCISCO",-122.43176895000001,37.779580860000003
8122103,2016,2016-09-14,3801,2016-08-29,1040,1083,SOUTH,1,5,7,3801,0,0,0,,0,SOUTHE,"TOWNSEND ST","4TH ST",112.00,W,N,A,-,N,,,,,,,,,,N,4,0,1,2,A,-,10,21952,,N,G,B,F,A,H,-,A,D,0,Y,,,,Y,,-,,0,0,1,0,1,0,0,0,0,"- ","- ",,,"SAN FRANCISCO","SAN FRANCISCO",-122.39526302,37.776891579999997
8122115,2016,2016-09-15,3801,2016-08-23,1453,2198,NORTH,2,5,7,3801,0,0,0,,0,3E14C,"GOLDEN GATE AV","DIVISADERO ST",0.00,,Y,A,-,N,,,,,,,,,,Y,4,0,1,2,A,-,10,21950,A,N,G,B,B,A,H,-,A,A,0,Y,,,,Y,,-,,0,0,1,0,1,0,0,0,0,"- ","- ",,,"SAN FRANCISCO","SAN FRANCISCO",-122.43853989,37.778729890000001
8122415,2016,2016-10-19,3801,2016-08-09,1650,1230,CENTR,2,5,7,3801,0,0,0,,0,3A40D,"THE EMBARCADERO","POWELL ST",0.00,,Y,A,-,N,,,,,,,,,,N,4,0,1,2,A,-,10,21952,,N,G,B,F,A,H,-,A,D,0,Y,,,,Y,,A,07,0,0,1,0,1,0,0,0,0,"- ","- ",,,"SAN FRANCISCO","SAN FRANCISCO",-122.41249999,37.808579960000003
8132484,2016,2016-10-11,3801,2016-09-23,1720,1996,CENTR,5,5,7,3801,0,0,0,,0,3A13D,"LEAVENWORTH ST","PACIFIC AV",0.00,,Y,A,-,N,,,,,,,,,,N,3,0,1,2,A,-,10,21950,A,N,G,B,B,A,H,-,A,A,0,Y,,,,Y,,A,01,0,1,0,0,1,0,0,0,0,"- ","- ",,,"SAN FRANCISCO","SAN FRANCISCO",-122.41663989,37.795679900000003
8132488,2016,2016-10-11,3801,2016-09-23,1554,397,INGLE,5,5,7,3801,0,0,0,,0,3CAR,"MISSION ST","SILVER AV",0.00,,Y,A,-,N,,,,,,,,,,N,3,0,1,2,A,-,10,21950,A,N,G,B,B,A,H,-,A,A,0,Y,,,,Y,,A,01,0,1,0,0,1,0,0,0,0,"- ","- ",,,"SAN FRANCISCO","SAN FRANCISCO",-122.43127993,37.728739920000002
8132500,2016,2016-10-11,3801,2016-09-26,2315,1123,TENDE,1,5,7,3801,0,0,0,,0,3J15,"HYDE ST","TURK ST",20.00,S,N,A,-,N,,,,,,,,,,Y,3,0,1,2,A,-,11,21955,,N,G,B,E,A,H,-,C,A,0,Y,,,,Y,,A,01,0,1,0,0,1,0,0,0,0,"- ","- ",,,"SAN FRANCISCO","SAN FRANCISCO",-122.41567879999999,37.782515779999997
8132515,2016,2016-10-11,3801,2016-09-08,1502,373,MISSI,4,5,7,3801,0,0,0,,0,0D5,"MISSION ST","16TH ST",297.00,N,N,A,-,N,,,,,,,,,,Y,2,0,1,7,A,-,01,23152,E,N,C,E,E,A,H,-,A,D,0,Y,,,,Y,,A,07,1,0,0,0,1,0,0,0,0,"- ","- ",37.765279999999997,-122.41961999999999,"SAN FRANCISCO","SAN FRANCISCO",-122.41974465,37.765863750000001
8132519,2016,2016-10-11,3801,2016-09-29,1350,2704,CENTR,4,5,7,3801,0,0,0,,0,,"KEARNEY ST","POST ST",120.00,S,N,A,-,N,,,,,,,,,,N,3,0,1,2,A,-,21,22106,,N,G,B,E,A,H,-,A,D,0,Y,,,,Y,,A,01,0,1,0,0,1,0,0,0,0,"- ","- ",,,"SAN FRANCISCO","SAN FRANCISCO",-122.40360126,37.788573659999997
8132520,2016,2016-10-11,3801,2016-09-26,2300,2330,TARAV,1,5,7,3801,0,0,0,,0,6CAR,"CAINE AV","LAKEVIEW AV",3.00,W,N,A,-,N,,,,,,,,,,N,3,0,1,2,A,-,10,21950,A,N,G,B,B,A,H,-,C,D,0,Y,,,,Y,,A,01,0,1,0,0,1,0,0,0,0,"- ","- ",,,"SAN FRANCISCO","SAN FRANCISCO",-122.45115563,37.716573080000003
8132527,2016,2016-10-11,3801,2016-09-28,2030,2112,SOUTH,3,5,7,3801,0,0,0,,0,3B61,"BRYANT ST","2ND ST",0.00,,Y,A,-,N,,,,,,,,,,Y,4,0,1,2,A,-,10,21950,A,N,G,B,B,A,H,-,C,A,0,Y,,,,Y,,-,,0,0,1,0,1,0,0,0,0,"- ","- ",,,"SAN FRANCISCO","SAN FRANCISCO",-122.39362985,37.78307993
8132532,2016,2016-10-11,3801,2016-09-19,1804,002334,SOUTH,1,5,7,3801,0,0,0,,0,0B3,"8TH ST","MISSION ST",0.00,,Y,A,-,N,,,,,,,,,,N,4,0,1,2,D,-,00,,,N,G,B,B,A,H,-,A,A,0,Y,,,,Y,,-,"- ",0,0,1,0,1,0,0,0,0,"- ","- ",,,"SAN FRANCISCO","SAN FRANCISCO",-122.41315999,37.777459970000002
8132542,2016,2016-12-22,3801,2016-09-10,1216,190,STHRN,6,5,7,3801,0,0,0,,0,3B1C,"2ND ST","DOW PL",0.00,,Y,A,-,N,,,,,,,,,,N,4,0,1,2,A,-,17,22517,,N,B,C,E,A,H,-,A,D,0,Y,,,,Y,,-,"- ",0,0,1,0,1,0,0,0,0,"- ","- ",,,"SAN FRANCISCO","SAN FRANCISCO",-122.39591998,37.784909999999996
8132551,2016,2016-10-11,3801,2016-09-23,1839,2017,RICHM,5,5,7,3801,0,0,0,,0,3G12D,"CALIFORNIA ST","19TH AV",0.00,,Y,A,F,N,,,,,,,,,,N,2,0,1,2,A,-,10,21950,A,N,G,B,B,A,H,-,A,A,0,Y,,,,Y,,A,01,1,0,0,0,1,0,0,0,0,"- ","- ",,,"SAN FRANCISCO","SAN FRANCISCO",-122.47858986999999,37.784169929999997
8132560,2016,2016-10-11,3801,2016-09-20,0615,1019,MISSI,2,5,7,3801,0,0,0,,0,3D1D,"BOSWORTH ST","DIAMOND ST",0.00,,Y,F,-,N,,,,,,,,,,N,4,0,1,2,A,-,10,21950,A,N,H,B,B,-,G,-,-,-,0,Y,,,,Y,,A,01,0,0,1,0,1,0,0,0,0,"- ","- ",,,"SAN FRANCISCO","SAN FRANCISCO",-122.43412995,37.733559929999998
8132569,2016,2016-10-11,3801,2016-09-29,1655,2228,SOUTH,4,5,7,3801,0,0,0,,0,3B60,"NEW MONTGOMERY ST","MISSION ST",0.00,,Y,A,-,N,,,,,,,,,,N,3,0,1,2,A,-,11,21461,5,N,G,B,B,A,H,-,A,A,0,Y,,,,Y,,N,60,0,1,0,0,1,0,0,0,0,"- ","- ",,,"SAN FRANCISCO","SAN FRANCISCO",-122.4004999,37.787449940000002
8132585,2016,2016-10-11,3801,2016-09-20,1730,326,INGLE,2,5,7,3801,0,0,0,,0,3H11D,"MISSION ST","CORTLAND AV",0.00,,Y,A,-,N,,,,,,,,,,N,4,0,1,2,A,-,10,21950,A,N,G,B,B,A,H,-,A,A,0,Y,,,,Y,,-,,0,0,1,0,1,0,0,0,0,"- ","- ",,,"SAN FRANCISCO","SAN FRANCISCO",-122.42283986,37.741009990000002
8132597,2016,2016-10-11,3801,2016-09-13,1700,002355,SOUTH,2,5,7,3801,0,0,0,,0,004,"FOLSOM ST","11TH ST",28.00,W,N,A,-,N,,,,,,,,,,N,2,0,1,2,A,-,03,22350,,N,G,B,D,A,H,-,A,A,0,Y,,,,Y,,A,01,1,0,0,0,1,0,0,0,0,"- ","- ",,,"SAN FRANCISCO","SAN FRANCISCO",-122.41407618,37.771823810000001
8132601,2016,2016-10-11,3801,2016-09-07,0745,002355,SOUTH,3,5,7,3801,0,0,0,,0,005,"4TH ST","CAMPUS WY",55.00,S,N,A,-,N,,,,,,,,,,N,3,0,1,2,A,-,03,22350,,N,B,B,F,A,H,-,A,D,0,Y,Y,,,Y,,L,04,0,1,0,0,1,0,0,0,0,"- ","- ",,,"SAN FRANCISCO","SAN FRANCISCO",-122.39092257999999,37.767639539999998
8132609,2016,2016-10-11,3801,2016-09-13,1635,209,NORTH,2,5,7,3801,0,0,0,,0,004,"WEBSTER ST","SUTTER ST",0.00,,Y,A,-,N,,,,,,,,,,N,4,0,1,2,A,-,10,21950,A,N,G,B,B,A,H,-,A,A,0,Y,,,,Y,Y,-,"- ",0,0,1,0,1,0,0,0,0,"- ","- ",,,"SAN FRANCISCO","SAN FRANCISCO",-122.43161986,37.786299980000003
8136951,2016,2016-10-26,3801,2016-09-01,1740,2245,NTHRN,4,5,7,3801,0,0,0,,0,3E12D,"LOMBARD ST","FRANKLIN ST",148.00,W,N,A,-,N,,,,,,,,,,N,3,0,1,2,A,-,11,21955,,N,G,B,E,A,H,-,A,A,0,Y,,,,Y,,N,60,0,1,0,0,1,0,0,0,0,"- ","- ",,,"SAN FRANCISCO","SAN FRANCISCO",-122.4267057,37.801044449999999
8137313,2016,2016-10-11,3801,2016-09-23,1406,2450,MSION,5,5,7,3801,0,0,0,,0,3D15C,"MOULTRIE ST","JARBOE AV",0.00,,Y,A,-,N,,,,,,,,,,N,3,0,1,2,A,-,11,21954,A,N,G,B,B,A,H,-,A,D,0,Y,,,,Y,,N,60,0,1,0,0,1,0,0,0,0,"- ","- ",,,"SAN FRANCISCO","SAN FRANCISCO",-122.41584994,37.738469979999998
8137325,2016,2016-10-11,3801,2016-09-29,2214,4172,MSION,4,5,7,3801,0,0,0,,0,3D92,"MISSION ST","16TH ST",118.00,N,N,A,-,N,,,,,,,,,,N,4,0,1,2,A,-,11,21955,,N,G,B,D,A,D,-,C,D,0,Y,,,,Y,,N,60,0,0,1,0,1,0,0,0,0,"- ","- ",,,"SAN FRANCISCO","SAN FRANCISCO",-122.41969939000001,37.765373320000002
8137341,2016,2016-10-11,3801,2016-09-23,1159,A22254,,5,5,7,3801,0,0,0,,0,CNTRL,"CLAY ST","SPOFFORD ST",0.00,,Y,A,-,N,,,,,,,,,,N,4,0,1,2,A,-,21,22106,,F,G,B,D,A,H,-,A,D,0,Y,,,,Y,,A,01,0,0,1,0,1,0,0,0,0,"- ","- ",,,"SAN FRANCISCO","SAN FRANCISCO",-122.40728993,37.794149900000001
8137349,2016,2016-10-11,3801,2016-09-23,1930,2095,"CO D",5,5,7,3801,0,0,0,,0,901,"CESAR CHAVEZ ST","S VAN NESS AV",111.00,W,N,A,-,N,,,,,,,,,,N,2,0,1,2,A,-,11,21954,A,N,G,B,D,A,H,-,B,D,0,Y,,,,Y,Y,N,60,1,0,0,0,1,0,0,0,0,"- ","- ",,,"SAN FRANCISCO","SAN FRANCISCO",-122.41630397,37.748214590000003
8137357,2016,2017-03-03,3801,2016-09-23,1610,002342,NTHRN,5,5,7,3801,0,0,0,,0,3E13D,"VAN NESS AV","GEARY ST",0.00,,Y,A,-,Y,SF,4,101,-,-,5.610,I,5,S,N,4,0,1,2,A,-,10,21950,A,N,G,B,B,A,H,-,A,D,0,Y,,,,Y,,A,01,0,0,1,0,1,0,0,0,0,"- ","- ",,,"SAN FRANCISCO","SAN FRANCISCO",-122.42147906,37.785684570000001
8137361,2016,2016-10-11,3801,2016-09-13,2048,2069,,2,5,7,3801,0,0,0,,0,3C14D,"CAMBRIDGE ST","BURROWS ST",0.00,,Y,A,-,N,,,,,,,,,,N,4,0,1,2,A,-,11,21955,,N,G,B,D,A,H,-,C,-,0,Y,,,,Y,,N,60,0,0,1,0,1,0,0,0,0,"- ","- ",,,"SAN FRANCISCO","SAN FRANCISCO",-122.41790991000001,37.725219959999997
8137362,2016,2016-10-11,3801,2016-09-16,2330,1123,,5,5,7,3801,0,0,0,,0,3J113,"JONES ST","ELLIS ST",26.00,N,N,A,-,N,,,,,,,,,,N,2,0,1,3,A,-,03,22350,,F,G,B,E,A,H,-,C,D,0,Y,,,,Y,,-,"- ",1,0,0,0,1,0,0,0,0,"- ","- ",,,"SAN FRANCISCO","SAN FRANCISCO",-122.41279710000001,37.784970119999997
8137367,2016,2016-10-11,3801,2016-09-23,0933,618,TARAV,5,5,7,3801,0,0,0,,0,3I14A,"VICENTE AV","19TH AV",0.00,,Y,A,-,N,,,,,,,,,,N,4,0,1,2,A,-,10,21950,A,N,G,B,B,A,H,-,A,A,0,Y,,,,Y,,-,,0,0,1,0,1,0,0,0,0,"- ","- ",,,"SAN FRANCISCO","SAN FRANCISCO",-122.47542987,37.739309919999997
8137368,2016,2016-10-11,3801,2016-09-27,1652,433,MISSI,2,5,7,3801,0,0,0,,0,3D15D,"POTRERO AV","23RD ST",0.00,,Y,A,-,N,,,,,,,,,,N,4,0,2,3,A,-,10,21950,A,N,G,B,B,A,H,-,A,A,0,Y,,,,Y,,A,07,0,0,2,0,2,0,0,0,0,"- ","- ",,,"SAN FRANCISCO","SAN FRANCISCO",-122.40646989,37.754579890000002