CASE_ID,ACCIDENT_YEAR,PROC_DATE,JURIS,COLLISION_DATE,COLLISION_TIME,OFFICER_ID,REPORTING_DISTRICT,DAY_OF_WEEK,CHP_SHIFT,POPULATION,CNTY_CITY_LOC,SPECIAL_COND,BEAT_TYPE,CHP_BEAT_TYPE,CITY_DIVISION_LAPD,CHP_BEAT_CLASS,BEAT_NUMBER,PRIMARY_RD,SECONDARY_RD,DISTANCE,DIRECTION,INTERSECTION,WEATHER_1,WEATHER_2,STATE_HWY_IND,CALTRANS_COUNTY,CALTRANS_DISTRICT,STATE_ROUTE,ROUTE_SUFFIX,POSTMILE_PREFIX,POSTMILE,LOCATION_TYPE,RAMP_INTERSECTION,SIDE_OF_HWY,TOW_AWAY,COLLISION_SEVERITY,NUMBER_KILLED,NUMBER_INJURED,PARTY_COUNT,PRIMARY_COLL_FACTOR,PCF_CODE_OF_VIOL,PCF_VIOL_CATEGORY,PCF_VIOLATION,PCF_VIOL_SUBSECTION,HIT_AND_RUN,TYPE_OF_COLLISION,MVIW,PED_ACTION,ROAD_SURFACE,ROAD_COND_1,ROAD_COND_2,LIGHTING,CONTROL_DEVICE,CHP_ROAD_TYPE,PEDESTRIAN_ACCIDENT,BICYCLE_ACCIDENT,MOTORCYCLE_ACCIDENT,TRUCK_ACCIDENT,NOT_PRIVATE_PROPERTY,ALCOHOL_INVOLVED,STWD_VEHTYPE_AT_FAULT,CHP_VEHTYPE_AT_FAULT,COUNT_SEVERE_INJ,COUNT_VISIBLE_INJ,COUNT_COMPLAINT_PAIN,COUNT_PED_KILLED,COUNT_PED_INJURED,COUNT_BICYCLIST_KILLED,COUNT_BICYCLIST_INJURED,COUNT_MC_KILLED,COUNT_MC_INJURED,PRIMARY_RAMP,SECONDARY_RAMP,LATITUDE,LONGITUDE,COUNTY,CITY,POINT_X,POINT_Y
8137371,2016,2016-10-11,3801,2016-09-20,1516,1922,SOUTH,2,5,7,3801,0,0,0,,0,901,"10TH ST","HOWARD ST",0.00,,Y,A,-,N,,,,,,,,,,N,3,0,1,2,D,-,00,,,N,B,B,B,A,H,-,A,A,0,Y,,,,Y,,-,"- ",0,1,0,0,1,0,0,0,0,"- ","- ",,,"SAN FRANCISCO","SAN FRANCISCO",-122.41436998,37.774029919999997
8137372,2016,2016-10-11,3801,2016-09-24,1800,1014,MISSI,6,5,7,3801,0,0,0,,0,3D61,"POTRERO AV","25TH ST",162.00,N,N,A,-,N,,,,,,,,,,N,3,0,1,2,A,-,11,21955,,F,A,B,E,A,H,-,A,A,0,Y,,,,Y,,N,60,0,1,0,0,1,0,0,0,0,"- ","- ",,,"SAN FRANCISCO","SAN FRANCISCO",-122.40623641000001,37.75218409
8137374,2016,2017-03-02,3801,2016-09-17,1245,1682,,6,5,7,3801,0,0,0,,0,6CAR,"RT 280",GENEVA,0.00,,Y,A,-,Y,SF,4,280,-,R,1.557,R,3,S,N,3,0,1,2,A,-,"- ",,,N,-,C,-,A,H,-,A,-,0,Y,,,,Y,,A,01,0,1,0,0,1,0,0,0,0,"- ","- ",,,"SAN FRANCISCO","SAN FRANCISCO",-122.44841004,37.719863240000002
8137376,2016,2016-10-11,3801,2016-09-18,2017,2073,3801,7,5,7,3801,0,0,0,,0,001,"MARKET ST","CASTRO ST",0.00,,Y,A,-,N,,,,,,,,,,N,4,0,1,2,A,-,03,22350,,M,G,B,B,A,H,-,C,A,0,Y,,,,Y,,A,01,0,0,1,0,1,0,0,0,0,"- ","- ",,,"SAN FRANCISCO","SAN FRANCISCO",-122.43516,37.762639970000002
8137377,2016,2016-10-11,3801,2016-09-13,0823,170,MISIS,2,5,7,3801,0,0,0,,0,3D5A,"21ST ST","BARTLETT ST",0.00,,Y,A,-,N,,,,,,,,,,N,4,0,1,2,A,-,10,21950,A,N,G,B,B,A,H,-,A,D,0,Y,,,,Y,,A,01,0,0,1,0,1,0,0,0,0,"- ","- ",,,"SAN FRANCISCO","SAN FRANCISCO",-122.41998998,37.756959960000003
8137379,2016,2016-10-11,3801,2016-09-22,1710,1996,CENT,4,5,7,3801,0,0,0,,0,3A13D,"BAY ST","COLUMBUS AV",0.00,,Y,A,-,N,,,,,,,,,,N,4,0,1,2,A,-,09,21453,B,N,D,B,B,A,H,-,A,A,0,Y,Y,,,Y,Y,L,04,0,0,1,0,0,0,1,0,0,"- ","- ",,,"SAN FRANCISCO","SAN FRANCISCO",-122.41719990999999,37.80518996
8137384,2016,2016-10-11,3801,2016-09-26,1432,1636,MISSI,1,5,7,3801,0,0,0,,0,3D14A,"24TH ST","POTRERO AV",10.00,W,N,A,-,N,,,,,,,,,,N,4,0,1,2,A,-,12,22450,A,F,G,B,B,A,H,-,A,B,0,Y,,,,Y,,A,01,0,0,1,0,1,0,0,0,0,"- ","- ",,,"SAN FRANCISCO","SAN FRANCISCO",-122.40635417999999,37.752985729999999
8137387,2016,2016-10-11,3801,2016-09-25,1912,002355,SOUTH,7,5,7,3801,0,0,0,,0,0B1,"MISSION ST","3RD ST",0.00,,Y,A,-,N,,,,,,,,,,N,4,0,1,2,A,-,10,21950,A,N,G,B,B,A,H,-,C,A,0,Y,,,,Y,,A,07,0,0,1,0,1,0,0,0,0,"- ","- ",,,"SAN FRANCISCO","SAN FRANCISCO",-122.40199989,37.786269900000001
8137389,2016,2016-10-11,3801,2016-09-02,1700,2234,,5,5,7,3801,0,0,0,,0,3B15C,"10TH ST","HARRISON ST",4.00,N,N,A,-,N,,,,,,,,,,N,4,0,1,2,A,-,03,22350,,N,G,B,E,A,H,-,A,D,0,Y,,,,Y,,A,01,0,0,1,0,1,0,0,0,0,"- ","- ",,,"SAN FRANCISCO","SAN FRANCISCO",-122.41125991,37.771607670000002
8137397,2016,2016-10-11,3801,2016-09-10,1813,1858,COA,6,5,7,3801,0,0,0,,0,3A11D,"PINE ST","JONES ST",0.00,,Y,B,-,N,,,,,,,,,,N,3,0,1,2,A,-,10,21950,A,N,G,B,B,A,H,-,A,A,0,Y,,,,Y,,A,01,0,1,0,0,1,0,0,0,0,"- ","- ",,,"SAN FRANCISCO","SAN FRANCISCO",-122.41389991,37.790459910000003
8137399,2016,2016-10-11,3801,2016-09-22,1512,2008,RICHM,4,5,7,3801,0,0,0,,0,3G15D,"CHAIN OF LAKES DR","JOHN F KENNEDY DR",0.00,,Y,A,-,N,,,,,,,,,,N,4,0,1,2,A,-,11,21950,B,N,G,B,D,A,H,-,A,A,0,Y,,,,Y,,N,60,0,0,1,0,1,0,0,0,0,"- ","- ",,,"SAN FRANCISCO","SAN FRANCISCO",-122.50052100000001,37.768158
8137400,2016,2016-10-11,3801,2016-09-08,0911,1570,CENTR,4,5,7,3801,0,0,0,,0,3A15A,"POST ST","MONTGOMERY ST",0.00,,Y,-,-,N,,,,,,,,,,N,4,0,1,2,A,-,21,22106,,N,C,B,E,-,-,-,-,A,0,Y,,,,Y,,A,07,0,0,1,0,1,0,0,0,0,"- ","- ",,,"SAN FRANCISCO","SAN FRANCISCO",-122.40201998000001,37.789119890000002
8137411,2016,2016-10-10,3801,2016-09-23,0915,2375,,5,5,7,3801,0,0,0,,0,3G60,"GEARY BL","ARGUELLO BL",11.00,E,N,A,-,N,,,,,,,,,,N,4,0,1,2,A,-,10,21950,A,N,G,B,B,A,H,-,A,A,0,Y,,,,Y,,A,07,0,0,1,0,1,0,0,0,0,"- ","- ",,,"SAN FRANCISCO","SAN FRANCISCO",-122.45884198,37.78133158
8137414,2016,2016-10-11,3801,2016-09-16,1640,469,,5,5,7,3801,0,0,0,,0,3D14D,"24TH ST","SOUTH VAN NESS",39.00,E,N,A,-,N,,,,,,,,,,N,4,0,1,2,A,-,21,22106,,N,B,B,C,A,H,-,A,D,0,Y,,,,Y,,-,,0,0,1,0,1,0,0,0,0,"- ","- ",,,"SAN FRANCISCO","SAN FRANCISCO",-122.41614555,37.752389059999999
8137418,2016,2016-10-11,3801,2016-09-13,0009,1482,,2,5,7,3801,0,0,0,,0,3J14E,"MARKET ST","VAN NESS AV",66.00,E,N,A,-,N,,,,,,,,,,N,2,0,1,2,A,-,17,21663,,F,-,-,-,A,H,-,C,-,0,Y,,,,Y,Y,-,"- ",1,0,0,0,1,0,0,0,0,"- ","- ",,,"SAN FRANCISCO","SAN FRANCISCO",-122.41909582,37.775296060000002
8137420,2016,2016-10-11,3801,2016-09-21,1426,514,PARKC,3,5,7,3801,0,0,0,,0,003,"STANYAN ST","HAYES ST",0.00,,Y,A,-,N,,,,,,,,,,N,4,0,1,2,A,-,10,21950,A,N,G,B,B,A,H,-,A,A,0,Y,,,,Y,,A,01,0,0,1,0,1,0,0,0,0,"- ","- ",,,"SAN FRANCISCO","SAN FRANCISCO",-122.45429992,37.772869900000003
8137425,2016,2016-10-11,3801,2016-09-05,1142,2375,,1,5,7,3801,0,0,0,,0,3G60,"GEARY BL","12TH AV",7.00,E,N,A,-,N,,,,,,,,,,N,3,0,1,2,A,-,10,21950,A,N,G,B,B,A,H,-,A,A,0,Y,,,,Y,,A,01,0,1,0,0,1,0,0,0,0,"- ","- ",,,"SAN FRANCISCO","SAN FRANCISCO",-122.47067579,37.780790690000003
8137430,2016,2016-10-11,3801,2016-09-11,0210,2400,CENTR,7,5,7,3801,0,0,0,,0,3A14E,"COLUMBUS AV","STOCKTON ST",0.00,,Y,A,-,N,,,,,,,,,,N,2,0,1,2,A,-,11,21453,D,F,G,B,B,A,H,-,C,D,0,Y,,,,Y,,N,60,1,0,0,0,1,0,0,0,0,"- ","- ",,,"SAN FRANCISCO","SAN FRANCISCO",-122.40897987,37.799499910000002
8137431,2016,2016-11-23,3801,2016-09-15,1130,170,MISSI,4,5,7,3801,0,0,0,,0,3D15A,"16TH ST","MISSION ST",0.00,,Y,A,-,N,,,,,,,,,,N,4,0,1,2,A,-,10,21950,A,N,-,-,-,A,H,-,A,-,0,Y,,,,Y,,A,01,0,0,1,0,1,0,0,0,0,"- ","- ",,,"SAN FRANCISCO","SAN FRANCISCO",-122.41966992,37.765049910000002
8137432,2016,2016-10-11,3801,2016-09-21,0403,1870,INGLE,3,5,7,3801,0,0,0,,0,3H16E,"BAYSHORE BL","SAN BRUNO AV",5.00,E,N,A,-,N,,,,,,,,,,N,4,0,1,2,A,-,00,21951,B,F,G,B,B,A,H,-,C,A,0,Y,,,,Y,,A,01,0,0,1,0,1,0,0,0,0,"- ","- ",,,"SAN FRANCISCO","SAN FRANCISCO",-122.40316743,37.71197943
8137451,2016,2016-10-11,3801,2016-09-30,1957,1848,TARAV,5,5,7,3801,0,0,0,,0,2CAR,"TARAVAL ST","27TH AV",0.00,,Y,A,-,N,,,,,,,,,,N,3,0,1,2,A,-,10,21950,A,N,G,B,B,A,H,-,C,A,0,Y,,,,Y,,A,01,0,1,0,0,1,0,0,0,0,"- ","- ",,,"SAN FRANCISCO","SAN FRANCISCO",-122.48426987000001,37.742669900000003
8137452,2016,2016-10-11,3801,2016-09-04,2330,1518,BAYVI,7,5,7,3801,0,0,0,,0,0C4,"SAN BRUNO AV","SILVER AV",0.00,,Y,A,-,N,,,,,,,,,,N,3,0,1,2,A,-,10,21954,B,F,G,B,E,A,H,-,C,A,0,Y,,,,Y,,A,01,0,1,0,0,1,0,0,0,0,"- ","- ",,,"SAN FRANCISCO","SAN FRANCISCO",-122.40561992000001,37.73244991
8137459,2016,2016-10-11,3801,2016-09-30,1524,000312,TARAV,5,5,7,3801,0,0,0,,0,002,"22ND AV","RIVERA ST",0.00,,Y,A,-,N,,,,,,,,,,N,3,0,1,2,A,-,10,21950,A,N,G,B,B,A,H,-,A,D,0,Y,,,,Y,,A,01,0,1,0,0,1,0,0,0,0,"- ","- ",,,"SAN FRANCISCO","SAN FRANCISCO",-122.47915999,37.746629919999997
8137464,2016,2016-10-11,3801,2016-09-05,1900,2091,TARAV,1,5,7,3801,0,0,0,,0,3I12D,"TARAVAL ST","32ND AV",0.00,,Y,A,-,N,,,,,,,,,,N,3,0,1,2,A,-,10,21950,A,N,G,B,B,A,H,-,A,A,0,Y,,,,Y,,A,01,0,1,0,0,1,0,0,0,0,"- ","- ",,,"SAN FRANCISCO","SAN FRANCISCO",-122.48962992,37.742429979999997
8137468,2016,2016-10-11,3801,2016-09-01,1641,466,MISSI,4,5,7,3801,0,0,0,,0,001,"MARKET ST","CASTRO ST",0.00,,Y,A,-,N,,,,,,,,,,N,3,0,1,2,A,-,11,21954,A,N,G,B,D,A,H,-,A,-,0,Y,,,,Y,,N,60,0,1,0,0,1,0,0,0,0,"- ","- ",,,"SAN FRANCISCO","SAN FRANCISCO",-122.43516,37.762639970000002
8137472,2016,2016-12-06,3801,2016-09-02,1128,2466,RICHM,5,5,7,3801,0,0,0,,0,THREE,"LAKE ST","6TH AV",5.00,E,N,A,-,N,,,,,,,,,,N,4,0,1,2,A,-,10,21950,A,N,G,B,B,A,H,-,A,A,0,Y,,,,Y,,A,01,0,0,1,0,1,0,0,0,0,"- ","- ",,,"SAN FRANCISCO","SAN FRANCISCO",-122.46468272,37.786670800000003
8137476,2016,2016-10-11,3801,2016-09-03,0050,1075,NORTH,6,5,7,3801,0,0,0,,0,3E11E,"FULTON ST","DIVISADERO ST",0.00,,Y,A,-,N,,,,,,,,,,N,3,0,1,2,A,-,11,21453,D,N,G,B,E,A,H,-,C,A,0,Y,,,,Y,,N,60,0,1,0,0,1,0,0,0,0,"- ","- ",,,"SAN FRANCISCO","SAN FRANCISCO",-122.43815987000001,37.776859930000001
8137480,2016,2016-10-11,3801,2016-09-03,0100,1396,MISSI,6,5,7,3801,0,0,0,,0,3D11E,"14TH ST","GUERRERO ST",100.00,E,N,A,-,N,,,,,,,,,,N,2,0,1,2,A,-,11,21955,,N,G,B,D,A,H,-,C,A,0,Y,,,,Y,Y,N,60,1,0,0,0,1,0,0,0,0,"- ","- ",,,"SAN FRANCISCO","SAN FRANCISCO",-122.42406487,37.768040120000002
8137483,2016,2016-12-05,3801,2016-09-29,0812,585,INGLE,4,5,7,3801,0,0,0,,0,3H1A,"CRESCENT AV","ANDOVER ST",0.00,,Y,A,-,N,,,,,,,,,,N,2,0,1,2,A,-,11,21950,B,N,G,B,B,A,H,-,A,A,0,Y,,,,Y,,N,60,1,0,0,0,1,0,0,0,0,"- ","- ",,,"SAN FRANCISCO","SAN FRANCISCO",-122.41683999,37.734919920000003
8137496,2016,2016-10-11,3801,2016-09-02,1741,002174,TENDE,5,5,7,3801,0,0,0,,0,SWINGS,"TURK ST","TAYLOR ST",0.00,,Y,A,-,N,,,,,,,,,,N,4,0,1,2,A,-,10,21950,A,F,G,B,B,A,H,-,A,A,0,Y,,,,Y,,-,,0,0,1,0,1,0,0,0,0,"- ","- ",,,"SAN FRANCISCO","SAN FRANCISCO",-122.41077986000001,37.783209880000001
8137504,2016,2016-10-11,3801,2016-09-30,1840,1597,TARAV,5,5,7,3801,0,0,0,,0,3116D,"KIRKHAM ST","27TH AV",0.00,,Y,A,-,N,,,,,,,,,,N,2,0,1,2,A,-,10,21950,A,N,G,B,D,A,H,-,B,D,0,Y,,,,Y,,A,01,1,0,0,0,1,0,0,0,0,"- ","- ",,,"SAN FRANCISCO","SAN FRANCISCO",-122.48542986,37.759459960000001
8137610,2016,2016-10-11,3801,2016-09-08,0940,2271,INGLE,4,5,7,3801,0,0,0,,0,03H,"GENEVA AV","LONDON ST",0.00,,Y,A,-,N,,,,,,,,,,N,4,0,1,2,A,-,10,21950,A,N,G,B,B,A,H,-,A,D,0,Y,,,,Y,,A,01,0,0,1,0,1,0,0,0,0,"- ","- ",,,"SAN FRANCISCO","SAN FRANCISCO",-122.44023998,37.716049990000002
8137613,2016,2016-10-11,3801,2016-09-14,1839,4283,RICHM,3,5,7,3801,0,0,0,,0,3G13D,"CLEMENT ST","42ND AV",0.00,,Y,A,-,N,,,,,,,,,,N,4,0,1,2,A,-,10,21950,A,N,G,B,B,A,H,-,A,A,0,Y,,,,Y,,A,01,0,0,1,0,1,0,0,0,0,"- ","- ",,,"SAN FRANCISCO","SAN FRANCISCO",-122.50305988,37.781159950000003
8137618,2016,2016-10-11,3801,2016-09-08,2001,1438,INGLE,4,5,7,3801,0,0,0,,0,5CAR,"MISSION ST","FLORENTINE ST",0.00,,Y,F,-,N,,,,,,,,,,N,4,0,1,2,A,-,10,21950,A,N,B,B,B,-,G,-,-,D,0,Y,,,,Y,,A,01,0,0,1,0,1,0,0,0,0,"- ","- ",,,"SAN FRANCISCO","SAN FRANCISCO",-122.44395989,37.713379949999997
8137654,2016,2016-10-11,3801,2016-09-06,1830,1620,INGLE,2,5,7,3801,0,0,0,,0,3H13D,"PERSIA AV","NAPLES ST",0.00,,Y,A,-,N,,,,,,,,,,N,4,0,1,2,A,-,10,21950,A,N,A,B,B,A,H,-,A,D,0,Y,,,,Y,,A,07,0,0,1,0,1,0,0,0,0,"- ","- ",,,"SAN FRANCISCO","SAN FRANCISCO",-122.43120998000001,37.720860000000002
8137665,2016,2017-01-28,3801,2016-09-09,2013,2324,SOTHE,5,5,7,3801,0,0,0,,0,001,"FREMONT ST","HARRISON ST",0.00,,Y,A,-,Y,SF,4,80,-,-,5.474,R,4,W,N,4,0,1,2,A,-,08,22107,,N,G,B,B,A,H,-,C,A,0,Y,,,,Y,,A,01,0,0,1,0,1,0,0,0,0,"- ","- ",,,"SAN FRANCISCO","SAN FRANCISCO",-122.39147117,37.785580920000001
8137748,2016,2016-10-13,3801,2016-08-23,1517,1994,CENTR,2,5,7,3801,0,0,0,,0,4B3B,"MARKET ST","SUTTER ST",223.00,E,N,A,-,N,,,,,,,,,,N,2,0,2,3,C,-,18,,,N,E,I,F,A,H,-,A,D,0,Y,,,,Y,,-,"- ",1,0,1,0,2,0,0,0,0,"- ","- ",37.790399999999998,-122.4002,"SAN FRANCISCO","SAN FRANCISCO",-122.39957739,37.790719459999998
8142632,2016,2016-10-21,3801,2016-09-25,2034,02035,MISSI,7,5,7,3801,0,0,0,,0,3D15E,"POTRERO AV","24TH ST",0.00,,Y,A,-,N,,,,,,,,,,,2,0,2,2,A,-,11,21453,D,N,G,B,B,A,H,-,C,A,0,Y,,,,Y,Y,N,60,1,1,0,0,1,0,0,0,0,"- ","- ",,,"SAN FRANCISCO","SAN FRANCISCO",-122.4063199,37.752989909999997
8143846,2016,2016-11-30,3801,2016-09-22,1241,573,RICHM,4,5,7,3801,0,0,0,,0,4B5G,"8TH AV","GEARY BL",90.00,N,N,A,-,N,,,,,,,,,,N,4,0,1,2,A,-,11,21955,,N,G,B,D,A,H,-,A,D,0,Y,,,,Y,,N,60,0,0,1,0,1,0,0,0,0,"- ","- ",37.78078,-122.46657,"SAN FRANCISCO","SAN FRANCISCO",-122.46644763,37.781226850000003
8143874,2016,2016-11-30,3801,2016-10-11,1301,1043,SOUTH,2,5,7,3801,0,0,0,,0,4B2C,"10TH AV","DIVISION ST",9.00,N,N,A,-,N,,,,,,,,,,N,4,0,1,2,A,-,10,21950,A,N,G,B,B,A,H,-,A,A,0,Y,,,,Y,,J,43,0,0,1,0,1,0,0,0,0,"- ","- ",,,"SAN FRANCISCO","SAN FRANCISCO",-122.40836247,37.76921712
8143906,2016,2016-11-30,3801,2016-10-17,1835,466,TENDE,1,5,7,3801,0,0,0,,0,,"MARKET ST","6TH ST",0.00,,Y,A,-,N,,,,,,,,,,N,3,0,1,2,A,-,11,21456,B,N,G,B,C,A,H,-,C,A,0,Y,,,,Y,,N,60,0,1,0,0,1,0,0,0,0,"- ","- ",,,"SAN FRANCISCO","SAN FRANCISCO",-122.41029991000001,37.78223989
8144732,2016,2017-01-03,3801,2016-10-25,0800,001714,NORTH,2,5,7,3801,0,0,0,,0,4B6I,"FILLMORE ST","MCALLISTER ST",0.00,,Y,B,-,N,,,,,,,,,,N,4,0,1,2,A,-,10,21950,A,N,G,B,B,A,H,-,A,A,0,Y,,,,Y,,I,09,0,0,1,0,1,0,0,0,0,"- ","- ",,,"SAN FRANCISCO","SAN FRANCISCO",-122.43174987,37.778639890000001
8144759,2016,2016-12-14,3801,2016-11-30,2008,181,,3,5,7,3801,0,0,0,,0,4CAR,"MARKET ST","GUERRERO ST",0.00,,Y,A,-,N,,,,,,,,,,N,3,0,1,2,A,-,08,22107,,N,G,B,B,A,H,-,B,A,0,Y,,,,Y,,A,01,0,1,0,0,1,0,0,0,0,"- ","- ",,,"SAN FRANCISCO","SAN FRANCISCO",-122.42485991,37.770749879999997
8144788,2016,2016-12-23,3801,2016-11-02,1714,4214,TENDE,3,5,7,3801,0,0,0,,0,4B4C,"MCALLISTER ST","HYDE ST",0.00,,Y,A,-,N,,,,,,,,,,N,2,0,1,2,A,-,11,21456,B,N,G,B,B,A,H,-,A,A,0,Y,,,,Y,,N,60,1,0,0,0,1,0,0,0,0,"- ","- ",37.780729999999998,-122.41542,"SAN FRANCISCO","SAN FRANCISCO",-122.4153199,37.780739930000003
8144796,2016,2016-12-23,3801,2016-11-25,1515,1117,RICHM,5,5,7,3801,0,0,0,,0,3G3C,"FUNSTON AV","LAKE ST",24.00,N,N,A,-,N,,,,,,,,,,N,4,0,1,2,A,-,11,21954,A,N,G,B,E,A,H,-,A,A,0,Y,,,,Y,,N,60,0,0,1,0,1,0,0,0,0,"- ","- ",,,"SAN FRANCISCO","SAN FRANCISCO",-122.47219275,37.786405899999998
8144878,2016,2016-12-23,3801,2016-09-28,2041,13,CENTR,3,5,7,3801,0,0,0,,0,4B4E,"MARKET ST","3RD ST",230.00,E,N,A,-,N,,,,,,,,,,N,3,0,1,2,A,-,11,21954,A,N,-,B,D,A,H,-,C,A,0,Y,,,,Y,,N,60,0,1,0,0,1,0,0,0,0,"- ","- ",37.787460000000003,-122.40336000000001,"SAN FRANCISCO","SAN FRANCISCO",-122.40288441,37.788096469999999
8166004,2016,2016-11-16,3801,2016-10-28,0120,2747,TENDE,5,5,7,3801,0,0,0,,0,3J11E,"EDDY ST","MASON ST",89.00,W,N,C,-,N,,,,,,,,,,Y,4,0,1,2,A,-,11,21950,B,N,G,B,D,B,H,-,C,D,0,Y,,,,Y,,N,60,0,0,1,0,1,0,0,0,0,"- ","- ",,,"SAN FRANCISCO","SAN FRANCISCO",-122.40960380999999,37.784339490000001
8166012,2016,2016-11-16,3801,2016-10-24,2026,466,TENDE,1,5,7,3801,0,0,0,,0,004,"OFARRELL ST","HYDE ST",0.00,,Y,A,-,N,,,,,,,,,,N,4,0,1,2,A,-,10,21950,A,N,G,B,B,B,H,-,C,A,0,Y,,,,Y,,A,01,0,0,1,0,1,0,0,0,0,"- ","- ",,,"SAN FRANCISCO","SAN FRANCISCO",-122.41625994,37.785389969999997
8166014,2016,2017-01-11,3801,2016-10-07,1233,2702,BAYVI,5,5,7,3801,0,0,0,,0,003,"3RD ST","GILMAN AV",0.00,,Y,A,-,N,,,,,,,,,,N,4,0,1,2,A,-,11,21453,D,N,G,B,B,A,H,-,A,A,0,Y,,,,Y,,N,60,0,0,1,0,1,0,0,0,0,"- ","- ",,,"SAN FRANCISCO","SAN FRANCISCO",-122.39556995,37.72236994
8166017,2016,2016-11-15,3801,2016-10-17,1709,2424,NORTH,1,5,7,3801,0,0,0,,0,3E14D,"OCTAVIA ST","BUSH ST",0.00,,Y,A,-,N,,,,,,,,,,N,3,0,1,2,A,-,10,21950,A,N,G,B,B,A,H,-,A,A,0,Y,,,,Y,,A,01,0,1,0,0,1,0,0,0,0,"- ","- ",,,"SAN FRANCISCO","SAN FRANCISCO",-122.42686989000001,37.78785998
8166018,2016,2016-11-16,3801,2016-10-08,1930,2700,INGLE,6,5,7,3801,0,0,0,,0,3H11D,"MONTEREY ST","EDNA ST",139.00,W,N,A,-,N,,,,,,,,,,N,3,0,1,2,A,-,11,21954,A,N,G,B,D,A,H,-,C,A,0,Y,,,,Y,,N,60,0,1,0,0,1,0,0,0,0,"- ","- ",,,"SAN FRANCISCO","SAN FRANCISCO",-122.44775077,37.731555780000001
8166020,2016,2017-03-06,3801,2016-10-26,2035,2290,NORTH,3,5,7,3801,0,0,0,,0,3E12D,"VAN NESS AV","POST ST",15.00,N,N,A,-,Y,SF,4,101,-,-,5.680,H,-,N,N,3,0,2,2,A,-,11,21955,,N,G,B,D,A,H,-,C,A,0,Y,,Y,,Y,,N,60,0,1,1,0,1,0,0,0,1,"- ","- ",,,"SAN FRANCISCO","SAN FRANCISCO",-122.42151330999999,37.786797919999998
8166021,2016,2016-11-15,3801,2016-10-17,0810,1301,,1,5,7,3801,0,0,0,,0,0810,"JONES ST",MCALLISTER,123.00,N,N,A,-,N,,,,,,,,,,N,4,0,1,2,A,-,11,21950,B,N,G,B,D,A,H,-,A,A,0,Y,,,,Y,,N,60,0,0,1,0,1,0,0,0,0,"- ","- ",,,"SAN FRANCISCO","SAN FRANCISCO",-122.41209674,37.781463719999998
8166022,2016,2016-11-16,3801,2016-10-08,1547,466,NORTH,6,5,7,3801,0,0,0,,0,,"OFARRELL ST","VAN NESS AV",0.00,,Y,A,-,N,,,,,,,,,,N,3,0,1,2,A,-,00,21653,,F,G,B,F,A,H,-,A,D,0,Y,,Y,,Y,Y,C,02,0,1,0,0,1,0,0,0,0,"- ","- ",,,"SAN FRANCISCO","SAN FRANCISCO",-122.42125998,37.784739889999997
8166024,2016,2016-11-16,3801,2016-10-27,0614,859,TENDE,4,5,7,3801,0,0,0,,0,3J12A,"ELLIS ST","TAYLOR ST",0.00,,Y,A,-,N,,,,,,,,,,Y,4,0,1,2,A,-,10,21950,A,N,G,B,B,A,H,-,C,A,0,Y,,,,Y,,-,,0,0,1,0,1,0,0,0,0,"- ","- ",,,"SAN FRANCISCO","SAN FRANCISCO",-122.41112987,37.785099899999999
8166033,2016,2016-11-15,3801,2016-10-07,1055,222,BAYVI,5,5,7,3801,0,0,0,,0,3C4B,"BACON ST","SAN BRUNO AV",10.00,E,N,A,-,N,,,,,,,,,,Y,4,0,1,2,A,-,10,21950,A,N,G,B,B,A,H,-,A,A,0,Y,,,,Y,,A,01,0,0,1,0,1,0,0,0,0,"- ","- ",,,"SAN FRANCISCO","SAN FRANCISCO",-122.4035769,37.72764797
8166034,2016,2016-11-16,3801,2016-10-01,1836,2748,CENTR,6,5,7,3801,0,0,0,,0,3A12D,"PINE ST","POWELL ST",92.00,W,N,A,-,N,,,,,,,,,,Y,4,0,1,2,A,-,03,22350,,N,G,B,E,A,H,-,A,D,0,Y,,,,Y,,A,01,0,0,1,0,1,0,0,0,0,"- ","- ",,,"SAN FRANCISCO","SAN FRANCISCO",-122.40928326,37.79106444
8166035,2016,2016-12-19,3801,2016-10-22,1443,1427,BAYVI,6,5,7,3801,0,0,0,,0,3C62,"DE HARO",MARIPOSA,6.00,N,N,A,-,N,,,,,,,,,,N,4,0,1,4,A,-,08,22107,,N,G,B,E,A,H,-,A,D,0,Y,,,,Y,,A,01,0,0,1,0,1,0,0,0,0,"- ","- ",,,"SAN FRANCISCO","SAN FRANCISCO",-122.40146143,37.763596440000001
8166036,2016,2016-11-16,3801,2016-10-27,1956,1435,BAYVI,4,5,7,3801,0,0,0,,0,SECTOR,"SILVER AV","BRUSSELS ST",0.00,,Y,C,-,N,,,,,,,,,,N,4,0,2,3,A,-,10,21950,A,N,G,B,B,B,H,-,C,A,0,Y,,,,Y,,A,01,0,0,2,0,2,0,0,0,0,"- ","- ",,,"SAN FRANCISCO","SAN FRANCISCO",-122.40754999000001,37.731869940000003
8166040,2016,2016-11-16,3801,2016-10-24,2009,344,SOUTH,1,5,7,3801,0,0,0,,0,001,"1ST ST","HOWARD ST",8.00,S,N,C,-,N,,,,,,,,,,N,4,0,1,2,A,-,10,21950,A,N,G,B,B,B,H,-,C,A,0,Y,,,,Y,,A,01,0,0,1,0,1,0,0,0,0,"- ","- ",,,"SAN FRANCISCO","SAN FRANCISCO",-122.39602004,37.788534759999997