CASE_ID,ACCIDENT_YEAR,PROC_DATE,JURIS,COLLISION_DATE,COLLISION_TIME,OFFICER_ID,REPORTING_DISTRICT,DAY_OF_WEEK,CHP_SHIFT,POPULATION,CNTY_CITY_LOC,SPECIAL_COND,BEAT_TYPE,CHP_BEAT_TYPE,CITY_DIVISION_LAPD,CHP_BEAT_CLASS,BEAT_NUMBER,PRIMARY_RD,SECONDARY_RD,DISTANCE,DIRECTION,INTERSECTION,WEATHER_1,WEATHER_2,STATE_HWY_IND,CALTRANS_COUNTY,CALTRANS_DISTRICT,STATE_ROUTE,ROUTE_SUFFIX,POSTMILE_PREFIX,POSTMILE,LOCATION_TYPE,RAMP_INTERSECTION,SIDE_OF_HWY,TOW_AWAY,COLLISION_SEVERITY,NUMBER_KILLED,NUMBER_INJURED,PARTY_COUNT,PRIMARY_COLL_FACTOR,PCF_CODE_OF_VIOL,PCF_VIOL_CATEGORY,PCF_VIOLATION,PCF_VIOL_SUBSECTION,HIT_AND_RUN,TYPE_OF_COLLISION,MVIW,PED_ACTION,ROAD_SURFACE,ROAD_COND_1,ROAD_COND_2,LIGHTING,CONTROL_DEVICE,CHP_ROAD_TYPE,PEDESTRIAN_ACCIDENT,BICYCLE_ACCIDENT,MOTORCYCLE_ACCIDENT,TRUCK_ACCIDENT,NOT_PRIVATE_PROPERTY,ALCOHOL_INVOLVED,STWD_VEHTYPE_AT_FAULT,CHP_VEHTYPE_AT_FAULT,COUNT_SEVERE_INJ,COUNT_VISIBLE_INJ,COUNT_COMPLAINT_PAIN,COUNT_PED_KILLED,COUNT_PED_INJURED,COUNT_BICYCLIST_KILLED,COUNT_BICYCLIST_INJURED,COUNT_MC_KILLED,COUNT_MC_INJURED,PRIMARY_RAMP,SECONDARY_RAMP,LATITUDE,LONGITUDE,COUNTY,CITY,POINT_X,POINT_Y
8166041,2016,2016-11-15,3801,2016-10-07,2338,4222,COH,5,5,7,3801,0,0,0,,0,3H14E,"MISSION ST","PARK ST",112.00,S,N,A,-,N,,,,,,,,,,N,3,0,1,2,A,-,11,21954,A,N,G,B,D,A,H,-,C,D,0,Y,,,,Y,Y,N,60,0,1,0,0,1,0,0,0,0,"- ","- ",,,"SAN FRANCISCO","SAN FRANCISCO",-122.42434242,37.736345559999997
8166045,2016,2017-02-18,3801,2016-10-07,2335,4385,SOUTH,5,5,7,3801,0,0,0,,0,,"RT 101","MISSION ST",0.00,,Y,A,-,Y,SF,4,101,-,R,5.073,R,1,N,N,3,0,1,2,A,-,11,21456,B,N,G,B,B,A,H,-,C,A,0,Y,,,,Y,,N,60,0,1,0,0,1,0,0,0,0,NF,"- ",,,"SAN FRANCISCO","SAN FRANCISCO",-122.4172114,37.769811369999999
8166046,2016,2016-11-16,3801,2016-10-06,1428,1460,SOUTH,4,5,7,3801,0,0,0,,0,COB,"3RD ST","BRYANT ST",0.00,,Y,A,-,N,,,,,,,,,,N,4,0,1,2,A,-,10,21950,A,N,G,B,B,A,H,-,A,A,0,Y,,,,Y,,A,01,0,0,1,0,1,0,0,0,0,"- ","- ",,,"SAN FRANCISCO","SAN FRANCISCO",-122.39584993,37.781309890000003
8166050,2016,2016-11-16,3801,2016-10-10,1452,2334,SOUTH,1,5,7,3801,0,0,0,,0,0B1,"THE EMBARCADERO","HARRISON ST",0.00,,Y,A,-,N,,,,,,,,,,N,3,0,2,2,A,-,11,21954,A,N,G,B,E,A,H,-,A,D,0,Y,Y,,,Y,,N,60,0,1,1,0,1,0,1,0,0,"- ","- ",,,"SAN FRANCISCO","SAN FRANCISCO",-122.38860987,37.789499990000003
8166052,2016,2017-01-05,3801,2016-10-24,0913,131,PARK,1,5,7,3801,0,0,0,,0,3F11A,"LAGUNA HONDA BL","DEWEY BL",1056.00,N,N,A,-,N,,,,,,,,,,N,4,0,1,2,A,-,10,21950,A,N,G,B,B,A,H,-,A,A,0,Y,,,,Y,Y,-,,0,0,1,0,1,0,0,0,0,"- ","- ",,,"SAN FRANCISCO","SAN FRANCISCO",-122.46034419,37.749593599999997
8166057,2016,2016-11-15,3801,2016-10-08,0915,2060,SOUTH,6,5,7,3801,0,0,0,,0,3B14A,"MISSION ST","8TH ST",0.00,,Y,A,-,N,,,,,,,,,,N,4,0,1,2,A,-,10,21950,A,M,D,B,B,A,H,-,A,A,0,Y,,,,Y,,A,08,0,0,1,0,1,0,0,0,0,"- ","- ",,,"SAN FRANCISCO","SAN FRANCISCO",-122.41315999,37.777459970000002
8166063,2016,2016-11-16,3801,2016-10-20,0909,2726,NORTH,4,5,7,3801,0,0,0,,0,3E11A,"BUSH ST","SCOTT ST",0.00,,Y,A,-,N,,,,,,,,,,N,2,0,1,2,A,-,10,21950,A,N,G,B,B,A,H,-,A,A,0,Y,,,,Y,,A,01,1,0,0,0,1,0,0,0,0,"- ","- ",,,"SAN FRANCISCO","SAN FRANCISCO",-122.43836997,37.786399969999998
8166065,2016,2016-11-15,3801,2016-10-05,1302,4329,MISSI,3,5,7,3801,0,0,0,,0,3D62,"18TH ST","SAN CARLOS ST",0.00,,Y,A,-,N,,,,,,,,,,N,4,0,1,2,A,-,09,21804,A,N,D,J,E,A,H,-,A,D,0,Y,,,,Y,,A,01,0,0,1,0,1,0,0,0,0,"- ","- ",,,"SAN FRANCISCO","SAN FRANCISCO",-122.42008992,37.761789890000003
8166069,2016,2016-11-15,3801,2016-10-06,0717,2465,CENTR,4,5,7,3801,0,0,0,,0,3A11A,"POST ST","TAYLOR ST",0.00,,Y,A,-,N,,,,,,,,,,N,3,0,1,2,A,-,10,21950,A,N,G,A,B,A,H,-,A,A,0,Y,Y,,,Y,,L,04,0,1,0,0,1,0,0,0,0,"- ","- ",,,"SAN FRANCISCO","SAN FRANCISCO",-122.41169988999999,37.78785997
8166071,2016,2016-11-16,3801,2016-10-28,0625,1572,16087,5,5,7,3801,0,0,0,,0,3B1A,"99 TEHAMA ST","TEHAMA ST",0.00,,Y,C,-,N,,,,,,,,,,N,4,0,1,2,A,-,10,21950,A,N,G,B,B,B,H,-,D,D,0,Y,,,,Y,,A,01,0,0,1,0,1,0,0,0,0,"- ","- ",,,"SAN FRANCISCO","SAN FRANCISCO",-122.39765971999999,37.786389139999997
8166077,2016,2016-11-15,3801,2016-10-06,2330,1128,,4,5,7,3801,0,0,0,,0,3F14E,"STANYAN ST","FULTON ST",207.00,S,N,A,-,N,,,,,,,,,,N,2,0,1,2,A,-,11,21955,,N,G,B,D,A,H,-,C,D,0,Y,,,,Y,,N,60,1,0,0,0,1,0,0,0,0,"- ","- ",,,"SAN FRANCISCO","SAN FRANCISCO",-122.45455201999999,37.774187830000002
8166081,2016,2016-11-16,3801,2016-10-21,1732,1418,,5,5,7,3801,0,0,0,,0,013,"MORAGA ST","46TH AV",0.00,,Y,A,-,N,,,,,,,,,,N,4,0,1,2,A,-,10,21950,A,N,G,B,D,A,H,-,A,A,0,Y,,,,Y,,A,07,0,0,1,0,1,0,0,0,0,"- ","- ",,,"SAN FRANCISCO","SAN FRANCISCO",-122.50554991,37.754809999999999
8166093,2016,2016-11-16,3801,2016-10-20,0744,1944,INGLE,4,5,7,3801,0,0,0,,0,001,"TOMPKINS AV","PRENTISS ST",0.00,,Y,A,-,N,,,,,,,,,,N,4,0,1,2,A,-,10,21950,A,N,G,B,B,A,H,-,B,A,0,Y,,,,Y,,A,01,0,0,1,0,1,0,0,0,0,"- ","- ",,,"SAN FRANCISCO","SAN FRANCISCO",-122.41223997,37.737009999999998
8166095,2016,2016-11-16,3801,2016-10-08,1816,1537,MISSN,6,5,7,3801,0,0,0,,0,3D60,"13TH ST","S VAN NESS AV",163.00,W,N,A,-,N,,,,,,,,,,N,3,0,1,2,A,-,21,22106,,F,G,B,F,A,H,-,A,D,0,Y,,,,Y,Y,A,01,0,1,0,0,1,0,0,0,0,"- ","- ",,,"SAN FRANCISCO","SAN FRANCISCO",-122.4183235,37.769806410000001
8166102,2016,2016-11-17,3801,2016-10-18,1640,002256,INGLE,2,5,7,3801,0,0,0,,0,3H16D,"SAN JOSE AV","NIAGARA AV",5.00,S,N,A,-,N,,,,,,,,,,N,3,0,1,2,A,-,11,21950,B,N,G,B,B,A,H,-,A,D,0,Y,,,,Y,,N,60,0,1,0,0,1,0,0,0,0,"- ","- ",,,"SAN FRANCISCO","SAN FRANCISCO",-122.44761800000001,37.719467819999998
8166113,2016,2016-11-16,3801,2016-10-21,1255,2728,TENDE,5,5,7,3801,0,0,0,,0,3J13A,"GOLDEN GATE AV","HYDE ST",0.00,,Y,A,-,N,,,,,,,,,,N,4,0,1,2,A,-,09,21453,B,N,D,B,B,A,H,-,A,A,0,Y,,,,Y,,N,60,0,0,1,0,1,0,0,0,0,"- ","- ",,,"SAN FRANCISCO","SAN FRANCISCO",-122.41549995,37.781649909999999
8166125,2016,2016-11-16,3801,2016-10-24,1157,1154,RICHM,1,5,7,3801,0,0,0,,0,3G4A,"28TH AV","CALIFORNIA ST",0.00,,Y,B,-,N,,,,,,,,,,N,3,0,1,2,A,-,10,21950,A,N,G,B,B,A,H,-,A,D,0,Y,,,,Y,,A,01,0,1,0,0,1,0,0,0,0,"- ","- ",,,"SAN FRANCISCO","SAN FRANCISCO",-122.48820988,37.783729950000001
8166134,2016,2016-11-17,3801,2016-10-12,0956,573,TARAV,3,5,7,3801,0,0,0,,0,4B5G,"SUNSET BL","ORTEGA ST",0.00,,Y,A,-,N,,,,,,,,,,N,3,0,1,2,A,-,10,21950,A,N,G,B,B,A,H,-,-,A,0,Y,,,,Y,,A,01,0,1,0,0,1,0,0,0,0,"- ","- ",37.751649999999998,-122.49496000000001,"SAN FRANCISCO","SAN FRANCISCO",-122.49518986,37.751539889999997
8166137,2016,2016-11-16,3801,2016-10-02,1750,1730,BAYVI,7,5,7,3801,0,0,0,,0,4B4D,"SILVER AV","SOMERSET ST",0.00,,Y,A,-,N,,,,,,,,,,N,2,0,1,2,A,-,03,22350,,N,G,B,B,A,H,-,A,D,0,Y,,,,Y,,A,01,1,0,0,0,1,0,0,0,0,"- ","- ",37.731119999999997,-122.40955,"SAN FRANCISCO","SAN FRANCISCO",-122.4094899,37.73126998
8166142,2016,2016-11-17,3801,2016-10-19,1911,2239,TENDE,3,5,7,3801,0,0,0,,0,3J42C,"GOLDEN GATE AV","HYDE ST",13.00,S,N,A,-,N,,,,,,,,,,N,3,0,1,2,D,-,00,,,N,G,B,B,A,H,-,C,A,0,Y,,,,Y,,-,"- ",0,1,0,0,1,0,0,0,0,"- ","- ",,,"SAN FRANCISCO","SAN FRANCISCO",-122.41554443,37.781644350000001
8166150,2016,2016-11-17,3801,2016-10-20,0738,1574,BAYVI,4,5,7,3801,0,0,0,,0,05C,"3RD ST","HOLLISTER AV",59.00,W,N,A,-,N,,,,,,,,,,N,3,0,1,2,A,-,10,21950,A,F,B,B,B,A,H,-,A,A,0,Y,,,,Y,,-,,0,1,0,0,1,0,0,0,0,"- ","- ",,,"SAN FRANCISCO","SAN FRANCISCO",-122.39611628999999,37.721576710000001
8166157,2016,2016-11-16,3801,2016-10-24,0714,2728,TENDE,1,5,7,3801,0,0,0,,0,3J11A,"MARKET ST","CHARLES J  BRENHAM PL",25.00,W,N,A,-,N,,,,,,,,,,N,3,0,1,2,A,-,17,21457,B,N,A,B,B,A,H,-,B,A,0,Y,,,,Y,,A,01,0,1,0,0,1,0,0,0,0,"- ","- ",,,"SAN FRANCISCO","SAN FRANCISCO",-122.41257125999999,37.780431499999999
8166183,2016,2016-11-16,3801,2016-10-31,2130,2725,BAYVI,1,5,7,3801,0,0,0,,0,3C12E,"NAPOLEON ST","EVANS AV",12.00,E,N,C,-,N,,,,,,,,,,N,3,0,1,2,A,-,10,21950,A,F,A,B,B,B,H,-,C,A,0,Y,,,Y,Y,,N,60,0,1,0,0,1,0,0,0,0,"- ","- ",,,"SAN FRANCISCO","SAN FRANCISCO",-122.39590857,37.747232150000002
8166236,2016,2016-11-16,3801,2016-10-05,0904,1956,TARAV,3,5,7,3801,0,0,0,,0,3I16A,"SAN JOSE AV","SADOWA ST",25.00,S,N,A,-,N,,,,,,,,,,N,4,0,1,2,A,-,11,21955,,N,G,B,D,A,H,-,A,A,0,Y,,,,Y,,N,60,0,0,1,0,1,0,0,0,0,"- ","- ",,,"SAN FRANCISCO","SAN FRANCISCO",-122.45478076000001,37.712234410000001
8166248,2016,2016-11-15,3801,2016-10-31,1440,837,CENTR,1,5,7,3801,0,0,0,,0,3A90C,"COLUMBUS AV","PACIFIC AV",0.00,,Y,A,-,N,,,,,,,,,,N,4,0,1,2,A,-,12,21453,A,F,G,B,B,A,H,-,A,A,0,Y,Y,,,Y,,L,04,0,0,1,0,1,0,0,0,0,"- ","- ",,,"SAN FRANCISCO","SAN FRANCISCO",-122.40538999,37.797059949999998
8166250,2016,2016-11-15,3801,2016-10-12,1630,2334,SOUTH,3,5,7,3801,0,0,0,,0,0B3,"SUMNER ST","9 SUMNER ST",5.00,W,N,A,-,N,,,,,,,,,,N,2,0,1,2,A,-,21,22106,,N,G,B,F,A,H,-,A,D,0,Y,,,,Y,,-,,1,0,0,0,1,0,0,0,0,"- ","- ",,,"SAN FRANCISCO","SAN FRANCISCO",-122.41049767,37.776297720000002
8166251,2016,2016-11-15,3801,2016-10-02,2009,2104,TENDE,7,5,7,3801,0,0,0,,0,3J14D,"6TH ST","MISSION ST",141.00,S,N,A,-,N,,,,,,,,,,N,3,0,1,2,A,-,11,21955,,N,G,B,D,A,H,-,C,D,0,Y,,,,Y,Y,N,60,0,1,0,0,1,0,0,0,0,"- ","- ",,,"SAN FRANCISCO","SAN FRANCISCO",-122.40833925,37.780710669999998
8166252,2016,2016-11-15,3801,2016-10-25,0710,4259,BAYVI,2,5,7,3801,0,0,0,,0,3C62,"3RD ST","NEWCOMB AV",0.00,,Y,A,-,N,,,,,,,,,,N,3,0,1,2,A,-,12,21453,A,F,G,B,B,B,H,-,B,A,0,Y,,,,Y,,A,01,0,1,0,0,1,0,0,0,0,"- ","- ",,,"SAN FRANCISCO","SAN FRANCISCO",-122.39048999000001,37.735629959999997
8166255,2016,2016-12-22,3801,2016-10-01,1930,1564,INGLE,6,5,7,3801,0,0,0,,0,,"GENEVA AV","NAPLES ST",0.00,,Y,-,-,N,,,,,,,,,,N,4,0,1,2,A,-,10,21950,A,F,D,B,B,A,H,-,C,A,0,Y,,,,Y,Y,-,"- ",0,0,1,0,1,0,0,0,0,"- ","- ",,,"SAN FRANCISCO","SAN FRANCISCO",-122.43618988999999,37.714209920000002
8166257,2016,2016-11-15,3801,2016-10-10,1959,1996,CENTR,1,5,7,3801,0,0,0,,0,3A60,"BUSH ST","BUSH ST 566",0.00,,Y,A,-,N,,,,,,,,,,N,4,0,1,2,A,-,11,21955,,N,G,B,D,A,H,-,C,D,0,Y,,,,Y,,N,60,0,0,1,0,1,0,0,0,0,"- ","- ",,,"SAN FRANCISCO","SAN FRANCISCO",-122.40660846,37.790452590000001
8166260,2016,2016-12-22,3801,2016-10-31,1215,1564,INGLE,1,5,7,3801,0,0,0,,0,,"MISSION ST","SANTA ROSA AV",0.00,,Y,-,-,N,,,,,,,,,,N,4,0,1,2,A,-,10,21950,A,F,G,B,B,A,H,-,A,A,0,Y,,,,Y,Y,-,"- ",0,0,1,0,1,0,0,0,0,"- ","- ",,,"SAN FRANCISCO","SAN FRANCISCO",-122.43400988,37.725759920000002
8166262,2016,2016-11-15,3801,2016-10-09,1751,1994,CENTR,7,5,7,3801,0,0,0,,0,4B3B,"PACIFIC AV","LEAVENWORTH ST",11.00,W,N,A,-,N,,,,,,,,,,N,3,0,1,2,A,-,10,21950,A,N,G,B,B,A,H,-,A,A,0,Y,,,,Y,,A,01,0,1,0,0,1,0,0,0,0,"- ","- ",37.795470000000002,-122.41672,"SAN FRANCISCO","SAN FRANCISCO",-122.41667753999999,37.795674929999997
8166268,2016,2016-11-15,3801,2016-10-29,2000,000917,TARAV,6,5,7,3801,0,0,0,,0,4B8E,"ULLOA ST","22ND AV",0.00,,Y,A,-,N,,,,,,,,,,N,2,0,1,2,A,-,11,21954,A,N,G,B,E,A,H,-,C,A,0,Y,,,,Y,,N,60,1,0,0,0,1,0,0,0,0,"- ","- ",,,"SAN FRANCISCO","SAN FRANCISCO",-122.47877999000001,37.741039909999998
8166279,2016,2016-11-15,3801,2016-10-26,0737,439,BAYVI,3,5,7,3801,0,0,0,,0,3C15A,"3RD ST","CARROLL AV",0.00,,Y,A,-,N,,,,,,,,,,N,4,0,1,2,A,-,10,21950,A,N,G,B,B,A,H,-,A,A,0,Y,,,,Y,,A,01,0,0,1,0,1,0,0,0,0,"- ","- ",,,"SAN FRANCISCO","SAN FRANCISCO",-122.39435998,37.725490000000001
8166280,2016,2017-06-13,3801,2016-10-28,1633,GIZZO222,TARAV,5,5,7,3801,0,0,0,,0,3I11D,"RT 1","RIVERA ST",207.00,N,N,A,-,Y,SF,4,1,-,-,2.790,H,-,S,N,1,1,0,2,A,-,11,21954,A,N,G,B,D,A,H,-,A,D,0,Y,,Y,,Y,,N,60,0,0,0,1,0,0,0,0,0,"- ","- ",,,"SAN FRANCISCO","SAN FRANCISCO",-122.47604058,37.747455240000001
8166283,2016,2016-11-15,3801,2016-10-27,1850,112,CENTR,4,5,7,3801,0,0,0,,0,3A11D,BROADWAY,SANSOME,0.00,,Y,C,-,N,,,,,,,,,,N,4,0,1,2,A,-,10,21950,A,F,G,B,B,B,H,-,C,A,0,Y,,,,Y,,-,,0,0,1,0,1,0,0,0,0,"- ","- ",,,"SAN FRANCISCO","SAN FRANCISCO",-122.40222993,37.798449939999998
8166298,2016,2016-11-15,3801,2016-10-02,1710,685,NORTH,7,5,7,3801,0,0,0,,0,E60,"HAYES ST","WEBSTER ST",0.00,,Y,A,-,N,,,,,,,,,,N,2,0,1,2,A,-,08,22107,,N,G,B,E,A,H,-,A,A,0,Y,,,,Y,,A,01,1,0,0,0,1,0,0,0,0,"- ","- ",,,"SAN FRANCISCO","SAN FRANCISCO",-122.42953998999999,37.776039990000001
8166299,2016,2016-11-15,3801,2016-10-01,0821,2078,CENTR,6,5,7,3801,0,0,0,,0,3A13A,"MASON ST","FILBERT ST",0.00,,Y,A,-,N,,,,,,,,,,N,4,0,1,2,A,-,10,21950,A,N,G,B,B,A,H,-,A,A,0,Y,,,,Y,,A,08,0,0,1,0,1,0,0,0,0,"- ","- ",,,"SAN FRANCISCO","SAN FRANCISCO",-122.41264999000001,37.800979939999998
8166301,2016,2016-11-15,3801,2016-10-13,1013,1917,TARAV,4,5,7,3801,0,0,0,,0,3I16A,"38TH AV","IRVING ST",0.00,,Y,A,-,N,,,,,,,,,,N,4,0,1,2,A,-,10,21950,A,N,G,B,B,A,H,-,A,A,0,Y,,,,Y,,A,01,0,0,1,0,1,0,0,0,0,"- ","- ",,,"SAN FRANCISCO","SAN FRANCISCO",-122.49747987000001,37.762679990000002
8166304,2016,2016-11-15,3801,2016-10-27,1911,004366,PARK,4,5,7,3801,0,0,0,,0,3F13D,"MCALLISTER ST","PARKER AV",0.00,,Y,C,-,N,,,,,,,,,,N,4,0,1,2,A,-,10,21950,A,N,G,B,-,B,H,-,C,D,0,Y,,,,Y,,A,01,0,0,1,0,1,0,0,0,0,"- ","- ",,,"SAN FRANCISCO","SAN FRANCISCO",-122.45298991999999,37.77573993
8166306,2016,2016-11-15,3801,2016-10-06,0520,4222,COH,4,5,7,3801,0,0,0,,0,3H11E,"MISSION ST","GENEVA AV",155.00,N,N,A,-,N,,,,,,,,,,N,4,0,1,2,A,-,11,21954,A,M,A,B,D,A,H,-,C,D,0,Y,,,,Y,,N,60,0,0,1,0,1,0,0,0,0,"- ","- ",,,"SAN FRANCISCO","SAN FRANCISCO",-122.44074798,37.716765819999999
8166307,2016,2016-11-15,3801,2016-10-31,0900,987,TARAV,1,5,7,3801,0,0,0,,0,,"NORIEGA ST","27TH AV",5.00,W,N,A,-,N,,,,,,,,,,N,3,0,1,2,D,-,00,,,N,G,B,B,A,H,-,C,D,0,Y,,,,Y,,-,"- ",0,1,0,0,1,0,0,0,0,"- ","- ",,,"SAN FRANCISCO","SAN FRANCISCO",-122.48506727,37.75385919
8166310,2016,2016-11-15,3801,2016-10-06,0515,1998,INGLE,4,5,7,3801,0,0,0,,0,3H13E,"GENEVA AV","PARIS ST",0.00,,Y,A,-,N,,,,,,,,,,N,4,0,1,2,A,-,10,21950,A,N,G,B,B,A,H,-,C,A,0,Y,,,,Y,,A,01,0,0,1,0,1,0,0,0,0,"- ","- ",,,"SAN FRANCISCO","SAN FRANCISCO",-122.43942991,37.71567993
8166313,2016,2016-11-15,3801,2016-10-12,1633,2739,BAYVI,3,5,7,3801,0,0,0,,0,3C11C,"3RD ST",REVERE,0.00,,Y,A,-,N,,,,,,,,,,N,3,0,1,2,A,-,08,22107,,N,G,B,B,A,H,-,A,A,0,Y,,,,Y,,A,01,0,1,0,0,1,0,0,0,0,"- ","- ",,,"SAN FRANCISCO","SAN FRANCISCO",-122.39160997,37.732439980000002
8166314,2016,2016-11-15,3801,2016-10-04,1940,1133,BAYVI,2,5,7,3801,0,0,0,,0,3C13D,"BAYSHORE BL","SILVER AV",50.00,S,N,A,-,N,,,,,,,,,,N,2,0,1,2,A,-,11,21954,A,N,G,B,D,A,H,-,C,A,0,Y,,,,Y,,N,60,1,0,0,0,1,0,0,0,0,"- ","- ",,,"SAN FRANCISCO","SAN FRANCISCO",-122.4045833,37.73283327
8166317,2016,2016-11-15,3801,2016-10-11,2028,2220,CENTR,2,5,7,3801,0,0,0,,0,3A14D,"BROADWAY ST","KEARNY ST",0.00,,Y,A,-,N,,,,,,,,,,N,4,0,1,2,A,-,10,21950,A,N,G,B,B,A,H,-,C,A,0,Y,,,,Y,,A,01,0,0,1,0,1,0,0,0,0,"- ","- ",,,"SAN FRANCISCO","SAN FRANCISCO",-122.40548993,37.798019969999999
8166323,2016,2016-11-15,3801,2016-10-16,0552,544,TENDE,7,5,7,3801,0,0,0,,0,3J72,"6TH ST","JESSIE ST",0.00,,Y,B,-,N,,,,,,,,,,N,3,0,1,2,A,-,10,21950,A,N,D,B,B,B,H,-,C,D,0,Y,,Y,,Y,,C,02,0,1,0,0,1,0,0,0,0,"- ","- ",,,"SAN FRANCISCO","SAN FRANCISCO",-122.40920997000001,37.781399989999997
8166324,2016,2016-12-21,3801,2016-10-16,1454,1826,TARAV,7,5,7,3801,0,0,0,,0,3CAR,"TARAVAL ST","40TH AV",60.00,E,N,C,-,N,,,,,,,,,,N,4,0,1,2,A,-,06,21756,A,N,G,B,E,B,H,-,A,A,0,Y,,,,Y,,A,01,0,0,1,0,1,0,0,0,0,"- ","- ",,,"SAN FRANCISCO","SAN FRANCISCO",-122.49798266000001,37.742057680000002
8166325,2016,2016-11-15,3801,2016-10-26,2144,2117,MISSI,3,5,7,3801,0,0,0,,0,3D13E,"MARKET ST","16TH ST",0.00,,Y,A,-,N,,,,,,,,,,N,2,0,1,2,A,-,11,21453,D,N,G,B,B,A,H,-,C,A,0,Y,,,,Y,,N,60,1,0,0,0,1,0,0,0,0,"- ","- ",,,"SAN FRANCISCO","SAN FRANCISCO",-122.43313992,37.764239959999998
8166326,2016,2016-11-15,3801,2016-10-10,0626,1976,COH,1,5,7,3801,0,0,0,,0,3H16A,"ARLETA AV","RUTLAND ST",0.00,,Y,F,-,N,,,,,,,,,,N,4,0,1,2,A,-,10,21950,A,N,G,B,B,A,H,-,C,A,0,Y,,,,Y,,-,,0,0,1,0,1,0,0,0,0,"- ","- ",,,"SAN FRANCISCO","SAN FRANCISCO",-122.40676988,37.713889930000001
8166331,2016,2016-11-15,3801,2016-10-14,2105,796,NORTH,5,5,7,3801,0,0,0,,0,3E12E,"POLK ST","MCALLISTER ST",0.00,,Y,A,-,N,,,,,,,,,,N,3,0,2,3,A,-,10,21950,A,N,G,B,B,A,H,-,C,A,0,Y,,,,Y,,A,01,0,2,0,0,2,0,0,0,0,"- ","- ",,,"SAN FRANCISCO","SAN FRANCISCO",-122.41859999,37.780269910000001
8166341,2016,2016-11-15,3801,2016-10-25,1833,004375,TARAV,2,5,7,3801,0,0,0,,0,3I11D,"VICENTE ST","23RD AV",0.00,,Y,A,-,N,,,,,,,,,,Y,2,0,1,2,A,-,01,23153,A,N,G,B,B,A,H,-,B,A,0,Y,,,,Y,Y,A,01,1,0,0,0,1,0,0,0,0,"- ","- ",,,"SAN FRANCISCO","SAN FRANCISCO",-122.47973991000001,37.739119940000002
8166344,2016,2016-12-21,3801,2016-10-14,1048,2703,INGLE,5,5,7,3801,0,0,0,,0,03H,"MISSION ST","CORTLAND ST",35.00,N,N,C,-,N,,,,,,,,,,N,3,0,1,2,A,-,"- ",,,M,G,B,F,B,H,-,A,D,0,Y,Y,,,Y,,L,04,0,1,0,0,1,0,0,0,0,"- ","- ",,,"SAN FRANCISCO","SAN FRANCISCO",-122.42278641,37.741096220000003
8166346,2016,2016-12-19,3801,2016-10-19,1823,1396,SOUTH,3,5,7,3801,0,0,0,,0,3B61,"3RD ST","HOWARD ST",216.00,S,N,A,-,N,,,,,,,,,,N,2,0,1,2,A,-,21,22106,,N,G,B,D,A,H,-,B,D,0,Y,,,,Y,,A,01,1,0,0,0,1,0,0,0,0,"- ","- ",,,"SAN FRANCISCO","SAN FRANCISCO",-122.39996979999999,37.78459162
8166353,2016,2016-12-21,3801,2016-10-18,0920,2235,CENTR,2,5,7,3801,0,0,0,,0,005,"SANSOME ST","PINE ST",0.00,,Y,A,-,N,,,,,,,,,,N,4,0,1,2,A,-,10,21950,A,F,G,B,B,A,H,-,A,A,0,Y,,,,Y,,A,01,0,0,1,0,1,0,0,0,0,"- ","- ",,,"SAN FRANCISCO","SAN FRANCISCO",-122.40091997,37.792099899999997
8166354,2016,2016-11-15,3801,2016-10-10,1003,1339,NORTH,1,5,7,3801,0,0,0,,0,,"PACIFIC AV","WEBSTER ST",0.00,,Y,A,B,N,,,,,,,,,,N,4,0,1,2,A,-,10,21950,A,N,G,B,B,A,H,-,A,A,0,Y,,,,Y,,A,01,0,0,1,0,1,0,0,0,0,"- ","- ",,,"SAN FRANCISCO","SAN FRANCISCO",-122.43308995,37.793559899999998
8166359,2016,2016-12-22,3801,2016-10-06,0540,4315,SOUTH,4,5,7,3801,0,0,0,,0,3B14A,"BRANNAN ST","7TH ST",0.00,,Y,A,-,N,,,,,,,,,,N,3,0,1,2,A,-,10,21950,A,N,G,B,B,A,H,-,C,A,0,Y,,,,Y,,A,01,0,1,0,0,1,0,0,0,0,"- ","- ",,,"SAN FRANCISCO","SAN FRANCISCO",-122.40320996,37.773049980000003
8166365,2016,2016-11-15,3801,2016-10-15,1459,001523,,6,5,7,3801,0,0,0,,0,002,"GOLDEN GATE AV","FRANKLIN ST",0.00,,Y,C,-,N,,,,,,,,,,N,3,0,1,2,A,-,11,21955,,N,G,B,D,B,-,-,A,A,0,Y,,,,Y,Y,N,60,0,1,0,0,1,0,0,0,0,"- ","- ",,,"SAN FRANCISCO","SAN FRANCISCO",-122.4221,37.780819940000001
8166366,2016,2016-11-15,3801,2016-10-01,2000,2026,TARAV,6,5,7,3801,0,0,0,,0,3I13D,"41ST AV","LINCOLN WY",5.00,S,N,A,-,N,,,,,,,,,,N,4,0,1,2,A,-,10,21950,A,N,G,B,B,A,H,-,C,A,0,Y,,,,Y,,A,01,0,0,1,0,1,0,0,0,0,"- ","- ",,,"SAN FRANCISCO","SAN FRANCISCO",-122.50084884,37.764396300000001
8166373,2016,2017-02-18,3801,2016-10-18,0550,0262,NORTH,2,5,7,3801,0,0,0,,0,3E11A,"VAN NESS AV","MARKET ST",93.00,N,N,A,-,Y,SF,4,101,-,T,4.880,H,-,N,N,3,0,1,2,A,-,11,21950,B,N,G,B,D,A,H,-,C,D,0,Y,,,,Y,,N,60,0,1,0,0,1,0,0,0,0,"- ","- ",,,"SAN FRANCISCO","SAN FRANCISCO",-122.41924935999999,37.775453749999997