CASE_ID,ACCIDENT_YEAR,PROC_DATE,JURIS,COLLISION_DATE,COLLISION_TIME,OFFICER_ID,REPORTING_DISTRICT,DAY_OF_WEEK,CHP_SHIFT,POPULATION,CNTY_CITY_LOC,SPECIAL_COND,BEAT_TYPE,CHP_BEAT_TYPE,CITY_DIVISION_LAPD,CHP_BEAT_CLASS,BEAT_NUMBER,PRIMARY_RD,SECONDARY_RD,DISTANCE,DIRECTION,INTERSECTION,WEATHER_1,WEATHER_2,STATE_HWY_IND,CALTRANS_COUNTY,CALTRANS_DISTRICT,STATE_ROUTE,ROUTE_SUFFIX,POSTMILE_PREFIX,POSTMILE,LOCATION_TYPE,RAMP_INTERSECTION,SIDE_OF_HWY,TOW_AWAY,COLLISION_SEVERITY,NUMBER_KILLED,NUMBER_INJURED,PARTY_COUNT,PRIMARY_COLL_FACTOR,PCF_CODE_OF_VIOL,PCF_VIOL_CATEGORY,PCF_VIOLATION,PCF_VIOL_SUBSECTION,HIT_AND_RUN,TYPE_OF_COLLISION,MVIW,PED_ACTION,ROAD_SURFACE,ROAD_COND_1,ROAD_COND_2,LIGHTING,CONTROL_DEVICE,CHP_ROAD_TYPE,PEDESTRIAN_ACCIDENT,BICYCLE_ACCIDENT,MOTORCYCLE_ACCIDENT,TRUCK_ACCIDENT,NOT_PRIVATE_PROPERTY,ALCOHOL_INVOLVED,STWD_VEHTYPE_AT_FAULT,CHP_VEHTYPE_AT_FAULT,COUNT_SEVERE_INJ,COUNT_VISIBLE_INJ,COUNT_COMPLAINT_PAIN,COUNT_PED_KILLED,COUNT_PED_INJURED,COUNT_BICYCLIST_KILLED,COUNT_BICYCLIST_INJURED,COUNT_MC_KILLED,COUNT_MC_INJURED,PRIMARY_RAMP,SECONDARY_RAMP,LATITUDE,LONGITUDE,COUNTY,CITY,POINT_X,POINT_Y
8166375,2016,2016-11-15,3801,2016-10-10,1805,1075,NORTH,1,5,7,3801,0,0,0,,0,3E11,"SUTTER ST","GOUGH ST",0.00,,Y,A,-,N,,,,,,,,,,N,4,0,1,2,A,-,10,21950,A,N,G,B,B,A,H,-,B,A,0,Y,,,,Y,,A,01,0,0,1,0,1,0,0,0,0,"- ","- ",,,"SAN FRANCISCO","SAN FRANCISCO",-122.42503999,37.787139940000003
8166394,2016,2016-12-21,3801,2016-10-10,1623,2708,MISSI,1,5,7,3801,0,0,0,,0,3D15C,"MISSION ST","26TH ST",0.00,,Y,A,-,N,,,,,,,,,,N,4,0,1,2,A,-,10,21950,A,N,G,B,B,A,H,-,A,A,0,Y,,,,Y,,A,01,0,0,1,0,1,0,0,0,0,"- ","- ",,,"SAN FRANCISCO","SAN FRANCISCO",-122.41813993,37.749059950000003
8166395,2016,2016-11-15,3801,2016-10-15,2250,2330,TARAV,6,5,7,3801,0,0,0,,0,5CAR,"WINSTON DR","19TH AV",3.00,W,N,A,-,N,,,,,,,,,,N,4,0,1,2,A,-,10,21950,A,F,G,B,B,B,H,-,C,A,0,Y,,,,Y,Y,A,01,0,0,1,0,1,0,0,0,0,"- ","- ",,,"SAN FRANCISCO","SAN FRANCISCO",-122.47505037000001,37.726930209999999
8166399,2016,2016-11-15,3801,2016-10-06,0814,1887,TENDE,4,5,7,3801,0,0,0,,0,4B1C,"GOLDEN GATE AV","JONES ST",10.00,W,N,A,-,N,,,,,,,,,,N,4,0,1,2,A,-,11,21950,B,N,G,B,B,A,H,-,A,A,0,Y,,,,Y,,N,60,0,0,1,0,1,0,0,0,0,"- ","- ",,,"SAN FRANCISCO","SAN FRANCISCO",-122.41226417,37.782075599999999
8166421,2016,2017-03-03,3801,2016-10-12,2021,54,NORTH,3,5,7,3801,0,0,0,,0,3E13D,"VAN NESS AV","PACIFIC AV",0.00,,Y,A,-,Y,SF,4,101,-,-,6.250,I,5,S,N,4,0,1,2,A,-,10,21950,A,N,G,B,B,A,H,-,C,A,0,Y,,,,Y,,A,01,0,0,1,0,1,0,0,0,0,"- ","- ",,,"SAN FRANCISCO","SAN FRANCISCO",-122.42334241,37.794815790000001
8166435,2016,2016-11-14,3801,2016-09-26,1022,991,SOUTH,1,5,7,3801,0,0,0,,0,4B2B,"4TH ST","TOWNSEND ST",0.00,,Y,A,-,N,,,,,,,,,,N,4,0,1,2,A,-,10,21950,A,N,G,B,B,A,D,-,A,A,0,Y,,,,Y,,A,01,0,0,1,0,1,0,0,0,0,"- ","- ",37.777169999999998,-122.39503999999999,"SAN FRANCISCO","SAN FRANCISCO",-122.39498995,37.777109969999998
8166446,2016,2016-11-16,3801,2016-10-27,1950,4356,INGLE,4,5,7,3801,0,0,0,,0,3H15D,"SAN JOSE AV","29TH ST",0.00,,Y,C,-,N,,,,,,,,,,N,4,0,1,2,A,-,10,21950,A,F,G,B,B,B,H,-,C,A,0,Y,,,,Y,,-,,0,0,1,0,1,0,0,0,0,"- ","- ",,,"SAN FRANCISCO","SAN FRANCISCO",-122.42274999999999,37.743929899999998
8166475,2016,2016-11-14,3801,2016-09-27,2021,256,INGLE,2,5,7,3801,0,0,0,,0,4B8I,"MISSION ST","RUSSIA AV",40.00,N,N,A,-,N,,,,,,,,,,N,2,0,1,3,A,-,11,21955,,F,G,B,D,A,H,-,C,D,0,Y,,,,Y,Y,N,60,1,0,0,0,1,0,0,0,0,"- ","- ",37.721690000000002,-122.43716999999999,"SAN FRANCISCO","SAN FRANCISCO",-122.43710900000001,37.721664310000001
8166524,2016,2016-11-21,3801,2016-10-26,1300,795,MISIS,3,5,7,3801,0,0,0,,0,4CAR,"POTRERO AV","20TH ST",0.00,,Y,A,-,N,,,,,,,,,,N,4,0,1,2,D,-,00,,,N,G,B,B,A,H,-,A,A,0,Y,,,,Y,,-,"- ",0,0,1,0,1,0,0,0,0,"- ","- ",,,"SAN FRANCISCO","SAN FRANCISCO",-122.40694992,37.759369980000002
8166737,2016,2017-02-27,3801,2016-12-03,1727,1994,INGLE,6,5,7,3801,0,0,0,,0,4B3B,"MONTEREY BL","VALDEZ AV",13.00,E,N,A,-,N,,,,,,,,,,N,1,1,1,3,A,-,10,21950,A,F,G,B,B,A,H,-,C,D,0,Y,,,,Y,,D,22,0,0,1,1,1,0,0,0,0,"- ","- ",37.731479999999998,-122.45594,"SAN FRANCISCO","SAN FRANCISCO",-122.45572548,37.731375
8167156,2018,2018-06-12,3801,2018-02-24,0624,1917,TARAV,6,5,7,3801,0,0,0,,0,3I16A,"SAN JOSE ST","RICE ST",5.00,N,N,A,-,Y,SF,4,82,-,-,0.080,I,5,N,Y,1,1,0,3,A,-,10,21950,A,N,G,B,B,A,H,-,C,D,0,Y,,,,Y,,A,07,0,0,0,1,0,0,0,0,0,"- ","- ",,,"SAN FRANCISCO","SAN FRANCISCO",-122.458251953125,37.709003448486328
8167158,2018,2018-06-05,3801,2018-03-15,0500,1486,CENTR,4,5,7,3801,0,0,0,,0,4B1H,BROADWAY,"STOCKTON ST",34.00,W,N,C,-,N,,,,,,,,,,Y,1,1,0,2,A,-,11,21956,A,N,G,B,D,B,C,-,C,A,0,Y,,,,Y,,N,60,0,0,0,1,0,0,0,0,0,"- ","- ",37.797630310058594,-122.40886688232422,"SAN FRANCISCO","SAN FRANCISCO",-122.40871429443359,37.797645568847656
8167171,2018,2018-06-06,3801,2018-04-17,0900,1043,TARAV,2,5,7,3801,0,0,0,,0,4B2D,"OCEAN AV","VICTORIA ST",0.00,,Y,A,-,N,,,,,,,,,,Y,1,1,0,2,A,-,10,21950,A,N,G,B,B,A,H,-,A,A,0,Y,,,,Y,,D,22,0,0,0,1,0,0,0,0,0,"- ","- ",,,"SAN FRANCISCO","SAN FRANCISCO",-122.46424865722656,37.726020812988281
8167716,2019,2020-01-29,3801,2019-08-16,2211,2287,NORTH,5,5,7,3801,0,0,0,,0,3E60,"VAN NESS AV","HAYES ST",6.00,N,N,A,-,Y,SF,4,101,-,T,5.010,I,5,N,N,2,0,1,2,A,-,11,21453,D,F,G,B,B,A,H,-,C,A,0,Y,,,,Y,Y,N,60,1,0,0,0,1,0,0,0,0,"- ","- ",,,"SAN FRANCISCO","SAN FRANCISCO",-122.41963195800781,37.777317047119141
8171534,2016,2016-11-22,3801,2016-10-12,1134,750,TENDE,3,5,7,3801,0,0,0,,0,3J11A,"GOLDEN GATE AV","HYDE ST",0.00,,Y,A,-,N,,,,,,,,,,N,4,0,1,2,A,-,10,21950,A,N,G,B,B,A,H,-,A,A,0,Y,,,,Y,,A,01,0,0,1,0,1,0,0,0,0,"- ","- ",,,"SAN FRANCISCO","SAN FRANCISCO",-122.41549995,37.781649909999999
8180219,2016,2017-01-12,3801,2016-11-22,0643,253,NTHRN,2,5,7,3801,0,0,0,,0,3E16A,"VAN NESS AV","PACIFIC AV",3.00,N,N,A,-,N,,,,,,,,,,N,4,0,1,2,A,-,"- ",,,N,-,-,-,A,H,-,A,-,0,Y,,,,Y,,N,60,0,0,1,0,1,0,0,0,0,"- ","- ",,,"SAN FRANCISCO","SAN FRANCISCO",-122.42332171,37.794828129999999
8183298,2016,2016-12-13,3801,2016-11-07,0842,000443,BAYVW,1,5,7,3801,0,0,0,,0,4C1,"DAKOTA ST","25TH ST",69.00,N,N,A,-,N,,,,,,,,,,Y,4,0,1,2,A,-,21,22106,,F,G,B,E,A,H,-,A,D,0,Y,,,,Y,,D,22,0,0,1,0,1,0,0,0,0,"- ","- ",,,"SAN FRANCISCO","SAN FRANCISCO",-122.39468144999999,37.752599289999999
8183302,2016,2016-12-13,3801,2016-11-17,1249,1075,CNTRL,4,5,7,3801,0,0,0,,0,3A15C,"SANSOME ST","BUSH ST",50.00,N,N,A,-,N,,,,,,,,,,N,4,0,1,2,A,-,21,22106,,N,E,I,F,A,H,-,A,D,0,Y,,,,Y,,I,11,0,0,1,0,1,0,0,0,0,"- ","- ",,,"SAN FRANCISCO","SAN FRANCISCO",-122.40074151,37.791335060000002
8183338,2016,2016-12-13,3801,2016-11-13,1556,466,TENDE,7,5,7,3801,0,0,0,,0,003,"HYDE ST","TURK ST",0.00,,Y,A,-,N,,,,,,,,,,N,4,0,1,2,A,-,10,21950,A,N,G,B,B,A,H,-,A,A,0,Y,,,,Y,,I,11,0,0,1,0,1,0,0,0,0,"- ","- ",,,"SAN FRANCISCO","SAN FRANCISCO",-122.41568995,37.782569889999998
8183443,2016,2016-12-12,3801,2016-11-21,1851,152,TARAV,1,5,7,3801,0,0,0,,0,3I3,"JUDAH ST","47TH AV",112.00,W,N,A,-,N,,,,,,,,,,N,3,0,1,2,A,-,06,21756,A,N,G,B,D,A,H,-,C,D,0,Y,,,,Y,,A,01,0,1,0,0,1,0,0,0,0,"- ","- ",,,"SAN FRANCISCO","SAN FRANCISCO",-122.50740661,37.760358519999997
8183456,2016,2016-12-12,3801,2016-11-14,1509,1117,RICHM,1,5,7,3801,0,0,0,,0,3G13C,"GEARY BL","18TH AV",10.00,W,N,A,-,N,,,,,,,,,,N,4,0,1,2,A,-,00,20001,A,F,G,B,F,A,H,-,A,A,0,Y,Y,,,Y,Y,L,04,0,0,1,0,1,0,0,0,0,"- ","- ",,,"SAN FRANCISCO","SAN FRANCISCO",-122.47728454999999,37.780488300000002
8183458,2016,2016-12-12,3801,2016-11-28,1727,2206,RICHM,1,5,7,3801,0,0,0,,0,002,"EUCLID AV","LAUREL AV",0.00,,Y,A,-,N,,,,,,,,,,N,3,0,1,2,A,-,10,21954,B,N,G,B,D,A,-,-,C,D,0,Y,,,,Y,,A,01,0,1,0,0,1,0,0,0,0,"- ","- ",,,"SAN FRANCISCO","SAN FRANCISCO",-122.44928994999999,37.7846799
8183462,2016,2016-12-09,3801,2016-11-28,1154,427,SOUTH,1,5,7,3801,0,0,0,,0,3B43,"3RD ST","FOLSOM ST",0.00,,Y,A,-,N,,,,,,,,,,N,2,0,1,2,A,-,11,21456,B,N,G,B,B,A,H,-,A,A,0,Y,,,,Y,,N,60,1,0,0,0,1,0,0,0,0,"- ","- ",,,"SAN FRANCISCO","SAN FRANCISCO",-122.39895997000001,37.783779989999999
8183467,2016,2016-12-09,3801,2016-11-11,0735,73,PARK,5,5,7,3801,0,0,0,,0,4B5F,"KEZAR DR","MARTIN LUTHER KING JR DR",0.00,,Y,A,-,N,,,,,,,,,,N,4,0,2,3,A,-,10,21950,A,N,G,B,B,A,H,-,A,A,0,Y,,,,Y,,A,01,0,0,2,0,2,0,0,0,0,"- ","- ",37.76728,-122.45865999999999,"SAN FRANCISCO","SAN FRANCISCO",-122.45867998999999,37.767189940000002
8183479,2016,2016-12-09,3801,2016-11-20,1720,4335,BAYVI,7,5,7,3801,0,0,0,,0,903,"SILVER AV","HAMILTON ST",50.00,W,N,-,-,N,,,,,,,,,,N,4,0,1,2,A,-,11,21955,,N,-,B,D,-,-,-,-,D,0,Y,,,,Y,,N,60,0,0,1,0,1,0,0,0,0,"- ","- ",,,"SAN FRANCISCO","SAN FRANCISCO",-122.41153718,37.7305627
8183484,2016,2017-01-12,3801,2016-11-08,0755,142,TENDE,2,5,7,3801,0,0,0,,0,3J11A,"JONES ST","EDDY ST",0.00,,Y,A,-,N,,,,,,,,,,N,4,0,1,2,A,-,11,21456,B,N,A,B,B,A,H,-,A,A,0,Y,,,,Y,,N,60,0,0,1,0,1,0,0,0,0,"- ","- ",,,"SAN FRANCISCO","SAN FRANCISCO",-122.41258998000001,37.78393999
8183491,2016,2016-12-09,3801,2016-11-21,1705,02334,SOUTH,1,5,7,3801,0,0,0,,0,0B3,"MISSION ST","7TH ST",0.00,,Y,B,-,N,,,,,,,,,,N,3,0,1,2,D,-,00,,,F,G,B,B,A,H,-,A,A,0,Y,,,,Y,,-,"- ",0,1,0,0,1,0,0,0,0,"- ","- ",,,"SAN FRANCISCO","SAN FRANCISCO",-122.41089991,37.779209899999998
8183498,2016,2016-12-09,3801,2016-11-18,0755,573,NORTH,5,5,7,3801,0,0,0,,0,4B5G,"CALIFORNIA ST","STEINER ST",0.00,,Y,A,-,N,,,,,,,,,,N,2,0,1,2,A,-,10,21950,A,N,G,B,B,A,H,-,A,A,0,Y,,,,Y,,A,01,1,0,0,0,1,0,0,0,0,"- ","- ",37.788550000000001,-122.43536,"SAN FRANCISCO","SAN FRANCISCO",-122.43549,37.788709949999998
8183499,2016,2017-01-12,3801,2016-11-21,0813,1513,RICHM,1,5,7,3801,0,0,0,,0,3G12A,"CALIFORNIA ST","SPRUCE ST",120.00,E,N,A,-,N,,,,,,,,,,N,4,0,1,2,A,-,21,22106,,M,B,B,F,A,H,-,A,D,0,Y,,,,Y,,A,01,0,0,1,0,1,0,0,0,0,"- ","- ",,,"SAN FRANCISCO","SAN FRANCISCO",-122.4529998,37.786451900000003
8183500,2016,2016-12-12,3801,2016-11-16,1038,01081,TARAV,3,5,7,3801,0,0,0,,0,3I15A,"LAKE MERCED BL","JOHN MUIR DR",0.00,,Y,A,-,N,,,,,,,,,,N,4,0,1,2,A,-,10,21950,A,N,G,B,B,A,H,-,A,A,0,Y,,,,Y,,A,01,0,0,1,0,1,0,0,0,0,"- ","- ",,,"SAN FRANCISCO","SAN FRANCISCO",-122.4857399,37.708109929999999
8183504,2016,2016-12-12,3801,2016-11-16,2205,260,TENDE,3,5,7,3801,0,0,0,,0,3J13E,"6TH ST","MARKET ST",51.00,S,N,A,-,N,,,,,,,,,,N,4,0,1,3,A,-,03,22350,,F,B,E,F,A,H,-,C,D,0,Y,,,,Y,,A,08,0,0,1,0,1,0,0,0,0,"- ","- ",,,"SAN FRANCISCO","SAN FRANCISCO",-122.4101687,37.78214638
8183507,2016,2017-02-22,3801,2016-11-16,1552,899,INGLE,3,5,7,3801,0,0,0,,0,4B3E,"OCEAN AV","RT 280",19.00,S,N,A,-,Y,SF,4,280,-,R,1.852,R,4,N,Y,4,0,1,3,A,-,04,21703,,N,G,B,E,A,D,-,A,A,0,Y,,,,Y,,A,01,0,0,1,0,1,0,0,0,0,"- ",NO,,,"SAN FRANCISCO","SAN FRANCISCO",-122.44726203,37.72411365
8183509,2016,2016-12-09,3801,2016-11-19,0043,1696,NORTH,6,5,7,3801,0,0,0,,0,3E12E,"FRANKLIN ST","OAK ST",0.00,,Y,A,-,N,,,,,,,,,,Y,4,0,1,2,A,-,12,21453,A,F,G,B,B,A,H,-,C,A,0,Y,,Y,,Y,Y,C,02,0,0,1,0,1,0,0,0,0,"- ","- ",,,"SAN FRANCISCO","SAN FRANCISCO",-122.42094985999999,37.77520998
8183511,2016,2016-12-12,3801,2016-11-17,1853,1994,NORTH,4,5,7,3801,0,0,0,,0,4B3B,"EDDY ST","POLK ST",100.00,E,N,A,-,N,,,,,,,,,,N,4,0,1,2,A,-,11,21954,A,N,G,B,D,A,H,-,C,A,0,Y,,,,Y,,N,60,0,0,1,0,1,0,0,0,0,"- ","- ",37.783180000000002,-122.41922,"SAN FRANCISCO","SAN FRANCISCO",-122.41883859000001,37.783125249999998
8183514,2016,2016-12-09,3801,2016-11-20,1226,1268,TENDE,7,5,7,3801,0,0,0,,0,3J12A,"5TH ST","STEVENSON ST",100.00,S,N,B,-,N,,,,,,,,,,N,4,0,1,2,A,-,11,21955,,N,G,B,E,B,H,-,A,D,0,Y,,,,Y,,N,60,0,0,1,0,1,0,0,0,0,"- ","- ",,,"SAN FRANCISCO","SAN FRANCISCO",-122.40720686,37.783322640000002
8183519,2016,2017-01-10,3801,2016-11-21,2012,2069,BAYVI,1,5,7,3801,0,0,0,,0,901,"INGALLS ST","LA SALLE AV",0.00,,Y,A,-,N,,,,,,,,,,N,2,0,1,2,A,-,10,21950,A,F,G,B,B,A,H,-,C,D,0,Y,,,,Y,,-,,1,0,0,0,1,0,0,0,0,"- ","- ",,,"SAN FRANCISCO","SAN FRANCISCO",-122.38145994,37.73059997
8183521,2016,2016-12-09,3801,2016-11-15,1648,001340,RICHM,2,5,7,3801,0,0,0,,0,3G12D,"GEARY BL","MASONIC AV",84.00,E,N,B,-,N,,,,,,,,,,N,3,0,1,2,A,-,11,21954,A,N,G,B,D,A,H,-,B,A,0,Y,,,,Y,,N,60,0,1,0,0,1,0,0,0,0,"- ","- ",,,"SAN FRANCISCO","SAN FRANCISCO",-122.44758023,37.782261099999999
8183522,2016,2016-12-12,3801,2016-11-13,0030,1238,SOUTH,7,5,7,3801,0,0,0,,0,0B2,"NATOMA ST","MARY ST",0.00,,Y,A,-,N,,,,,,,,,,N,4,0,1,3,A,-,11,21954,A,F,G,B,E,A,H,-,C,A,0,Y,,,,Y,Y,N,60,0,0,1,0,1,0,0,0,0,"- ","- ",,,"SAN FRANCISCO","SAN FRANCISCO",-122.40622988,37.781319949999997
8183537,2016,2016-12-09,3801,2016-11-16,1740,358,COE,3,5,7,3801,0,0,0,,0,3E11D,"STEINER ST","HAIGHT ST",86.00,S,N,A,-,N,,,,,,,,,,N,2,0,1,2,A,-,11,21954,A,N,D,B,E,A,H,-,C,D,0,Y,,,,Y,,N,60,1,0,0,0,1,0,0,0,0,"- ","- ",,,"SAN FRANCISCO","SAN FRANCISCO",-122.43203333,37.771656669999999
8183545,2016,2016-12-09,3801,2016-11-16,0844,2337,INGLE,3,5,7,3801,0,0,0,,0,3H15A,MISSION,NAGLEE,0.00,,Y,A,-,N,,,,,,,,,,N,2,0,1,2,A,-,11,21453,D,N,G,B,B,A,H,-,A,A,0,Y,,,,Y,,N,60,1,0,0,0,1,0,0,0,0,"- ","- ",,,"SAN FRANCISCO","SAN FRANCISCO",-122.44612991,37.711599919999998
8183558,2016,2016-12-12,3801,2016-11-10,1730,000302,NORTH,4,5,7,3801,0,0,0,,0,3E14D,"SACRAMENTO ST","LAGUNA ST",0.00,,Y,A,-,N,,,,,,,,,,N,3,0,1,2,A,-,10,21950,A,N,G,B,B,A,H,-,C,D,0,Y,,,,Y,,A,01,0,1,0,0,1,0,0,0,0,"- ","- ",,,"SAN FRANCISCO","SAN FRANCISCO",-122.42907987,37.790459920000004
8183566,2016,2016-12-12,3801,2016-11-03,1800,2719,,4,5,7,3801,0,0,0,,0,005,"MISSION ST","4TH ST",262.00,E,N,A,-,N,,,,,,,,,,N,3,0,1,2,A,-,12,21453,A,N,G,B,B,A,H,-,C,A,0,Y,,,,Y,,-,,0,1,0,0,1,0,0,0,0,"- ","- ",,,"SAN FRANCISCO","SAN FRANCISCO",-122.40359506999999,37.785009430000002
8183573,2016,2017-01-12,3801,2016-11-15,1906,2017,RICHM,2,5,7,3801,0,0,0,,0,3G15D,"GEARY BL","12TH AV",0.00,,Y,A,-,N,,,,,,,,,,N,4,0,2,3,A,-,11,21954,A,N,G,B,D,A,H,-,C,A,0,Y,,,,Y,,N,60,0,0,2,0,2,0,0,0,0,"- ","- ",,,"SAN FRANCISCO","SAN FRANCISCO",-122.47069999999999,37.780789939999998
8183574,2016,2016-12-19,3801,2016-11-11,2004,761,RICHM,5,5,7,3801,0,0,0,,0,,"FULTON ST","48TH AV",0.00,,Y,A,-,N,,,,,,,,,,Y,2,0,1,2,A,-,10,21950,C,N,A,B,D,A,H,-,C,D,0,Y,,,,Y,,A,01,1,0,0,0,1,0,0,0,0,"- ","- ",,,"SAN FRANCISCO","SAN FRANCISCO",-122.50884992,37.77143994
8183589,2016,2016-12-09,3801,2016-11-08,1900,926,INGLE,2,5,7,3801,0,0,0,,0,3H13D,"GENEVA AV","PRAGUE ST",320.00,E,N,A,-,N,,,,,,,,,,N,2,0,1,2,A,-,11,21954,A,N,G,B,D,A,H,-,C,D,0,Y,,,,Y,,N,60,1,0,0,0,1,0,0,0,0,"- ","- ",,,"SAN FRANCISCO","SAN FRANCISCO",-122.43089261999999,37.712553450000001
8183597,2016,2016-12-09,3801,2016-11-08,1934,2708,MISSI,2,5,7,3801,0,0,0,,0,3D15D,"HARRISON ST","18TH ST",0.00,,Y,A,-,N,,,,,,,,,,N,4,0,1,2,A,-,10,21950,A,N,G,B,B,A,H,-,C,A,0,Y,,,,Y,,A,01,0,0,1,0,1,0,0,0,0,"- ","- ",,,"SAN FRANCISCO","SAN FRANCISCO",-122.41284999,37.76224989
8183618,2016,2017-03-06,3801,2016-11-23,1844,245,NORTH,3,5,7,3801,0,0,0,,0,3E16D,"VAN NESS AV","SACRAMENTO ST",8.00,S,N,A,-,Y,SF,4,101,-,-,6.000,I,5,N,N,4,0,1,2,A,-,11,21453,D,N,-,B,B,A,H,-,C,-,0,Y,,,,Y,,N,60,0,0,1,0,1,0,0,0,0,"- ","- ",,,"SAN FRANCISCO","SAN FRANCISCO",-122.42242926,37.79132585
8183639,2016,2017-01-11,3801,2016-11-04,1230,403,SOUTH,5,5,7,3801,0,0,0,,0,2CAR,"BRANNAN ST","5TH ST",0.00,,Y,-,-,N,,,,,,,,,,N,4,0,1,2,A,-,11,21950,B,N,-,-,-,-,-,-,-,-,0,Y,,,,Y,,N,60,0,0,1,0,1,0,0,0,0,"- ","- ",,,"SAN FRANCISCO","SAN FRANCISCO",-122.39875995,37.776569889999998
8183643,2016,2016-12-12,3801,2016-11-30,1250,002334,SOUTH,3,5,7,3801,0,0,0,,0,005,"4TH ST","CHANNEL ST",0.00,,Y,C,-,N,,,,,,,,,,N,4,0,1,2,A,-,10,21950,A,N,G,B,B,B,H,-,A,A,0,Y,,,,Y,,A,01,0,0,1,0,1,0,0,0,0,"- ","- ",,,"SAN FRANCISCO","SAN FRANCISCO",-122.39165994,37.774369999999998
8183650,2016,2016-12-09,3801,2016-11-05,1950,172,NORTH,6,5,7,3801,0,0,0,,0,001,"HAYES ST","LAGUNA ST",60.00,W,N,A,-,N,,,,,,,,,,Y,3,0,1,2,A,-,11,21954,A,N,G,B,D,A,H,-,C,A,0,Y,,,,Y,,N,60,0,1,0,0,1,0,0,0,0,"- ","- ",,,"SAN FRANCISCO","SAN FRANCISCO",-122.42646454,37.776441519999999
8184056,2016,2017-01-10,3801,2016-11-02,2130,1092,NORTH,3,5,7,3801,0,0,0,,0,3E14E,"DIVISADERO ST","PINE ST",0.00,,Y,A,-,N,,,,,,,,,,N,4,0,1,2,A,-,10,21950,A,N,G,B,B,A,H,-,C,A,0,Y,,,,Y,Y,A,01,0,0,1,0,1,0,0,0,0,"- ","- ",,,"SAN FRANCISCO","SAN FRANCISCO",-122.44023993,37.787120000000002
8184081,2016,2016-12-13,3801,2016-11-17,1724,263,SOUTH,4,5,7,3801,0,0,0,,0,0B2,"HOWARD ST","6TH ST",0.00,,Y,A,-,N,,,,,,,,,,N,4,0,1,2,A,-,12,21453,A,F,G,B,B,A,H,-,C,A,0,Y,,,,Y,Y,A,01,0,0,1,0,1,0,0,0,0,"- ","- ",,,"SAN FRANCISCO","SAN FRANCISCO",-122.40713988,37.779749950000003
8184085,2016,2016-12-13,3801,2016-11-22,1803,172,NORTH,2,5,7,3801,0,0,0,,0,3E12D,"STEINER ST","OFARRELL ST",25.00,N,N,A,-,N,,,,,,,,,,N,2,0,1,2,A,-,11,21954,A,N,G,B,D,A,H,-,C,D,0,Y,,,,Y,,N,60,1,0,0,0,1,0,0,0,0,"- ","- ",,,"SAN FRANCISCO","SAN FRANCISCO",-122.434343,37.7831379
8184101,2016,2016-12-13,3801,2016-11-29,0810,750,TENDE,2,5,7,3801,0,0,0,,0,3J11A,"MARKET ST","6TH ST",0.00,,Y,A,-,N,,,,,,,,,,N,4,0,1,2,A,-,11,21456,B,N,G,B,B,A,H,-,A,A,0,Y,,,,Y,,N,60,0,0,1,0,1,0,0,0,0,"- ","- ",,,"SAN FRANCISCO","SAN FRANCISCO",-122.41029991000001,37.78223989
8184113,2016,2016-12-13,3801,2016-11-23,0114,1614,NORTH,3,5,7,3801,0,0,0,,0,003,"LARKIN ST","SUTTER ST",0.00,,Y,A,-,N,,,,,,,,,,N,2,0,1,2,A,-,10,21950,A,F,G,B,B,B,H,-,C,A,0,Y,,,,Y,,A,01,1,0,0,0,1,0,0,0,0,"- ","- ",,,"SAN FRANCISCO","SAN FRANCISCO",-122.41846993,37.78796998
8184121,2016,2016-12-13,3801,2016-11-26,1758,926,INGLE,6,5,7,3801,0,0,0,,0,3H11D,"MISSION ST","30TH ST",0.00,,Y,C,-,N,,,,,,,,,,N,2,0,2,3,A,-,10,21950,A,N,G,B,B,B,H,-,C,A,0,Y,,,,Y,,A,01,1,0,1,0,2,0,0,0,0,"- ","- ",,,"SAN FRANCISCO","SAN FRANCISCO",-122.42195984999999,37.742389920000001
8184129,2016,2016-12-13,3801,2016-11-21,2304,2728,TENDE,1,5,7,3801,0,0,0,,0,3J14E,"GOLDEN GATE AV","JONES ST",5.00,E,N,A,-,N,,,,,,,,,,N,3,0,1,2,D,-,00,,,N,G,B,B,A,H,-,C,A,0,Y,,,,Y,Y,-,"- ",0,1,0,0,1,0,0,0,0,"- ","- ",,,"SAN FRANCISCO","SAN FRANCISCO",-122.41221294,37.782082320000001
8184141,2016,2017-01-11,3801,2016-11-23,2055,2429,COJ,3,5,7,3801,0,0,0,,0,,"MARKET ST","5TH ST",0.00,,Y,A,-,N,,,,,,,,,,N,4,0,1,2,A,-,11,21456,B,N,G,B,B,A,-,-,C,A,0,Y,,,,Y,Y,-,"- ",0,0,1,0,1,0,0,0,0,"- ","- ",,,"SAN FRANCISCO","SAN FRANCISCO",-122.40805989,37.783999919999999
8184145,2016,2016-12-13,3801,2016-11-23,1312,2736,TENDE,3,5,7,3801,0,0,0,,0,3J52A,"HYDE ST","ELLIS ST",59.00,S,N,A,-,N,,,,,,,,,,N,4,0,1,2,A,-,10,21954,B,N,G,B,E,A,H,-,A,D,0,Y,,,,Y,,A,01,0,0,1,0,1,0,0,0,0,"- ","- ",,,"SAN FRANCISCO","SAN FRANCISCO",-122.41603098,37.784289559999998