CASE_ID,ACCIDENT_YEAR,PROC_DATE,JURIS,COLLISION_DATE,COLLISION_TIME,OFFICER_ID,REPORTING_DISTRICT,DAY_OF_WEEK,CHP_SHIFT,POPULATION,CNTY_CITY_LOC,SPECIAL_COND,BEAT_TYPE,CHP_BEAT_TYPE,CITY_DIVISION_LAPD,CHP_BEAT_CLASS,BEAT_NUMBER,PRIMARY_RD,SECONDARY_RD,DISTANCE,DIRECTION,INTERSECTION,WEATHER_1,WEATHER_2,STATE_HWY_IND,CALTRANS_COUNTY,CALTRANS_DISTRICT,STATE_ROUTE,ROUTE_SUFFIX,POSTMILE_PREFIX,POSTMILE,LOCATION_TYPE,RAMP_INTERSECTION,SIDE_OF_HWY,TOW_AWAY,COLLISION_SEVERITY,NUMBER_KILLED,NUMBER_INJURED,PARTY_COUNT,PRIMARY_COLL_FACTOR,PCF_CODE_OF_VIOL,PCF_VIOL_CATEGORY,PCF_VIOLATION,PCF_VIOL_SUBSECTION,HIT_AND_RUN,TYPE_OF_COLLISION,MVIW,PED_ACTION,ROAD_SURFACE,ROAD_COND_1,ROAD_COND_2,LIGHTING,CONTROL_DEVICE,CHP_ROAD_TYPE,PEDESTRIAN_ACCIDENT,BICYCLE_ACCIDENT,MOTORCYCLE_ACCIDENT,TRUCK_ACCIDENT,NOT_PRIVATE_PROPERTY,ALCOHOL_INVOLVED,STWD_VEHTYPE_AT_FAULT,CHP_VEHTYPE_AT_FAULT,COUNT_SEVERE_INJ,COUNT_VISIBLE_INJ,COUNT_COMPLAINT_PAIN,COUNT_PED_KILLED,COUNT_PED_INJURED,COUNT_BICYCLIST_KILLED,COUNT_BICYCLIST_INJURED,COUNT_MC_KILLED,COUNT_MC_INJURED,PRIMARY_RAMP,SECONDARY_RAMP,LATITUDE,LONGITUDE,COUNTY,CITY,POINT_X,POINT_Y
8184154,2016,2016-12-13,3801,2016-11-26,1630,708,CENTR,6,5,7,3801,0,0,0,,0,3A12B,"HYDE ST","PINE ST",4.00,W,N,B,-,N,,,,,,,,,,N,4,0,1,2,A,-,10,21950,A,N,-,B,B,B,H,-,A,A,0,Y,,,,Y,,A,01,0,0,1,0,1,0,0,0,0,"- ","- ",,,"SAN FRANCISCO","SAN FRANCISCO",-122.41720204000001,37.790050870000002
8184167,2016,2017-01-24,3801,2016-11-07,0745,182,SOUTH,1,5,7,3801,0,0,0,,0,3B14C,"13TH ST","SOUTH VAN NESS AV",0.00,,Y,A,-,N,,,,,,,,,,N,4,0,1,2,A,-,11,21954,A,N,G,B,D,A,H,-,A,A,0,Y,,,,Y,,N,60,0,0,1,0,1,0,0,0,0,"- ","- ",,,"SAN FRANCISCO","SAN FRANCISCO",-122.41776996,37.769719979999998
8184169,2016,2016-12-12,3801,2016-11-18,0838,2059,MISSI,5,5,7,3801,0,0,0,,0,3D11A,"VALENCIA ST","SPARROW ST",15.00,S,N,A,-,N,,,,,,,,,,N,4,0,1,2,A,-,11,21954,A,N,G,B,D,A,H,-,A,A,0,Y,,,,Y,,N,60,0,0,1,0,1,0,0,0,0,"- ","- ",,,"SAN FRANCISCO","SAN FRANCISCO",-122.42194699,37.765688859999997
8184173,2016,2016-12-12,3801,2016-11-26,1239,161,RICHM,6,5,7,3801,0,0,0,,0,3G4A,"20TH AV","GEARY BL",0.00,,Y,B,C,N,,,,,,,,,,N,4,0,1,2,A,-,10,21950,A,N,G,B,B,B,H,-,A,A,0,Y,,,,Y,,A,01,0,0,1,0,1,0,0,0,0,"- ","- ",,,"SAN FRANCISCO","SAN FRANCISCO",-122.4793899,37.780389909999997
8184189,2016,2016-12-12,3801,2016-11-17,0700,987,TARAV,4,5,7,3801,0,0,0,,0,,"UNION ST","COLUMBUS AV",108.00,E,N,A,-,N,,,,,,,,,,N,4,0,1,2,A,-,06,21755,A,N,G,B,E,A,H,-,A,A,0,Y,,,,Y,Y,A,07,0,0,1,0,1,0,0,0,0,"- ","- ",,,"SAN FRANCISCO","SAN FRANCISCO",-122.40979983,37.800351450000001
8184196,2016,2016-12-15,3801,2016-11-18,1621,2008,RICHM,5,5,7,3801,0,0,0,,0,3G12D,"EDWARDS ST","ARGUELLO BL",226.00,E,N,A,-,N,,,,,,,,,,N,3,0,1,2,A,-,10,21950,A,F,G,B,C,A,H,-,A,D,0,Y,,,,Y,,-,,0,1,0,0,1,0,0,0,0,"- ","- ",37.778120000000001,-122.45780000000001,"SAN FRANCISCO","SAN FRANCISCO",-122.45786665,37.778113179999998
8184197,2016,2016-12-12,3801,2016-11-11,1019,2375,RICHM,5,5,7,3801,0,0,0,,0,3G60,"BALBOA ST","4TH AV",8.00,W,N,A,-,N,,,,,,,,,,N,3,0,1,2,A,-,10,21950,A,N,G,B,B,A,H,-,A,A,0,Y,,,,Y,,A,01,0,1,0,0,1,0,0,0,0,"- ","- ",,,"SAN FRANCISCO","SAN FRANCISCO",-122.46191766,37.777318960000002
8184208,2016,2016-12-15,3801,2016-11-18,1853,1817,CENTR,5,5,7,3801,0,0,0,,0,3A13D,"LARKIN ST","GREEN ST",0.00,,Y,A,-,N,,,,,,,,,,N,4,0,1,2,A,-,10,21950,A,N,G,B,B,A,H,-,C,A,0,Y,,,,Y,,-,,0,0,1,0,1,0,0,0,0,"- ","- ",,,"SAN FRANCISCO","SAN FRANCISCO",-122.42048991,37.798059960000003
8184211,2016,2016-12-14,3801,2016-11-16,0955,518,INGLE,3,5,7,3801,0,0,0,,0,4B5H,"CORTLAND AV","ELSIE ST",0.00,,Y,A,-,N,,,,,,,,,,N,4,0,1,2,A,-,10,21950,A,N,G,B,B,A,H,-,A,D,0,Y,,,,Y,,A,01,0,0,1,0,1,0,0,0,0,"- ","- ",,,"SAN FRANCISCO","SAN FRANCISCO",-122.41973996999999,37.73975995
8184215,2016,2016-12-14,3801,2016-11-27,1702,215,MISSI,7,5,7,3801,0,0,0,,0,3D13D,"VALENCIA ST","19TH ST",20.00,W,N,A,-,N,,,,,,,,,,N,4,0,1,2,A,-,10,21950,A,N,G,B,D,A,H,-,C,A,0,Y,,,,Y,,A,01,0,0,1,0,1,0,0,0,0,"- ","- ",,,"SAN FRANCISCO","SAN FRANCISCO",-122.42140000000001,37.760109999999997
8184217,2016,2016-12-09,3801,2016-11-05,2000,002122,SOUTH,6,5,7,3801,0,0,0,,0,3B14D,"6TH ST","STEVENSON ST",0.00,,Y,A,-,N,,,,,,,,,,N,4,0,1,2,A,-,11,21955,,N,B,B,E,A,H,-,C,A,0,Y,,,,Y,,N,60,0,0,1,0,1,0,0,0,0,"- ","- ",,,"SAN FRANCISCO","SAN FRANCISCO",-122.40966991000001,37.781769910000001
8184219,2016,2016-12-14,3801,2016-11-26,1729,000970,SOUTH,6,5,7,3801,0,0,0,,0,0B3,"HARRISON ST","6TH ST",0.00,,Y,-,-,N,,,,,,,,,,N,3,0,1,2,A,-,10,21950,A,N,G,B,B,B,H,-,C,A,0,Y,,,,Y,,A,01,0,1,0,0,1,0,0,0,0,"- ","- ",,,"SAN FRANCISCO","SAN FRANCISCO",-122.4040799,37.77730992
8184229,2016,2016-12-09,3801,2016-11-10,1720,2482,TARAV,4,5,7,3801,0,0,0,,0,3I92,"HOLLOWAY AV","JUNIPERO SERRA BL",0.00,,Y,A,-,N,,,,,,,,,,Y,3,0,1,2,A,-,10,21950,A,N,G,B,B,A,H,-,C,A,0,Y,,,,Y,,A,01,0,1,0,0,1,0,0,0,0,"- ","- ",,,"SAN FRANCISCO","SAN FRANCISCO",-122.4726699,37.721569889999998
8184244,2016,2017-01-10,3801,2016-11-02,2232,362,SOUTH,3,5,7,3801,0,0,0,,0,0B6,"CALIFORNIA AV","AVE C",114.00,E,N,A,-,N,,,,,,,,,,N,4,0,1,2,A,-,11,21956,A,N,G,B,D,A,H,-,C,D,0,Y,,,,Y,,N,60,0,0,1,0,1,0,0,0,0,"- ","- ",,,"SAN FRANCISCO","SAN FRANCISCO",-122.37003247,37.818338560000001
8184247,2016,2016-12-12,3801,2016-11-02,0650,0008,TARAV,3,5,7,3801,0,0,0,,0,3I44,"LAWTON ST","8TH AV",0.00,,Y,A,-,N,,,,,,,,,,N,4,0,1,2,A,-,10,21950,A,N,D,B,B,A,H,-,C,A,0,Y,,,,Y,,-,99,0,0,1,0,1,0,0,0,0,"- ","- ",,,"SAN FRANCISCO","SAN FRANCISCO",-122.46486991,37.758479889999997
8184264,2016,2017-01-10,3801,2016-11-14,0017,2379,CENTR,1,5,7,3801,0,0,0,,0,3A11E,"BUSH ST","MASON ST",107.00,W,N,-,-,N,,,,,,,,,,N,2,0,1,2,A,-,"- ",,,F,-,C,-,A,H,-,C,-,0,Y,,,,Y,,A,01,1,0,0,0,1,0,0,0,0,"- ","- ",,,"SAN FRANCISCO","SAN FRANCISCO",-122.4107961,37.789915360000002
8184268,2016,2016-12-12,3801,2016-11-05,1731,2421,MISSI,6,5,7,3801,0,0,0,,0,3D61,"MISSION ST","16TH ST",68.00,S,N,A,-,N,,,,,,,,,,N,4,0,1,2,A,-,11,21955,,N,G,B,D,A,H,-,A,A,0,Y,,,,Y,Y,N,60,0,0,1,0,1,0,0,0,0,"- ","- ",,,"SAN FRANCISCO","SAN FRANCISCO",-122.41965061000001,37.764863830000003
8184278,2016,2017-04-17,3801,2016-11-30,1934,2180,TARAV,3,5,7,3801,0,0,0,,0,3I13D,"LA PLAYA ST","LINCOLN WY",0.00,,Y,A,-,N,,,,,,,,,,N,4,0,1,2,A,-,11,21955,,N,H,J,D,-,H,-,C,A,0,Y,Y,,,Y,,N,60,0,0,1,0,0,0,1,0,0,"- ","- ",,,"SAN FRANCISCO","SAN FRANCISCO",-122.50940998,37.764039969999999
8184288,2016,2016-12-12,3801,2016-11-03,1658,282,TARAV,4,5,7,3801,0,0,0,,0,3I15D,"JUNIPERO SERRA BL","OCEAN AV",0.00,,Y,A,-,N,,,,,,,,,,N,4,0,1,2,A,-,10,21950,A,N,G,B,B,A,H,-,A,A,0,Y,,,,Y,,A,01,0,0,1,0,1,0,0,0,0,"- ","- ",,,"SAN FRANCISCO","SAN FRANCISCO",-122.47213992,37.731159890000001
8184290,2016,2017-04-17,3801,2016-11-30,1100,966,COJ,3,5,7,3801,0,0,0,,0,3J43C,"HYDE ST","GOLDEN GATE AV",0.00,,Y,A,-,N,,,,,,,,,,Y,3,0,3,3,A,-,00,23153,E,N,H,B,D,A,H,-,A,-,0,Y,,,,Y,,A,01,0,1,2,0,2,0,0,0,0,"- ","- ",,,"SAN FRANCISCO","SAN FRANCISCO",-122.41549995,37.781649909999999
8184292,2016,2016-12-12,3801,2016-11-01,0850,893,COD,2,5,7,3801,0,0,0,,0,3D15A,"14TH ST","MISSION ST",0.00,,Y,A,-,N,,,,,,,,,,N,4,0,1,2,A,-,03,22350,,M,G,B,B,B,H,-,A,A,0,Y,,,,Y,,-,99,0,0,1,0,1,0,0,0,0,"- ","- ",,,"SAN FRANCISCO","SAN FRANCISCO",-122.41996989,37.768289969999998
8184304,2016,2016-12-12,3801,2016-11-02,1715,2710,TENDE,3,5,7,3801,0,0,0,,0,003,"LARKIN ST","GROVE ST",0.00,,Y,A,-,N,,,,,,,,,,N,4,0,1,2,A,-,10,21950,A,N,G,B,B,A,H,-,A,A,0,Y,,,,Y,,A,01,0,0,1,0,1,0,0,0,0,"- ","- ",,,"SAN FRANCISCO","SAN FRANCISCO",-122.41659,37.778659990000001
8184316,2016,2016-12-12,3801,2016-11-01,0837,4259,BAYVI,2,5,7,3801,0,0,0,,0,3C14A,"BAYSHORE BL","BACON ST",0.00,,Y,A,-,N,,,,,,,,,,N,4,0,1,2,A,-,10,21950,A,N,H,B,B,A,H,-,A,A,0,Y,,,,Y,,A,01,0,0,1,0,1,0,0,0,0,"- ","- ",,,"SAN FRANCISCO","SAN FRANCISCO",-122.40219989000001,37.727949950000003
8184320,2016,2017-01-10,3801,2016-11-02,1954,380,CENTR,3,5,7,3801,0,0,0,,0,4CAR,"FRONT ST","BROADWAY ST",0.00,,Y,-,-,N,,,,,,,,,,N,4,0,1,2,A,-,"- ",,,N,-,-,-,A,H,-,C,-,0,Y,,,,Y,,N,60,0,0,1,0,1,0,0,0,0,"- ","- ",,,"SAN FRANCISCO","SAN FRANCISCO",-122.39985986000001,37.798739980000001
8184411,2016,2016-12-14,3801,2016-11-30,1800,1292,NORTH,3,5,7,3801,0,0,0,,0,3E14D,"DIVISADERO ST","CALIFORNIA ST",0.00,,Y,-,-,N,,,,,,,,,,N,2,0,1,2,A,-,10,21950,A,N,G,B,B,A,H,-,C,A,0,Y,,,,Y,,A,01,1,0,0,0,1,0,0,0,0,"- ","- ",,,"SAN FRANCISCO","SAN FRANCISCO",-122.44045,37.788079930000002
8194572,2016,2017-02-15,3801,2016-12-05,0120,200,SOUTH,1,5,7,3801,0,0,0,,0,003,"MISSION ST","3RD ST",0.00,,Y,A,-,N,,,,,,,,,,Y,2,0,3,3,A,-,12,21453,A,F,D,C,B,A,H,-,C,A,0,Y,,,,Y,,A,01,2,0,1,0,1,0,0,0,0,"- ","- ",,,"SAN FRANCISCO","SAN FRANCISCO",-122.40199989,37.786269900000001
8194576,2016,2017-02-15,3801,2016-12-08,2301,575,MISSO,4,5,7,3801,0,0,0,,0,3D11E,"MARKET ST","DOLORES ST",35.00,S,N,C,-,N,,,,,,,,,,N,2,0,1,2,A,-,11,21453,D,N,G,B,D,B,H,-,C,A,0,Y,,,,Y,,A,07,1,0,0,0,1,0,0,0,0,"- ","- ",,,"SAN FRANCISCO","SAN FRANCISCO",-122.42699669,37.769132849999998
8194639,2016,2017-01-18,3801,2016-12-25,1430,1427,,7,5,7,3801,0,0,0,,0,3C13C,"GIRARD ST","MANSELL ST",0.00,,Y,A,-,N,,,,,,,,,,N,4,0,1,2,A,-,10,21950,A,F,G,B,B,A,H,-,A,D,0,Y,,,,Y,,A,01,0,0,1,0,1,0,0,0,0,"- ","- ",,,"SAN FRANCISCO","SAN FRANCISCO",-122.40210998000001,37.721359990000003
8194813,2016,2017-01-23,3801,2016-12-02,1355,1053,TARAV,5,5,7,3801,0,0,0,,0,3I16A,"BEVERLY DR","GARFIELD AV",0.00,,Y,A,-,N,,,,,,,,,,N,2,0,1,2,A,-,11,21954,A,N,G,B,D,A,H,-,A,A,0,Y,,,,Y,,N,60,1,0,0,0,1,0,0,0,0,"- ","- ",,,"SAN FRANCISCO","SAN FRANCISCO",-122.47164995,37.719609990000002
8194833,2016,2017-01-19,3801,2016-12-15,0600,1123,MISSI,4,5,7,3801,0,0,0,,0,3D16A,"24TH ST","POTRERO AV",0.00,,Y,C,-,N,,,,,,,,,,N,3,0,1,2,A,-,10,21950,A,N,G,B,B,B,-,-,C,A,0,Y,,,,Y,,A,08,0,1,0,0,1,0,0,0,0,"- ","- ",,,"SAN FRANCISCO","SAN FRANCISCO",-122.4063199,37.752989909999997
8194837,2016,2017-01-19,3801,2016-11-22,0653,1486,CENTR,2,5,7,3801,0,0,0,,0,4B6A,"BEACH ST","STOCKTON ST",21.00,W,N,A,-,N,,,,,,,,,,N,2,0,1,2,A,-,10,21950,A,N,G,B,B,A,H,-,A,A,0,Y,,,,Y,,I,20,1,0,0,0,1,0,0,0,0,"- ","- ",37.807920000000003,-122.41067,"SAN FRANCISCO","SAN FRANCISCO",-122.41079214,37.80790279
8194849,2016,2017-01-19,3801,2016-12-06,1218,2718,SOUTH,2,5,7,3801,0,0,0,,0,3B13A,"MISSION ST","8TH ST",0.00,,Y,A,-,N,,,,,,,,,,N,2,0,1,2,A,-,11,21453,D,N,G,J,D,A,H,-,A,A,0,Y,,,,Y,,N,60,1,0,0,0,1,0,0,0,0,"- ","- ",,,"SAN FRANCISCO","SAN FRANCISCO",-122.41315999,37.777459970000002
8194853,2016,2017-01-19,3801,2016-12-10,0030,2711,NORTH,6,5,7,3801,0,0,0,,0,6CAR,"VAN NESS AV","LOMBARD ST",6.00,N,N,C,-,N,,,,,,,,,,N,4,0,1,2,A,-,10,21950,A,N,G,B,B,B,H,-,C,A,0,Y,,,,Y,,I,20,0,0,1,0,1,0,0,0,0,"- ","- ",,,"SAN FRANCISCO","SAN FRANCISCO",-122.42458348,37.801336249999999
8200835,2017,2017-03-24,3801,2017-01-24,2210,1994,CENTR,2,5,7,3801,0,0,0,,0,4B3B,"MARKET ST","KEARNY ST",10.00,E,N,A,-,N,,,,,,,,,,N,3,0,1,2,A,-,11,21954,A,N,G,B,E,A,H,-,C,A,0,Y,,,,Y,Y,N,60,0,1,0,0,1,0,0,0,0,"- ","- ",37.787460000000003,-122.40336000000001,"SAN FRANCISCO","SAN FRANCISCO",-122.40343484,37.787678870000001
8200854,2016,2017-03-29,3801,2016-12-19,1900,13,TENDE,1,5,7,3801,0,0,0,,0,4B4E,"MARKET ST","3RD ST",11.00,E,N,A,-,N,,,,,,,,,,N,2,0,1,2,A,-,11,21954,A,N,G,B,D,A,H,-,C,A,0,Y,,,,Y,,N,60,1,0,0,0,1,0,0,0,0,"- ","- ",,,"SAN FRANCISCO","SAN FRANCISCO",-122.40343233,37.787680760000001
8200855,2017,2017-03-16,3801,2017-02-27,1135,783,RICHM,1,5,7,3801,0,0,0,,0,4CAR,"CALIFORNIA ST","25TH AV",0.00,,Y,A,-,N,,,,,,,,,,N,4,0,1,2,A,-,10,21950,A,N,G,B,B,A,H,-,A,A,0,Y,,,,Y,Y,D,22,0,0,1,0,1,0,0,0,0,"- ","- ",,,"SAN FRANCISCO","SAN FRANCISCO",-122.48499996,37.783879880000001
8200878,2017,2017-03-16,3801,2017-01-07,1432,001197,CENTR,6,5,7,3801,0,0,0,,0,3B14B,"STOCKTON ST","COLUMBUS AV",20.00,S,N,A,-,N,,,,,,,,,,N,4,0,1,2,A,-,11,21950,B,N,G,B,D,A,H,-,A,A,0,Y,,,,Y,,N,60,0,0,1,0,1,0,0,0,0,"- ","- ",,,"SAN FRANCISCO","SAN FRANCISCO",-122.40896709,37.799446019999998
8200883,2017,2017-03-17,3801,2017-02-17,1839,2334,SOUTH,5,5,7,3801,0,0,0,,0,0B4,"FOLSOM ST","12TH ST",0.00,,Y,C,-,N,,,,,,,,,,N,4,0,1,2,A,-,10,21950,A,N,G,B,-,B,H,-,C,A,0,Y,,,,Y,,A,01,0,0,1,0,1,0,0,0,0,"- ","- ",,,"SAN FRANCISCO","SAN FRANCISCO",-122.41499987,37.770899900000003
8200891,2017,2017-03-20,3801,2017-02-17,2041,4286,RICHM,5,5,7,3801,0,0,0,,0,0G3,"BALBOA ST","5TH AV",0.00,,Y,B,-,N,,,,,,,,,,N,3,0,1,2,A,-,10,21950,A,F,D,B,-,B,H,-,C,A,0,Y,,,,Y,Y,A,01,0,1,0,0,1,0,0,0,0,"- ","- ",,,"SAN FRANCISCO","SAN FRANCISCO",-122.46294991000001,37.777279960000001
8200895,2017,2017-03-20,3801,2017-02-18,1400,2132,"CO D",6,5,7,3801,0,0,0,,0,3D61,"23RD ST","MISSION ST",87.00,W,N,A,-,N,,,,,,,,,,N,4,0,1,2,A,-,03,22350,,F,G,B,-,A,H,-,A,A,0,Y,,,,Y,,-,,0,0,1,0,1,0,0,0,0,"- ","- ",,,"SAN FRANCISCO","SAN FRANCISCO",-122.41890023000001,37.753812680000003
8200915,2017,2017-03-20,3801,2017-02-18,1934,2135,TENDE,6,5,7,3801,0,0,0,,0,3J50C,"MARKET ST","7TH ST",25.00,W,N,A,-,N,,,,,,,,,,N,4,0,1,2,A,-,11,21954,A,F,G,B,-,A,H,-,A,A,0,Y,Y,,,Y,,L,04,0,0,1,0,1,0,0,0,0,"- ","- ",,,"SAN FRANCISCO","SAN FRANCISCO",-122.41257125999999,37.780431499999999
8200920,2017,2017-03-16,3801,2017-02-16,0839,585,INGLE,4,5,7,3801,0,0,0,,0,3H1A,ALEMANY,"ONONDAGA ST",0.00,,Y,A,-,N,,,,,,,,,,N,2,0,1,2,A,-,10,21950,A,N,G,B,-,A,H,-,A,A,0,Y,,,,Y,,A,07,1,0,0,0,1,0,0,0,0,"- ","- ",,,"SAN FRANCISCO","SAN FRANCISCO",-122.43870986,37.721649900000003
8200935,2017,2017-03-20,3801,2017-02-17,1118,203,CENTR,5,5,7,3801,0,0,0,,0,004,"BAY ST","KEARRY ST",9.00,E,N,A,-,N,,,,,,,,,,N,4,0,1,2,A,-,10,21950,A,N,G,B,-,A,H,-,A,A,0,Y,,,,Y,,A,01,0,0,1,0,1,0,0,0,0,"- ","- ",,,"SAN FRANCISCO","SAN FRANCISCO",-122.40713916,37.806443559999998
8200939,2017,2017-03-16,3801,2017-02-18,2119,402,CENTR,6,5,7,3801,0,0,0,,0,3A12E,"JEFFERSON ST","LEAVENWORTH ST",257.00,E,N,A,-,N,,,,,,,,,,N,4,0,1,2,A,-,11,21954,A,N,-,B,D,A,H,-,C,-,0,Y,,,,Y,,N,60,0,0,1,0,1,0,0,0,0,"- ","- ",,,"SAN FRANCISCO","SAN FRANCISCO",-122.41821068,37.80790837
8200943,2017,2017-03-16,3801,2017-02-17,1425,1272,SOUTH,5,5,7,3801,0,0,0,,0,3B2A,"HARRISON ST","3RD ST",0.00,,Y,A,-,N,,,,,,,,,,N,3,0,1,2,A,-,10,21950,A,N,G,B,-,B,H,-,A,A,0,Y,,,,Y,,A,01,0,1,0,0,1,0,0,0,0,"- ","- ",,,"SAN FRANCISCO","SAN FRANCISCO",-122.39738991999999,37.78254991
8200952,2017,2017-03-16,3801,2017-02-22,1708,244,NORHE,3,5,7,3801,0,0,0,,0,3E14C,"PINE ST","POLK ST",97.00,E,N,A,-,N,,,,,,,,,,N,3,0,1,2,A,-,11,21955,,N,G,B,-,A,H,-,A,D,0,Y,,,,Y,,N,60,0,1,0,0,1,0,0,0,0,"- ","- ",,,"SAN FRANCISCO","SAN FRANCISCO",-122.42016774,37.789678500000001
8200956,2017,2017-03-16,3801,2017-02-21,1832,2245,RICHM,2,5,7,3801,0,0,0,,0,3G14D,"CALIFORNIA ST","25TH AV",0.00,,Y,A,-,N,,,,,,,,,,N,4,0,1,2,A,-,10,21950,A,N,G,B,-,A,H,-,A,A,0,Y,,,,Y,,A,01,0,0,1,0,1,0,0,0,0,"- ","- ",,,"SAN FRANCISCO","SAN FRANCISCO",-122.48499996,37.783879880000001
8200967,2017,2017-03-15,3801,2017-02-21,0518,1998,INGLE,2,5,7,3801,0,0,0,,0,3H13E,"NAPLES ST","PERU ST",0.00,,Y,C,-,N,,,,,,,,,,N,4,0,1,2,A,-,10,21950,A,N,G,B,B,B,H,-,C,A,0,Y,,,,Y,,A,01,0,0,1,0,1,0,0,0,0,"- ","- ",,,"SAN FRANCISCO","SAN FRANCISCO",-122.42650994,37.727089900000003
8200972,2017,2017-03-15,3801,2017-02-28,0928,1950,RICHM,2,5,7,3801,0,0,0,,0,,"7TH AV","CLEMENT ST",0.00,,Y,A,-,N,,,,,,,,,,N,4,0,1,2,A,-,21,22106,,F,G,B,E,A,H,-,A,D,0,Y,,,,Y,,A,01,0,0,1,0,1,0,0,0,0,"- ","- ",,,"SAN FRANCISCO","SAN FRANCISCO",-122.46546995999999,37.78288989
8200979,2017,2017-03-15,3801,2017-02-18,0648,1947,NORTH,6,5,7,3801,0,0,0,,0,3E15A,"BEACH ST","FILLMORE ST",7.00,W,N,A,-,N,,,,,,,,,,N,3,0,1,2,A,-,10,21950,A,N,G,B,B,A,H,-,B,D,0,Y,,,,Y,,A,01,0,1,0,0,1,0,0,0,0,"- ","- ",,,"SAN FRANCISCO","SAN FRANCISCO",-122.43716000000001,37.804519999999997
8200983,2017,2017-03-15,3801,2017-02-28,2016,002334,SOUTH,2,5,7,3801,0,0,0,,0,0B3,"6TH ST","HARRISON ST",0.00,,Y,A,-,N,,,,,,,,,,N,2,0,1,2,A,-,10,21950,A,F,G,B,B,A,H,-,C,A,0,Y,,,,Y,,A,01,1,0,0,0,1,0,0,0,0,"- ","- ",,,"SAN FRANCISCO","SAN FRANCISCO",-122.4040799,37.77730992
8200984,2017,2017-03-15,3801,2017-02-26,1405,002452,CENTR,7,5,7,3801,0,0,0,,0,3A60,"3RD ST","3RD ST 50",0.00,,-,A,-,N,,,,,,,,,,N,4,0,1,2,A,-,04,21703,,N,G,B,E,A,H,-,A,B,0,Y,,,,Y,,A,01,0,0,1,0,1,0,0,0,0,"- ","- ",,,"SAN FRANCISCO","SAN FRANCISCO",-122.40254581000001,37.786702859999998
8200987,2017,2017-03-15,3801,2017-02-27,1742,293,CENTR,1,5,7,3801,0,0,0,,0,3A11D,"MONTGOMERY ST","SUTTER ST",39.00,S,N,A,-,N,,,,,,,,,,N,3,0,2,2,A,-,11,21955,,N,G,B,D,A,H,-,B,A,0,Y,,Y,,Y,,N,60,0,2,0,0,1,0,0,0,1,"- ","- ",,,"SAN FRANCISCO","SAN FRANCISCO",-122.40214929,37.789904129999996
8200991,2017,2017-03-15,3801,2017-02-25,2038,145,INGLE,6,5,7,3801,0,0,0,,0,3H13D,"CORTLAND AV","WOOL ST",0.00,,Y,A,-,N,,,,,,,,,,N,4,0,1,2,A,-,10,21950,A,N,A,B,B,A,H,-,C,A,0,Y,,,,Y,Y,A,01,0,0,1,0,1,0,0,0,0,"- ","- ",,,"SAN FRANCISCO","SAN FRANCISCO",-122.41713,37.739119940000002
8200992,2017,2017-03-15,3801,2017-02-06,1215,472,INGLE,1,5,7,3801,0,0,0,,0,3H13C,"MISSION ST","PERSIA AV",0.00,,Y,B,C,N,,,,,,,,,,N,4,0,1,2,A,-,10,21950,A,F,G,B,B,B,H,-,A,A,0,Y,,,,Y,,A,01,0,0,1,0,1,0,0,0,0,"- ","- ",,,"SAN FRANCISCO","SAN FRANCISCO",-122.4359699,37.723139940000003
8200995,2017,2017-03-15,3801,2017-02-17,2144,621,CENTR,5,5,7,3801,0,0,0,,0,3A13E,"HYDE ST","GREENWICH ST",71.00,N,N,A,-,N,,,,,,,,,,N,4,0,1,2,A,-,11,21954,A,N,G,B,D,A,H,-,C,D,0,Y,,,,Y,,N,60,0,0,1,0,1,0,0,0,0,"- ","- ",,,"SAN FRANCISCO","SAN FRANCISCO",-122.41947021,37.80126241
8201000,2017,2017-03-15,3801,2017-02-06,1824,509,SOUTH,1,5,7,3801,0,0,0,,0,0B2,"BRYANT ST","ZOE ST",75.00,W,N,C,-,N,,,,,,,,,,N,2,0,1,2,A,-,11,21954,A,F,G,B,E,B,H,-,C,A,0,Y,,,,Y,,N,60,1,0,0,0,1,0,0,0,0,"- ","- ",,,"SAN FRANCISCO","SAN FRANCISCO",-122.397026,37.780376269999998
8201004,2017,2017-03-15,3801,2017-02-07,1320,905,TENDE,2,5,7,3801,0,0,0,,0,,"JONES ST","TURK ST",3.00,N,N,C,-,N,,,,,,,,,,N,3,0,1,2,A,-,12,21453,A,F,G,B,B,B,H,-,A,A,0,Y,,,,Y,,-,99,0,1,0,0,1,0,0,0,0,"- ","- ",,,"SAN FRANCISCO","SAN FRANCISCO",-122.41241156,37.783008150000001
8201011,2017,2017-04-03,3801,2017-02-26,1330,2262,BAYVI,7,5,7,3801,0,0,0,,0,3C12,"BAYSHORE BL","PAUL AV",110.00,N,N,A,-,N,,,,,,,,,,Y,2,0,1,2,A,-,21,22106,,F,G,B,F,A,-,-,A,D,0,Y,,,,Y,,D,22,1,0,0,0,1,0,0,0,0,"- ","- ",,,"SAN FRANCISCO","SAN FRANCISCO",-122.40091004,37.723896750000002
8201012,2017,2017-03-15,3801,2017-02-08,0030,2038,COF,3,5,7,3801,0,0,0,,0,3F13E,"FELL ST","BRODERICK ST",9.00,W,N,C,-,N,,,,,,,,,,N,3,0,1,2,A,-,10,21950,A,N,G,B,B,B,H,-,C,A,0,Y,,,,Y,Y,A,01,0,1,0,0,1,0,0,0,0,"- ","- ",,,"SAN FRANCISCO","SAN FRANCISCO",-122.43932071,37.77383588