CASE_ID,ACCIDENT_YEAR,PROC_DATE,JURIS,COLLISION_DATE,COLLISION_TIME,OFFICER_ID,REPORTING_DISTRICT,DAY_OF_WEEK,CHP_SHIFT,POPULATION,CNTY_CITY_LOC,SPECIAL_COND,BEAT_TYPE,CHP_BEAT_TYPE,CITY_DIVISION_LAPD,CHP_BEAT_CLASS,BEAT_NUMBER,PRIMARY_RD,SECONDARY_RD,DISTANCE,DIRECTION,INTERSECTION,WEATHER_1,WEATHER_2,STATE_HWY_IND,CALTRANS_COUNTY,CALTRANS_DISTRICT,STATE_ROUTE,ROUTE_SUFFIX,POSTMILE_PREFIX,POSTMILE,LOCATION_TYPE,RAMP_INTERSECTION,SIDE_OF_HWY,TOW_AWAY,COLLISION_SEVERITY,NUMBER_KILLED,NUMBER_INJURED,PARTY_COUNT,PRIMARY_COLL_FACTOR,PCF_CODE_OF_VIOL,PCF_VIOL_CATEGORY,PCF_VIOLATION,PCF_VIOL_SUBSECTION,HIT_AND_RUN,TYPE_OF_COLLISION,MVIW,PED_ACTION,ROAD_SURFACE,ROAD_COND_1,ROAD_COND_2,LIGHTING,CONTROL_DEVICE,CHP_ROAD_TYPE,PEDESTRIAN_ACCIDENT,BICYCLE_ACCIDENT,MOTORCYCLE_ACCIDENT,TRUCK_ACCIDENT,NOT_PRIVATE_PROPERTY,ALCOHOL_INVOLVED,STWD_VEHTYPE_AT_FAULT,CHP_VEHTYPE_AT_FAULT,COUNT_SEVERE_INJ,COUNT_VISIBLE_INJ,COUNT_COMPLAINT_PAIN,COUNT_PED_KILLED,COUNT_PED_INJURED,COUNT_BICYCLIST_KILLED,COUNT_BICYCLIST_INJURED,COUNT_MC_KILLED,COUNT_MC_INJURED,PRIMARY_RAMP,SECONDARY_RAMP,LATITUDE,LONGITUDE,COUNTY,CITY,POINT_X,POINT_Y
8201019,2017,2017-03-15,3801,2017-02-21,1831,776,TARAV,2,5,7,3801,0,0,0,,0,3I2D,"SUNSET BL","RIVERA ST",0.00,,Y,B,C,N,,,,,,,,,,N,4,0,1,2,A,-,10,21950,A,N,-,B,B,B,H,-,C,A,0,Y,,,,Y,,A,01,0,0,1,0,1,0,0,0,0,"- ","- ",,,"SAN FRANCISCO","SAN FRANCISCO",-122.49477991000001,37.745949920000001
8201024,2017,2017-03-15,3801,2017-02-02,1626,4119,INGLE,4,5,7,3801,0,0,0,,0,6CAR,"CAMBRIDGE ST","GLADSTONE DR",66.00,W,N,B,-,N,,,,,,,,,,N,2,0,1,2,A,-,11,21954,A,N,G,B,D,B,H,-,A,D,0,Y,,,,Y,,N,60,1,0,0,0,1,0,0,0,0,"- ","- ",37.731499999999997,-122.42025,"SAN FRANCISCO","SAN FRANCISCO",-122.42039638,37.73143658
8201027,2017,2017-03-15,3801,2017-02-28,0834,1917,TARAV,2,5,7,3801,0,0,0,,0,3I16A,"OCEAN AV","VICTORIA ST",8.00,W,N,A,-,N,,,,,,,,,,N,2,0,1,2,A,-,11,21453,D,N,G,B,B,A,H,-,A,A,0,Y,,,,Y,,N,60,1,0,0,0,1,0,0,0,0,"- ","- ",,,"SAN FRANCISCO","SAN FRANCISCO",-122.46427487,37.726029629999999
8201040,2017,2017-03-15,3801,2017-02-02,1909,715,NORTH,4,5,7,3801,0,0,0,,0,3E12D,"GOUGH ST","OFARRELL ST",20.00,S,N,A,-,N,,,,,,,,,,N,4,0,1,3,A,-,11,21954,A,N,G,B,D,A,H,-,C,D,0,Y,,,,Y,,N,60,0,0,1,0,1,0,0,0,0,"- ","- ",,,"SAN FRANCISCO","SAN FRANCISCO",-122.42446949000001,37.784285689999997
8201044,2017,2017-03-16,3801,2017-02-06,1835,2137,PARK,1,5,7,3801,0,0,0,,0,003,"HAIGHT ST",MASONIC,0.00,,Y,C,-,N,,,,,,,,,,N,4,0,1,2,A,-,00,21955,A,N,-,B,B,B,H,-,C,A,0,Y,,,,Y,,A,08,0,0,1,0,1,0,0,0,0,"- ","- ",,,"SAN FRANCISCO","SAN FRANCISCO",-122.44534989,37.770209989999998
8201047,2017,2017-03-16,3801,2017-02-01,0925,59,MISSI,3,5,7,3801,0,0,0,,0,,"DOUGLASS ST","27TH ST",132.00,N,N,B,-,N,,,,,,,,,,N,4,0,1,2,A,-,11,21954,A,N,G,B,E,A,C,E,A,A,0,Y,,,,Y,,N,60,0,0,1,0,1,0,0,0,0,"- ","- ",,,"SAN FRANCISCO","SAN FRANCISCO",-122.43803957,37.746601800000001
8201063,2017,2017-03-16,3801,2017-02-05,2115,2287,TENDE,7,5,7,3801,0,0,0,,0,3J60,"6TH ST",JESSIE,34.00,S,N,C,-,N,,,,,,,,,,N,3,0,1,2,A,-,11,21954,A,N,G,B,D,B,H,-,C,D,0,Y,,,,Y,,N,60,0,1,0,0,1,0,0,0,0,"- ","- ",,,"SAN FRANCISCO","SAN FRANCISCO",-122.40912752,37.78133338
8201064,2017,2017-03-15,3801,2017-02-06,2235,1740,CENTR,1,5,7,3801,0,0,0,,0,3A5E,"DRUMM ST","CALIFORNIA ST",0.00,,Y,C,G,N,,,,,,,,,,N,4,0,1,2,A,-,10,21950,A,N,G,B,B,B,H,-,C,A,0,Y,,,,Y,,A,01,0,0,1,0,1,0,0,0,0,"- ","- ",,,"SAN FRANCISCO","SAN FRANCISCO",-122.39640989999999,37.793659890000001
8201068,2017,2017-03-15,3801,2017-02-04,2129,679,MISSI,6,5,7,3801,0,0,0,,0,0D1,"CASTRO ST","19TH ST",92.00,N,N,A,-,N,,,,,,,,,,N,3,0,1,2,A,-,11,21955,,N,G,B,D,A,H,-,C,D,0,Y,Y,,,Y,,N,60,0,1,0,0,0,0,1,0,0,"- ","- ",,,"SAN FRANCISCO","SAN FRANCISCO",-122.43488101,37.759542189999998
8201075,2017,2017-03-16,3801,2017-02-03,1526,246,BAYVI,5,5,7,3801,0,0,0,,0,3C102,"SAN BRUNO AV","DWIGHT ST",0.00,,Y,A,-,N,,,,,,,,,,N,4,0,1,2,A,-,10,21950,,N,G,B,B,A,H,-,A,A,0,Y,,,,Y,,A,01,0,0,1,0,1,0,0,0,0,"- ","- ",,,"SAN FRANCISCO","SAN FRANCISCO",-122.40209992,37.72403997
8201076,2017,2017-03-15,3801,2017-02-03,2220,2710,MISSI,5,5,7,3801,0,0,0,,0,,"DIAMOND HEIGHTS BL","DIAMOND ST",0.00,,Y,A,-,N,,,,,,,,,,N,3,0,1,2,A,-,10,21950,A,N,G,-,B,A,H,-,C,-,0,Y,,,,Y,,A,01,0,1,0,0,1,0,0,0,0,"- ","- ",,,"SAN FRANCISCO","SAN FRANCISCO",-122.43734999,37.73829997
8201079,2017,2017-03-16,3801,2017-02-03,0752,38,SOUTH,5,5,7,3801,0,0,0,,0,004,"MISSION ST","9TH ST",0.00,,Y,B,-,N,,,,,,,,,,N,4,0,1,2,A,-,10,21950,A,N,D,B,B,B,H,-,A,A,0,Y,,,,Y,,A,01,0,0,1,0,1,0,0,0,0,"- ","- ",,,"SAN FRANCISCO","SAN FRANCISCO",-122.41471988000001,37.776239930000003
8201083,2017,2017-03-16,3801,2017-02-03,0245,173,3HING,5,5,7,3801,0,0,0,,0,3H12E,"30TH ST","MISSION ST",123.00,W,N,C,-,N,,,,,,,,,,N,2,0,1,2,A,-,03,22350,,F,G,B,E,B,H,-,C,A,0,Y,,,,Y,Y,A,01,1,0,0,0,1,0,0,0,0,"- ","- ",,,"SAN FRANCISCO","SAN FRANCISCO",-122.42238322,37.742355000000003
8201091,2017,2017-03-16,3801,2017-02-02,2238,1368,CENTR,4,5,7,3801,0,0,0,,0,3A62,"UNION ST","POWELL ST",0.00,,Y,A,-,N,,,,,,,,,,N,4,0,1,2,A,-,11,21955,,N,G,B,D,B,H,-,C,A,0,Y,,,,Y,,N,60,0,0,1,0,1,0,0,0,0,"- ","- ",,,"SAN FRANCISCO","SAN FRANCISCO",-122.41082994999999,37.800239949999998
8201096,2017,2017-03-15,3801,2017-02-15,1730,276,INGLE,3,5,7,3801,0,0,0,,0,3H11D,"SILVER AV","CONGDON ST",0.00,,Y,A,-,N,,,,,,,,,,N,4,0,1,2,A,-,10,21950,A,N,G,B,B,A,H,-,A,A,0,Y,,,,Y,,-,,0,0,1,0,1,0,0,0,0,"- ","- ",,,"SAN FRANCISCO","SAN FRANCISCO",-122.42597988999999,37.72863993
8201099,2017,2017-03-16,3801,2017-02-02,1441,2287,TENDE,4,5,7,3801,0,0,0,,0,3J60,"EDDY ST","JONES ST",70.00,W,N,B,-,N,,,,,,,,,,N,4,0,1,2,A,-,11,21954,A,N,G,B,E,A,H,-,A,D,0,Y,,,,Y,,N,60,0,0,1,0,1,0,0,0,0,"- ","- ",,,"SAN FRANCISCO","SAN FRANCISCO",-122.41282909,37.783908820000001
8201100,2017,2017-03-15,3801,2017-02-15,2305,001372,INGLE,3,5,7,3801,0,0,0,,0,3H15E,"MISSION ST","ACTON ST",4.00,N,N,A,-,N,,,,,,,,,,Y,2,0,1,2,A,-,03,22350,,N,G,B,B,A,H,-,C,A,0,Y,,,,Y,,A,01,1,0,0,0,1,0,0,0,0,"- ","- ",,,"SAN FRANCISCO","SAN FRANCISCO",-122.45274723999999,37.70880425
8201103,2017,2017-03-15,3801,2017-02-01,1751,1900,TARAV,3,5,7,3801,0,0,0,,0,3I16D,"OCEAN AV","HAROLD AV",37.00,W,N,-,-,N,,,,,,,,,,N,4,0,1,2,A,-,11,21954,A,N,G,B,D,A,H,-,C,D,0,Y,,,,Y,Y,N,60,0,0,1,0,1,0,0,0,0,"- ","- ",,,"SAN FRANCISCO","SAN FRANCISCO",-122.45325305,37.723297909999999
8201122,2017,2017-03-17,3801,2017-02-12,2000,311,SOUTH,7,5,7,3801,0,0,0,,0,3B13D,"9TH ST","FOLSOM ST",33.00,W,N,A,-,N,,,,,,,,,,N,4,0,1,2,A,-,10,21950,A,N,G,B,B,A,H,-,C,A,0,Y,,,,Y,,A,01,0,0,1,0,1,0,0,0,0,"- ","- ",,,"SAN FRANCISCO","SAN FRANCISCO",-122.41169231000001,37.773832849999998
8201126,2017,2017-03-17,3801,2017-02-12,0633,859,TENDE,7,5,7,3801,0,0,0,,0,3J11A,"MARKET ST","10TH ST",0.00,,Y,A,-,N,,,,,,,,,,N,4,0,1,2,A,-,11,21954,A,N,B,B,E,A,H,-,B,A,0,Y,,,,Y,Y,N,60,0,0,1,0,1,0,0,0,0,"- ","- ",,,"SAN FRANCISCO","SAN FRANCISCO",-122.41752993,37.776529969999999
8201127,2017,2017-03-23,3801,2017-02-14,0608,2457,TARAV,2,5,7,3801,0,0,0,,0,3I13A,"SUNSET BL","SANTIAGO ST",6.00,N,N,A,-,N,,,,,,,,,,N,4,0,1,2,A,-,10,21950,A,N,G,B,B,A,H,-,B,A,0,Y,,,,Y,,A,07,0,0,1,0,1,0,0,0,0,"- ","- ",,,"SAN FRANCISCO","SAN FRANCISCO",-122.49465116,37.744116460000001
8201130,2017,2017-03-16,3801,2017-02-13,0319,33,CENTR,1,5,7,3801,0,0,0,,0,001,"POST ST","MASON ST",0.00,,Y,A,-,N,,,,,,,,,,N,3,0,1,2,A,-,12,21453,A,F,G,B,B,A,H,-,C,A,0,Y,,,,Y,,A,01,0,1,0,0,1,0,0,0,0,"- ","- ",,,"SAN FRANCISCO","SAN FRANCISCO",-122.41002994999999,37.788049940000001
8201134,2017,2017-03-17,3801,2017-02-05,1841,273,NORTH,7,5,7,3801,0,0,0,,0,3E13D,"FULTON ST","FILLMORE ST",0.00,,Y,C,-,N,,,,,,,,,,N,4,0,1,2,A,-,10,21950,A,N,G,B,B,B,H,-,C,A,0,Y,,,,Y,,A,01,0,0,1,0,1,0,0,0,0,"- ","- ",,,"SAN FRANCISCO","SAN FRANCISCO",-122.43155991,37.777689979999998
8201137,2017,2017-03-17,3801,2017-02-07,2230,2379,CENTR,2,5,7,3801,0,0,0,,0,3A12E,"KEARRY ST","SUTTER ST",0.00,,Y,B,C,N,,,,,,,,,,N,2,0,2,3,A,-,10,21950,A,F,G,B,B,B,H,-,C,A,0,Y,,,,Y,,A,01,1,1,0,0,2,0,0,0,0,"- ","- ",,,"SAN FRANCISCO","SAN FRANCISCO",-122.40383989999999,37.789829939999997
8201138,2017,2017-03-17,3801,2017-02-08,2123,004313,RICHM,3,5,7,3801,0,0,0,,0,0G2,"ARGUELLO BL","ANZA ST",0.00,,Y,A,-,N,,,,,,,,,,N,3,0,1,2,A,-,10,21950,A,F,G,B,B,A,H,-,C,A,0,Y,,,,Y,,A,07,0,1,0,0,1,0,0,0,0,"- ","- ",,,"SAN FRANCISCO","SAN FRANCISCO",-122.45874994,37.7793499
8201142,2017,2017-03-17,3801,2017-02-10,1845,2091,TARAV,5,5,7,3801,0,0,0,,0,3I15D,"LAKESHORE PLZ","SLOAT BL",0.00,,Y,A,-,N,,,,,,,,,,N,4,0,1,2,A,-,00,21456,D,N,G,B,D,A,H,-,C,A,0,Y,,,,Y,,N,60,0,0,1,0,1,0,0,0,0,"- ","- ",,,"SAN FRANCISCO","SAN FRANCISCO",-122.49047,37.73415997
8201144,2017,2017-03-23,3801,2017-02-22,1701,2725,RICHM,3,5,7,3801,0,0,0,,0,3G14D,"GEARY BL","30TH AV",0.00,,Y,A,-,N,,,,,,,,,,N,3,0,1,2,A,-,11,21456,B,N,D,B,B,A,H,-,A,A,0,Y,,,,Y,,N,60,0,1,0,0,1,0,0,0,0,"- ","- ",,,"SAN FRANCISCO","SAN FRANCISCO",-122.49006987999999,37.77990999
8201154,2017,2017-03-17,3801,2017-02-11,0020,001752,CENTR,6,5,7,3801,0,0,0,,0,0A4,BROADWAY,"KEARNY ST",93.00,E,N,A,-,N,,,,,,,,,,Y,4,0,2,2,A,-,11,21954,A,N,G,B,D,A,H,-,C,A,0,Y,,Y,,Y,Y,N,60,0,0,2,0,1,0,0,0,1,"- ","- ",,,"SAN FRANCISCO","SAN FRANCISCO",-122.40517242999999,37.798062090000002
8201156,2017,2017-03-23,3801,2017-02-27,2216,329,SOUTH,1,5,7,3801,0,0,0,,0,3B14E,"VAN NESS AV","MARKET ST",0.00,,Y,C,-,N,,,,,,,,,,N,4,0,1,2,A,-,11,21453,D,N,A,B,B,B,H,-,C,A,0,Y,,,,Y,,N,60,0,0,1,0,1,0,0,0,0,"- ","- ",,,"SAN FRANCISCO","SAN FRANCISCO",-122.41925990999999,37.775169959999999
8201157,2017,2017-03-17,3801,2017-02-06,0049,912,BAYVI,1,5,7,3801,0,0,0,,0,3C12D,"BAYSHORE BL","PAUL AV",0.00,,Y,C,G,N,,,,,,,,,,N,3,0,1,2,A,-,10,21950,A,N,G,B,B,B,H,-,C,A,0,Y,,,,Y,,A,08,0,1,0,0,1,0,0,0,0,"- ","- ",,,"SAN FRANCISCO","SAN FRANCISCO",-122.40078991,37.723609889999999
8201158,2017,2017-03-17,3801,2017-02-09,1637,RAYMOND,CENTR,4,5,7,3801,0,0,0,,0,3A15D,"1ST ST","MARKET ST",0.00,,Y,C,-,N,,,,,,,,,,Y,4,0,1,2,A,-,"- ",,,N,G,B,E,B,H,-,A,D,0,Y,,,,Y,,-,,0,0,1,0,1,0,0,0,0,"- ","- ",,,"SAN FRANCISCO","SAN FRANCISCO",-122.39913993,37.791049889999996
8201159,2017,2017-03-23,3801,2017-02-24,2018,1746,TARAV,5,5,7,3801,0,0,0,,0,3I16D,"JUAN BAUTISTA CIR","FONT BL",10.00,N,N,A,-,N,,,,,,,,,,N,3,0,1,2,A,-,10,21950,A,F,G,B,D,A,H,-,C,D,0,Y,,,,Y,Y,A,01,0,1,0,0,1,0,0,0,0,"- ","- ",,,"SAN FRANCISCO","SAN FRANCISCO",-122.47864614,37.718469880000001
8201162,2017,2017-03-17,3801,2017-02-10,2020,1917,TARAV,5,5,7,3801,0,0,0,,0,3I16A,"VARELA AV","SERRANO DR",0.00,,Y,A,-,N,,,,,,,,,,N,4,0,1,2,A,-,10,21950,A,F,G,B,B,A,H,-,C,A,0,Y,,,,Y,,A,01,0,0,1,0,1,0,0,0,0,"- ","- ",,,"SAN FRANCISCO","SAN FRANCISCO",-122.47609995000001,37.720049879999998
8201173,2017,2017-03-17,3801,2017-02-14,2251,1396,SOUTH,2,5,7,3801,0,0,0,,0,3B14E,"MISSION ST","DUBOCE ST",0.00,,Y,A,-,N,,,,,,,,,,Y,3,0,1,2,A,-,10,21950,A,N,G,B,B,A,H,-,C,A,0,Y,,,,Y,Y,A,01,0,1,0,0,1,0,0,0,0,"- ","- ",,,"SAN FRANCISCO","SAN FRANCISCO",-122.42017991,37.769989959999997
8201175,2017,2017-03-23,3801,2017-02-19,1450,564,BAYVI,7,5,7,3801,0,0,0,,0,3C15C,"OAKDALE AV","MENDELL ST",92.00,E,N,A,-,N,,,,,,,,,,Y,4,0,1,2,A,-,11,21955,,N,G,B,D,A,H,-,A,D,0,Y,,,,Y,,N,60,0,0,1,0,1,0,0,0,0,"- ","- ",,,"SAN FRANCISCO","SAN FRANCISCO",-122.39008004,37.734454220000003
8201176,2017,2017-03-23,3801,2017-02-24,1332,518,MISSI,5,5,7,3801,0,0,0,,0,4B5H,"DOUGLASS ST","CLIPPER ST",0.00,,Y,A,-,N,,,,,,,,,,N,3,0,1,2,A,-,10,21950,A,N,G,B,B,A,H,-,A,D,0,Y,,,,Y,,A,01,0,1,0,0,1,0,0,0,0,"- ","- ",37.748730000000002,-122.43852,"SAN FRANCISCO","SAN FRANCISCO",-122.43824995999999,37.748659910000001
8201181,2017,2017-03-17,3801,2017-02-12,1410,1117,RICHM,7,5,7,3801,0,0,0,,0,3G1C,"GEARY BL","6TH AV",0.00,,Y,A,-,N,,,,,,,,,,N,3,0,1,2,A,-,10,21950,A,N,G,B,B,A,H,-,A,A,0,Y,,,,Y,,A,01,0,1,0,0,1,0,0,0,0,"- ","- ",,,"SAN FRANCISCO","SAN FRANCISCO",-122.4642899,37.781089979999997
8201184,2017,2017-04-03,3801,2017-02-21,1442,2376,SOUTH,2,5,7,3801,0,0,0,,0,3B60,"MISSION ST","4TH ST",0.00,,Y,A,-,N,,,,,,,,,,,4,0,1,2,A,-,10,21950,A,N,D,B,B,B,H,-,A,A,0,Y,,,,Y,,-,"- ",0,0,1,0,1,0,0,0,0,"- ","- ",,,"SAN FRANCISCO","SAN FRANCISCO",-122.40425995,37.78451991
8201187,2017,2017-03-23,3801,2017-02-24,1109,A22254,NORTH,5,5,7,3801,0,0,0,,0,3E12A,"GEARY BL","SCOTT ST",0.00,,Y,A,-,N,,,,,,,,,,N,4,0,1,2,A,-,10,21950,A,N,A,B,B,A,H,-,A,A,0,Y,,,,Y,,A,01,0,0,1,0,1,0,0,0,0,"- ","- ",,,"SAN FRANCISCO","SAN FRANCISCO",-122.43784986999999,37.783789910000003
8201188,2017,2017-03-23,3801,2017-02-23,1924,892,SOUTH,4,5,7,3801,0,0,0,,0,3B11D,"HOWARD ST","STEUART ST",0.00,,Y,A,-,N,,,,,,,,,,N,4,0,1,2,A,-,10,21950,A,N,G,B,B,A,H,-,C,A,0,Y,,,,Y,,A,01,0,0,1,0,1,0,0,0,0,"- ","- ",,,"SAN FRANCISCO","SAN FRANCISCO",-122.39163999,37.792019940000003
8201194,2017,2017-03-16,3801,2017-02-09,1938,2228,TARAV,4,5,7,3801,0,0,0,,0,3116D,"RANDOLPH ST","19TH AV",22.00,E,N,A,-,N,,,,,,,,,,N,4,0,1,2,A,-,10,21950,A,N,G,B,B,B,H,-,C,D,0,Y,,,,Y,,A,01,0,0,1,0,1,0,0,0,0,"- ","- ",,,"SAN FRANCISCO","SAN FRANCISCO",-122.47158,37.71611
8201197,2017,2017-03-16,3801,2017-02-13,1940,397,SOUTH,1,5,7,3801,0,0,0,,0,3B11D,"HOWARD ST","HAWTHORNE ST",0.00,,Y,A,-,N,,,,,,,,,,N,4,0,1,2,A,-,10,21950,A,F,G,B,B,A,H,-,B,A,0,Y,,,,Y,,A,01,0,0,1,0,1,0,0,0,0,"- ","- ",,,"SAN FRANCISCO","SAN FRANCISCO",-122.39937999999999,37.78588989
8201199,2017,2017-03-23,3801,2017-02-11,1700,2270,SOUTH,6,5,7,3801,0,0,0,,0,"1 CAR","2ND ST","HOWARD ST",0.00,,Y,-,-,N,,,,,,,,,,N,3,0,1,2,D,-,00,,,N,G,B,B,A,H,-,A,-,0,Y,,,,Y,,-,"- ",0,1,0,0,1,0,0,0,0,"- ","- ",,,"SAN FRANCISCO","SAN FRANCISCO",-122.39824992,37.786789939999998
8205523,2016,2017-02-23,3801,2016-11-29,1554,4214,SOUTH,2,5,7,3801,0,0,0,,0,4B4C,"4TH ST","MISSION ST",16.00,S,N,A,-,N,,,,,,,,,,N,3,0,1,2,A,-,10,21950,A,N,G,B,B,A,H,-,B,A,0,Y,,,,Y,,I,10,0,1,0,0,1,0,0,0,0,"- ","- ",,,"SAN FRANCISCO","SAN FRANCISCO",-122.40422218,37.784487890000001
8205526,2016,2017-01-12,3801,2016-12-15,1733,2725,BAYVI,4,5,7,3801,0,0,0,,0,903,"FITZGERALD AV","KEITH ST",200.00,E,N,C,-,N,,,,,,,,,,N,2,0,1,2,A,-,11,21954,A,N,G,B,D,B,H,-,C,D,0,Y,,,,Y,,N,60,1,0,0,0,1,0,0,0,0,"- ","- ",,,"SAN FRANCISCO","SAN FRANCISCO",-122.39447641,37.722731459999999
8205546,2016,2017-01-12,3801,2016-12-21,1753,499,INGLE,3,5,7,3801,0,0,0,,0,3H15C,"MISSION ST","POPE ST",0.00,,Y,A,-,N,,,,,,,,,,N,4,0,1,2,A,-,10,21950,A,N,G,B,B,A,H,-,C,D,0,Y,,,,Y,,A,01,0,0,1,0,1,0,0,0,0,"- ","- ",,,"SAN FRANCISCO","SAN FRANCISCO",-122.44182987000001,37.715429929999999
8205550,2016,2017-01-12,3801,2016-12-15,1700,2737,SOUTH,4,5,7,3801,0,0,0,,0,3B15C,"ELLIS ST","DIVISADERO ST",0.00,,Y,B,C,N,,,,,,,,,,N,4,0,1,2,A,-,10,21950,A,N,B,B,B,B,H,-,B,A,0,Y,,,,Y,,A,01,0,0,1,0,1,0,0,0,0,"- ","- ",,,"SAN FRANCISCO","SAN FRANCISCO",-122.43910992000001,37.781519899999999
8205562,2016,2017-01-12,3801,2016-12-20,2200,301,CENTR,2,5,7,3801,0,0,0,,0,001,"BUSH ST","TAYLOR ST",12.00,E,N,A,-,N,,,,,,,,,,N,4,0,1,2,A,-,10,21950,A,F,G,B,B,A,H,-,C,A,0,Y,,,,Y,,A,01,0,0,1,0,1,0,0,0,0,"- ","- ",,,"SAN FRANCISCO","SAN FRANCISCO",-122.41202894,37.789765009999996
8205570,2016,2017-01-12,3801,2016-12-20,1150,508,CENTR,2,5,7,3801,0,0,0,,0,3A15A,"1ST ST","MARKET ST",10.00,S,N,A,-,N,,,,,,,,,,N,4,0,1,2,A,-,11,21954,A,N,G,B,D,A,H,-,A,A,0,Y,,,,Y,,N,60,0,0,1,0,1,0,0,0,0,"- ","- ",,,"SAN FRANCISCO","SAN FRANCISCO",-122.39911648,37.79102984
8205576,2016,2017-02-21,3801,2016-12-20,0817,1043,SOUTH,2,5,7,3801,0,0,0,,0,4B2C,"6TH ST","AHERN WY",2.00,E,N,A,-,N,,,,,,,,,,N,3,0,1,2,A,-,11,21950,B,N,G,B,D,A,H,-,A,A,0,Y,,,Y,Y,,N,60,0,1,0,0,1,0,0,0,0,"- ","- ",,,"SAN FRANCISCO","SAN FRANCISCO",-122.40335503,37.77673618
8205578,2016,2017-01-12,3801,2016-12-21,1113,2260,NORTH,3,5,7,3801,0,0,0,,0,"6 CAR","GREEN ST","POLK ST",6.00,W,N,A,-,N,,,,,,,,,,N,3,0,1,2,C,-,18,,,N,G,B,B,A,H,-,A,A,0,Y,,,,Y,,-,"- ",0,1,0,0,1,0,0,0,0,"- ","- ",,,"SAN FRANCISCO","SAN FRANCISCO",-122.42216052000001,37.797827439999999
8205586,2016,2017-01-12,3801,2016-12-07,1800,2213,SOUTH,3,5,7,3801,0,0,0,,0,3B15D,"5TH ST","BERRY ST",0.00,,Y,C,-,N,,,,,,,,,,N,4,0,1,2,A,-,10,21950,A,N,G,B,B,B,H,-,C,A,0,Y,,,,Y,,A,01,0,0,1,0,1,0,0,0,0,"- ","- ",,,"SAN FRANCISCO","SAN FRANCISCO",-122.39554996,37.774029890000001
8205600,2016,2017-01-17,3801,2016-12-08,0630,145,INGLE,4,5,7,3801,0,0,0,,0,3H13A,"BOSWORTH ST","DIAMOND ST",0.00,,Y,C,-,N,,,,,,,,,,N,4,0,1,2,A,-,10,21950,,N,G,B,B,B,H,-,C,A,0,Y,,,,Y,,D,22,0,0,1,0,1,0,0,0,0,"- ","- ",,,"SAN FRANCISCO","SAN FRANCISCO",-122.43412995,37.733559929999998
8205609,2016,2017-01-13,3801,2016-12-10,1030,235,NORTH,6,5,7,3801,0,0,0,,0,3E16A,"BUCHANAN ST","CHESTNUT ST",5.00,S,N,C,-,N,,,,,,,,,,N,4,0,1,2,A,-,10,21950,A,N,-,B,-,B,H,-,A,A,0,Y,,,,Y,,-,"- ",0,0,1,0,1,0,0,0,0,"- ","- ",,,"SAN FRANCISCO","SAN FRANCISCO",-122.43295712,37.801216459999999
8205612,2016,2017-01-12,3801,2016-12-09,1733,2111,MISSI,5,5,7,3801,0,0,0,,0,3D14D,"BARTLETT ST","24TH ST",0.00,,Y,B,-,N,,,,,,,,,,N,4,0,1,2,A,-,10,21950,A,N,G,B,B,B,H,-,B,A,0,Y,,,,Y,,A,01,0,0,1,0,1,0,0,0,0,"- ","- ",,,"SAN FRANCISCO","SAN FRANCISCO",-122.41954986,37.752179949999999
8205616,2016,2017-01-12,3801,2016-12-08,2235,867,SOUTH,4,5,7,3801,0,0,0,,0,3B13E,"6TH ST","MINNA ST",0.00,,Y,B,-,N,,,,,,,,,,,3,0,1,2,A,-,11,21955,,N,G,B,D,B,H,-,C,A,0,Y,,,,Y,,N,60,0,1,0,0,1,0,0,0,0,"- ","- ",,,"SAN FRANCISCO","SAN FRANCISCO",-122.40812986,37.78054994
8205628,2016,2017-01-12,3801,2016-12-07,1930,2122,SOUTH,3,5,7,3801,0,0,0,,0,3B62,"MISSION ST","BEALE ST",0.00,,Y,C,-,N,,,,,,,,,,N,3,0,1,2,A,-,10,21950,A,N,G,B,B,B,H,-,C,A,0,Y,,,,Y,,A,07,0,1,0,0,1,0,0,0,0,"- ","- ",,,"SAN FRANCISCO","SAN FRANCISCO",-122.39583991000001,37.791159960000002
8205632,2016,2017-01-14,3801,2016-12-08,2115,2711,NORTH,4,5,7,3801,0,0,0,,0,"6 CAR","VAN NESS AV","BROADWAY ST",0.00,,Y,C,-,N,,,,,,,,,,N,2,0,1,2,A,-,10,21950,A,N,G,B,B,B,H,-,C,A,0,Y,,,,Y,,A,01,1,0,0,0,1,0,0,0,0,"- ","- ",,,"SAN FRANCISCO","SAN FRANCISCO",-122.42349987999999,37.79572993
8205640,2016,2017-01-12,3801,2016-12-08,0910,1679,3801,4,5,7,3801,0,0,0,,0,3A12C,"CALIFORNIA ST","POWELL ST",0.00,,Y,C,-,N,,,,,,,,,,N,4,0,1,2,A,-,10,21950,A,N,G,B,B,B,H,-,A,A,0,Y,,,,Y,,A,01,0,0,1,0,1,0,0,0,0,"- ","- ",,,"SAN FRANCISCO","SAN FRANCISCO",-122.40916999,37.792049949999999
8205644,2016,2017-01-12,3801,2016-12-08,1905,2093,TARAV,4,5,7,3801,0,0,0,,0,3I16D,"OCEAN AV","LEE AV",0.00,,Y,A,-,N,,,,,,,,,,N,4,0,1,2,A,-,10,21950,A,N,G,B,B,B,H,-,B,A,0,Y,,,,Y,,A,01,0,0,1,0,1,0,0,0,0,"- ","- ",,,"SAN FRANCISCO","SAN FRANCISCO",-122.45409986999999,37.723489950000001
8205648,2016,2017-01-12,3801,2016-12-08,0730,124,TENDE,4,5,7,3801,0,0,0,,0,3J13A,"MARKET ST","5TH ST",19.00,E,N,C,-,N,,,,,,,,,,N,4,0,1,2,A,-,10,21950,A,F,A,B,B,B,H,-,A,A,0,Y,,,,Y,,N,60,0,0,1,0,1,0,0,0,0,"- ","- ",,,"SAN FRANCISCO","SAN FRANCISCO",-122.40801282,37.784036370000003