CASE_ID,ACCIDENT_YEAR,PROC_DATE,JURIS,COLLISION_DATE,COLLISION_TIME,OFFICER_ID,REPORTING_DISTRICT,DAY_OF_WEEK,CHP_SHIFT,POPULATION,CNTY_CITY_LOC,SPECIAL_COND,BEAT_TYPE,CHP_BEAT_TYPE,CITY_DIVISION_LAPD,CHP_BEAT_CLASS,BEAT_NUMBER,PRIMARY_RD,SECONDARY_RD,DISTANCE,DIRECTION,INTERSECTION,WEATHER_1,WEATHER_2,STATE_HWY_IND,CALTRANS_COUNTY,CALTRANS_DISTRICT,STATE_ROUTE,ROUTE_SUFFIX,POSTMILE_PREFIX,POSTMILE,LOCATION_TYPE,RAMP_INTERSECTION,SIDE_OF_HWY,TOW_AWAY,COLLISION_SEVERITY,NUMBER_KILLED,NUMBER_INJURED,PARTY_COUNT,PRIMARY_COLL_FACTOR,PCF_CODE_OF_VIOL,PCF_VIOL_CATEGORY,PCF_VIOLATION,PCF_VIOL_SUBSECTION,HIT_AND_RUN,TYPE_OF_COLLISION,MVIW,PED_ACTION,ROAD_SURFACE,ROAD_COND_1,ROAD_COND_2,LIGHTING,CONTROL_DEVICE,CHP_ROAD_TYPE,PEDESTRIAN_ACCIDENT,BICYCLE_ACCIDENT,MOTORCYCLE_ACCIDENT,TRUCK_ACCIDENT,NOT_PRIVATE_PROPERTY,ALCOHOL_INVOLVED,STWD_VEHTYPE_AT_FAULT,CHP_VEHTYPE_AT_FAULT,COUNT_SEVERE_INJ,COUNT_VISIBLE_INJ,COUNT_COMPLAINT_PAIN,COUNT_PED_KILLED,COUNT_PED_INJURED,COUNT_BICYCLIST_KILLED,COUNT_BICYCLIST_INJURED,COUNT_MC_KILLED,COUNT_MC_INJURED,PRIMARY_RAMP,SECONDARY_RAMP,LATITUDE,LONGITUDE,COUNTY,CITY,POINT_X,POINT_Y
8205666,2016,2017-01-13,3801,2016-12-12,1231,328,NORTH,1,5,7,3801,0,0,0,,0,3E12C,"WEBSTER ST","POST ST",38.00,S,N,A,-,N,,,,,,,,,,N,3,0,1,2,A,-,03,22350,,N,A,B,D,A,H,-,A,A,0,Y,,,,Y,,A,01,0,1,0,0,1,0,0,0,0,"- ","- ",,,"SAN FRANCISCO","SAN FRANCISCO",-122.43141064,37.785256740000001
8205681,2016,2017-01-17,3801,2016-12-13,0230,2172,COA,2,5,7,3801,0,0,0,,0,002,"KEARNY ST","GEARY ST",10.00,N,N,A,-,N,,,,,,,,,,N,3,0,1,2,A,-,11,21453,D,F,G,B,B,A,H,-,C,A,0,Y,,,,Y,Y,N,60,0,1,0,0,1,0,0,0,0,"- ","- ",,,"SAN FRANCISCO","SAN FRANCISCO",-122.40351364,37.787977320000003
8205687,2016,2017-01-12,3801,2016-12-03,1110,244,NORTH,6,5,7,3801,0,0,0,,0,3E11C,"HAYES ST","GOUGH ST",10.00,E,N,A,-,N,,,,,,,,,,N,4,0,1,2,A,-,10,21950,A,N,G,B,B,A,H,-,A,A,0,Y,,,,Y,,A,07,0,0,1,0,1,0,0,0,0,"- ","- ",,,"SAN FRANCISCO","SAN FRANCISCO",-122.42293581,37.776884269999996
8205697,2016,2017-01-17,3801,2016-12-13,1818,231,MISSI,2,5,7,3801,0,0,0,,0,3D15D,"21ST ST","VALENCIA ST",6.00,E,N,B,C,N,,,,,,,,,,Y,4,0,1,3,A,-,10,21950,A,F,G,B,B,B,H,-,C,A,0,Y,,,,Y,,A,01,0,0,1,0,1,0,0,0,0,"- ","- ",,,"SAN FRANCISCO","SAN FRANCISCO",-122.42107928,37.756911080000002
8205701,2016,2017-01-17,3801,2016-12-12,2500,253,NORTH,1,5,7,3801,0,0,0,,0,3E12D,"LAGUNA ST","WASHINGTON ST",0.00,,Y,A,-,N,,,,,,,,,,N,4,0,1,2,A,-,03,22350,,N,G,B,B,A,H,-,A,A,0,Y,,,,Y,,A,01,0,0,1,0,1,0,0,0,0,"- ","- ",,,"SAN FRANCISCO","SAN FRANCISCO",-122.42943986,37.792229890000002
8205705,2016,2017-01-17,3801,2016-12-29,1341,1636,TARAV,4,5,7,3801,0,0,0,,0,3I13B,"SUNSET BL","PACHECO ST",10.00,S,N,A,-,N,,,,,,,,,,N,4,0,1,2,A,-,10,21950,A,F,G,B,B,A,H,-,A,A,0,Y,,,,Y,,A,01,0,0,1,0,1,0,0,0,0,"- ","- ",,,"SAN FRANCISCO","SAN FRANCISCO",-122.49505804,37.749662569999998
8205711,2016,2017-01-19,3801,2016-12-01,1518,203,CENTR,4,5,7,3801,0,0,0,,0,3A14B,"MARKET ST","3RD ST",0.00,,Y,A,-,N,,,,,,,,,,N,3,0,1,2,A,-,11,21955,,N,G,B,D,A,H,-,A,A,0,Y,,,,Y,,N,60,0,1,0,0,1,0,0,0,0,"- ","- ",,,"SAN FRANCISCO","SAN FRANCISCO",-122.40345987000001,37.78765989
8205717,2016,2017-01-17,3801,2016-12-29,1232,2714,MISSI,4,5,7,3801,0,0,0,,0,3D13C,"SHOTWELL ST","21ST ST",28.00,N,N,A,-,N,,,,,,,,,,Y,4,0,1,2,A,-,17,21663,,F,G,B,F,A,H,-,A,A,0,Y,,,,Y,,A,01,0,0,1,0,1,0,0,0,0,"- ","- ",,,"SAN FRANCISCO","SAN FRANCISCO",-122.41563767,37.757326679999998
8205723,2016,2017-02-09,3801,2016-12-01,0740,217,CENTR,4,5,7,3801,0,0,0,,0,3A5A,"SANSOME ST","PACIFIC ST",0.00,,Y,-,-,N,,,,,,,,,,N,2,0,1,2,A,-,10,21950,A,N,-,-,-,-,-,-,-,-,0,Y,,,,Y,,-,,1,0,0,0,1,0,0,0,0,"- ","- ",,,"SAN FRANCISCO","SAN FRANCISCO",-122.40202991,37.79750988
8205725,2016,2017-01-17,3801,2016-12-29,1943,293,CENTR,4,5,7,3801,0,0,0,,0,3A15D,"DAVIS ST","CALIFORNIA ST",0.00,,Y,A,-,N,,,,,,,,,,N,4,0,1,2,A,-,10,21950,A,N,G,B,B,A,H,-,C,A,0,Y,,,,Y,,A,07,0,0,1,0,1,0,0,0,0,"- ","- ",,,"SAN FRANCISCO","SAN FRANCISCO",-122.39762992999999,37.793500000000002
8205733,2016,2017-01-17,3801,2016-12-08,1637,623,SOUTH,4,5,7,3801,0,0,0,,0,3B45,"MISSION ST","9TH ST",0.00,,Y,B,C,N,,,,,,,,,,N,4,0,1,2,A,-,10,21950,A,N,G,B,B,B,H,-,B,A,0,Y,,,,Y,,A,01,0,0,1,0,1,0,0,0,0,"- ","- ",,,"SAN FRANCISCO","SAN FRANCISCO",-122.41471988000001,37.776239930000003
8205734,2016,2017-01-17,3801,2016-12-11,1553,1922,SOUTH,7,5,7,3801,0,0,0,,0,901,"MISSION ST","9TH ST",0.00,,Y,B,-,N,,,,,,,,,,N,3,0,1,2,A,-,10,21950,A,F,G,B,B,A,H,-,A,A,0,Y,,,,Y,,A,07,0,1,0,0,1,0,0,0,0,"- ","- ",,,"SAN FRANCISCO","SAN FRANCISCO",-122.41471988000001,37.776239930000003
8205741,2016,2017-01-17,3801,2016-12-28,2301,1061,NORTH,3,5,7,3801,0,0,0,,0,3E12E,"DIVISADERO ST","TURK ST",0.00,,Y,A,-,N,,,,,,,,,,N,4,0,1,2,A,-,11,21453,D,N,G,B,E,A,H,-,C,A,0,Y,,,,Y,,N,60,0,0,1,0,1,0,0,0,0,"- ","- ",,,"SAN FRANCISCO","SAN FRANCISCO",-122.43873997,37.779639930000002
8205743,2016,2017-01-12,3801,2016-12-05,1355,2793,NORTH,1,5,7,3801,0,0,0,,0,006,"POLK ST","WASHINGTON ST",0.00,,Y,B,-,N,,,,,,,,,,N,3,0,1,2,A,-,11,21950,B,N,G,B,B,A,H,-,A,A,0,Y,,,,Y,,N,60,0,1,0,0,1,0,0,0,0,"- ","- ",,,"SAN FRANCISCO","SAN FRANCISCO",-122.42121992,37.793259990000003
8205745,2016,2017-01-14,3801,2016-12-28,0706,2365,RICHM,3,5,7,3801,0,0,0,,0,0G2,"BLAKE ST","GEARY BL",238.00,N,N,-,-,N,,,,,,,,,,N,3,0,1,2,A,-,21,22106,,N,-,-,-,-,-,-,-,-,0,Y,,,,Y,,A,01,0,1,0,0,1,0,0,0,0,"- ","- ",,,"SAN FRANCISCO","SAN FRANCISCO",-122.45124998999999,37.782695629999999
8205749,2016,2017-01-17,3801,2016-12-10,0710,158,TENDE,6,5,7,3801,0,0,0,,0,3J13A,"LARKIN ST","GROVE ST",0.00,,Y,C,-,N,,,,,,,,,,N,4,0,1,2,A,-,10,21950,A,N,G,B,B,B,H,-,A,A,0,Y,,,,Y,,A,01,0,0,1,0,1,0,0,0,0,"- ","- ",,,"SAN FRANCISCO","SAN FRANCISCO",-122.41659,37.778659990000001
8205759,2016,2017-01-12,3801,2016-12-03,1339,2737,SOUTH,6,5,7,3801,0,0,0,,0,3B15C,"10TH ST","HARRISON ST",0.00,,Y,A,-,N,,,,,,,,,,N,4,0,1,2,A,-,10,21950,A,N,G,B,B,A,H,-,A,A,0,Y,,,,Y,,A,08,0,0,1,0,1,0,0,0,0,"- ","- ",,,"SAN FRANCISCO","SAN FRANCISCO",-122.41124993,37.771599960000003
8205843,2016,2017-01-17,3801,2016-12-22,2009,2456,BAYVI,4,5,7,3801,0,0,0,,0,3C16D,"PENNSYLVANIA AV","CESAR CHAVEZ BL",10.00,N,N,A,-,N,,,,,,,,,,N,2,0,1,2,A,-,11,21453,D,N,G,B,D,A,H,-,C,A,0,Y,,,,Y,,N,60,1,0,0,0,1,0,0,0,0,"- ","- ",,,"SAN FRANCISCO","SAN FRANCISCO",-122.39242243,37.750077400000002
8205933,2016,2017-01-17,3801,2016-12-04,0435,2220,NORTH,7,5,7,3801,0,0,0,,0,3E13E,"VAN NESS AV","EDDY ST",0.00,,Y,A,-,N,,,,,,,,,,N,3,0,1,2,A,-,11,21453,D,N,G,A,D,A,H,-,C,A,0,Y,,Y,,Y,,N,60,0,1,0,0,0,0,0,0,1,"- ","- ",,,"SAN FRANCISCO","SAN FRANCISCO",-122.42089998,37.782869980000001
8205965,2016,2017-01-13,3801,2016-12-13,0900,2734,TENDE,2,5,7,3801,0,0,0,,0,TENDER,"LEAVENWORTH ST","GOLDEN GATE AV",141.00,N,N,A,-,N,,,,,,,,,,N,4,0,1,2,A,-,11,21954,A,N,G,B,E,A,H,-,A,D,0,Y,,,,Y,,N,60,0,0,1,0,1,0,0,0,0,"- ","- ",,,"SAN FRANCISCO","SAN FRANCISCO",-122.41393410000001,37.78225286
8280002,2016,2017-01-17,3801,2016-12-22,1225,1116,MISSI,4,5,7,3801,0,0,0,,0,3D62,"MISSION ST","CESAR CHAVEZ",35.00,N,N,A,-,N,,,,,,,,,,N,4,0,1,2,A,-,00,22106,A,F,G,B,E,A,H,-,A,D,0,Y,,,,Y,,D,22,0,0,1,0,1,0,0,0,0,"- ","- ",,,"SAN FRANCISCO","SAN FRANCISCO",-122.41811902000001,37.74827295
8280010,2016,2017-01-17,3801,2016-12-16,1346,2451,CENTR,5,5,7,3801,0,0,0,,0,CENTRA,"WASHINGTON ST","KEARRY ST",0.00,,Y,A,-,N,,,,,,,,,,N,4,0,1,2,A,-,10,21950,A,N,G,B,B,A,H,-,A,A,0,Y,,,,Y,,D,22,0,0,1,0,1,0,0,0,0,"- ","- ",,,"SAN FRANCISCO","SAN FRANCISCO",-122.40495989999999,37.79532992
8280054,2016,2017-01-30,3801,2016-12-06,1253,28,,2,5,7,3801,0,0,0,,0,005,"THE EMBARCADERO","WASHINGTON ST",650.00,S,N,A,-,N,,,,,,,,,,N,4,0,1,2,A,-,10,21950,A,N,A,B,E,A,H,-,A,A,0,Y,,,,Y,,-,,0,0,1,0,1,0,0,0,0,"- ","- ",,,"SAN FRANCISCO","SAN FRANCISCO",-122.39440551,37.795113239999999
8280066,2016,2017-01-17,3801,2016-12-02,2109,172,NORTH,5,5,7,3801,0,0,0,,0,3E12D,"POLK ST","EDDY ST",10.00,S,N,A,-,N,,,,,,,,,,N,2,0,1,2,A,-,10,21950,A,F,G,B,B,A,H,-,C,A,0,Y,,,,Y,,D,22,1,0,0,0,1,0,0,0,0,"- ","- ",,,"SAN FRANCISCO","SAN FRANCISCO",-122.41917463,37.783052859999998
8280074,2016,2017-01-17,3801,2016-12-02,1045,1572,SOUTH,5,5,7,3801,0,0,0,,0,3B4A,"HARRISON ST","10TH ST",0.00,,Y,A,-,N,,,,,,,,,,N,3,0,1,2,A,-,10,21950,A,N,B,B,B,A,H,-,A,A,0,Y,,,,Y,,D,22,0,1,0,0,1,0,0,0,0,"- ","- ",,,"SAN FRANCISCO","SAN FRANCISCO",-122.41124993,37.771599960000003
8280177,2016,2017-01-17,3801,2016-12-02,1251,000751,PARK,5,5,7,3801,0,0,0,,0,3F4B,"WALTER ST","DUBOCE ST",3.00,S,N,A,-,N,,,,,,,,,,N,4,0,1,2,A,-,10,21950,A,N,G,B,B,A,H,-,A,D,0,Y,,,,Y,,D,22,0,0,1,0,1,0,0,0,0,"- ","- ",,,"SAN FRANCISCO","SAN FRANCISCO",-122.43243928,37.769251779999998
8280226,2016,2017-01-23,3801,2016-12-26,1200,708,CENTR,1,5,7,3801,0,0,0,,0,,"VALLEJO ST","COLUMBUS AV",8.00,S,N,A,-,N,,,,,,,,,,N,4,0,1,2,A,-,10,21950,A,N,G,B,B,A,H,-,A,A,0,Y,,,,Y,,A,01,0,0,1,0,1,0,0,0,0,"- ","- ",,,"SAN FRANCISCO","SAN FRANCISCO",-122.40791724,37.798716020000001
8280234,2016,2017-01-23,3801,2016-12-13,1320,172,NORTH,2,5,7,3801,0,0,0,,0,3E12A,"TURK ST","PIERCE ST",0.00,,Y,B,-,N,,,,,,,,,,N,3,0,2,2,A,-,11,21954,A,N,G,B,E,B,H,-,A,A,0,Y,,Y,,Y,,N,60,0,1,1,0,1,0,0,0,1,"- ","- ",,,"SAN FRANCISCO","SAN FRANCISCO",-122.4354299,37.780079960000002
8280244,2016,2017-02-06,3801,2016-12-28,1400,508,CENTR,3,5,7,3801,0,0,0,,0,3A15A,"COLUMBUS AV","GREEN ST",120.00,S,N,A,-,N,,,,,,,,,,N,4,0,1,2,A,-,11,21955,,N,G,B,D,A,H,-,A,A,0,Y,,,,Y,,N,60,0,0,1,0,1,0,0,0,0,"- ","- ",,,"SAN FRANCISCO","SAN FRANCISCO",-122.40868171,37.799270540000002
8280245,2016,2017-01-13,3801,2016-12-05,0910,27,TARAV,1,5,7,3801,0,0,0,,0,3I1B,"WAWONA ST","SUNSET BL",0.00,,Y,A,-,N,,,,,,,,,,N,3,0,1,2,A,-,10,21950,A,N,G,B,B,A,H,-,A,A,0,Y,,,,Y,,A,01,0,1,0,0,1,0,0,0,0,"- ","- ",,,"SAN FRANCISCO","SAN FRANCISCO",-122.49412989,37.736629960000002
8280248,2016,2017-01-13,3801,2016-12-17,1505,004258,TARAV,6,5,7,3801,0,0,0,,0,1CAR,"IRVING ST","8TH AV",0.00,,Y,A,-,N,,,,,,,,,,N,4,0,1,2,A,-,10,21950,A,M,G,B,B,A,H,-,A,D,0,Y,,,,Y,,A,01,0,0,1,0,1,0,0,0,0,"- ","- ",,,"SAN FRANCISCO","SAN FRANCISCO",-122.46524995999999,37.764089929999997
8280251,2016,2017-01-13,3801,2016-12-15,1840,1276,CENTR,4,5,7,3801,0,0,0,,0,3A11D,"MASON ST","PINE ST",3.00,S,N,C,-,N,,,,,,,,,,N,3,0,1,2,A,-,10,21950,A,N,G,B,B,B,H,-,C,A,0,Y,,,,Y,,A,01,0,1,0,0,1,0,0,0,0,"- ","- ",,,"SAN FRANCISCO","SAN FRANCISCO",-122.4106183,37.790861870000001
8280254,2016,2017-01-13,3801,2016-12-03,1601,2093,TARAV,6,5,7,3801,0,0,0,,0,3I11D,"SAN ALESO AV","MONTEREY BL",2.00,N,N,A,-,N,,,,,,,,,,N,3,0,1,2,A,-,10,21950,A,N,G,B,B,A,H,-,A,D,0,Y,,,,Y,,A,01,0,1,0,0,1,0,0,0,0,"- ","- ",,,"SAN FRANCISCO","SAN FRANCISCO",-122.46442,37.732300000000002
8280255,2016,2017-01-13,3801,2016-12-15,2318,867,SOUTH,4,5,7,3801,0,0,0,,0,3B63,"5TH ST","BLUXOME ST",17.00,N,N,B,-,N,,,,,,,,,,N,2,0,1,2,A,-,10,21950,A,F,G,B,D,B,H,-,C,D,0,Y,,,,Y,,A,01,1,0,0,0,1,0,0,0,0,"- ","- ",,,"SAN FRANCISCO","SAN FRANCISCO",-122.39804137,37.775993210000003
8280257,2016,2017-01-13,3801,2016-12-06,1806,2747,TENDE,2,5,7,3801,0,0,0,,0,3J11D,"6TH ST","MISSION ST",46.00,N,N,A,-,N,,,,,,,,,,N,4,0,1,2,A,-,11,21955,,N,G,B,D,A,H,-,C,A,0,Y,,,,Y,,N,60,0,0,1,0,1,0,0,0,0,"- ","- ",,,"SAN FRANCISCO","SAN FRANCISCO",-122.40880159,37.781070130000003
8280263,2016,2017-01-13,3801,2016-12-17,1836,1276,CENTR,6,5,7,3801,0,0,0,,0,3A11D,"TAYLOR ST","CLAY ST",10.00,W,N,A,-,N,,,,,,,,,,N,3,0,1,2,A,-,10,21950,A,N,G,B,B,A,H,-,C,D,0,Y,,,,Y,,A,01,0,1,0,0,1,0,0,0,0,"- ","- ",,,"SAN FRANCISCO","SAN FRANCISCO",-122.41283549000001,37.793467120000003
8280268,2016,2017-01-13,3801,2016-12-30,1541,746,INGLE,5,5,7,3801,0,0,0,,0,3H15C,"ALEMANY BL","NIAGARA AV",0.00,,Y,B,-,N,,,,,,,,,,N,3,0,1,2,A,-,10,21950,A,N,B,B,B,A,H,-,A,D,0,Y,,,,Y,,-,"- ",0,1,0,0,1,0,0,0,0,"- ","- ",,,"SAN FRANCISCO","SAN FRANCISCO",-122.44346991,37.716999889999997
8280269,2016,2017-02-15,3801,2016-12-08,1650,242,CENTR,4,5,7,3801,0,0,0,,0,004,"MONTGOMERY ST","VALLEJO ST",0.00,,Y,C,-,N,,,,,,,,,,N,4,0,1,2,A,-,10,21950,A,N,G,B,D,B,H,-,B,D,0,Y,,,,Y,,A,01,0,0,1,0,1,0,0,0,0,"- ","- ",,,"SAN FRANCISCO","SAN FRANCISCO",-122.40402988,37.799159889999999
8280273,2016,2017-01-13,3801,2016-12-07,2048,001752,CENTR,3,5,7,3801,0,0,0,,0,0A4,"POWELL ST","NORTH POINT ST",0.00,,Y,C,-,N,,,,,,,,,,N,2,0,1,2,A,-,10,21950,A,N,G,B,B,B,H,-,C,A,0,Y,,,,Y,,A,07,1,0,0,0,1,0,0,0,0,"- ","- ",,,"SAN FRANCISCO","SAN FRANCISCO",-122.41212997,37.806759939999999
8280275,2016,2017-01-13,3801,2016-12-16,1604,2709,COC,5,5,7,3801,0,0,0,,0,3C13D,"HUDSON AV","WILLIE B KENNEDY DR",0.00,,Y,A,-,N,,,,,,,,,,N,3,0,1,2,A,-,11,21954,A,F,G,B,D,A,H,-,A,D,0,Y,,,,Y,,N,60,0,1,0,0,1,0,0,0,0,"- ","- ",,,"SAN FRANCISCO","SAN FRANCISCO",-122.3820405,37.733345999999997
8280285,2016,2017-01-13,3801,2016-12-05,1448,2470,PARK,1,5,7,3801,0,0,0,,0,3F12D,"COLE ST","CARL ST",0.00,,Y,A,-,N,,,,,,,,,,N,4,0,1,2,A,-,10,21950,A,N,G,B,B,A,H,-,A,D,0,Y,,,,Y,,-,,0,0,1,0,1,0,0,0,0,"- ","- ",,,"SAN FRANCISCO","SAN FRANCISCO",-122.44996986,37.765779879999997
8280287,2016,2017-01-13,3801,2016-12-15,0830,1216,BAYVI,4,5,7,3801,0,0,0,,0,3C13A,"LEDYARD ST",THORNTON,200.00,N,N,B,C,N,,,,,,,,,,N,3,0,1,2,A,-,03,22350,,N,G,B,D,B,H,-,A,-,0,Y,,,,Y,,-,,0,1,0,0,1,0,0,0,0,"- ","- ",,,"SAN FRANCISCO","SAN FRANCISCO",-122.40064759000001,37.73194599
8280288,2016,2017-01-13,3801,2016-12-27,0633,494,MISSI,2,5,7,3801,0,0,0,,0,03D,"21ST ST","MISSION ST",88.00,W,N,A,-,N,,,,,,,,,,N,4,0,1,2,A,-,11,21954,A,F,G,B,D,A,H,-,C,D,0,Y,,,,Y,Y,N,60,0,0,1,0,1,0,0,0,0,"- ","- ",,,"SAN FRANCISCO","SAN FRANCISCO",-122.41922386,37.757004420000001
8280289,2016,2017-01-13,3801,2016-12-06,0924,167,BAYVI,2,5,7,3801,0,0,0,,0,3C112,"CESAR CHAVEZ ST","VERMONT ST",195.00,W,N,A,-,N,,,,,,,,,,N,4,0,1,2,A,-,11,21955,,N,G,B,D,A,H,-,A,D,0,Y,,,,Y,,N,60,0,0,1,0,1,0,0,0,0,"- ","- ",,,"SAN FRANCISCO","SAN FRANCISCO",-122.40340094,37.749201509999999
8280297,2016,2017-01-13,3801,2016-12-04,1530,004286,RICHM,7,5,7,3801,0,0,0,,0,0G3,"CLEMENT ST","7TH AV",40.00,W,N,A,-,N,,,,,,,,,,N,4,0,1,2,A,-,04,21703,,F,D,B,D,A,H,-,A,D,0,Y,,,,Y,,A,01,0,0,1,0,1,0,0,0,0,"- ","- ",,,"SAN FRANCISCO","SAN FRANCISCO",-122.46560823,37.782883720000001
8280300,2016,2017-02-06,3801,2016-12-24,1150,127,,6,5,7,3801,0,0,0,,0,,"GROVE ST","DIVISADERO ST",60.00,W,N,A,-,N,,,,,,,,,,N,4,0,1,2,A,-,09,21804,A,N,G,B,D,A,H,-,A,D,0,Y,,,,Y,,-,,0,0,1,0,1,0,0,0,0,"- ","- ",,,"SAN FRANCISCO","SAN FRANCISCO",-122.43818424,37.775900210000003
8280307,2016,2017-01-13,3801,2016-12-15,1740,129,NORTH,4,5,7,3801,0,0,0,,0,3E12D,"FILLMORE ST","CLAY ST",3.00,N,N,C,-,N,,,,,,,,,,N,3,0,1,2,A,-,10,21950,A,N,G,B,B,B,-,-,C,A,0,Y,,,,Y,,A,01,0,1,0,0,1,0,0,0,0,"- ","- ",,,"SAN FRANCISCO","SAN FRANCISCO",-122.43419166,37.790728139999999
8280309,2016,2017-01-13,3801,2016-12-08,1238,1650,"CO J",4,5,7,3801,0,0,0,,0,3J14A,"GOLDEN GATE AV","HYDE ST",0.00,,Y,B,C,N,,,,,,,,,,N,4,0,1,2,A,-,10,21950,A,N,G,B,B,B,H,-,A,A,0,Y,,,,Y,,A,07,0,0,1,0,1,0,0,0,0,"- ","- ",,,"SAN FRANCISCO","SAN FRANCISCO",-122.41549995,37.781649909999999
8280310,2016,2017-01-13,3801,2016-12-16,1100,2268,PARK,5,5,7,3801,0,0,0,,0,3F12A,"17TH ST","ROOSEVELT WY",0.00,,Y,A,-,N,,,,,,,,,,N,4,0,1,2,A,-,10,21950,A,N,B,B,B,A,H,-,A,A,0,Y,,,,Y,,A,07,0,0,1,0,1,0,0,0,0,"- ","- ",,,"SAN FRANCISCO","SAN FRANCISCO",-122.44529987,37.761869939999997
8280311,2016,2017-01-13,3801,2016-12-16,1804,2017,RICHM,5,5,7,3801,0,0,0,,0,3G4D,"27TH AV","GEARY BL",0.00,,Y,A,-,N,,,,,,,,,,N,4,0,1,2,A,-,10,21950,A,N,G,B,B,A,H,-,C,A,0,Y,,,,Y,,A,07,0,0,1,0,1,0,0,0,0,"- ","- ",,,"SAN FRANCISCO","SAN FRANCISCO",-122.48688996999999,37.780049929999997
8280313,2016,2017-01-13,3801,2016-12-08,1245,2745,CENTR,4,5,7,3801,0,0,0,,0,3A11C,"STOCKTON ST","CLAY ST",45.00,S,N,B,-,N,,,,,,,,,,N,4,0,1,2,A,-,11,21954,A,N,G,B,D,B,H,-,A,A,0,Y,,,,Y,,N,60,0,0,1,0,1,0,0,0,0,"- ","- ",,,"SAN FRANCISCO","SAN FRANCISCO",-122.4078299,37.793947410000001
8280314,2016,2017-01-20,3801,2016-12-01,2112,2708,MISSI,4,5,7,3801,0,0,0,,0,3D11E,"18TH ST","CASTRO ST",0.00,,Y,A,-,N,,,,,,,,,,N,4,0,1,2,A,-,10,21950,A,N,G,B,B,A,H,-,B,A,0,Y,,,,Y,,A,01,0,0,1,0,1,0,0,0,0,"- ","- ",,,"SAN FRANCISCO","SAN FRANCISCO",-122.43499998999999,37.760889919999997
8280315,2016,2017-01-13,3801,2016-12-16,1441,1474,BAYVI,5,5,7,3801,0,0,0,,0,3C102,"SAN BRUNO AV","OLMSTEAD ST",0.00,,Y,A,G,N,,,,,,,,,,N,2,0,1,2,A,-,09,21801,A,N,G,B,B,A,H,-,A,A,0,Y,,,,Y,,A,08,1,0,0,0,1,0,0,0,0,"- ","- ",,,"SAN FRANCISCO","SAN FRANCISCO",-122.40163998,37.722839890000003
8280317,2016,2017-01-13,3801,2016-12-08,1613,1276,CENTR,4,5,7,3801,0,0,0,,0,3A11D,"PINE ST","MONTGOMERY ST",7.00,W,N,C,-,N,,,,,,,,,,N,3,0,1,2,A,-,11,21456,B,N,G,B,B,B,H,-,C,A,0,Y,,,,Y,,N,60,0,1,0,0,1,0,0,0,0,"- ","- ",,,"SAN FRANCISCO","SAN FRANCISCO",-122.40257389,37.791916790000002
8280329,2016,2017-01-24,3801,2016-12-08,1030,2739,BAYVI,4,5,7,3801,0,0,0,,0,3C11D,"GENEVA AV","BROOKDALE AV",115.00,E,N,A,-,N,,,,,,,,,,N,4,0,1,2,A,-,10,21954,B,F,G,B,E,A,H,-,A,D,0,Y,,,,Y,,A,01,0,0,1,0,1,0,0,0,0,"- ","- ",,,"SAN FRANCISCO","SAN FRANCISCO",-122.42426596999999,37.709833760000002
8280683,2016,2017-01-12,3801,2016-11-29,0554,196,NORTH,2,5,7,3801,0,0,0,,0,,"POLK ST","SUTTER ST",5.00,S,N,A,-,N,,,,,,,,,,Y,4,0,1,2,A,-,10,21950,A,N,G,B,B,-,A,H,C,A,0,Y,,,,Y,,A,01,0,0,1,0,1,0,0,0,0,"- ","- ",,,"SAN FRANCISCO","SAN FRANCISCO",-122.42009684,37.787746499999997
8280691,2016,2017-01-12,3801,2016-11-25,1854,1994,CENTR,5,5,7,3801,0,0,0,,0,4B3B,"SUTTER ST","POWELL ST",57.00,E,N,A,-,N,,,,,,,,,,N,2,0,1,2,A,-,11,21954,A,N,G,B,E,A,H,-,C,D,0,Y,Y,,,Y,,N,60,1,0,0,0,0,0,1,0,0,"- ","- ",37.78913,-122.40848,"SAN FRANCISCO","SAN FRANCISCO",-122.40841468000001,37.789252220000002
8280699,2016,2017-01-12,3801,2016-11-19,1355,2439,NORTH,6,5,7,3801,0,0,0,,0,3E12A,"GREENWICH ST","POLK ST",0.00,,Y,C,-,N,,,,,,,,,,N,4,0,1,2,A,-,10,21950,A,N,G,B,B,B,-,-,A,D,0,Y,,,,Y,,-,,0,0,1,0,1,0,0,0,0,"- ","- ",,,"SAN FRANCISCO","SAN FRANCISCO",-122.42271989,37.80061998
8292403,2017,2017-04-11,3801,2017-03-02,1442,002340,TARAV,4,5,7,3801,0,0,0,,0,,"ORTEGA ST","37TH AV",0.00,,Y,B,-,N,,,,,,,,,,N,4,0,1,2,A,-,10,21950,A,N,G,B,B,A,H,-,A,D,0,Y,,,,Y,,A,07,0,0,1,0,1,0,0,0,0,"- ","- ",,,"SAN FRANCISCO","SAN FRANCISCO",-122.49562992,37.751509949999999
8292737,2017,2017-07-20,3801,2017-06-04,1814,41,PARK,7,5,7,3801,0,0,0,,0,03F,"17TH ST","DOUGLASS ST",0.00,,Y,A,-,N,,,,,,,,,,N,3,0,1,2,A,-,05,21650,A,N,G,B,-,A,H,-,A,D,0,Y,,,,Y,,A,01,0,1,0,0,1,0,0,0,0,"- ","- ",,,"SAN FRANCISCO","SAN FRANCISCO",-122.43948988,37.762219899999998