CASE_ID,ACCIDENT_YEAR,PROC_DATE,JURIS,COLLISION_DATE,COLLISION_TIME,OFFICER_ID,REPORTING_DISTRICT,DAY_OF_WEEK,CHP_SHIFT,POPULATION,CNTY_CITY_LOC,SPECIAL_COND,BEAT_TYPE,CHP_BEAT_TYPE,CITY_DIVISION_LAPD,CHP_BEAT_CLASS,BEAT_NUMBER,PRIMARY_RD,SECONDARY_RD,DISTANCE,DIRECTION,INTERSECTION,WEATHER_1,WEATHER_2,STATE_HWY_IND,CALTRANS_COUNTY,CALTRANS_DISTRICT,STATE_ROUTE,ROUTE_SUFFIX,POSTMILE_PREFIX,POSTMILE,LOCATION_TYPE,RAMP_INTERSECTION,SIDE_OF_HWY,TOW_AWAY,COLLISION_SEVERITY,NUMBER_KILLED,NUMBER_INJURED,PARTY_COUNT,PRIMARY_COLL_FACTOR,PCF_CODE_OF_VIOL,PCF_VIOL_CATEGORY,PCF_VIOLATION,PCF_VIOL_SUBSECTION,HIT_AND_RUN,TYPE_OF_COLLISION,MVIW,PED_ACTION,ROAD_SURFACE,ROAD_COND_1,ROAD_COND_2,LIGHTING,CONTROL_DEVICE,CHP_ROAD_TYPE,PEDESTRIAN_ACCIDENT,BICYCLE_ACCIDENT,MOTORCYCLE_ACCIDENT,TRUCK_ACCIDENT,NOT_PRIVATE_PROPERTY,ALCOHOL_INVOLVED,STWD_VEHTYPE_AT_FAULT,CHP_VEHTYPE_AT_FAULT,COUNT_SEVERE_INJ,COUNT_VISIBLE_INJ,COUNT_COMPLAINT_PAIN,COUNT_PED_KILLED,COUNT_PED_INJURED,COUNT_BICYCLIST_KILLED,COUNT_BICYCLIST_INJURED,COUNT_MC_KILLED,COUNT_MC_INJURED,PRIMARY_RAMP,SECONDARY_RAMP,LATITUDE,LONGITUDE,COUNTY,CITY,POINT_X,POINT_Y
8292738,2017,2017-07-20,3801,2017-06-05,1800,1660,SOUTH,1,5,7,3801,0,0,0,,0,0B4,"FOLSOM ST","10TH ST",0.00,,Y,A,-,N,,,,,,,,,,N,4,0,1,2,A,-,10,21950,A,N,G,B,-,A,H,-,A,-,0,Y,,,,Y,,A,01,0,0,1,0,1,0,0,0,0,"- ","- ",,,"SAN FRANCISCO","SAN FRANCISCO",-122.41281991,37.772819910000003
8292739,2017,2017-07-20,3801,2017-06-05,1723,466,TENDE,1,5,7,3801,0,0,0,,0,005,"LEAVENWORTH ST","ELLIS ST",0.00,,Y,A,-,N,,,,,,,,,,N,4,0,1,2,A,-,10,21950,A,F,G,B,-,A,H,-,A,A,0,Y,,,,Y,,A,01,0,0,1,0,1,0,0,0,0,"- ","- ",,,"SAN FRANCISCO","SAN FRANCISCO",-122.41441989,37.784669940000001
8292745,2017,2017-07-20,3801,2017-06-04,1625,1427,TENDE,7,5,7,3801,0,0,0,,0,04D,"EDDY ST","TAYLOR ST",0.00,,Y,A,-,N,,,,,,,,,,N,4,0,1,2,A,-,21,22106,,N,G,B,-,A,H,-,A,A,0,Y,,,,Y,,A,01,0,0,1,0,1,0,0,0,0,"- ","- ",,,"SAN FRANCISCO","SAN FRANCISCO",-122.41094996,37.784159959999997
8292746,2017,2017-07-20,3801,2017-06-05,1710,1706,TENDE,1,5,7,3801,0,0,0,,0,3J14D,"TURK ST","LEAVENWORTH ST",0.00,,Y,A,-,N,,,,,,,,,,N,4,0,1,2,A,-,10,21950,A,F,G,B,-,A,H,-,A,A,0,Y,,,,Y,,-,,0,0,1,0,1,0,0,0,0,"- ","- ",,,"SAN FRANCISCO","SAN FRANCISCO",-122.41403986,37.782799910000001
8292749,2017,2017-11-30,3801,2017-06-02,0838,2105,CENTR,5,5,7,3801,0,0,0,,0,3A12B,"MONTGOMERY ST","SACRAMENTO ST",0.00,,Y,A,-,N,,,,,,,,,,N,3,0,1,2,A,-,10,21950,A,N,G,B,-,A,-,-,A,A,0,Y,,,,Y,,A,01,0,1,0,0,1,0,0,0,0,"- ","- ",,,"SAN FRANCISCO","SAN FRANCISCO",-122.40293995,37.793789930000003
8298649,2017,2017-02-15,3801,2017-01-29,1849,1666,PARK,7,5,7,3801,0,0,0,,0,3F14D,"STEINER ST","HERMANN ST",0.00,,Y,A,-,N,,,,,,,,,,N,4,0,1,2,A,-,10,21950,A,N,A,B,-,A,H,-,D,A,0,Y,,,,Y,,A,01,0,0,1,0,1,0,0,0,0,"- ","- ",,,"SAN FRANCISCO","SAN FRANCISCO",-122.43173985999999,37.770029899999997
8305135,2017,2017-02-27,3801,2017-01-07,0248,283,SOUTH,6,5,7,3801,0,0,0,,0,0B4,"MISSION ST","6TH ST",0.00,,Y,C,-,N,,,,,,,,,,N,3,0,1,2,A,-,11,21954,A,N,G,B,D,B,H,-,E,A,0,Y,,,,Y,,N,60,0,1,0,0,1,0,0,0,0,"- ","- ",,,"SAN FRANCISCO","SAN FRANCISCO",-122.40868999,37.78097992
8305136,2017,2017-02-15,3801,2017-01-14,1513,470,NORTH,6,5,7,3801,0,0,0,,0,3E78,"DIVISADERO ST","FULTON ST",0.00,,Y,A,-,N,,,,,,,,,,Y,4,0,1,3,A,-,12,21453,A,N,D,C,D,A,H,-,A,A,0,Y,,,,Y,,A,01,0,0,1,0,1,0,0,0,0,"- ","- ",,,"SAN FRANCISCO","SAN FRANCISCO",-122.43815987000001,37.776859930000001
8305147,2017,2017-02-27,3801,2017-01-06,1605,1810,MISSI,5,5,7,3801,0,0,0,,0,3D11D,"18TH ST","GUERRERO ST",0.00,,Y,B,-,N,,,,,,,,,,N,2,0,1,2,A,-,11,21950,B,N,G,B,B,A,H,-,A,A,0,Y,,,,Y,,N,60,1,0,0,0,1,0,0,0,0,"- ","- ",,,"SAN FRANCISCO","SAN FRANCISCO",-122.42379996,37.761579930000003
8305159,2017,2017-02-27,3801,2017-01-05,1201,2737,SOUTH,4,5,7,3801,0,0,0,,0,3B15C,"MINNA ST","9TH ST",0.00,,Y,A,-,N,,,,,,,,,,N,4,0,1,2,A,-,10,21950,A,N,G,B,B,A,H,-,A,A,0,Y,,,,Y,,I,11,0,0,1,0,1,0,0,0,0,"- ","- ",,,"SAN FRANCISCO","SAN FRANCISCO",-122.41417,37.775799960000001
8305160,2017,2017-02-15,3801,2017-01-01,2002,2073,3801,7,5,7,3801,0,0,0,,0,004,"POTRERO AV","25TH ST",0.00,,Y,C,-,N,,,,,,,,,,N,4,0,1,2,A,-,08,22101,D,F,G,B,B,B,H,-,C,D,0,Y,,,Y,Y,Y,-,"- ",0,0,1,0,1,0,0,0,0,"- ","- ",,,"SAN FRANCISCO","SAN FRANCISCO",-122.40619992000001,37.751739979999996
8305230,2017,2017-02-15,3801,2017-01-26,1455,240,SOUTH,4,5,7,3801,0,0,0,,0,901,"5TH ST","TEHAMA ST",19.00,S,N,A,-,N,,,,,,,,,,N,3,0,1,2,A,-,11,21954,A,N,G,B,D,A,H,-,A,D,0,Y,,,,Y,,N,60,0,1,0,0,1,0,0,0,0,"- ","- ",,,"SAN FRANCISCO","SAN FRANCISCO",-122.40435296,37.78105352
8305242,2017,2017-05-31,3801,2017-01-09,2005,242,CENTR,1,5,7,3801,0,0,0,,0,004,"WASHINGTON ST","GRANT ST",5.00,W,N,C,-,N,,,,,,,,,,N,4,0,1,2,A,-,10,21950,A,N,G,B,B,B,-,-,C,A,0,Y,,,,Y,,A,01,0,0,1,0,1,0,0,0,0,"- ","- ",,,"SAN FRANCISCO","SAN FRANCISCO",-122.40646714,37.795158090000001
8305253,2017,2017-02-15,3801,2017-01-03,1835,2744,NORTH,2,5,7,3801,0,0,0,,0,3E13C,"STEINER ST","EDDY ST",0.00,,Y,B,C,N,,,,,,,,,,N,4,0,1,2,A,-,10,21950,A,N,G,B,B,B,H,-,C,A,0,Y,,,,Y,,I,09,0,0,1,0,1,0,0,0,0,"- ","- ",,,"SAN FRANCISCO","SAN FRANCISCO",-122.43395998,37.781209910000001
8305257,2017,2017-02-27,3801,2017-01-09,1447,720,TENDE,1,5,7,3801,0,0,0,,0,3J41C,"MARKET ST","STOCKTON ST",8.00,W,N,B,C,N,,,,,,,,,,N,3,0,1,2,A,-,11,21954,A,N,G,B,E,B,H,-,A,A,0,Y,,,,Y,,N,60,0,1,0,0,1,0,0,0,0,"- ","- ",,,"SAN FRANCISCO","SAN FRANCISCO",-122.40590922,37.785684179999997
8305265,2017,2017-02-15,3801,2017-01-26,2050,1671,CENTR,4,5,7,3801,0,0,0,,0,3A12E,"KEARRY ST","POST ST",0.00,,Y,A,-,N,,,,,,,,,,N,3,0,1,2,A,-,10,21950,A,N,G,B,B,A,H,-,C,A,0,Y,,,,Y,Y,A,08,0,1,0,0,1,0,0,0,0,"- ","- ",,,"SAN FRANCISCO","SAN FRANCISCO",-122.40365998,37.788899929999999
8305267,2017,2017-03-06,3801,2017-01-13,2210,402,CENTR,5,5,7,3801,0,0,0,,0,3A11E,"PACIFIC AV","STOCKTON ST",64.00,E,N,A,-,N,,,,,,,,,,N,4,0,1,2,A,-,17,22517,,N,B,E,E,A,H,-,C,A,0,Y,,,,Y,,N,60,0,0,1,0,1,0,0,0,0,"- ","- ",,,"SAN FRANCISCO","SAN FRANCISCO",-122.40819184999999,37.796750760000002
8305273,2017,2017-02-16,3801,2017-01-09,1808,129,NORTH,1,5,7,3801,0,0,0,,0,3E14D,"BUSH ST",LAGUNA,9.00,E,N,B,C,N,,,,,,,,,,N,2,0,1,2,A,-,10,21950,A,F,G,B,B,B,H,-,C,A,0,Y,,,,Y,,I,11,1,0,0,0,1,0,0,0,0,"- ","- ",,,"SAN FRANCISCO","SAN FRANCISCO",-122.42849923,37.787653890000001
8305282,2017,2017-03-22,3801,2017-01-04,0645,494,MISSI,3,5,7,3801,0,0,0,,0,0D6,"FOLSOM ST","17TH ST",24.00,E,N,B,C,N,,,,,,,,,,N,4,0,1,2,A,-,10,21950,A,N,G,B,B,B,H,-,C,A,0,Y,,,,Y,,-,,0,0,1,0,1,0,0,0,0,"- ","- ",,,"SAN FRANCISCO","SAN FRANCISCO",-122.41515,37.763689999999997
8305284,2017,2017-02-16,3801,2017-01-24,1731,240,SOUTH,2,5,7,3801,0,0,0,,0,901,"BRANNAN ST","8TH ST",3.00,W,N,A,-,N,,,,,,,,,,N,4,0,1,2,A,-,10,21950,A,N,G,B,B,A,H,-,C,A,0,Y,,,,Y,,A,01,0,0,1,0,1,0,0,0,0,"- ","- ",,,"SAN FRANCISCO","SAN FRANCISCO",-122.40543731,37.77128415
8305287,2017,2017-02-16,3801,2017-01-14,1302,1826,CENTR,6,5,7,3801,0,0,0,,0,3A14C,"BAY ST","KEARNY ST",0.00,,Y,A,-,N,,,,,,,,,,N,4,0,1,2,A,-,10,21950,A,N,G,B,B,A,H,-,A,A,0,Y,,,,Y,,A,01,0,0,1,0,1,0,0,0,0,"- ","- ",,,"SAN FRANCISCO","SAN FRANCISCO",-122.40716988,37.806439900000001
8305290,2017,2017-02-22,3801,2017-01-05,1453,311,SOUTH,4,5,7,3801,0,0,0,,0,901,"1ST ST","FOLSOM ST",0.00,,Y,A,-,N,,,,,,,,,,N,4,0,1,4,A,-,07,21658,A,N,-,C,B,A,D,-,A,A,0,Y,,,,Y,,A,01,0,0,1,0,1,0,0,0,0,"- ","- ",,,"SAN FRANCISCO","SAN FRANCISCO",-122.39446989,37.787319889999999
8305291,2017,2017-02-16,3801,2017-01-20,1255,1519,BAYVI,5,5,7,3801,0,0,0,,0,"4 CAR","SAN BRUNO AV","BURROWS ST",2.00,N,N,C,-,N,,,,,,,,,,N,4,0,1,2,A,-,10,21950,A,N,G,B,B,B,H,-,A,D,0,Y,,,,Y,,A,01,0,0,1,0,1,0,0,0,0,"- ","- ",,,"SAN FRANCISCO","SAN FRANCISCO",-122.40412225,37.728835189999998
8305294,2017,2017-02-15,3801,2017-01-05,1213,1216,BAYVI,4,5,7,3801,0,0,0,,0,3C13A,"BAYSHORE BL",CORTLAND,150.00,N,N,A,-,N,,,,,,,,,,N,4,0,1,2,A,-,21,22106,,F,G,B,F,A,H,-,A,-,0,Y,,,,Y,,A,07,0,0,1,0,1,0,0,0,0,"- ","- ",,,"SAN FRANCISCO","SAN FRANCISCO",-122.40693695,37.739989919999999
8305296,2017,2017-02-16,3801,2017-01-28,1325,143,INGLE,6,5,7,3801,0,0,0,,0,3H15C,"GENEVA AV","PARIS ST",0.00,,Y,A,-,N,,,,,,,,,,N,4,0,1,2,A,-,10,21950,A,N,G,B,B,A,H,-,A,A,0,Y,,,,Y,,A,01,0,0,1,0,1,0,0,0,0,"- ","- ",,,"SAN FRANCISCO","SAN FRANCISCO",-122.43942991,37.71567993
8305298,2017,2017-03-03,3801,2017-01-05,0845,160,MISSI,4,5,7,3801,0,0,0,,0,901,"16TH ST","SHOTWELL ST",0.00,,Y,A,-,N,,,,,,,,,,N,4,0,1,2,A,-,10,21950,,F,G,B,B,-,G,-,-,-,0,Y,,,,Y,,-,"- ",0,0,1,0,1,0,0,0,0,"- ","- ",,,"SAN FRANCISCO","SAN FRANCISCO",-122.41636994,37.765249949999998
8305299,2017,2017-02-16,3801,2017-01-18,1725,858,CENTR,3,5,7,3801,0,0,0,,0,3A12D,"SACRAMENTO ST","MASON ST",0.00,,Y,B,C,N,,,,,,,,,,N,4,0,1,2,A,-,10,21950,A,N,G,B,B,B,H,-,C,A,0,Y,,,,Y,,A,07,0,0,1,0,1,0,0,0,0,"- ","- ",,,"SAN FRANCISCO","SAN FRANCISCO",-122.41098991,37.7927599
8305300,2017,2017-02-16,3801,2017-01-28,1826,2205,TENDE,6,5,7,3801,0,0,0,,0,3J11D,"STEVENSON ST","8TH ST",5.00,W,N,A,-,N,,,,,,,,,,N,4,0,1,2,A,-,21,22106,,F,G,B,B,A,H,-,C,D,0,Y,,,,Y,,A,01,0,0,1,0,1,0,0,0,0,"- ","- ",,,"SAN FRANCISCO","SAN FRANCISCO",-122.41416211000001,37.778240179999997
8305302,2017,2017-02-15,3801,2017-01-04,1832,426,TENDE,3,5,7,3801,0,0,0,,0,3J12D,"MASON ST","EDDY ST",0.00,,Y,C,-,N,,,,,,,,,,N,4,0,1,2,A,-,10,21950,A,N,G,B,B,B,H,-,C,A,0,Y,,,,Y,,A,01,0,0,1,0,1,0,0,0,0,"- ","- ",,,"SAN FRANCISCO","SAN FRANCISCO",-122.40929991,37.784379960000003
8305303,2017,2017-02-16,3801,2017-01-18,2025,2427,SOUTH,3,5,7,3801,0,0,0,,0,3B15E,"17TH ST","ARKANSAS ST",0.00,,Y,C,-,N,,,,,,,,,,N,4,0,1,2,A,-,10,21950,A,N,G,B,B,B,H,-,C,-,0,Y,,,,Y,,A,01,0,0,1,0,1,0,0,0,0,"- ","- ",,,"SAN FRANCISCO","SAN FRANCISCO",-122.39869996,37.76502996
8305306,2017,2017-02-15,3801,2017-01-04,1852,1316,CENTR,3,5,7,3801,0,0,0,,0,3A14D,"COLUMBUS AV","STOCKTON ST",0.00,,Y,B,C,N,,,,,,,,,,N,4,0,1,2,A,-,10,21950,A,N,B,B,B,B,-,-,C,A,0,Y,,,,Y,,A,01,0,0,1,0,1,0,0,0,0,"- ","- ",,,"SAN FRANCISCO","SAN FRANCISCO",-122.40897987,37.799499910000002
8305311,2017,2017-02-16,3801,2017-01-20,0712,2039,RICHM,5,5,7,3801,0,0,0,,0,004,"GEARY BL","22ND AV",0.00,,Y,B,-,N,,,,,,,,,,N,2,0,1,2,A,-,10,21950,A,F,G,B,B,B,H,-,A,A,0,Y,,,,Y,,-,,1,0,0,0,1,0,0,0,0,"- ","- ",,,"SAN FRANCISCO","SAN FRANCISCO",-122.48153000000001,37.780289949999997
8305315,2017,2017-02-16,3801,2017-01-20,1643,1126,CENTR,5,5,7,3801,0,0,0,,0,3A11D,"TAYLOR ST","PINE ST",0.00,,Y,C,-,N,,,,,,,,,,N,4,0,1,2,A,-,10,21950,A,N,G,B,B,B,H,-,A,A,0,Y,,,,Y,,-,,0,0,1,0,1,0,0,0,0,"- ","- ",,,"SAN FRANCISCO","SAN FRANCISCO",-122.41224988,37.790659949999998
8305316,2017,2017-02-16,3801,2017-01-20,0700,4315,SOUTH,5,5,7,3801,0,0,0,,0,3B1A,"BRANNAN ST","2ND ST",0.00,,Y,C,-,N,,,,,,,,,,N,4,0,1,2,A,-,10,21950,A,N,G,B,B,B,H,-,C,A,0,Y,,,,Y,,A,01,0,0,1,0,1,0,0,0,0,"- ","- ",,,"SAN FRANCISCO","SAN FRANCISCO",-122.39205999000001,37.781839949999998
8305319,2017,2017-02-16,3801,2017-01-21,0015,1588,"CO D",6,5,7,3801,0,0,0,,0,3D12E,"SOUTH VAN NESS","20TH ST",0.00,,Y,C,-,N,,,,,,,,,,N,4,0,1,2,A,-,11,21453,D,N,G,B,B,B,H,-,C,A,0,Y,,,,Y,Y,N,60,0,0,1,0,1,0,0,0,0,"- ","- ",,,"SAN FRANCISCO","SAN FRANCISCO",-122.41690989999999,37.758759910000002
8305325,2017,2017-02-16,3801,2017-01-07,2113,1967,COJ,6,5,7,3801,0,0,0,,0,3J13E,"LEAVENWORTH ST","EDDY ST",0.00,,Y,C,-,N,,,,,,,,,,Y,4,0,1,2,A,-,10,21950,A,N,G,B,B,B,H,-,C,A,0,Y,,,,Y,,A,01,0,0,1,0,1,0,0,0,0,"- ","- ",,,"SAN FRANCISCO","SAN FRANCISCO",-122.41423994,37.783729890000004
8305329,2017,2017-05-31,3801,2017-01-05,2205,1206,TARAV,4,5,7,3801,0,0,0,,0,"6 CAR","MIRAMAR AV","GRAFTON AV",0.00,,Y,A,-,N,,,,,,,,,,,4,0,1,2,A,-,10,21950,A,N,G,B,B,A,H,-,C,A,0,Y,,,,Y,,A,01,0,0,1,0,1,0,0,0,0,"- ","- ",,,"SAN FRANCISCO","SAN FRANCISCO",-122.45817987,37.720019899999997
8305331,2017,2017-03-06,3801,2017-01-20,0230,000970,SOUTH,5,5,7,3801,0,0,0,,0,02B,"3RD ST","BRYANT ST",2.00,N,N,B,-,N,,,,,,,,,,N,3,0,1,2,A,I,"- ",,,N,H,-,F,A,H,-,C,D,0,Y,Y,,,Y,,L,04,0,1,0,0,1,0,0,0,0,"- ","- ",,,"SAN FRANCISCO","SAN FRANCISCO",-122.39585492,37.781313869999998
8305332,2017,2017-02-16,3801,2017-01-21,2228,1614,NORTH,6,5,7,3801,0,0,0,,0,006,"FRANKLIN ST","UNION ST",0.00,,Y,C,-,N,,,,,,,,,,N,4,0,1,2,D,-,00,,,N,G,B,E,B,H,-,C,A,0,Y,,,,Y,,-,"- ",0,0,1,0,1,0,0,0,0,"- ","- ",,,"SAN FRANCISCO","SAN FRANCISCO",-122.42561995,37.798339910000003
8305335,2017,2017-02-16,3801,2017-01-21,1505,257,CENTR,6,5,7,3801,0,0,0,,0,3A14B,"MASON ST","SUTTER ST",4.00,S,N,B,-,N,,,,,,,,,,,3,0,1,2,A,-,10,21950,A,N,G,B,B,B,H,-,A,A,0,Y,,,,Y,,A,01,0,1,0,0,1,0,0,0,0,"- ","- ",,,"SAN FRANCISCO","SAN FRANCISCO",-122.41021777,37.788999150000002
8305339,2017,2017-02-16,3801,2017-01-21,1800,2439,NORTH,6,5,7,3801,0,0,0,,0,3E12D,"PINE ST","POLK ST",0.00,,Y,C,-,N,,,,,,,,,,N,3,0,1,2,A,-,10,21950,A,N,G,B,B,B,H,-,C,A,0,Y,,,,Y,,A,01,0,1,0,0,1,0,0,0,0,"- ","- ",,,"SAN FRANCISCO","SAN FRANCISCO",-122.42049994,37.789639979999997
8305340,2017,2017-02-16,3801,2017-01-08,1035,2310,NORTH,7,5,7,3801,0,0,0,,0,3E41B,"GOUGH ST","HAYES ST",13.00,S,N,B,C,N,,,,,,,,,,N,4,0,1,2,A,-,11,21456,B,N,G,B,E,A,H,-,A,A,0,Y,,,,Y,,N,60,0,0,1,0,1,0,0,0,0,"- ","- ",,,"SAN FRANCISCO","SAN FRANCISCO",-122.4229631,37.776844709999999
8305343,2017,2017-02-16,3801,2017-01-21,2130,1224,SOUTH,6,5,7,3801,0,0,0,,0,3B12E,"EMBARCADERO ST","FOLSOM ST",0.00,,Y,C,-,N,,,,,,,,,,N,3,0,1,2,A,-,10,21950,A,N,G,B,B,B,H,-,C,A,0,Y,,,,Y,,A,01,0,1,0,0,1,0,0,0,0,"- ","- ",,,"SAN FRANCISCO","SAN FRANCISCO",-122.38991618,37.790923139999997
8305344,2017,2017-03-22,3801,2017-01-01,1835,380,CENTR,7,5,7,3801,0,0,0,,0,004,"PACIFIC AV","PACIFIC AV 711",0.00,,Y,A,-,N,,,,,,,,,,N,4,0,1,2,A,-,11,21950,B,F,G,B,E,A,H,-,C,D,0,Y,,,,Y,,N,60,0,0,1,0,1,0,0,0,0,"- ","- ",,,"SAN FRANCISCO","SAN FRANCISCO",-122.40729868,37.796856429999998
8305346,2017,2017-02-15,3801,2017-01-08,0130,2126,CENTR,7,5,7,3801,0,0,0,,0,3A13A,"POLK ST","CALIFORNIA ST",0.00,,Y,C,-,N,,,,,,,,,,N,4,0,1,2,A,-,10,21950,A,N,G,B,B,B,H,-,C,A,0,Y,,,,Y,Y,A,01,0,0,1,0,1,0,0,0,0,"- ","- ",,,"SAN FRANCISCO","SAN FRANCISCO",-122.42067992,37.790569959999999
8305348,2017,2017-02-23,3801,2017-01-30,1900,209,NORTH,1,5,7,3801,0,0,0,,0,03E,"OAK ST","WEBSTER ST",0.00,,Y,A,-,N,,,,,,,,,,N,4,0,1,2,A,-,10,21950,A,M,G,B,B,A,H,-,C,A,0,Y,,,,Y,Y,A,01,0,0,1,0,1,0,0,0,0,"- ","- ",,,"SAN FRANCISCO","SAN FRANCISCO",-122.42912999000001,37.774169980000003
8305350,2017,2017-02-15,3801,2017-01-06,1756,2403,SOUTH,5,5,7,3801,0,0,0,,0,3B11D,"FREMONT ST","FOLSOM ST",200.00,S,N,A,-,N,,,,,,,,,,N,4,0,1,2,A,-,03,22350,,M,G,B,E,A,G,-,C,D,0,Y,,,,Y,,A,01,0,0,1,0,1,0,0,0,0,"- ","- ",,,"SAN FRANCISCO","SAN FRANCISCO",-122.3931115,37.787610710000003
8305353,2017,2017-02-16,3801,2017-01-07,2014,685,NORTH,6,5,7,3801,0,0,0,,0,3E16D,"POLK ST","FRANCISCO ST",0.00,,Y,C,-,N,,,,,,,,,,N,4,0,1,2,A,-,10,21950,A,N,G,B,B,B,H,-,C,D,0,Y,,,,Y,,-,,0,0,1,0,1,0,0,0,0,"- ","- ",,,"SAN FRANCISCO","SAN FRANCISCO",-122.42326994,37.803419910000002
8305354,2017,2017-02-15,3801,2017-01-05,0143,000382,NORTH,4,5,7,3801,0,0,0,,0,902,"FRANKLIN ST","EDDY ST",0.00,,Y,C,-,N,,,,,,,,,,N,4,0,1,2,A,-,10,21950,A,N,G,B,B,B,H,-,C,A,0,Y,,,,Y,,A,07,0,0,1,0,1,0,0,0,0,"- ","- ",,,"SAN FRANCISCO","SAN FRANCISCO",-122.42243998000001,37.782669980000001
8305360,2017,2017-06-19,3801,2017-01-20,0645,251,INGLE,5,5,7,3801,0,0,0,,0,H10,"SILVER AV","MISSION ST",0.00,,Y,B,C,N,,,,,,,,,,N,4,0,1,2,A,-,10,21950,A,F,G,B,B,B,H,-,D,A,0,Y,,,,Y,,A,01,0,0,1,0,1,0,0,0,0,"- ","- ",,,"SAN FRANCISCO","SAN FRANCISCO",-122.43127993,37.728739920000002
8305362,2017,2017-02-15,3801,2017-01-12,0950,892,SOUTH,4,5,7,3801,0,0,0,,0,3B11D,"BRYANT ST","BRYANT ST 446",0.00,,N,A,-,N,,,,,,,,,,N,4,0,1,2,A,-,03,22350,,F,G,B,E,B,H,-,A,A,0,Y,,,,Y,,A,08,0,0,1,0,1,0,0,0,0,"- ","- ",,,"SAN FRANCISCO","SAN FRANCISCO",-122.39465296,37.782263280000002
8305363,2017,2017-02-15,3801,2017-01-19,1759,557,MISSI,4,5,7,3801,0,0,0,,0,3D15D,"SOUTH VAN NESS","21ST ST",94.00,N,N,B,-,N,,,,,,,,,,N,3,0,1,2,A,-,11,21955,,N,G,B,C,A,H,-,C,D,0,Y,,,,Y,,N,60,0,1,0,0,1,0,0,0,0,"- ","- ",,,"SAN FRANCISCO","SAN FRANCISCO",-122.41677574000001,37.757417420000003
8305364,2017,2017-05-31,3801,2017-01-03,2000,2169,,2,5,7,3801,0,0,0,,0,3I16D,"RANDOLPH ST","19TH AV",0.00,,Y,C,-,N,,,,,,,,,,N,3,0,1,2,A,-,10,21950,A,N,A,B,B,B,H,-,C,D,0,Y,,,,Y,,A,01,0,1,0,0,1,0,0,0,0,"- ","- ",,,"SAN FRANCISCO","SAN FRANCISCO",-122.47157996,37.716109920000001
8305365,2017,2017-02-14,3801,2017-01-18,0700,829,PARK,3,5,7,3801,0,0,0,,0,3F13A,"ANZA ST","COLLINS ST",0.00,,Y,B,C,N,,,,,,,,,,N,3,0,1,2,A,-,10,21950,A,N,G,B,B,B,H,-,C,D,0,Y,,,,Y,,A,01,0,1,0,0,1,0,0,0,0,"- ","- ",,,"SAN FRANCISCO","SAN FRANCISCO",-122.44980993,37.780759889999999
8305368,2017,2017-10-12,3801,2017-01-02,2300,2736,TENDE,1,5,7,3801,0,0,0,,0,3J12E,"5TH ST","MARKET ST",5.00,S,N,C,-,N,,,,,,,,,,N,3,0,1,2,A,-,11,21453,D,N,G,B,B,B,H,-,C,A,0,Y,,,,Y,Y,N,60,0,1,0,0,1,0,0,0,0,"- ","- ",,,"SAN FRANCISCO","SAN FRANCISCO",-122.40804794,37.783990150000001
8305369,2017,2017-02-14,3801,2017-01-11,1953,2462,PARK,3,5,7,3801,0,0,0,,0,3F13D,"HAYES ST",MASONIC,0.00,,Y,B,C,N,,,,,,,,,,N,2,0,1,2,D,-,00,,,N,G,B,B,B,H,-,C,A,0,Y,,,,Y,,-,"- ",1,0,0,0,1,0,0,0,0,"- ","- ",,,"SAN FRANCISCO","SAN FRANCISCO",-122.44610987999999,37.773939910000003
8305370,2017,2017-02-28,3801,2017-01-11,2007,2228,TARAV,3,5,7,3801,0,0,0,,0,3I11D,"JUDAH ST","19TH AV",0.00,,Y,C,-,N,,,,,,,,,,N,3,0,1,2,A,-,11,21453,D,N,G,B,B,B,H,-,C,A,0,Y,,,,Y,,N,60,0,1,0,0,1,0,0,0,0,"- ","- ",,,"SAN FRANCISCO","SAN FRANCISCO",-122.47702998,37.76169994
8305371,2017,2017-02-15,3801,2017-01-18,1930,301,CENTR,3,5,7,3801,0,0,0,,0,3A11D,"HOWARD ST","FREMONT ST",0.00,,Y,B,-,N,,,,,,,,,,N,3,0,1,2,A,-,10,21950,A,N,G,B,B,B,H,-,C,A,0,Y,,,,Y,,A,01,0,1,0,0,1,0,0,0,0,"- ","- ",,,"SAN FRANCISCO","SAN FRANCISCO",-122.39513985000001,37.78922996
8305377,2017,2017-05-31,3801,2017-01-17,2224,124,TENDE,2,5,7,3801,0,0,0,,0,3J12E,"TAYLOR ST","OFARRELL ST",0.00,,Y,A,-,N,,,,,,,,,,N,3,0,1,2,A,-,10,21950,A,F,A,B,B,B,H,-,C,A,0,Y,,,,Y,,A,01,0,1,0,0,1,0,0,0,0,"- ","- ",,,"SAN FRANCISCO","SAN FRANCISCO",-122.41131996999999,37.786019889999999
8305380,2017,2017-02-15,3801,2017-01-07,2057,472,INGLE,6,5,7,3801,0,0,0,,0,3H13D,"PERSIA AV","MISSION ST",0.00,,Y,B,C,N,,,,,,,,,,N,4,0,1,2,A,-,10,21950,A,N,G,B,B,B,H,-,C,A,0,Y,,,,Y,Y,A,01,0,0,1,0,1,0,0,0,0,"- ","- ",,,"SAN FRANCISCO","SAN FRANCISCO",-122.4359699,37.723139940000003