CASE_ID,ACCIDENT_YEAR,PROC_DATE,JURIS,COLLISION_DATE,COLLISION_TIME,OFFICER_ID,REPORTING_DISTRICT,DAY_OF_WEEK,CHP_SHIFT,POPULATION,CNTY_CITY_LOC,SPECIAL_COND,BEAT_TYPE,CHP_BEAT_TYPE,CITY_DIVISION_LAPD,CHP_BEAT_CLASS,BEAT_NUMBER,PRIMARY_RD,SECONDARY_RD,DISTANCE,DIRECTION,INTERSECTION,WEATHER_1,WEATHER_2,STATE_HWY_IND,CALTRANS_COUNTY,CALTRANS_DISTRICT,STATE_ROUTE,ROUTE_SUFFIX,POSTMILE_PREFIX,POSTMILE,LOCATION_TYPE,RAMP_INTERSECTION,SIDE_OF_HWY,TOW_AWAY,COLLISION_SEVERITY,NUMBER_KILLED,NUMBER_INJURED,PARTY_COUNT,PRIMARY_COLL_FACTOR,PCF_CODE_OF_VIOL,PCF_VIOL_CATEGORY,PCF_VIOLATION,PCF_VIOL_SUBSECTION,HIT_AND_RUN,TYPE_OF_COLLISION,MVIW,PED_ACTION,ROAD_SURFACE,ROAD_COND_1,ROAD_COND_2,LIGHTING,CONTROL_DEVICE,CHP_ROAD_TYPE,PEDESTRIAN_ACCIDENT,BICYCLE_ACCIDENT,MOTORCYCLE_ACCIDENT,TRUCK_ACCIDENT,NOT_PRIVATE_PROPERTY,ALCOHOL_INVOLVED,STWD_VEHTYPE_AT_FAULT,CHP_VEHTYPE_AT_FAULT,COUNT_SEVERE_INJ,COUNT_VISIBLE_INJ,COUNT_COMPLAINT_PAIN,COUNT_PED_KILLED,COUNT_PED_INJURED,COUNT_BICYCLIST_KILLED,COUNT_BICYCLIST_INJURED,COUNT_MC_KILLED,COUNT_MC_INJURED,PRIMARY_RAMP,SECONDARY_RAMP,LATITUDE,LONGITUDE,COUNTY,CITY,POINT_X,POINT_Y
8305384,2017,2017-02-15,3801,2017-01-17,1540,2744,TARAV,2,5,7,3801,0,0,0,,0,0I2,"30TH AV","KIRKHAM ST",173.00,S,N,A,-,N,,,,,,,,,,N,4,0,1,2,A,-,11,21954,A,N,G,B,D,A,H,-,A,D,0,Y,,,,Y,,N,60,0,0,1,0,1,0,0,0,0,"- ","- ",,,"SAN FRANCISCO","SAN FRANCISCO",-122.48859836,37.758835400000002
8305387,2017,2017-02-15,3801,2017-01-14,1145,538,BAYVI,6,5,7,3801,0,0,0,,0,3C11A,"SILLIMAN ST","GIRARD ST",0.00,,Y,A,-,N,,,,,,,,,,N,4,0,1,2,A,-,10,21950,A,N,G,B,B,A,H,-,A,D,0,Y,,,,Y,,A,01,0,0,1,0,1,0,0,0,0,"- ","- ",,,"SAN FRANCISCO","SAN FRANCISCO",-122.40608997,37.730979939999997
8305390,2017,2017-02-15,3801,2017-01-11,1551,1316,CENTR,3,5,7,3801,0,0,0,,0,3A40D,"BAY ST","POWELL ST",0.00,,Y,A,-,N,,,,,,,,,,N,4,0,1,2,A,-,10,21950,A,N,G,B,B,A,H,-,A,A,0,Y,,,,Y,,A,01,0,0,1,0,1,0,0,0,0,"- ","- ",,,"SAN FRANCISCO","SAN FRANCISCO",-122.41193995,37.80583996
8305392,2017,2017-02-15,3801,2017-01-05,1821,899,INGLE,4,5,7,3801,0,0,0,,0,4B3E,SUNNYDALE,"BRITTON ST",77.00,W,N,A,-,N,,,,,,,,,,N,2,0,1,3,A,-,03,22350,,F,C,C,E,A,H,-,C,D,0,Y,,,,Y,,A,01,1,0,0,0,1,0,0,0,0,"- ","- ",,,"SAN FRANCISCO","SAN FRANCISCO",-122.41348028,37.711188069999999
8305393,2017,2017-02-14,3801,2017-01-18,1839,273,NORTH,3,5,7,3801,0,0,0,,0,3E13D,"DIVISADERO ST","JACKSON ST",15.00,S,N,C,-,N,,,,,,,,,,N,2,0,1,2,A,-,10,21950,A,N,G,B,B,B,H,-,C,A,0,Y,,,,Y,,A,01,1,0,0,0,1,0,0,0,0,"- ","- ",,,"SAN FRANCISCO","SAN FRANCISCO",-122.44116149,37.791579349999999
8305394,2017,2017-02-15,3801,2017-01-09,1714,002256,INGLE,1,5,7,3801,0,0,0,,0,3H16D,"MISSION ST","SICKLES AV",0.00,,Y,B,-,N,,,,,,,,,,N,4,0,1,2,A,-,10,21950,A,N,G,B,B,B,H,-,B,A,0,Y,,,,Y,,A,01,0,0,1,0,1,0,0,0,0,"- ","- ",,,"SAN FRANCISCO","SAN FRANCISCO",-122.45275997,37.708799910000003
8305396,2017,2017-02-15,3801,2017-01-13,1804,1766,TARAV,5,5,7,3801,0,0,0,,0,4B3C,"OCEAN AV","SYLVAN DR",0.00,,Y,A,-,N,,,,,,,,,,Y,2,0,3,4,A,-,10,21950,A,N,G,B,B,A,H,-,C,A,0,Y,,,,Y,,A,01,1,2,0,0,3,0,0,0,0,"- ","- ",37.732329999999997,-122.48537,"SAN FRANCISCO","SAN FRANCISCO",-122.48538988999999,37.732289979999997
8305407,2017,2017-02-15,3801,2017-01-13,0914,2734,TENDE,5,5,7,3801,0,0,0,,0,3J52A,"ELLIS ST","TAYLOR ST",0.00,,Y,A,-,N,,,,,,,,,,N,3,0,1,2,A,-,11,21956,A,N,D,B,E,A,H,-,A,A,0,Y,,,,Y,,N,60,0,1,0,0,1,0,0,0,0,"- ","- ",,,"SAN FRANCISCO","SAN FRANCISCO",-122.41112987,37.785099899999999
8305409,2017,2017-03-02,3801,2017-01-13,2245,2059,"CO D",5,5,7,3801,0,0,0,,0,3D45A,"MISSION ST","VALENCIA ST",0.00,,Y,-,-,N,,,,,,,,,,N,4,0,1,2,A,-,10,21950,A,N,G,B,E,-,-,-,-,-,0,Y,,,,Y,,A,01,0,0,1,0,1,0,0,0,0,"- ","- ",,,"SAN FRANCISCO","SAN FRANCISCO",-122.41986995000001,37.745589930000001
8305411,2017,2017-02-15,3801,2017-01-13,0740,1272,SOUTH,5,5,7,3801,0,0,0,,0,3B60,"FOLSOM ST","10TH ST",0.00,,Y,A,-,N,,,,,,,,,,N,3,0,1,2,A,-,10,21950,A,N,G,B,B,A,H,-,A,A,0,Y,,,,Y,,A,01,0,1,0,0,1,0,0,0,0,"- ","- ",,,"SAN FRANCISCO","SAN FRANCISCO",-122.41281991,37.772819910000003
8305412,2017,2017-02-15,3801,2017-01-26,2100,1740,CENTR,4,5,7,3801,0,0,0,,0,3A13E,"MASON ST","VANDEWATER ST",15.00,S,N,A,-,N,,,,,,,,,,N,4,0,1,2,A,-,11,21950,B,F,G,B,D,A,H,-,C,D,0,Y,,,,Y,Y,N,60,0,0,1,0,1,0,0,0,0,"- ","- ",,,"SAN FRANCISCO","SAN FRANCISCO",-122.4135017,37.805129319999999
8305414,2016,2017-04-17,3801,2016-12-16,1924,509,SOUTH,5,5,7,3801,0,0,0,,0,3B14C,"BRANNAN ST","RITCH ST",0.00,,Y,A,-,N,,,,,,,,,,N,4,0,1,2,A,-,02,21654,A,N,G,B,D,A,H,-,C,D,0,Y,,,,Y,,N,60,0,0,1,0,1,0,0,0,0,"- ","- ",,,"SAN FRANCISCO","SAN FRANCISCO",-122.39485992,37.77967992
8305415,2017,2017-02-15,3801,2017-01-02,1735,2132,MISSI,1,5,7,3801,0,0,0,,0,3D62,"S VAN NESS AV","16TH ST",60.00,S,N,B,-,N,,,,,,,,,,N,4,0,1,2,A,-,11,21955,,N,G,B,D,A,H,-,C,A,0,Y,,,,Y,Y,N,60,0,0,1,0,1,0,0,0,0,"- ","- ",,,"SAN FRANCISCO","SAN FRANCISCO",-122.41747478000001,37.765015609999999
8305422,2017,2017-03-02,3801,2017-01-10,1824,1306,3801,2,5,7,3801,0,0,0,,0,005,"17TH ST","SHOTWELL ST",0.00,,Y,C,-,N,,,,,,,,,,N,4,0,1,2,A,-,12,22450,,F,G,B,B,B,H,-,C,A,0,Y,,,,Y,,A,01,0,0,1,0,1,0,0,0,0,"- ","- ",,,"SAN FRANCISCO","SAN FRANCISCO",-122.41620987,37.763619929999997
8305426,2017,2017-05-31,3801,2017-01-10,1814,2132,MISSI,2,5,7,3801,0,0,0,,0,3D62,"GUERRERO ST","19TH ST",60.00,N,N,C,G,N,,,,,,,,,,N,3,0,1,2,A,-,11,21955,,N,G,B,D,B,H,-,C,A,0,Y,,,,Y,,N,60,0,1,0,0,1,0,0,0,0,"- ","- ",,,"SAN FRANCISCO","SAN FRANCISCO",-122.42364745,37.760144250000003
8305428,2017,2017-02-21,3801,2017-01-17,1538,2091,TARAV,2,5,7,3801,0,0,0,,0,3I11D,"OCEAN AV","JUNIPERO SERRA",0.00,,Y,A,-,N,,,,,,,,,,N,2,0,1,2,A,-,"- ",,,N,G,B,D,A,H,-,A,A,0,Y,,,,Y,,N,60,1,0,0,0,1,0,0,0,0,"- ","- ",,,"SAN FRANCISCO","SAN FRANCISCO",-122.47213992,37.731159890000001
8305429,2017,2017-02-15,3801,2017-01-11,1856,837,CENTR,3,5,7,3801,0,0,0,,0,3A11C,"JONES ST","SUTTER ST",0.00,,Y,-,-,N,,,,,,,,,,N,4,0,1,2,A,-,10,21950,A,N,G,B,B,B,H,-,C,A,0,Y,,,,Y,,-,,0,0,1,0,1,0,0,0,0,"- ","- ",,,"SAN FRANCISCO","SAN FRANCISCO",-122.41351993000001,37.788599949999998
8305430,2017,2017-02-15,3801,2017-01-10,1906,1179,TENDE,2,5,7,3801,0,0,0,,0,3J14D,"JONES ST","ELLIS ST",15.00,S,N,C,G,N,,,,,,,,,,N,4,0,1,2,A,-,11,21453,D,N,D,B,B,B,H,-,C,A,0,Y,,,,Y,Y,N,60,0,0,1,0,1,0,0,0,0,"- ","- ",,,"SAN FRANCISCO","SAN FRANCISCO",-122.412772,37.78485929
8305432,2017,2017-02-15,3801,2017-01-30,0814,2728,MISSI,1,5,7,3801,0,0,0,,0,3D13A,"CHURCH ST","14TH ST",10.00,N,N,A,-,N,,,,,,,,,,N,4,0,1,2,D,-,00,,,N,G,B,B,A,H,-,A,A,0,Y,,,,Y,,-,"- ",0,0,1,0,1,0,0,0,0,"- ","- ",,,"SAN FRANCISCO","SAN FRANCISCO",-122.4289524,37.767737400000001
8305433,2017,2017-02-15,3801,2017-01-10,1745,1947,NORTH,2,5,7,3801,0,0,0,,0,3E15A,"CHESTNUT ST","SCOTT ST",0.00,,Y,C,-,N,,,,,,,,,,N,4,0,1,2,A,-,10,21950,A,N,G,B,B,B,H,-,C,A,0,Y,,,,Y,,A,07,0,0,1,0,1,0,0,0,0,"- ","- ",,,"SAN FRANCISCO","SAN FRANCISCO",-122.44118999,37.80018991
8305438,2016,2017-05-22,3801,2016-10-17,2129,1364,NORTH,1,5,7,3801,0,0,0,,0,3E13E,"VAN NESS AV","OFARRELL ST",0.00,,Y,A,-,Y,SF,4,101,-,-,5.550,I,5,N,N,3,0,1,2,A,-,10,21950,A,N,G,B,B,-,H,-,C,A,0,Y,,,,Y,,A,01,0,1,0,0,1,0,0,0,0,"- ","- ",,,"SAN FRANCISCO","SAN FRANCISCO",-122.42113308,37.78480613
8305443,2017,2017-02-27,3801,2017-01-19,0200,253,NORTH,4,5,7,3801,0,0,0,,0,3E12E,"WEBSTER ST","GEARY BL",0.00,,Y,C,-,N,,,,,,,,,,N,3,0,1,2,A,-,11,21954,A,F,G,B,D,B,H,-,C,A,0,Y,,,,Y,,N,60,0,1,0,0,1,0,0,0,0,"- ","- ",,,"SAN FRANCISCO","SAN FRANCISCO",-122.4312999,37.784729929999997
8305445,2017,2017-03-08,3801,2017-01-09,0620,235,NORTH,1,5,7,3801,0,0,0,,0,3E16A,"POST ST","POLK ST",6.00,E,N,A,-,N,,,,,,,,,,N,4,0,1,2,A,-,10,21950,A,N,G,B,B,B,H,-,C,A,0,Y,,,,Y,,A,08,0,0,1,0,1,0,0,0,0,"- ","- ",,,"SAN FRANCISCO","SAN FRANCISCO",-122.41987949999999,37.78683264
8305458,2017,2017-02-21,3801,2017-01-03,1816,1571,MISSI,2,5,7,3801,0,0,0,,0,3D11D,"CASTRO ST","CASTRO ST 524",0.00,,N,A,-,N,,,,,,,,,,N,4,0,1,2,A,-,11,21956,A,N,G,B,E,A,H,-,C,D,0,Y,,,,Y,,N,60,0,0,1,0,1,0,0,0,0,"- ","- ",,,"SAN FRANCISCO","SAN FRANCISCO",-122.43495405,37.760411259999998
8305464,2017,2017-02-27,3801,2017-01-07,2152,1514,MISSI,6,5,7,3801,0,0,0,,0,003,"21ST ST","S VAN NESS AV",0.00,,Y,C,-,N,,,,,,,,,,N,4,0,1,2,D,-,00,,,N,G,B,B,B,H,-,C,A,0,Y,,,,Y,,-,"- ",0,0,1,0,1,0,0,0,0,"- ","- ",,,"SAN FRANCISCO","SAN FRANCISCO",-122.4167499,37.757159950000002
8305466,2017,2017-02-21,3801,2017-01-27,0840,2444,BAYVI,5,5,7,3801,0,0,0,,0,3C2,"OAKDALE AV","BARNEVELD AV",0.00,,Y,A,-,N,,,,,,,,,,N,3,0,1,2,A,-,11,21955,,N,G,B,D,A,H,-,B,-,0,Y,,,,Y,,N,60,0,1,0,0,1,0,0,0,0,"- ","- ",,,"SAN FRANCISCO","SAN FRANCISCO",-122.40348994999999,37.742059920000003
8305480,2017,2017-02-27,3801,2017-01-08,1840,293,CENTR,7,5,7,3801,0,0,0,,0,3A61,"SANSOME ST","CALIFORNIA ST",0.00,,Y,C,-,N,,,,,,,,,,N,3,0,1,2,A,-,10,21950,A,N,G,B,B,B,H,-,C,-,0,Y,,,,Y,,A,07,0,1,0,0,1,0,0,0,0,"- ","- ",,,"SAN FRANCISCO","SAN FRANCISCO",-122.40113998,37.79309997
8305488,2017,2017-02-27,3801,2017-01-27,1600,002334,SOUTH,5,5,7,3801,0,0,0,,0,0B4,"11TH ST","HARRISON ST",50.00,S,N,B,-,N,,,,,,,,,,N,4,0,1,2,A,-,11,21955,,N,G,B,D,A,H,-,A,D,0,Y,,,,Y,,N,60,0,0,1,0,1,0,0,0,0,"- ","- ",,,"SAN FRANCISCO","SAN FRANCISCO",-122.41234812,37.770532500000002
8305497,2017,2017-02-21,3801,2017-01-29,1040,000312,TARAV,7,5,7,3801,0,0,0,,0,003,"GREAT HWY","NORIEGA ST",0.00,,Y,A,-,N,,,,,,,,,,N,3,0,2,5,D,-,00,,,N,G,B,E,-,G,-,A,D,0,Y,,,,Y,Y,-,"- ",0,1,1,0,2,0,0,0,0,"- ","- ",,,"SAN FRANCISCO","SAN FRANCISCO",-122.50843997,37.752829910000003
8305498,2017,2017-02-21,3801,2017-01-09,2012,2091,TARAV,1,5,7,3801,0,0,0,,0,3I2D,"19TH AV","KIRKHAM ST",0.00,,Y,C,-,N,,,,,,,,,,N,3,0,1,2,A,-,10,21950,A,N,G,B,B,B,H,-,C,A,0,Y,,,,Y,,A,01,0,1,0,0,1,0,0,0,0,"- ","- ",,,"SAN FRANCISCO","SAN FRANCISCO",-122.47682989,37.759829959999998
8305500,2017,2017-03-02,3801,2017-01-26,0700,2297,BAYVI,4,5,7,3801,0,0,0,,0,002,SILVER,"CHARTER OAK",0.00,,N,A,-,N,,,,,,,,,,N,4,0,1,2,A,-,11,21955,,N,-,B,D,A,H,-,A,A,0,Y,,,,Y,,N,60,0,0,1,0,1,0,0,0,0,"- ","- ",,,"SAN FRANCISCO","SAN FRANCISCO",-122.40435998,37.733159950000001
8305502,2017,2017-03-08,3801,2017-01-01,1856,1567,BAYVI,7,5,7,3801,0,0,0,,0,002,"PHELPS ST","PHELPS ST 950",0.00,,N,C,-,N,,,,,,,,,,N,4,0,1,2,A,-,11,21954,A,F,G,B,D,B,H,-,C,D,0,Y,,,,Y,Y,N,60,0,0,1,0,1,0,0,0,0,"- ","- ",,,"SAN FRANCISCO","SAN FRANCISCO",-122.39154696,37.739542630000003
8305504,2017,2017-02-27,3801,2017-01-20,0707,189,NORTH,5,5,7,3801,0,0,0,,0,"2 CAR","GOLDEN GATE AV","LAGUNA ST",0.00,,Y,B,C,N,,,,,,,,,,N,4,0,1,2,A,-,10,21950,A,N,G,B,B,B,H,-,A,A,0,Y,,,,Y,,A,01,0,0,1,0,1,0,0,0,0,"- ","- ",,,"SAN FRANCISCO","SAN FRANCISCO",-122.42701999000001,37.780199879999998
8305505,2017,2017-02-21,3801,2017-01-31,1111,4259,BAYVI,2,5,7,3801,0,0,0,,0,3C15A,"MARIPOSA ST","CONNECTICUT ST",0.00,,Y,A,-,N,,,,,,,,,,N,3,0,1,2,A,-,12,22450,A,F,G,B,B,A,H,-,A,A,0,Y,,,,Y,,A,08,0,1,0,0,1,0,0,0,0,"- ","- ",,,"SAN FRANCISCO","SAN FRANCISCO",-122.39763988,37.763789959999997
8305506,2017,2017-02-21,3801,2017-01-24,2249,1061,NORTH,2,5,7,3801,0,0,0,,0,3E13E,"MCALLISTER ST","GOUGH ST",0.00,,Y,A,-,N,,,,,,,,,,N,4,0,1,2,A,-,00,20001,,F,G,B,D,A,H,-,C,A,0,Y,,,,Y,,A,01,0,0,1,0,1,0,0,0,0,"- ","- ",,,"SAN FRANCISCO","SAN FRANCISCO",-122.42353987,37.779669980000001
8305510,2017,2017-02-21,3801,2017-01-25,1830,397,SOUTH,3,5,7,3801,0,0,0,,0,3B14D,"9TH ST","DIVISION ST",0.00,,Y,A,-,N,,,,,,,,,,N,3,0,1,2,A,-,10,21950,A,F,G,B,B,A,H,-,B,D,0,Y,,,,Y,,A,01,0,1,0,0,1,0,0,0,0,"- ","- ",,,"SAN FRANCISCO","SAN FRANCISCO",-122.40619997,37.769449889999997
8305517,2017,2017-02-21,3801,2017-01-31,1031,437,SOUTH,2,5,7,3801,0,0,0,,0,2CAR,"HOWARD ST","4TH ST",250.00,E,N,A,-,N,,,,,,,,,,N,4,0,1,2,A,-,12,21453,A,N,H,-,C,A,D,-,A,A,0,Y,Y,,,Y,,L,04,0,0,1,0,0,0,1,0,0,"- ","- ",,,"SAN FRANCISCO","SAN FRANCISCO",-122.4021,37.783749999999998
8305524,2017,2017-02-21,3801,2017-01-25,0653,268,INGLE,3,5,7,3801,0,0,0,,0,3H16A,"ONONDAGA AV","MISSION ST",5.00,W,N,A,-,N,,,,,,,,,,N,4,0,1,2,A,-,10,21950,A,N,G,B,B,A,H,-,B,A,0,Y,,,,Y,,A,01,0,0,1,0,1,0,0,0,0,"- ","- ",,,"SAN FRANCISCO","SAN FRANCISCO",-122.43751533,37.721156350000001
8305528,2017,2017-02-21,3801,2017-01-13,1010,4036,MISSI,5,5,7,3801,0,0,0,,0,4B5C,"CESAR CHAVEZ ST","HARRISON ST",18.00,E,N,A,-,N,,,,,,,,,,N,4,0,3,3,A,-,10,21950,A,N,G,B,B,A,H,-,A,A,0,Y,,,,Y,,A,01,0,0,3,0,2,0,0,0,0,"- ","- ",,,"SAN FRANCISCO","SAN FRANCISCO",-122.41145777,37.748301910000002
8305531,2017,2017-02-21,3801,2017-01-19,1835,179,SOUTH,4,5,7,3801,0,0,0,,0,3B15D,"16TH ST","RHODE ISLAND ST",0.00,,Y,B,-,N,,,,,,,,,,N,4,0,1,2,A,-,10,21950,A,N,G,B,B,A,H,-,C,A,0,Y,,,,Y,,A,01,0,0,1,0,1,0,0,0,0,"- ","- ",,,"SAN FRANCISCO","SAN FRANCISCO",-122.40267996,37.766099930000003
8305532,2017,2017-02-21,3801,2017-01-28,0015,2288,INGLE,6,5,7,3801,0,0,0,,0,5CAR,"MISSION ST","LOWELL ST",0.00,,Y,A,-,N,,,,,,,,,,N,3,0,1,2,A,-,12,21453,A,F,G,B,B,A,H,-,C,A,0,Y,,,,Y,,A,01,0,1,0,0,1,0,0,0,0,"- ","- ",,,"SAN FRANCISCO","SAN FRANCISCO",-122.44640997,37.711449950000002
8305536,2017,2017-02-21,3801,2017-01-05,1704,477,,4,5,7,3801,0,0,0,,0,3E15C,"FILLMORE ST","OFARRELL ST",120.00,S,N,B,-,N,,,,,,,,,,N,3,0,1,2,A,-,11,21954,A,N,B,B,E,A,H,-,B,D,0,Y,,,,Y,,N,60,0,1,0,0,1,0,0,0,0,"- ","- ",,,"SAN FRANCISCO","SAN FRANCISCO",-122.43264193,37.782954799999999
8305540,2017,2017-02-21,3801,2017-01-03,1759,484,INGLE,2,5,7,3801,0,0,0,,0,03H,"CONGDON ST","MAYNARD ST",0.00,,Y,B,C,N,,,,,,,,,,N,4,0,1,2,A,-,10,21950,A,N,G,B,B,B,H,-,B,A,0,Y,,,,Y,,A,01,0,0,1,0,1,0,0,0,0,"- ","- ",,,"SAN FRANCISCO","SAN FRANCISCO",-122.42603994,37.729409969999999
8305544,2017,2017-02-21,3801,2017-01-04,1949,1316,CENTR,3,5,7,3801,0,0,0,,0,3A14D,BROADWAY,"MONTGOMERY ST",0.00,,Y,B,C,N,,,,,,,,,,N,4,0,1,2,A,-,10,21950,A,N,B,B,B,B,-,-,C,A,0,Y,,,,Y,Y,A,01,0,0,1,0,1,0,0,0,0,"- ","- ",,,"SAN FRANCISCO","SAN FRANCISCO",-122.40383998999999,37.798239889999998
8305547,2017,2017-02-21,3801,2017-01-18,1720,2713,,3,5,7,3801,0,0,0,,0,3F11D,"BOWLING GREEN DR","MARTIN LUTHER KING DR",0.00,,Y,B,C,N,,,,,,,,,,N,4,0,1,2,A,-,10,21950,,N,G,B,B,B,H,-,A,D,0,Y,,,,Y,,A,01,0,0,1,0,1,0,0,0,0,"- ","- ",,,"SAN FRANCISCO","SAN FRANCISCO",-122.46063989,37.767419940000003
8305548,2017,2017-02-21,3801,2017-01-04,1900,000970,SOUTH,3,5,7,3801,0,0,0,,0,04B,"MISSION ST","10TH ST",10.00,W,N,C,-,N,,,,,,,,,,N,4,0,1,2,A,-,10,21950,A,N,G,B,B,B,H,-,C,A,0,Y,,,,Y,,A,01,0,0,1,0,1,0,0,0,0,"- ","- ",,,"SAN FRANCISCO","SAN FRANCISCO",-122.41593438,37.775260500000002
8305552,2017,2017-02-21,3801,2017-01-04,2000,696,TARAV,3,5,7,3801,0,0,0,,0,3I11E,"16TH AV","IRVING ST",0.00,,Y,C,-,N,,,,,,,,,,N,4,0,1,3,A,-,10,21950,A,N,G,B,B,B,H,-,C,A,0,Y,,,,Y,,A,01,0,0,1,0,1,0,0,0,0,"- ","- ",,,"SAN FRANCISCO","SAN FRANCISCO",-122.47392991,37.763699959999997
8305559,2017,2017-02-21,3801,2017-01-18,1758,004356,INGLE,3,5,7,3801,0,0,0,,0,3H92,"SAN JOSE AV","OCEAN AV",0.00,,Y,C,-,N,,,,,,,,,,N,3,0,1,2,A,-,10,21950,A,N,G,B,B,B,H,-,C,A,0,Y,,,,Y,,A,01,0,1,0,0,1,0,0,0,0,"- ","- ",,,"SAN FRANCISCO","SAN FRANCISCO",-122.44480986000001,37.722929890000003
8305560,2017,2017-02-21,3801,2017-01-03,1940,776,TARAV,2,5,7,3801,0,0,0,,0,3I16D,"KIRKHAM ST","12TH AV",0.00,,Y,C,-,N,,,,,,,,,,N,4,0,1,2,A,-,"- ",,,N,G,B,B,B,H,-,C,A,0,Y,,,,Y,,-,"- ",0,0,1,0,1,0,0,0,0,"- ","- ",,,"SAN FRANCISCO","SAN FRANCISCO",-122.46926999999999,37.760159909999999
8305564,2017,2017-02-21,3801,2017-01-04,0620,987,TARAV,3,5,7,3801,0,0,0,,0,,"VICENTE ST","45TH AV",0.00,,Y,C,-,N,,,,,,,,,,N,4,0,1,2,A,-,10,21950,A,N,G,B,B,B,H,-,C,A,0,Y,,,,Y,Y,A,07,0,0,1,0,1,0,0,0,0,"- ","- ",,,"SAN FRANCISCO","SAN FRANCISCO",-122.50329988999999,37.738089940000002
8305567,2017,2017-05-31,3801,2017-01-18,0540,2700,SOUTH,3,5,7,3801,0,0,0,,0,3B11A,"MISSION ST","3RD ST",0.00,,Y,B,C,N,,,,,,,,,,N,4,0,2,3,A,-,17,21461,A,N,G,B,B,B,H,-,C,A,0,Y,,,,Y,,A,01,0,0,2,0,2,0,0,0,0,"- ","- ",,,"SAN FRANCISCO","SAN FRANCISCO",-122.40199989,37.786269900000001
8305572,2017,2017-02-21,3801,2017-01-26,1250,307,MISSI,4,5,7,3801,0,0,0,,0,3D13C,"BRYANT ST","18TH ST",0.00,,Y,A,-,N,,,,,,,,,,N,4,0,1,2,A,-,12,22450,A,N,D,B,B,A,H,-,A,A,0,Y,,,,Y,,A,01,0,0,1,0,1,0,0,0,0,"- ","- ",,,"SAN FRANCISCO","SAN FRANCISCO",-122.41014989,37.76174992
8305587,2017,2017-02-21,3801,2017-01-16,1206,504,MISSI,1,5,7,3801,0,0,0,,0,3D15C,"SOUTH VAN NESS AV","18TH ST",6.00,S,N,-,-,N,,,,,,,,,,N,4,0,1,2,A,-,10,21950,A,N,G,B,B,A,H,-,A,A,0,Y,,,,Y,,A,01,0,0,1,0,1,0,0,0,0,"- ","- ",,,"SAN FRANCISCO","SAN FRANCISCO",-122.41719854999999,37.761933560000003
8305735,2017,2017-02-16,3801,2017-02-05,2015,000054,NORTH,7,5,7,3801,0,0,0,,0,3E14D,"GOUGH ST","CLAY ST",0.00,,Y,C,G,N,,,,,,,,,,N,4,0,1,2,A,-,10,21950,A,N,G,B,B,B,H,-,C,D,0,Y,,,,Y,,A,01,0,0,1,0,1,0,0,0,0,"- ","- ",,,"SAN FRANCISCO","SAN FRANCISCO",-122.42597999,37.791769889999998
8305854,2016,2017-02-21,3801,2016-12-05,1341,2082,,1,5,7,3801,0,0,0,,0,005,"3RD ST","STEVENSON ST",0.00,,Y,A,-,N,,,,,,,,,,N,4,0,1,2,A,-,11,21456,,N,G,B,D,A,H,-,A,D,0,Y,,,,Y,,N,60,0,0,1,0,1,0,0,0,0,"- ","- ",,,"SAN FRANCISCO","SAN FRANCISCO",-122.40297997,37.787039929999999
8305858,2016,2017-02-21,3801,2016-12-29,1920,1994,SOUTH,4,5,7,3801,0,0,0,,0,4B3B,"5TH ST","MISSION ST",9.00,S,N,A,-,N,,,,,,,,,,N,4,0,1,2,A,-,10,21950,A,N,G,B,B,A,H,-,C,A,0,Y,,,,Y,,A,08,0,0,1,0,1,0,0,0,0,"- ","- ",,,"SAN FRANCISCO","SAN FRANCISCO",-122.40646767,37.782722759999999
8307580,2017,2017-03-29,3801,2017-02-28,1602,2025,,2,5,7,3801,0,0,0,,0,3A13D,"FILBERT ST","STOCKTON ST",0.00,,Y,A,-,N,,,,,,,,,,N,2,0,1,2,A,-,21,22106,,N,B,B,E,A,H,-,A,D,0,Y,,,,Y,,A,01,1,0,0,0,1,0,0,0,0,"- ","- ",,,"SAN FRANCISCO","SAN FRANCISCO",-122.40936000000001,37.801369950000002
8307613,2017,2017-03-20,3801,2017-02-16,0833,2039,,4,5,7,3801,0,0,0,,0,003,"ANZA ST","6TH AV",0.00,,Y,A,-,N,,,,,,,,,,N,4,0,1,2,A,-,10,21950,A,N,G,B,D,B,H,-,A,A,0,Y,,,,Y,,A,08,0,0,1,0,1,0,0,0,0,"- ","- ",,,"SAN FRANCISCO","SAN FRANCISCO",-122.46414992,37.779099989999999
8307621,2017,2017-03-20,3801,2017-02-07,0920,2728,,2,5,7,3801,0,0,0,,0,0D2,"21ST ST","DOLORES ST",5.00,N,N,A,-,N,,,,,,,,,,N,4,0,1,2,A,-,12,22450,A,N,-,C,-,A,H,-,A,-,0,Y,,,,Y,,A,08,0,0,1,0,1,0,0,0,0,"- ","- ",,,"SAN FRANCISCO","SAN FRANCISCO",-122.42567277000001,37.75662123
8307971,2017,2017-05-26,3801,2017-02-13,1838,2180,TARAV,1,5,7,3801,0,0,0,,0,3I16D,"JUDAH ST","43RD AV",0.00,,Y,A,-,N,,,,,,,,,,N,4,0,1,2,A,-,10,21950,A,N,G,B,B,-,H,-,B,D,0,Y,,,,Y,,A,01,0,0,1,0,1,0,0,0,0,"- ","- ",,,"SAN FRANCISCO","SAN FRANCISCO",-122.50271987000001,37.76056999