CASE_ID,ACCIDENT_YEAR,PROC_DATE,JURIS,COLLISION_DATE,COLLISION_TIME,OFFICER_ID,REPORTING_DISTRICT,DAY_OF_WEEK,CHP_SHIFT,POPULATION,CNTY_CITY_LOC,SPECIAL_COND,BEAT_TYPE,CHP_BEAT_TYPE,CITY_DIVISION_LAPD,CHP_BEAT_CLASS,BEAT_NUMBER,PRIMARY_RD,SECONDARY_RD,DISTANCE,DIRECTION,INTERSECTION,WEATHER_1,WEATHER_2,STATE_HWY_IND,CALTRANS_COUNTY,CALTRANS_DISTRICT,STATE_ROUTE,ROUTE_SUFFIX,POSTMILE_PREFIX,POSTMILE,LOCATION_TYPE,RAMP_INTERSECTION,SIDE_OF_HWY,TOW_AWAY,COLLISION_SEVERITY,NUMBER_KILLED,NUMBER_INJURED,PARTY_COUNT,PRIMARY_COLL_FACTOR,PCF_CODE_OF_VIOL,PCF_VIOL_CATEGORY,PCF_VIOLATION,PCF_VIOL_SUBSECTION,HIT_AND_RUN,TYPE_OF_COLLISION,MVIW,PED_ACTION,ROAD_SURFACE,ROAD_COND_1,ROAD_COND_2,LIGHTING,CONTROL_DEVICE,CHP_ROAD_TYPE,PEDESTRIAN_ACCIDENT,BICYCLE_ACCIDENT,MOTORCYCLE_ACCIDENT,TRUCK_ACCIDENT,NOT_PRIVATE_PROPERTY,ALCOHOL_INVOLVED,STWD_VEHTYPE_AT_FAULT,CHP_VEHTYPE_AT_FAULT,COUNT_SEVERE_INJ,COUNT_VISIBLE_INJ,COUNT_COMPLAINT_PAIN,COUNT_PED_KILLED,COUNT_PED_INJURED,COUNT_BICYCLIST_KILLED,COUNT_BICYCLIST_INJURED,COUNT_MC_KILLED,COUNT_MC_INJURED,PRIMARY_RAMP,SECONDARY_RAMP,LATITUDE,LONGITUDE,COUNTY,CITY,POINT_X,POINT_Y
8327399,2017,2017-03-20,3801,2017-03-02,1209,1165,INGLE,4,5,7,3801,0,0,0,,0,3H16C,"BAYSHORE BL","BAYSHORE BL 2200",0.00,,N,A,-,N,,,,,,,,,,N,4,0,1,2,A,-,09,21804,A,F,G,B,F,A,H,-,A,D,0,Y,,,,Y,,A,01,0,0,1,0,1,0,0,0,0,"- ","- ",,,"SAN FRANCISCO","SAN FRANCISCO",-122.40262091,37.712261750000003
8327427,2017,2017-08-01,3801,2017-02-06,2059,2030,TARAV,1,5,7,3801,0,0,0,,0,"1 CAR","19TH AV","IRVING ST",0.00,,Y,C,-,Y,SF,4,1,-,-,3.950,I,5,N,N,3,0,1,2,A,-,10,21950,A,N,G,B,B,B,H,-,C,A,0,Y,,,,Y,,A,01,0,1,0,0,1,0,0,0,0,"- ","- ",,,"SAN FRANCISCO","SAN FRANCISCO",-122.47716386,37.76389683
8327444,2017,2017-06-20,3801,2017-01-28,0931,2127,NORTH,6,5,7,3801,0,0,0,,0,4B1A,"VAN NESS AV","EDDY ST",67.00,N,N,A,-,Y,SF,4,101,-,-,5.430,H,-,S,N,3,0,1,2,A,-,11,21955,,N,G,B,D,A,H,-,A,D,0,Y,,,,Y,,N,60,0,1,0,0,1,0,0,0,0,"- ","- ",,,"SAN FRANCISCO","SAN FRANCISCO",-122.42093774999999,37.783071020000001
8333268,2017,2017-08-04,3801,2017-03-19,1942,738,NORTH,7,5,7,3801,0,0,0,,0,3E15D,"LOMBARD ST","LAGUNA ST",0.00,,Y,A,-,Y,SF,4,101,-,-,7.066,I,5,S,N,3,0,1,2,A,-,11,21453,D,N,G,B,D,A,H,-,C,A,0,Y,,,,Y,Y,N,60,0,1,0,0,1,0,0,0,0,"- ","- ",,,"SAN FRANCISCO","SAN FRANCISCO",-122.43112929,37.80045054
8333271,2017,2017-06-19,3801,2017-03-15,1543,2007,CENTR,3,5,7,3801,0,0,0,,0,001,"GEARY ST","JONES ST",0.00,,Y,A,B,N,,,,,,,,,,N,3,0,1,2,A,-,10,21950,A,N,G,B,B,A,H,-,A,A,0,Y,,,,Y,,-,,0,1,0,0,1,0,0,0,0,"- ","- ",,,"SAN FRANCISCO","SAN FRANCISCO",-122.41314992,37.786749970000002
8333275,2017,2017-06-19,3801,2017-03-24,1225,242,CENTR,5,5,7,3801,0,0,0,,0,005,BATTERY,"CALIFORNIA ST",12.00,S,N,C,-,N,,,,,,,,,,N,4,0,1,2,A,-,11,21456,B,N,G,B,B,B,H,-,A,A,0,Y,,,,Y,,N,60,0,0,1,0,1,0,0,0,0,"- ","- ",,,"SAN FRANCISCO","SAN FRANCISCO",-122.39997291,37.79319752
8333280,2017,2017-06-22,3801,2017-03-28,1450,158,NORTH,2,5,7,3801,0,0,0,,0,3E13C,"VAN NESS AV","SUTTER ST",0.00,,Y,A,-,Y,SF,4,101,-,-,5.740,I,5,N,N,4,0,1,2,A,-,11,21950,B,N,G,B,B,A,H,-,A,A,0,Y,,,,Y,,N,60,0,0,1,0,1,0,0,0,0,"- ","- ",,,"SAN FRANCISCO","SAN FRANCISCO",-122.42167383,37.78759024
8333322,2016,2017-05-12,3801,2016-09-24,0554,427,NORTH,6,5,7,3801,0,0,0,,0,3E13A,"POLK ST","POST ST",0.00,,Y,A,-,N,,,,,,,,,,N,4,0,1,2,A,-,10,21950,A,N,G,B,B,A,H,-,C,A,0,Y,,,,Y,,A,01,0,0,1,0,1,0,0,0,0,"- ","- ",,,"SAN FRANCISCO","SAN FRANCISCO",-122.4198999,37.786829959999999
8335652,2017,2017-08-28,3801,2017-03-23,0814,2375,RICHM,4,5,7,3801,0,0,0,,0,3G60,"CALIFORNIA ST","19TH AV",9.00,E,N,A,-,N,,,,,,,,,,N,3,0,1,2,A,-,10,21950,A,N,G,B,B,A,H,-,A,A,0,Y,,,,Y,,A,01,0,1,0,0,1,0,0,0,0,"- ","- ",,,"SAN FRANCISCO","SAN FRANCISCO",-122.47855887999999,37.78417116
8335766,2017,2017-11-30,3801,2017-03-07,1215,246,BAYVI,2,5,7,3801,0,0,0,,0,3C15C,"HOLLISTER AV","HOLLISTER AV 998",0.00,,N,A,-,N,,,,,,,,,,N,4,0,1,3,A,-,21,22106,,N,C,B,F,A,H,-,A,D,0,Y,,,,Y,,A,01,0,0,1,0,1,0,0,0,0,"- ","- ",,,"SAN FRANCISCO","SAN FRANCISCO",-122.39043921,37.718595980000003
8335774,2017,2017-08-28,3801,2017-03-06,1330,746,INGLE,1,5,7,3801,0,0,0,,0,3H5C,"OTTAWA AV","OTTAWA AV 53",0.00,,N,B,-,N,,,,,,,,,,N,4,0,1,2,A,-,21,22106,,N,G,B,F,B,H,-,A,D,0,Y,,,,Y,,A,01,0,0,1,0,1,0,0,0,0,"- ","- ",,,"SAN FRANCISCO","SAN FRANCISCO",-122.44490591,37.71450419
8335786,2017,2017-11-30,3801,2017-03-31,1530,2300,TENDE,5,5,7,3801,0,0,0,,0,3J11D,"MARKET ST","7TH ST",12.00,E,N,A,-,N,,,,,,,,,,N,3,0,2,2,D,-,00,,,N,B,J,E,A,H,-,A,D,0,Y,,Y,,Y,,-,"- ",0,2,0,0,1,0,0,0,1,"- ","- ",,,"SAN FRANCISCO","SAN FRANCISCO",-122.41248095,37.78050357
8335797,2017,2017-08-31,3801,2017-03-15,0520,1817,CENTR,3,5,7,3801,0,0,0,,0,3A11E,"CLAY ST","LEAVENWORTH ST",100.00,W,N,A,-,N,,,,,,,,,,N,3,0,1,2,A,-,11,21954,A,N,G,B,E,A,H,-,D,-,0,Y,,,,Y,,N,60,0,1,0,0,1,0,0,0,0,"- ","- ",,,"SAN FRANCISCO","SAN FRANCISCO",-122.41645181,37.792966499999999
8335799,2017,2017-04-15,3801,2017-03-02,1523,002101,,4,5,7,3801,0,0,0,,0,COI,"12TH AV","KIRKHAM ST",0.00,,Y,A,-,N,,,,,,,,,,N,3,0,1,2,A,-,11,21954,A,N,G,B,E,A,H,-,A,A,0,Y,,,,Y,,N,60,0,1,0,0,1,0,0,0,0,"- ","- ",,,"SAN FRANCISCO","SAN FRANCISCO",-122.46926999999999,37.760159909999999
8335809,2017,2017-08-31,3801,2017-03-18,1429,1362,CENTR,6,5,7,3801,0,0,0,,0,3A14B,"WASHINGTON ST","GRANT ST",0.00,,Y,A,-,N,,,,,,,,,,N,3,0,1,2,D,-,00,,,N,G,B,B,A,H,-,A,A,0,Y,,,,Y,,-,"- ",0,1,0,0,1,0,0,0,0,"- ","- ",,,"SAN FRANCISCO","SAN FRANCISCO",-122.40644999,37.795159949999999
8335833,2017,2017-08-28,3801,2017-03-12,2322,1571,MISSI,7,5,7,3801,0,0,0,,0,3D13D,"24TH ST","24TH ST 3807",0.00,,N,A,-,N,,,,,,,,,,N,4,0,1,2,A,-,11,21956,A,N,G,B,E,A,H,-,C,D,0,Y,,,,Y,,N,60,0,0,1,0,1,0,0,0,0,"- ","- ",,,"SAN FRANCISCO","SAN FRANCISCO",-122.42769778,37.751688440000002
8335854,2017,2017-04-13,3801,2017-02-24,1026,2127,SOUTH,5,5,7,3801,0,0,0,,0,4B1A,"HOWARD ST","3RD ST",7.00,W,N,A,-,N,,,,,,,,,,N,4,0,2,3,A,-,10,21950,A,N,G,B,B,A,H,-,A,A,0,Y,,,,Y,,A,07,0,0,2,0,2,0,0,0,0,"- ","- ",,,"SAN FRANCISCO","SAN FRANCISCO",-122.40051751999999,37.784996710000001
8335874,2017,2017-06-19,3801,2017-03-21,1422,773,MISSI,2,5,7,3801,0,0,0,,0,3D11C,"18TH ST","DOLORES ST",0.00,,Y,A,-,N,,,,,,,,,,N,4,0,1,2,A,-,10,21950,A,N,G,B,B,A,H,-,A,A,0,Y,,,,Y,,A,01,0,0,1,0,1,0,0,0,0,"- ","- ",,,"SAN FRANCISCO","SAN FRANCISCO",-122.42615994000001,37.761439930000002
8336927,2017,2017-05-16,3801,2017-04-28,1615,295,CENTR,5,5,7,3801,0,0,0,,0,002,"BUSH ST","BATTERY ST",0.00,,Y,A,-,N,,,,,,,,,,N,3,0,1,2,A,-,11,21955,,N,G,B,C,A,H,-,A,D,0,Y,,,,Y,,N,60,0,1,0,0,1,0,0,0,0,"- ","- ",,,"SAN FRANCISCO","SAN FRANCISCO",-122.39959986,37.791349879999999
8336947,2017,2017-05-13,3801,2017-04-19,1730,202,PARK,3,5,7,3801,0,0,0,,0,3F91,"17TH ST","EUREKA ST",0.00,,Y,A,-,N,,,,,,,,,,N,2,0,1,2,A,-,03,22350,,N,G,B,E,A,-,-,A,D,0,Y,,,,Y,,N,60,1,0,0,0,1,0,0,0,0,"- ","- ",,,"SAN FRANCISCO","SAN FRANCISCO",-122.43841998000001,37.762289920000001
8336963,2017,2017-05-20,3801,2017-04-04,2040,233,CENTR,2,5,7,3801,0,0,0,,0,0A3,"LEAVENWORTH ST","WASHINGTON ST",0.00,,Y,A,-,N,,,,,,,,,,N,3,0,1,2,A,-,10,21950,A,N,G,B,B,A,H,-,C,A,0,Y,,,,Y,,A,01,0,1,0,0,1,0,0,0,0,"- ","- ",,,"SAN FRANCISCO","SAN FRANCISCO",-122.41627998,37.793899949999997
8340748,2017,2017-04-19,3801,2017-03-07,1414,13,TENDE,2,5,7,3801,0,0,0,,0,4B4E,"JESSIE ST","6TH ST",199.00,E,N,A,-,N,,,,,,,,,,N,2,0,1,2,A,-,11,21954,A,N,G,B,E,A,H,-,A,D,0,Y,,,Y,Y,,N,60,1,0,0,0,1,0,0,0,0,"- ","- ",,,"SAN FRANCISCO","SAN FRANCISCO",-122.4087205,37.781784610000003
8340751,2017,2017-06-27,3801,2017-03-24,0747,3B12A,SOUTH,5,5,7,3801,0,0,0,,0,3B12A,"3RD ST","BRANNAN ST",0.00,,Y,C,-,N,,,,,,,,,,N,4,0,1,2,A,-,10,21950,A,N,B,B,B,B,-,-,C,A,0,Y,,,,Y,,H,17,0,0,1,0,1,0,0,0,0,"- ","- ",,,"SAN FRANCISCO","SAN FRANCISCO",-122.39429986,37.780099989999997
8340759,2017,2017-04-21,3801,2017-03-21,1543,709,SOUTH,2,5,7,3801,0,0,0,,0,3B11C,EMBARCADERO,"FOLSOM ST",47.00,N,N,A,-,N,,,,,,,,,,N,4,0,1,2,A,-,11,21956,,N,G,B,E,A,H,-,A,D,0,Y,,,Y,Y,,G,55,0,0,1,0,1,0,0,0,0,"- ","- ",,,"SAN FRANCISCO","SAN FRANCISCO",-122.39003778,37.791070099999999
8340763,2017,2017-04-17,3801,2017-03-05,0015,2476,MISSI,7,5,7,3801,0,0,0,,0,3D16E,"21ST ST","MISSION ST",6.00,W,N,A,-,N,,,,,,,,,,N,4,0,1,2,A,-,10,21950,A,N,G,B,B,B,H,-,C,A,0,Y,,,,Y,,D,22,0,0,1,0,1,0,0,0,0,"- ","- ",,,"SAN FRANCISCO","SAN FRANCISCO",-122.41894071999999,37.757018940000002
8340788,2017,2017-04-17,3801,2017-03-19,1257,1887,RICHM,7,5,7,3801,0,0,0,,0,4B2C,"ARGUELLO BL","WILLARD NORTH",10.00,E,N,A,-,N,,,,,,,,,,N,3,0,1,2,A,-,10,21950,A,N,G,B,B,A,H,-,A,A,0,Y,,,,Y,,I,11,0,1,0,0,1,0,0,0,0,"- ","- ",,,"SAN FRANCISCO","SAN FRANCISCO",-122.45864958,37.777993029999998
8342544,2017,2017-04-13,3801,2017-03-16,0048,1938,NORTH,4,5,7,3801,0,0,0,,0,3E15E,"CHESTNUT ST","FILLMORE ST",0.00,,Y,A,-,N,,,,,,,,,,N,3,0,1,3,A,-,03,22350,,N,B,G,D,A,H,-,C,A,0,Y,Y,,,Y,Y,L,04,0,1,0,0,0,0,1,0,0,"- ","- ",,,"SAN FRANCISCO","SAN FRANCISCO",-122.43623986999999,37.800829950000001
8342756,2017,2017-04-12,3801,2017-03-27,1523,002101,,1,5,7,3801,0,0,0,,0,CO1,"12TH AV","KIRKHAM ST",0.00,,Y,A,-,N,,,,,,,,,,N,3,0,1,2,A,-,11,21954,A,N,G,B,E,A,H,-,A,A,0,Y,,,,Y,,N,60,0,1,0,0,1,0,0,0,0,"- ","- ",,,"SAN FRANCISCO","SAN FRANCISCO",-122.46926999999999,37.760159909999999
8342877,2017,2017-04-18,3801,2017-02-22,1301,155,1,3,5,7,3801,0,0,0,,0,001,"HOLOWAY AV","CARDENAS AV",19.00,W,N,A,-,N,,,,,,,,,,N,4,0,1,2,A,-,11,21950,B,N,G,B,B,A,H,-,A,D,0,Y,,,,Y,,N,60,0,0,1,0,1,0,0,0,0,"- ","- ",37.720790000000001,-122.47704,"SAN FRANCISCO","SAN FRANCISCO",-122.47709571,37.720790000000001
8342963,2017,2017-04-11,3801,2017-03-30,1548,299,SOUTH,4,5,7,3801,0,0,0,,0,3B13C,"FOLSOM ST","2ND ST",0.00,,Y,A,-,N,,,,,,,,,,N,4,0,1,2,A,-,11,21456,B,N,G,B,B,A,H,-,A,D,0,Y,,,,Y,,N,60,0,0,1,0,1,0,0,0,0,"- ","- ",,,"SAN FRANCISCO","SAN FRANCISCO",-122.39672994,37.785559990000003
8342975,2017,2017-04-11,3801,2017-03-31,1724,1427,TENDE,5,5,7,3801,0,0,0,,0,J12,"MARKET ST","CYRIL MAGNIN",0.00,,Y,A,-,N,,,,,,,,,,N,4,0,1,2,A,-,21,22106,,F,G,B,B,A,H,-,A,A,0,Y,,,,Y,,A,01,0,0,1,0,1,0,0,0,0,"- ","- ",,,"SAN FRANCISCO","SAN FRANCISCO",-122.40805989,37.783999919999999
8342979,2017,2017-04-11,3801,2017-03-31,1823,1994,PARK,5,5,7,3801,0,0,0,,0,4B3E,"14TH ST","NOE ST",13.00,W,N,A,-,N,,,,,,,,,,N,3,0,1,2,A,-,11,21950,B,N,G,B,B,A,H,-,A,A,0,Y,,,,Y,,N,60,0,1,0,0,1,0,0,0,0,"- ","- ",,,"SAN FRANCISCO","SAN FRANCISCO",-122.43344481,37.767466859999999
8342980,2017,2017-04-13,3801,2017-03-27,1040,618,TARAV,1,5,7,3801,0,0,0,,0,3I13A,"NORIEGA ST","16TH AV",0.00,,Y,A,-,N,,,,,,,,,,N,4,0,1,2,A,-,03,22350,,F,G,B,E,A,H,-,A,A,0,Y,,,,Y,,-,,0,0,1,0,1,0,0,0,0,"- ","- ",,,"SAN FRANCISCO","SAN FRANCISCO",-122.47332999,37.755479950000002
8342987,2017,2017-04-11,3801,2017-03-31,1830,2095,COD,5,5,7,3801,0,0,0,,0,901,"25TH ST","FAIR OAKS ST",10.00,W,N,A,-,N,,,,,,,,,,N,3,0,1,2,A,-,11,21950,B,N,G,B,B,A,H,-,A,A,0,Y,,,,Y,,N,60,0,1,0,0,1,0,0,0,0,"- ","- ",,,"SAN FRANCISCO","SAN FRANCISCO",-122.42385449,37.750317840000001
8342999,2017,2017-04-12,3801,2017-03-29,1508,1994,CENTR,3,5,7,3801,0,0,0,,0,4B7E,"COLUMBUS AV","UNION ST",198.00,N,N,A,-,N,,,,,,,,,,Y,2,0,1,2,A,-,11,21955,,F,G,B,D,A,H,-,A,D,0,Y,,,,Y,,N,60,1,0,0,0,1,0,0,0,0,"- ","- ",37.800339999999998,-122.41038,"SAN FRANCISCO","SAN FRANCISCO",-122.41068838,37.800665860000002
8343008,2017,2017-04-13,3801,2017-03-25,0040,2400,CENTR,6,5,7,3801,0,0,0,,0,3A61,"POLK ST","BUSH ST",70.00,S,N,B,-,N,,,,,,,,,,N,4,0,1,3,A,-,17,22517,,N,B,B,E,B,H,-,C,D,0,Y,,,,Y,Y,N,60,0,0,1,0,1,0,0,0,0,"- ","- ",,,"SAN FRANCISCO","SAN FRANCISCO",-122.42025664000001,37.788500800000001
8343010,2017,2017-04-13,3801,2017-02-11,1528,1113,PARK,6,5,7,3801,0,0,0,,0,3F12D,"JOHN F KENNEDY DR","CONSERVATORY DR EAST",139.00,W,N,A,-,N,,,,,,,,,,N,2,0,1,3,A,-,03,22350,,N,G,B,E,A,H,-,A,D,0,Y,,,,Y,,A,01,1,0,0,0,1,0,0,0,0,"- ","- ",,,"SAN FRANCISCO","SAN FRANCISCO",-122.45734581000001,37.771045479999998
8343014,2017,2017-04-13,3801,2017-02-06,1938,256,BAYVI,1,5,7,3801,0,0,0,,0,4B8I,"MCKINNON AV","RANKIN ST",210.00,W,N,C,-,N,,,,,,,,,,N,2,0,1,2,A,-,11,21954,A,F,G,B,E,B,H,-,C,D,0,Y,,,,Y,,N,60,1,0,0,0,1,0,0,0,0,"- ","- ",37.740049999999997,-122.39666,"SAN FRANCISCO","SAN FRANCISCO",-122.39733517000001,37.740438009999998
8343023,2017,2017-04-12,3801,2017-03-30,0748,2245,RICHM,4,5,7,3801,0,0,0,,0,3G48,"CALIFORNIA ST","15TH AV",9.00,E,N,A,-,N,,,,,,,,,,N,3,0,2,3,A,-,10,21950,A,N,G,B,B,A,H,-,A,D,0,Y,,,,Y,,A,01,0,2,0,0,2,0,0,0,0,"- ","- ",,,"SAN FRANCISCO","SAN FRANCISCO",-122.47422890999999,37.784371550000003
8343027,2017,2017-04-12,3801,2017-03-28,2151,715,CENTR,2,5,7,3801,0,0,0,,0,3A11E,"MARKET ST","MONTGOMERY ST",49.00,W,N,A,-,N,,,,,,,,,,N,3,0,1,2,A,-,11,21955,,F,G,B,D,A,H,-,C,A,0,Y,,,,Y,Y,N,60,0,1,0,0,1,0,0,0,0,"- ","- ",,,"SAN FRANCISCO","SAN FRANCISCO",-122.40211327999999,37.788677540000002
8343046,2017,2017-04-13,3801,2017-03-20,2029,004313,RICHM,1,5,7,3801,0,0,0,,0,002,"OFARRELL ST","MASONIC AV",0.00,,Y,C,-,N,,,,,,,,,,,4,0,1,2,A,-,00,21458,B,N,G,B,B,B,H,-,C,A,0,Y,,,,Y,,N,60,0,0,1,0,1,0,0,0,0,"- ","- ",,,"SAN FRANCISCO","SAN FRANCISCO",-122.44753987999999,37.781039900000003
8343049,2017,2017-04-11,3801,2017-03-23,1406,240,SOUTH,4,5,7,3801,0,0,0,,0,901,"6TH ST","HARRISON ST",0.00,,Y,A,-,N,,,,,,,,,,N,4,0,1,2,A,-,10,21950,A,N,G,B,B,A,H,-,A,A,0,Y,,,,Y,,A,07,0,0,1,0,1,0,0,0,0,"- ","- ",,,"SAN FRANCISCO","SAN FRANCISCO",-122.4040799,37.77730992
8343050,2017,2017-04-13,3801,2017-03-20,2100,4332,RICHM,1,5,7,3801,0,0,0,,0,3G14D,"43RD AV","FULTON ST",0.00,,Y,C,-,N,,,,,,,,,,N,3,0,1,2,A,-,10,21950,A,N,G,B,B,B,H,-,C,A,0,Y,,,,Y,,-,,0,1,0,0,1,0,0,0,0,"- ","- ",,,"SAN FRANCISCO","SAN FRANCISCO",-122.50345998,37.771679900000002
8343053,2017,2017-04-11,3801,2017-03-23,1842,1304,COC,4,5,7,3801,0,0,0,,0,3C14D,"SILVER AV","SAN BRUNO AV",127.00,W,N,A,-,N,,,,,,,,,,N,3,0,1,2,A,-,11,21954,A,N,G,B,D,A,H,-,B,A,0,Y,,,,Y,,N,60,0,1,0,0,1,0,0,0,0,"- ","- ",,,"SAN FRANCISCO","SAN FRANCISCO",-122.40602746,37.732319609999998
8343054,2017,2017-04-19,3801,2017-03-20,1750,209,NORTH,1,5,7,3801,0,0,0,,0,03E,CALIFORNIA,DIVISADERO,0.00,,Y,A,-,N,,,,,,,,,,N,4,0,1,2,A,-,10,21950,A,F,G,B,B,A,H,-,A,A,0,Y,,,,Y,Y,-,,0,0,1,0,1,0,0,0,0,"- ","- ",,,"SAN FRANCISCO","SAN FRANCISCO",-122.44045,37.788079930000002
8343058,2017,2017-04-13,3801,2017-03-20,2030,1996,MISSI,1,5,7,3801,0,0,0,,0,3D14D,"POTRERO AV","24TH ST",0.00,,Y,C,-,N,,,,,,,,,,N,4,0,1,2,A,-,10,21950,A,F,G,B,B,B,H,-,C,A,0,Y,,,,Y,,-,,0,0,1,0,1,0,0,0,0,"- ","- ",,,"SAN FRANCISCO","SAN FRANCISCO",-122.4063199,37.752989909999997
8343061,2017,2017-04-26,3801,2017-03-23,1600,668,BAYVI,4,5,7,3801,0,0,0,,0,3C11C,"3RD ST","EVANS AV",0.00,,Y,A,-,N,,,,,,,,,,N,2,0,1,2,A,-,10,21950,A,F,G,B,B,A,H,-,A,A,0,Y,,,,Y,,A,01,1,0,0,0,1,0,0,0,0,"- ","- ",,,"SAN FRANCISCO","SAN FRANCISCO",-122.38800998000001,37.742729949999998
8343062,2017,2017-04-13,3801,2017-03-20,1325,2369,INGLE,1,5,7,3801,0,0,0,,0,,"GENEVA AV","ATHENS ST",0.00,,Y,B,-,N,,,,,,,,,,N,4,0,1,2,A,-,10,21950,A,N,G,B,B,A,-,-,A,D,0,Y,,,,Y,,A,01,0,0,1,0,1,0,0,0,0,"- ","- ",,,"SAN FRANCISCO","SAN FRANCISCO",-122.43453992000001,37.713469930000002
8343065,2017,2017-04-26,3801,2017-03-24,2025,536,CENTR,5,5,7,3801,0,0,0,,0,0A3,"LEAVENWORTH ST","SUTTER ST",0.00,,-,C,-,N,,,,,,,,,,N,4,0,1,2,A,-,10,21950,A,M,D,B,B,B,H,-,C,A,0,Y,,,,Y,,-,,0,0,1,0,1,0,0,0,0,"- ","- ",,,"SAN FRANCISCO","SAN FRANCISCO",-122.41517995,37.788379929999998
8343069,2017,2017-04-19,3801,2017-03-22,1045,548,NORTH,3,5,7,3801,0,0,0,,0,3E13C,"OAK ST","LAGUNA ST",0.00,,Y,A,-,N,,,,,,,,,,N,3,0,1,2,A,-,10,21950,A,F,G,B,B,A,-,-,A,A,0,Y,,,,Y,,A,01,0,1,0,0,1,0,0,0,0,"- ","- ",,,"SAN FRANCISCO","SAN FRANCISCO",-122.42587988,37.774599960000003
8343074,2017,2017-04-13,3801,2017-03-18,1515,2294,PARK,6,5,7,3801,0,0,0,,0,3F13D,"MASONIC AV","ANZA ST",0.00,,Y,A,-,N,,,,,,,,,,N,3,0,2,3,A,-,04,21703,,N,G,B,B,A,H,-,A,A,0,Y,,,,Y,,A,01,0,1,1,0,1,0,0,0,0,"- ","- ",,,"SAN FRANCISCO","SAN FRANCISCO",-122.44753987999999,37.781039900000003
8343075,2017,2017-04-12,3801,2017-03-14,1337,2059,MISIS,2,5,7,3801,0,0,0,,0,3D14A,"22ND ST","MISSION ST",0.00,,Y,A,-,N,,,,,,,,,,N,4,0,1,2,A,-,11,21954,A,N,G,B,D,A,H,-,A,D,0,Y,,,,Y,,N,60,0,0,1,0,1,0,0,0,0,"- ","- ",,,"SAN FRANCISCO","SAN FRANCISCO",-122.41873990000001,37.755449990000002
8343079,2017,2017-04-12,3801,2017-03-14,0800,A02209,INGLE,2,5,7,3801,0,0,0,,0,03H,"RICHLAND AV","MISSION ST",172.00,W,N,A,-,N,,,,,,,,,,N,3,0,1,2,A,-,11,21955,,N,G,B,D,A,H,-,A,D,0,Y,,Y,,Y,,N,60,0,1,0,0,1,0,0,0,0,"- ","- ",,,"SAN FRANCISCO","SAN FRANCISCO",-122.42507992,37.73600132
8343081,2017,2017-04-11,3801,2017-03-22,1630,A21376,BAYVI,3,5,7,3801,0,0,0,,0,004,"SILVER AV","GOETTINGEN ST",10.00,W,N,A,-,N,,,,,,,,,,N,3,0,1,2,A,-,10,21950,A,N,A,B,B,A,H,-,A,A,0,Y,,,,Y,,A,01,0,1,0,0,1,0,0,0,0,"- ","- ",,,"SAN FRANCISCO","SAN FRANCISCO",-122.40856225,37.731540080000002
8343084,2017,2017-04-14,3801,2017-03-12,1317,2375,RICHM,7,5,7,3801,0,0,0,,0,3G60,"MARTIN LUTHER KING JR DR","STOW LAKE DR E",0.00,,Y,A,-,N,,,,,,,,,,N,4,0,1,2,A,-,11,21950,B,N,H,B,D,A,H,-,A,D,0,Y,Y,,,Y,,N,60,0,0,1,0,1,0,0,0,0,"- ","- ",,,"SAN FRANCISCO","SAN FRANCISCO",-122.47264997000001,37.767489980000001
8343085,2017,2017-04-11,3801,2017-03-22,1845,642,NORTH,3,5,7,3801,0,0,0,,0,005,"CHESTNUT ST","PIERCE ST",65.00,W,N,A,-,N,,,,,,,,,,N,3,0,1,2,A,-,17,22517,,F,G,B,E,A,H,-,A,A,0,Y,,,,Y,,A,07,0,1,0,0,1,0,0,0,0,"- ","- ",,,"SAN FRANCISCO","SAN FRANCISCO",-122.43970249,37.800373190000002
8343090,2017,2017-05-31,3801,2017-03-19,1810,145,"CO H",7,5,7,3801,0,0,0,,0,3H15D,"GENEVA AV","RT 280",136.00,E,N,B,-,N,,,,,,,,,,N,4,0,1,2,A,-,21,22106,,M,G,B,E,A,H,-,A,A,0,Y,,,,Y,,A,01,0,0,1,0,1,0,0,0,0,"- ",NO,,,"SAN FRANCISCO","SAN FRANCISCO",-122.44779078000001,37.721197230000001
8343093,2017,2017-04-11,3801,2017-03-23,1429,2305,MISSI,4,5,7,3801,0,0,0,,0,,"18TH ST","S VAN NESS AV",0.00,,Y,A,-,N,,,,,,,,,,Y,4,0,1,4,A,-,00,21453,,F,D,C,B,A,H,-,A,A,0,Y,,,,Y,,A,01,0,0,1,0,1,0,0,0,0,"- ","- ",37.762160000000002,-122.41722,"SAN FRANCISCO","SAN FRANCISCO",-122.41719995,37.761949960000003
8343094,2017,2017-04-19,3801,2017-03-20,2025,1239,MISSI,1,5,7,3801,0,0,0,,0,901,"18TH ST","HARTFORD ST",0.00,,Y,C,-,N,,,,,,,,,,N,3,0,2,4,A,-,12,22450,A,F,G,B,B,B,H,-,C,A,0,Y,,Y,,Y,,C,03,0,2,0,0,2,0,0,0,0,"- ","- ",,,"SAN FRANCISCO","SAN FRANCISCO",-122.43387994,37.760949949999997
8343096,2017,2017-05-24,3801,2017-03-13,1632,145,INGLE,1,5,7,3801,0,0,0,,0,3H11D,"DOLORES ST","29TH ST",0.00,,Y,A,-,N,,,,,,,,,,N,4,0,1,2,A,-,10,21950,A,N,A,B,B,A,H,-,A,A,0,Y,,,,Y,,A,08,0,0,1,0,1,0,0,0,0,"- ","- ",,,"SAN FRANCISCO","SAN FRANCISCO",-122.42446986,37.743839909999998