CASE_ID,ACCIDENT_YEAR,PROC_DATE,JURIS,COLLISION_DATE,COLLISION_TIME,OFFICER_ID,REPORTING_DISTRICT,DAY_OF_WEEK,CHP_SHIFT,POPULATION,CNTY_CITY_LOC,SPECIAL_COND,BEAT_TYPE,CHP_BEAT_TYPE,CITY_DIVISION_LAPD,CHP_BEAT_CLASS,BEAT_NUMBER,PRIMARY_RD,SECONDARY_RD,DISTANCE,DIRECTION,INTERSECTION,WEATHER_1,WEATHER_2,STATE_HWY_IND,CALTRANS_COUNTY,CALTRANS_DISTRICT,STATE_ROUTE,ROUTE_SUFFIX,POSTMILE_PREFIX,POSTMILE,LOCATION_TYPE,RAMP_INTERSECTION,SIDE_OF_HWY,TOW_AWAY,COLLISION_SEVERITY,NUMBER_KILLED,NUMBER_INJURED,PARTY_COUNT,PRIMARY_COLL_FACTOR,PCF_CODE_OF_VIOL,PCF_VIOL_CATEGORY,PCF_VIOLATION,PCF_VIOL_SUBSECTION,HIT_AND_RUN,TYPE_OF_COLLISION,MVIW,PED_ACTION,ROAD_SURFACE,ROAD_COND_1,ROAD_COND_2,LIGHTING,CONTROL_DEVICE,CHP_ROAD_TYPE,PEDESTRIAN_ACCIDENT,BICYCLE_ACCIDENT,MOTORCYCLE_ACCIDENT,TRUCK_ACCIDENT,NOT_PRIVATE_PROPERTY,ALCOHOL_INVOLVED,STWD_VEHTYPE_AT_FAULT,CHP_VEHTYPE_AT_FAULT,COUNT_SEVERE_INJ,COUNT_VISIBLE_INJ,COUNT_COMPLAINT_PAIN,COUNT_PED_KILLED,COUNT_PED_INJURED,COUNT_BICYCLIST_KILLED,COUNT_BICYCLIST_INJURED,COUNT_MC_KILLED,COUNT_MC_INJURED,PRIMARY_RAMP,SECONDARY_RAMP,LATITUDE,LONGITUDE,COUNTY,CITY,POINT_X,POINT_Y
8343097,2017,2017-04-11,3801,2017-03-21,0637,2375,RICHM,2,5,7,3801,0,0,0,,0,3G60,"25TH AV","BALBOA ST",6.00,S,N,B,C,N,,,,,,,,,,N,3,0,1,2,A,-,10,21950,A,N,G,B,B,B,H,-,C,A,0,Y,,,,Y,,A,01,0,1,0,0,1,0,0,0,0,"- ","- ",,,"SAN FRANCISCO","SAN FRANCISCO",-122.48443888,37.776283540000001
8343100,2017,2017-04-14,3801,2017-03-13,2236,2234,CENTR,1,5,7,3801,0,0,0,,0,A13E,"WAYNE PL","PACIFIC AV",42.00,N,N,A,-,N,,,,,,,,,,,2,0,1,2,A,-,03,22350,,F,H,B,E,A,H,-,C,D,0,Y,,,,Y,,A,01,1,0,0,0,1,0,0,0,0,"- ","- ",,,"SAN FRANCISCO","SAN FRANCISCO",-122.41091193,37.796524060000003
8343102,2017,2017-04-13,3801,2017-03-17,2023,2093,TARAV,5,5,7,3801,0,0,0,,0,3I15D,"GONZALEZ DR","CARDENAS AV",0.00,,Y,A,-,N,,,,,,,,,,N,3,0,1,2,A,-,11,21954,A,N,D,B,E,A,H,-,C,A,0,Y,,,,Y,,N,60,0,1,0,0,1,0,0,0,0,"- ","- ",,,"SAN FRANCISCO","SAN FRANCISCO",-122.47551987,37.718989960000002
8343110,2017,2017-04-13,3801,2017-03-17,1908,4316,RICHM,5,5,7,3801,0,0,0,,0,004,"GEARY BL","22ND AV",0.00,,Y,A,-,N,,,,,,,,,,N,4,0,1,2,A,-,10,21950,A,N,G,B,B,A,H,-,A,A,0,Y,,,,Y,,-,,0,0,1,0,1,0,0,0,0,"- ","- ",,,"SAN FRANCISCO","SAN FRANCISCO",-122.48153000000001,37.780289949999997
8343111,2017,2017-04-12,3801,2017-03-14,0830,618,TARAV,2,5,7,3801,0,0,0,,0,3II3A,"LINCOLN WY","45TH AV",0.00,,Y,A,-,N,,,,,,,,,,N,4,0,1,2,A,-,10,21950,A,N,G,B,B,A,H,-,A,A,0,Y,,,,Y,,-,,0,0,1,0,1,0,0,0,0,"- ","- ",,,"SAN FRANCISCO","SAN FRANCISCO",-122.50511992,37.76420993
8343112,2017,2017-06-17,3801,2017-03-11,2308,1301,TENDE,6,5,7,3801,0,0,0,,0,3J11E,"9TH ST","JESSIE ST",31.00,N,N,A,-,N,,,,,,,,,,Y,4,0,1,2,A,-,00,20001,A,F,G,B,D,A,H,-,C,A,0,Y,,,,Y,,A,01,0,0,1,0,1,0,0,0,0,"- ","- ",,,"SAN FRANCISCO","SAN FRANCISCO",-122.4154061,37.776770030000002
8343126,2017,2017-04-13,3801,2017-03-07,0839,1939,INGLE,2,5,7,3801,0,0,0,,0,4B6H,"MISSION ST","EXCELSIOR AV",6.00,S,N,A,-,N,,,,,,,,,,N,3,0,1,2,A,-,11,21456,B,N,G,B,B,A,H,-,A,A,0,Y,,,,Y,,N,60,0,1,0,0,1,0,0,0,0,"- ","- ",37.726300000000002,-122.43352,"SAN FRANCISCO","SAN FRANCISCO",-122.43365084,37.726225939999999
8343134,2017,2017-04-13,3801,2017-03-07,0834,1655,BAYVI,2,5,7,3801,0,0,0,,0,3C13A,"3RD ST","PALOU AV",145.00,N,N,A,-,N,,,,,,,,,,N,2,0,2,2,A,-,11,21955,,N,G,B,D,A,H,-,A,D,0,Y,Y,,,Y,,N,60,1,1,0,0,1,0,1,0,0,"- ","- ",,,"SAN FRANCISCO","SAN FRANCISCO",-122.39091962000001,37.734422420000001
8343139,2017,2017-04-13,3801,2017-03-04,1905,256,TARAV,6,5,7,3801,0,0,0,,0,4B8I,"SAN JOSE AV","GOETHE ST",0.00,,Y,C,-,N,,,,,,,,,,Y,2,0,1,2,A,-,10,21950,A,N,G,B,B,B,H,-,C,D,0,Y,,,,Y,,A,01,1,0,0,0,1,0,0,0,0,"- ","- ",37.708590000000001,-122.45882,"SAN FRANCISCO","SAN FRANCISCO",-122.45884989,37.708439920000004
8343146,2017,2017-04-13,3801,2017-03-07,2125,1295,TARAV,2,5,7,3801,0,0,0,,0,3I13E,"46TH AV","MORAGA ST",150.00,N,N,A,-,N,,,,,,,,,,N,4,0,1,2,A,-,11,21954,A,N,G,B,D,A,H,-,C,D,0,Y,Y,,,Y,,N,60,0,0,1,0,1,0,0,0,0,"- ","- ",,,"SAN FRANCISCO","SAN FRANCISCO",-122.50557627000001,37.755221550000002
8343147,2017,2017-04-13,3801,2017-03-04,1906,642,NORTH,6,5,7,3801,0,0,0,,0,003,"FRANKLIN ST","FULTON ST",8.00,N,N,B,C,N,,,,,,,,,,N,4,0,1,2,A,-,10,21950,A,N,G,B,B,B,H,-,C,A,0,Y,,,,Y,,A,07,0,0,1,0,1,0,0,0,0,"- ","- ",,,"SAN FRANCISCO","SAN FRANCISCO",-122.42172343999999,37.778961809999998
8343149,2017,2017-04-12,3801,2017-03-11,1445,2105,RICHM,6,5,7,3801,0,0,0,,0,3G12C,"ARGUELLO BL","TURK ST",0.00,,Y,A,-,N,,,,,,,,,,N,2,0,1,2,A,-,10,21950,A,N,G,B,B,A,H,-,A,A,0,Y,,,,Y,,A,01,1,0,0,0,1,0,0,0,0,"- ","- ",,,"SAN FRANCISCO","SAN FRANCISCO",-122.45858998,37.777249949999998
8343151,2017,2017-04-13,3801,2017-03-04,2243,1102,INGLE,6,5,7,3801,0,0,0,,0,01E,"CORTLAND AV","MISSION ST",0.00,,Y,A,C,N,,,,,,,,,,N,4,0,1,2,A,-,10,21950,A,N,A,B,B,B,H,-,C,D,0,Y,,,,Y,,A,01,0,0,1,0,1,0,0,0,0,"- ","- ",,,"SAN FRANCISCO","SAN FRANCISCO",-122.42283986,37.741009990000002
8343153,2017,2017-04-12,3801,2017-03-09,1150,974,COI,4,5,7,3801,0,0,0,,0,3I11A,TARAVAL,"14TH AV",14.00,N,N,A,-,N,,,,,,,,,,N,3,0,1,2,A,-,10,21950,A,N,G,B,B,-,H,-,A,D,0,Y,,,,Y,,A,01,0,1,0,0,1,0,0,0,0,"- ","- ",,,"SAN FRANCISCO","SAN FRANCISCO",-122.47023,37.743290000000002
8343154,2017,2017-04-14,3801,2017-03-05,1709,268,INGLE,7,5,7,3801,0,0,0,,0,3H13D,"DIAMOND ST","WILDER ST",0.00,,Y,B,-,N,,,,,,,,,,N,4,0,1,2,A,-,21,22106,,M,G,B,B,B,H,-,A,A,0,Y,,,,Y,,A,01,0,0,1,0,1,0,0,0,0,"- ","- ",,,"SAN FRANCISCO","SAN FRANCISCO",-122.43392986000001,37.73425992
8343163,2017,2017-04-13,3801,2017-03-02,1841,499,INGLE,4,5,7,3801,0,0,0,,0,3H13D,"ALEMANY BL","CONGDON ST",0.00,,Y,A,-,N,,,,,,,,,,N,4,0,1,2,A,-,10,21950,A,F,G,B,B,A,H,-,C,A,0,Y,,,,Y,,A,08,0,0,1,0,1,0,0,0,0,"- ","- ",,,"SAN FRANCISCO","SAN FRANCISCO",-122.42618988,37.731169940000001
8343164,2017,2017-04-11,3801,2017-03-22,2500,373,INGLE,3,5,7,3801,0,0,0,,0,0H6,"GENEVA AV","STONERIDGE LN",126.00,W,N,A,-,N,,,,,,,,,,Y,4,0,6,8,A,-,03,22350,,F,A,C,E,A,H,-,C,D,0,Y,,,,Y,,A,01,0,0,6,0,2,0,0,0,0,"- ","- ",37.710909999999998,-122.42648,"SAN FRANCISCO","SAN FRANCISCO",-122.42656049,37.711096339999997
8343175,2017,2017-04-13,3801,2017-03-03,0815,240,SOUTH,5,5,7,3801,0,0,0,,0,901,"HARRISON ST","MERLIN ST",0.00,,Y,A,-,N,,,,,,,,,,N,3,0,1,2,D,-,00,,,F,D,B,B,A,H,-,A,D,0,Y,Y,,,Y,,-,"- ",0,1,0,0,1,0,0,0,0,"- ","- ",,,"SAN FRANCISCO","SAN FRANCISCO",-122.40238988999999,37.778609889999998
8343187,2017,2017-04-13,3801,2017-03-02,0700,1290,TARAV,4,5,7,3801,0,0,0,,0,0I5,"EUCALYPTUS DR","WESTMOORLAND DR",0.00,,Y,A,-,N,,,,,,,,,,N,2,0,1,2,A,-,10,21950,A,F,A,B,B,A,H,-,A,D,0,Y,,,,Y,,A,01,1,0,0,0,1,0,0,0,0,"- ","- ",,,"SAN FRANCISCO","SAN FRANCISCO",-122.49051991,37.73093995
8343190,2017,2017-04-14,3801,2017-03-04,1842,004286,RICHM,6,5,7,3801,0,0,0,,0,0G3,"9TH AV","CLEMENT ST",0.00,,Y,C,-,N,,,,,,,,,,N,4,0,1,2,A,-,10,21950,A,N,G,B,B,B,H,-,C,A,0,Y,,,,Y,,A,07,0,0,1,0,1,0,0,0,0,"- ","- ",,,"SAN FRANCISCO","SAN FRANCISCO",-122.46762998,37.782779980000001
8343193,2017,2017-06-17,3801,2017-03-08,1413,974,COI,3,5,7,3801,0,0,0,,0,3I11A,"15TH AV",LINCOLN,188.00,S,N,A,-,N,,,,,,,,,,N,2,0,1,2,A,-,11,21954,A,N,G,B,D,-,H,-,A,D,0,Y,,,,Y,,N,60,1,0,0,0,1,0,0,0,0,"- ","- ",,,"SAN FRANCISCO","SAN FRANCISCO",-122.47288725,37.765124190000002
8343195,2017,2017-04-13,3801,2017-03-02,1908,279,CENTR,4,5,7,3801,0,0,0,,0,3A11D,"POST ST","JONES ST",0.00,,Y,A,-,N,,,,,,,,,,N,3,0,1,2,A,-,10,21950,A,N,G,B,B,A,H,-,C,A,0,Y,,,,Y,,A,01,0,1,0,0,1,0,0,0,0,"- ","- ",,,"SAN FRANCISCO","SAN FRANCISCO",-122.41333989,37.787689960000002
8343205,2017,2017-04-11,3801,2017-03-09,0847,1513,COG,4,5,7,3801,0,0,0,,0,3G60,"CROSSOVER DR","MARTIN LUTHER KING DR",11.00,,N,A,-,N,,,,,,,,,,N,4,0,1,2,A,-,10,21950,A,N,A,B,B,A,H,-,A,A,0,Y,,,,Y,,A,01,0,0,1,0,1,0,0,0,0,"- ","- ",,,"SAN FRANCISCO","SAN FRANCISCO",-122.47737995999999,37.766039999999997
8343225,2017,2017-04-11,3801,2017-03-14,1523,1075,NORTH,2,5,7,3801,0,0,0,,0,3E15C,"MOULTON AV","FILLMORE ST",102.00,E,N,A,-,N,,,,,,,,,,N,4,0,1,2,A,-,11,21954,A,N,G,B,D,A,H,-,A,D,0,Y,,,,Y,,N,60,0,0,1,0,1,0,0,0,0,"- ","- ",,,"SAN FRANCISCO","SAN FRANCISCO",-122.4356204,37.79946958
8344492,2017,2017-04-18,3801,2017-03-24,0948,203,MISSI,5,5,7,3801,0,0,0,,0,006,"22ND ST","POTRERO AV",300.00,E,N,B,C,N,,,,,,,,,,N,3,0,1,2,A,-,10,21950,A,F,G,B,C,B,H,-,A,D,0,Y,,,,Y,,A,01,0,1,0,0,1,0,0,0,0,"- ","- ",,,"SAN FRANCISCO","SAN FRANCISCO",-122.40566483000001,37.756900709999996
8344548,2017,2017-04-18,3801,2017-03-15,1106,2375,RICHM,3,5,7,3801,0,0,0,,0,3G60,"34TH AV","CLEMENT ST",0.00,N,N,B,-,N,,,,,,,,,,N,4,0,1,2,A,-,11,21950,B,N,G,B,D,-,-,-,A,D,0,Y,,,,Y,,N,60,0,0,1,0,1,0,0,0,0,"- ","- ",,,"SAN FRANCISCO","SAN FRANCISCO",-122.49449996,37.781569900000001
8344556,2017,2017-04-18,3801,2017-03-06,1827,1836,TARAV,1,5,7,3801,0,0,0,,0,3I11D,"ORTEGA ST","14TH AV",600.00,E,N,A,-,N,,,,,,,,,,N,3,0,1,2,A,-,13,22515,A,N,G,B,E,B,H,-,C,D,0,Y,,,,Y,,A,01,0,1,0,0,1,0,0,0,0,"- ","- ",,,"SAN FRANCISCO","SAN FRANCISCO",-122.46906853999999,37.754427030000002
8352659,2017,2017-06-01,3801,2017-04-18,2354,1923,MISSI,2,5,7,3801,0,0,0,,0,3C11E,"CALEDONIA ST","16TH ST",200.00,N,N,B,-,N,,,,,,,,,,N,4,0,1,2,A,-,11,21956,A,N,G,B,E,A,H,-,D,D,0,Y,,,,Y,,N,60,0,0,1,0,1,0,0,0,0,"- ","- ",,,"SAN FRANCISCO","SAN FRANCISCO",-122.42141834,37.765486750000001
8359492,2017,2017-05-11,3801,2017-04-04,1445,1944,INGLE,2,5,7,3801,0,0,0,,0,004,"ALEMANY BL","TINGLEY ST",8.00,N,N,A,-,N,,,,,,,,,,N,4,0,1,2,A,-,10,21950,A,N,G,B,B,A,H,-,A,A,0,Y,,,,Y,,D,22,0,0,1,0,1,0,0,0,0,"- ","- ",,,"SAN FRANCISCO","SAN FRANCISCO",-122.43400336000001,37.729377560000003
8359895,2016,2017-05-10,3801,2016-05-26,1230,2469,MISSI,4,5,7,3801,0,0,0,,0,,"16TH ST","BRYANT ST",3.00,E,N,A,-,N,,,,,,,,,,N,4,0,1,2,A,-,10,21950,A,N,G,B,B,A,H,-,A,A,0,Y,,,,Y,,A,01,0,0,1,0,1,0,0,0,0,"- ","- ",,,"SAN FRANCISCO","SAN FRANCISCO",-122.41050964,37.76559048
8360004,2017,2017-05-11,3801,2017-04-13,1706,2095,COD,4,5,7,3801,0,0,0,,0,901,"21ST ST","BARTLETT ST",6.00,W,N,A,-,N,,,,,,,,,,N,2,0,1,2,A,-,10,21950,A,N,G,B,B,A,H,-,A,A,0,Y,,,,Y,,D,22,1,0,0,0,1,0,0,0,0,"- ","- ",,,"SAN FRANCISCO","SAN FRANCISCO",-122.42001075,37.756959389999999
8360012,2017,2017-05-11,3801,2017-04-12,2220,A22051,BAYVI,3,5,7,3801,0,0,0,,0,3C14E,"SAN BRUNO AV","SILVER AV",0.00,,Y,C,-,N,,,,,,,,,,N,4,0,1,2,A,-,10,21950,A,N,G,B,B,B,H,-,C,A,0,Y,,,,Y,,D,22,0,0,1,0,1,0,0,0,0,"- ","- ",,,"SAN FRANCISCO","SAN FRANCISCO",-122.40561992000001,37.73244991
8360020,2017,2017-05-15,3801,2017-04-18,0838,2457,TARAV,2,5,7,3801,0,0,0,,0,3I16A,"ASHTON AV","DE MONTFORT AV",0.00,,Y,B,-,N,,,,,,,,,,N,3,0,1,2,A,-,09,21802,A,N,G,B,B,B,H,-,A,A,0,Y,,,,Y,,-,,0,1,0,0,1,0,0,0,0,"- ","- ",,,"SAN FRANCISCO","SAN FRANCISCO",-122.46228999,37.723639910000003
8360059,2017,2017-05-11,3801,2017-04-06,2210,564,BAYVI,4,5,7,3801,0,0,0,,0,3C13E,"LANE ST","PALOU AV",0.00,,Y,C,-,N,,,,,,,,,,N,2,0,1,2,A,-,10,21950,A,N,G,B,B,B,H,-,C,A,0,Y,,,,Y,,D,22,1,0,0,0,1,0,0,0,0,"- ","- ",,,"SAN FRANCISCO","SAN FRANCISCO",-122.38902996,37.732929980000002
8360082,2017,2017-05-11,3801,2017-03-30,2058,481,NORTH,4,5,7,3801,0,0,0,,0,3E12D,"GOUGH ST","GROVE ST",0.00,,Y,A,-,N,,,,,,,,,,,2,0,1,2,A,-,10,21950,A,N,B,B,B,A,H,-,C,A,0,Y,,,,Y,,A,01,1,0,0,0,1,0,0,0,0,"- ","- ",,,"SAN FRANCISCO","SAN FRANCISCO",-122.42316,37.777809920000003
8360084,2017,2017-05-11,3801,2017-04-27,1844,738,NORTH,4,5,7,3801,0,0,0,,0,3E15D,"CHESTNUT ST","PIERCE ST",0.00,,Y,A,-,N,,,,,,,,,,N,3,0,1,2,A,-,10,21950,A,N,G,B,B,A,H,-,A,A,0,Y,,,,Y,,A,01,0,1,0,0,1,0,0,0,0,"- ","- ",,,"SAN FRANCISCO","SAN FRANCISCO",-122.43947987,37.800399990000003
8360092,2017,2017-05-11,3801,2017-04-20,1405,494,RICHM,4,5,7,3801,0,0,0,,0,0G3,"GEARY BL","6TH AV",36.00,S,N,A,-,N,,,,,,,,,,Y,2,0,1,2,A,-,10,21950,A,N,H,B,B,A,H,-,A,A,0,Y,,,,Y,,A,01,1,0,0,0,1,0,0,0,0,"- ","- ",,,"SAN FRANCISCO","SAN FRANCISCO",-122.46429000000001,37.781089999999999
8360104,2017,2017-05-11,3801,2017-04-15,0054,1104,INGLE,6,5,7,3801,0,0,0,,0,3H13E,"BAYSHORE BL","ARLETA AV",0.00,,Y,A,-,N,,,,,,,,,,N,4,0,1,2,D,-,00,,,F,B,B,B,A,H,-,C,A,0,Y,,,,Y,,-,"- ",0,0,1,0,1,0,0,0,0,"- ","- ",,,"SAN FRANCISCO","SAN FRANCISCO",-122.40260997999999,37.712269990000003
8360124,2017,2017-05-11,3801,2017-04-16,1224,A22696,SOUTH,7,5,7,3801,0,0,0,,0,3B15C,"3RD ST","HARRISON ST",0.00,,Y,C,-,N,,,,,,,,,,N,4,0,1,2,A,-,08,22100,B,N,G,B,B,B,H,-,A,A,0,Y,,,,Y,,A,01,0,0,1,0,1,0,0,0,0,"- ","- ",,,"SAN FRANCISCO","SAN FRANCISCO",-122.39738991999999,37.78254991
8360127,2017,2017-05-11,3801,2017-04-27,2016,1469,NORTH,4,5,7,3801,0,0,0,,0,3E11D,"TURK ST","FILLMORE ST",121.00,E,N,A,-,N,,,,,,,,,,N,3,0,1,2,A,-,00,21955,A,N,G,-,D,A,H,-,C,D,0,Y,,,,Y,Y,N,60,0,1,0,0,1,0,0,0,0,"- ","- ",,,"SAN FRANCISCO","SAN FRANCISCO",-122.43171605000001,37.780540479999999
8360131,2017,2017-05-11,3801,2017-04-26,1618,278,TARAV,3,5,7,3801,0,0,0,,0,3I11D,"LINCOLN WY","41ST AV",0.00,,Y,B,-,N,,,,,,,,,,N,3,0,1,2,A,-,10,21950,A,N,G,B,B,B,H,-,A,D,0,Y,,,,Y,,A,01,0,1,0,0,1,0,0,0,0,"- ","- ",,,"SAN FRANCISCO","SAN FRANCISCO",-122.50084998,37.764409899999997
8360135,2017,2017-05-11,3801,2017-04-06,0630,A22067,CENTR,4,5,7,3801,0,0,0,,0,3A13A,"STOCKTON AV","COLUMBUS AV",0.00,,Y,B,-,N,,,,,,,,,,N,4,0,1,2,A,-,10,21950,A,N,G,B,B,A,H,-,A,A,0,Y,,,,Y,,A,01,0,0,1,0,1,0,0,0,0,"- ","- ",,,"SAN FRANCISCO","SAN FRANCISCO",-122.40897987,37.799499910000002
8360143,2017,2017-05-11,3801,2017-04-28,2302,709,SOUTH,5,5,7,3801,0,0,0,,0,3B11E,"MISSION ST",ANNIE,35.00,E,N,A,-,N,,,,,,,,,,Y,2,0,1,2,A,-,11,21955,,N,-,A,D,A,H,-,C,D,0,Y,,Y,,Y,,N,60,1,0,0,0,0,0,0,0,1,"- ","- ",,,"SAN FRANCISCO","SAN FRANCISCO",-122.40114585000001,37.786919169999997
8360148,2017,2017-05-11,3801,2017-04-22,2137,A20817,BAYVI,6,5,7,3801,0,0,0,,0,3C13E,"HUDSON AV","MENDELL ST",0.00,,Y,A,-,N,,,,,,,,,,N,2,0,1,2,A,-,11,21955,,N,G,B,D,A,-,-,C,A,0,Y,,,,Y,,N,60,1,0,0,0,1,0,0,0,0,"- ","- ",,,"SAN FRANCISCO","SAN FRANCISCO",-122.38639997,37.738969949999998
8360160,2017,2017-05-11,3801,2017-04-16,1200,326,NORTH,7,5,7,3801,0,0,0,,0,3E16C,"KING ST","KING ST 123",0.00,,Y,B,C,N,,,,,,,,,,N,3,0,1,2,B,-,22,,,F,G,B,E,B,H,-,A,D,0,Y,,,,Y,,A,01,0,1,0,0,1,0,0,0,0,"- ","- ",,,"SAN FRANCISCO","SAN FRANCISCO",-122.38969950000001,37.779957000000003
8360162,2017,2017-06-17,3801,2017-04-17,1836,1014,,1,5,7,3801,0,0,0,,0,3A15D,"BAY ST","LEAVENWORTH ST",140.00,E,N,B,-,N,,,,,,,,,,Y,4,0,1,2,A,-,03,22350,,N,C,D,-,B,H,-,A,D,0,Y,,,,Y,,A,01,0,0,1,0,1,0,0,0,0,"- ","- ",,,"SAN FRANCISCO","SAN FRANCISCO",-122.41808041,37.80508588
8360163,2017,2017-05-11,3801,2017-04-19,1230,071,PARK,3,5,7,3801,0,0,0,,0,3F44B,"PARNASSUS AV","4TH AV",4.00,E,N,A,-,N,,,,,,,,,,N,4,0,1,2,A,-,10,21950,A,F,G,B,B,A,H,-,A,D,0,Y,,,,Y,,A,01,0,0,1,0,1,0,0,0,0,"- ","- ",,,"SAN FRANCISCO","SAN FRANCISCO",-122.46088691999999,37.7626536
8360165,2017,2017-05-10,3801,2017-04-20,1225,2415,TARAV,4,5,7,3801,0,0,0,,0,3I15A,"20TH AV","BUCKINGHAM WY",0.00,,Y,A,-,N,,,,,,,,,,N,4,0,1,2,A,-,10,21950,A,N,G,B,B,A,H,-,A,A,0,Y,,,,Y,,A,01,0,0,1,0,1,0,0,0,0,"- ","- ",,,"SAN FRANCISCO","SAN FRANCISCO",-122.47597987,37.730089960000001
8360166,2017,2017-05-10,3801,2017-04-14,0717,4223,,5,5,7,3801,0,0,0,,0,03H,"MONTEREY BL","PLYMOUTH AV",32.00,E,N,A,-,N,,,,,,,,,,N,4,0,1,2,A,-,11,21954,A,N,G,B,D,A,H,-,A,A,0,Y,,,,Y,,N,60,0,0,1,0,1,0,0,0,0,"- ","- ",,,"SAN FRANCISCO","SAN FRANCISCO",-122.45795285,37.730831950000002
8360174,2017,2017-05-10,3801,2017-04-17,1110,2482,,1,5,7,3801,0,0,0,,0,3I13A,PORTOLA,"DORCHESTER ST",0.00,,Y,B,-,N,,,,,,,,,,N,4,0,1,2,-,-,"- ",,,N,G,B,C,A,H,-,A,D,0,Y,,,,Y,,-,"- ",0,0,1,0,1,0,0,0,0,"- ","- ",,,"SAN FRANCISCO","SAN FRANCISCO",-122.46369989,37.740049939999999
8360176,2017,2017-05-11,3801,2017-04-26,1513,560,INGLE,3,5,7,3801,0,0,0,,0,3H16C,"ARLETA AV","BAYSHORE BL",0.00,,Y,A,-,N,,,,,,,,,,N,4,0,2,3,B,-,22,,,N,G,B,B,A,H,-,A,A,0,Y,,,,Y,,A,01,0,0,2,0,2,0,0,0,0,"- ","- ",,,"SAN FRANCISCO","SAN FRANCISCO",-122.40260997999999,37.712269990000003
8360177,2017,2017-05-10,3801,2017-04-23,1410,2105,CENTR,7,5,7,3801,0,0,0,,0,3A13B,"JEFFERSON ST","JEFFERSON ST 333",0.00,,Y,A,-,N,,,,,,,,,,N,2,0,1,2,A,-,10,21950,A,N,G,B,D,A,H,-,A,D,0,Y,,,,Y,,N,60,1,0,0,0,1,0,0,0,0,"- ","- ",,,"SAN FRANCISCO","SAN FRANCISCO",-122.41793454,37.807941739999997
8360179,2017,2017-05-11,3801,2017-04-19,1748,529,INGLE,3,5,7,3801,0,0,0,,0,3H13D,"FOERSTER ST","FLOOD AV",14.00,N,N,A,-,N,,,,,,,,,,N,3,0,1,2,A,-,09,21802,A,N,G,B,E,A,H,-,A,D,0,Y,,,,Y,,N,60,0,1,0,0,1,0,0,0,0,"- ","- ",,,"SAN FRANCISCO","SAN FRANCISCO",-122.44887,37.72991846
8360185,2017,2017-05-11,3801,2017-04-23,1141,2039,TARAV,7,5,7,3801,0,0,0,,0,003,"JUDAH ST","48TH AV",125.00,E,N,A,-,N,,,,,,,,,,N,4,0,1,2,A,-,06,21756,A,N,G,B,D,A,H,-,A,A,0,Y,,,,Y,,A,01,0,0,1,0,1,0,0,0,0,"- ","- ",,,"SAN FRANCISCO","SAN FRANCISCO",-122.50766852,37.760343970000001
8360187,2017,2017-05-11,3801,2017-04-19,1348,1944,INGLE,3,5,7,3801,0,0,0,,0,002,"MISSION ST","30TH ST",0.00,,Y,A,-,N,,,,,,,,,,N,4,0,1,2,A,-,10,21950,A,N,G,B,B,A,H,-,A,A,0,Y,,,,Y,,A,01,0,0,1,0,1,0,0,0,0,"- ","- ",,,"SAN FRANCISCO","SAN FRANCISCO",-122.42195984999999,37.742389920000001
8360188,2017,2017-05-11,3801,2017-04-10,1450,1550,NORTH,1,5,7,3801,0,0,0,,0,3E14C,"PIERCE ST","CHESTNUT ST",11.00,N,N,A,-,N,,,,,,,,,,N,4,0,1,2,A,-,10,21950,A,N,A,B,B,A,H,-,A,D,0,Y,,,,Y,,A,01,0,0,1,0,1,0,0,0,0,"- ","- ",,,"SAN FRANCISCO","SAN FRANCISCO",-122.43948530999999,37.800429919999999
8360200,2017,2017-05-11,3801,2017-04-17,2056,307,3801,1,5,7,3801,0,0,0,,0,3F43C,"HAIGHT ST","CLAYTON ST",0.00,,Y,C,-,N,,,,,,,,,,N,4,0,1,2,A,-,10,21950,A,N,G,B,B,B,H,-,C,D,0,Y,,,,Y,,A,01,0,0,1,0,1,0,0,0,0,"- ","- ",,,"SAN FRANCISCO","SAN FRANCISCO",-122.44857995,37.769799970000001
8360201,2017,2017-05-11,3801,2017-04-24,1647,4057,NORTH,1,5,7,3801,0,0,0,,0,3E15D,"MARINA BL","FILLMORE ST",75.00,E,N,A,-,N,,,,,,,,,,N,3,0,2,2,A,-,03,22350,,N,G,-,F,A,H,-,A,-,0,Y,Y,,,Y,,L,04,0,2,0,0,1,0,1,0,0,"- ","- ",,,"SAN FRANCISCO","SAN FRANCISCO",-122.43718326,37.806430669999997
8360202,2017,2017-05-26,3801,2017-04-15,1320,A22690,,6,5,7,3801,0,0,0,,0,3H11D,"PERSIA AV","PERSIA AV 15",0.00,,-,A,-,N,,,,,,,,,,N,4,0,1,2,A,-,21,22106,,N,G,B,F,A,H,-,A,D,0,Y,,,,Y,,A,01,0,0,1,0,1,0,0,0,0,"- ","- ",,,"SAN FRANCISCO","SAN FRANCISCO",-122.43558258,37.722947449999999
8360208,2017,2017-05-11,3801,2017-04-29,1645,A22067,CENTR,6,5,7,3801,0,0,0,,0,3A15C,"HYDE ST","WASHINGTON ST",0.00,,Y,A,-,N,,,,,,,,,,N,4,0,1,2,A,-,10,21950,A,N,G,B,B,A,H,-,A,A,0,Y,,,,Y,,A,01,0,0,1,0,1,0,0,0,0,"- ","- ",,,"SAN FRANCISCO","SAN FRANCISCO",-122.41793988000001,37.793689960000002