CASE_ID,ACCIDENT_YEAR,PROC_DATE,JURIS,COLLISION_DATE,COLLISION_TIME,OFFICER_ID,REPORTING_DISTRICT,DAY_OF_WEEK,CHP_SHIFT,POPULATION,CNTY_CITY_LOC,SPECIAL_COND,BEAT_TYPE,CHP_BEAT_TYPE,CITY_DIVISION_LAPD,CHP_BEAT_CLASS,BEAT_NUMBER,PRIMARY_RD,SECONDARY_RD,DISTANCE,DIRECTION,INTERSECTION,WEATHER_1,WEATHER_2,STATE_HWY_IND,CALTRANS_COUNTY,CALTRANS_DISTRICT,STATE_ROUTE,ROUTE_SUFFIX,POSTMILE_PREFIX,POSTMILE,LOCATION_TYPE,RAMP_INTERSECTION,SIDE_OF_HWY,TOW_AWAY,COLLISION_SEVERITY,NUMBER_KILLED,NUMBER_INJURED,PARTY_COUNT,PRIMARY_COLL_FACTOR,PCF_CODE_OF_VIOL,PCF_VIOL_CATEGORY,PCF_VIOLATION,PCF_VIOL_SUBSECTION,HIT_AND_RUN,TYPE_OF_COLLISION,MVIW,PED_ACTION,ROAD_SURFACE,ROAD_COND_1,ROAD_COND_2,LIGHTING,CONTROL_DEVICE,CHP_ROAD_TYPE,PEDESTRIAN_ACCIDENT,BICYCLE_ACCIDENT,MOTORCYCLE_ACCIDENT,TRUCK_ACCIDENT,NOT_PRIVATE_PROPERTY,ALCOHOL_INVOLVED,STWD_VEHTYPE_AT_FAULT,CHP_VEHTYPE_AT_FAULT,COUNT_SEVERE_INJ,COUNT_VISIBLE_INJ,COUNT_COMPLAINT_PAIN,COUNT_PED_KILLED,COUNT_PED_INJURED,COUNT_BICYCLIST_KILLED,COUNT_BICYCLIST_INJURED,COUNT_MC_KILLED,COUNT_MC_INJURED,PRIMARY_RAMP,SECONDARY_RAMP,LATITUDE,LONGITUDE,COUNTY,CITY,POINT_X,POINT_Y
8360213,2017,2017-05-11,3801,2017-04-07,0916,2375,RICHM,5,5,7,3801,0,0,0,,0,3G60,"GEARY BL","17TH AV",21.00,W,N,B,-,N,,,,,,,,,,N,3,0,1,2,A,-,11,21950,B,N,G,B,D,A,H,-,A,A,0,Y,,,,Y,,N,60,0,1,0,0,1,0,0,0,0,"- ","- ",,,"SAN FRANCISCO","SAN FRANCISCO",-122.47624263,37.780527659999997
8360226,2017,2017-05-11,3801,2017-04-17,1650,A21296,,1,5,7,3801,0,0,0,,0,3C15D,"BACON ST","SAN BRUNO AV",0.00,,Y,B,-,N,,,,,,,,,,N,4,0,1,2,A,-,10,21950,A,F,G,B,B,B,H,-,A,A,0,Y,,,,Y,,A,01,0,0,1,0,1,0,0,0,0,"- ","- ",,,"SAN FRANCISCO","SAN FRANCISCO",-122.40360991,37.7276399
8360227,2017,2017-05-11,3801,2017-04-30,2025,2095,COD,7,5,7,3801,0,0,0,,0,901,"DOLORES ST","19TH ST",20.00,N,N,A,-,N,,,,,,,,,,N,3,0,1,2,A,-,11,21950,B,N,G,B,B,A,H,-,C,D,0,Y,,,,Y,Y,N,60,0,1,0,0,1,0,0,0,0,"- ","- ",,,"SAN FRANCISCO","SAN FRANCISCO",-122.42600573,37.759904749999997
8360232,2017,2017-05-11,3801,2017-04-25,2146,574,NORTH,2,5,7,3801,0,0,0,,0,3E16E,"POST ST","FILLMORE ST",6.00,E,N,A,-,N,,,,,,,,,,N,4,0,1,2,A,-,10,21950,A,N,G,B,B,A,H,-,C,A,0,Y,,,,Y,,A,01,0,0,1,0,1,0,0,0,0,"- ","- ",,,"SAN FRANCISCO","SAN FRANCISCO",-122.43305949000001,37.785162589999999
8360234,2017,2017-05-11,3801,2017-04-18,0808,379,,2,5,7,3801,0,0,0,,0,0G4,"25TH AV","EL CAMINO DEL MAR",0.00,,Y,F,-,N,,,,,,,,,,N,4,0,1,2,A,-,10,21950,A,N,G,B,B,B,H,-,A,A,0,Y,,,,Y,,A,01,0,0,1,0,1,0,0,0,0,"- ","- ",,,"SAN FRANCISCO","SAN FRANCISCO",-122.48527998,37.78760991
8360236,2017,2017-05-11,3801,2017-04-26,1419,2132,,3,5,7,3801,0,0,0,,0,,"VALENCIA ST","22ND ST",0.00,,Y,C,-,N,,,,,,,,,,N,3,0,1,2,A,-,10,21950,A,N,G,B,B,B,H,-,A,A,0,Y,,,,Y,,-,,0,1,0,0,1,0,0,0,0,"- ","- ",,,"SAN FRANCISCO","SAN FRANCISCO",-122.42096986,37.755309920000002
8360237,2017,2017-05-11,3801,2017-04-06,0910,2339,PARK,4,5,7,3801,0,0,0,,0,3F13A,"SHRADER ST","FULTON ST",0.00,,Y,C,-,N,,,,,,,,,,N,4,0,1,2,A,-,10,21950,A,N,G,B,B,B,H,-,A,A,0,Y,,,,Y,,A,01,0,0,1,0,1,0,0,0,0,"- ","- ",,,"SAN FRANCISCO","SAN FRANCISCO",-122.45296995,37.774969970000001
8360239,2017,2017-05-11,3801,2017-04-30,1900,671,TENDE,7,5,7,3801,0,0,0,,0,3J13D,"TURK ST","LEAVENWORTH ST",3.00,W,N,A,-,N,,,,,,,,,,N,3,0,1,2,A,-,00,20001,A,F,G,B,B,A,H,-,B,A,0,Y,,,,Y,,A,01,0,1,0,0,1,0,0,0,0,"- ","- ",,,"SAN FRANCISCO","SAN FRANCISCO",-122.41405023,37.782798569999997
8360323,2017,2017-05-15,3801,2017-04-06,0636,1633,PARK,4,5,7,3801,0,0,0,,0,3F11A,"PARNASSUS AV","WILLARD ST",0.00,,Y,B,C,N,,,,,,,,,,N,4,0,1,2,A,-,10,21950,A,N,G,B,B,B,H,-,B,D,0,Y,,,,Y,,A,01,0,0,1,0,1,0,0,0,0,"- ","- ",,,"SAN FRANCISCO","SAN FRANCISCO",-122.45421985999999,37.764330000000001
8360325,2017,2017-05-11,3801,2017-04-20,1023,A11423,SOUTH,4,5,7,3801,0,0,0,,0,3B1A,"VALENCIA ST","CESAR CHAVEZ",0.00,,Y,A,-,N,,,,,,,,,,N,3,0,1,2,A,-,10,21950,A,F,G,B,B,A,H,-,A,A,0,Y,,,,Y,Y,A,01,0,1,0,0,1,0,0,0,0,"- ","- ",,,"SAN FRANCISCO","SAN FRANCISCO",-122.42024995,37.748119950000003
8360333,2017,2017-05-11,3801,2017-04-25,1934,1230,TARAV,2,5,7,3801,0,0,0,,0,3I16D,"OCEAN AV","PHELAN LOOP",0.00,,Y,A,-,N,,,,,,,,,,N,3,0,1,2,A,-,00,21955,A,N,G,B,D,A,H,-,A,D,0,Y,,,,Y,,N,60,0,1,0,0,1,0,0,0,0,"- ","- ",,,"SAN FRANCISCO","SAN FRANCISCO",-122.45232991,37.723069889999998
8360335,2017,2017-05-15,3801,2017-04-06,1300,454,TENDE,4,5,7,3801,0,0,0,,0,,"6TH ST","MARKET ST",0.00,,Y,A,-,N,,,,,,,,,,N,4,0,1,2,A,-,10,21950,A,N,G,B,D,A,D,-,A,A,0,Y,,,,Y,,A,01,0,0,1,0,1,0,0,0,0,"- ","- ",,,"SAN FRANCISCO","SAN FRANCISCO",-122.41029991000001,37.78223989
8360346,2017,2017-05-15,3801,2017-04-02,0651,328,NORTH,7,5,7,3801,0,0,0,,0,3E13A,"WEBSTER ST","CLAY ST",0.00,,Y,A,-,N,,,,,,,,,,N,4,0,1,2,A,-,10,21950,A,N,G,B,-,A,H,-,A,A,0,Y,,,,Y,,A,01,0,0,1,0,1,0,0,0,0,"- ","- ",,,"SAN FRANCISCO","SAN FRANCISCO",-122.43256999,37.790929919999996
8360350,2017,2017-05-15,3801,2017-04-01,1830,A20989,INGLE,6,5,7,3801,0,0,0,,0,3H15D,"MISSION ST","ITALY AV",0.00,,Y,A,-,N,,,,,,,,,,N,3,0,1,2,A,-,10,21950,,N,G,B,-,A,H,-,A,A,0,Y,,,,Y,,A,01,0,1,0,0,1,0,0,0,0,"- ","- ",,,"SAN FRANCISCO","SAN FRANCISCO",-122.43952996,37.71846996
8360351,2017,2017-05-15,3801,2017-04-06,2023,A20979,SOUTH,4,5,7,3801,0,0,0,,0,3B13D,"BRYANT ST","8TH ST",25.00,W,N,C,-,N,,,,,,,,,,N,4,0,1,2,A,-,11,21955,,N,G,B,D,B,H,-,C,A,0,Y,,,,Y,,N,60,0,0,1,0,1,0,0,0,0,"- ","- ",,,"SAN FRANCISCO","SAN FRANCISCO",-122.40704139,37.7724616
8360359,2017,2017-05-15,3801,2017-04-06,2208,1576,TARAV,4,5,7,3801,0,0,0,,0,004,"PORTOLA DR","VICENTE ST",0.00,,Y,B,C,N,,,,,,,,,,N,4,0,1,2,A,-,10,21950,A,N,G,B,B,B,H,-,C,A,0,Y,,,,Y,,-,,0,0,1,0,1,0,0,0,0,"- ","- ",,,"SAN FRANCISCO","SAN FRANCISCO",-122.46625994,37.739229909999999
8360363,2017,2017-05-15,3801,2017-04-06,2230,2095,COD,4,5,7,3801,0,0,0,,0,901,"VALENCIA ST","22ND ST",6.00,N,N,C,-,N,,,,,,,,,,N,2,0,1,2,A,-,10,21950,A,N,G,B,B,B,H,-,C,A,0,Y,,,,Y,,A,01,1,0,0,0,1,0,0,0,0,"- ","- ",,,"SAN FRANCISCO","SAN FRANCISCO",-122.42097,37.755326480000001
8360369,2017,2017-05-11,3801,2017-04-17,2118,564,BAYVI,1,5,7,3801,0,0,0,,0,3C12E`,"WILLIAMS AV","3RD ST",0.00,,Y,A,-,N,,,,,,,,,,N,4,0,1,2,A,-,11,21453,D,N,G,B,B,B,H,-,C,A,0,Y,,,,Y,,N,60,0,0,1,0,1,0,0,0,0,"- ","- ",,,"SAN FRANCISCO","SAN FRANCISCO",-122.39272999000001,37.72927
8360379,2017,2017-05-15,3801,2017-04-05,2215,A22696,SOUTH,3,5,7,3801,0,0,0,,0,3B15C,"MASON ST","EDDY ST",0.00,,Y,-,-,N,,,,,,,,,,N,2,0,1,2,D,-,00,,,F,G,B,B,-,-,-,-,-,0,Y,,,,Y,,-,"- ",1,0,0,0,1,0,0,0,0,"- ","- ",,,"SAN FRANCISCO","SAN FRANCISCO",-122.40929991,37.784379960000003
8360381,2017,2017-05-11,3801,2017-04-18,1517,2239,TENDE,2,5,7,3801,0,0,0,,0,3J14D,"EDDY ST","JONES ST",4.00,E,N,A,-,N,,,,,,,,,,N,4,0,1,2,A,-,10,21950,A,N,D,B,B,A,H,-,A,A,0,Y,,,,Y,,A,01,0,0,1,0,1,0,0,0,0,"- ","- ",,,"SAN FRANCISCO","SAN FRANCISCO",-122.41257634999999,37.783941830000003
8360383,2017,2017-05-15,3801,2017-04-14,0005,677,NORTH,5,5,7,3801,0,0,0,,0,3E16E,"FRANKLIN ST","WASHINGTON ST",0.00,,Y,A,-,N,,,,,,,,,,Y,2,0,1,2,A,-,10,21950,,F,G,B,B,A,H,-,C,A,0,Y,,,,Y,,A,01,1,0,0,0,1,0,0,0,0,"- ","- ",,,"SAN FRANCISCO","SAN FRANCISCO",-122.42449990999999,37.792849949999997
8360394,2017,2017-05-15,3801,2017-04-10,0918,0054,NORTH,1,5,7,3801,0,0,0,,0,3E13D,"SUTTER ST","GOUGH ST",0.00,,Y,A,-,N,,,,,,,,,,N,3,0,1,2,A,-,07,21658,A,N,G,B,-,A,H,-,A,D,0,Y,,,,Y,,A,01,0,1,0,0,1,0,0,0,0,"- ","- ",,,"SAN FRANCISCO","SAN FRANCISCO",-122.42503999,37.787139940000003
8360398,2017,2017-05-15,3801,2017-04-05,1140,1096,SOUTH,3,5,7,3801,0,0,0,,0,3B15C,"HARRISON ST","5TH ST",0.00,,Y,A,-,N,,,,,,,,,,N,3,0,1,2,A,-,11,21453,D,N,A,B,-,A,H,-,A,A,0,Y,,,,Y,,N,60,0,1,0,0,1,0,0,0,0,"- ","- ",,,"SAN FRANCISCO","SAN FRANCISCO",-122.40186989,37.779059920000002
8360405,2017,2017-05-15,3801,2017-04-18,0945,1550,NORTH,2,5,7,3801,0,0,0,,0,3E3C,"POLK ST","PINE ST",0.00,,Y,F,-,N,,,,,,,,,,N,3,0,1,3,A,-,11,21453,D,N,D,G,B,A,H,-,A,A,0,Y,Y,,,Y,,N,60,0,1,0,0,0,0,1,0,0,"- ","- ",,,"SAN FRANCISCO","SAN FRANCISCO",-122.42049994,37.789639979999997
8360407,2017,2017-05-12,3801,2017-04-02,0228,A21877,CENTR,7,5,7,3801,0,0,0,,0,004,BROADWAY,"MONTGOMERY ST",45.00,W,N,A,-,N,,,,,,,,,,N,2,0,1,2,A,-,11,21956,A,N,B,B,E,A,H,-,C,A,0,Y,,,,Y,Y,N,60,1,0,0,0,1,0,0,0,0,"- ","- ",,,"SAN FRANCISCO","SAN FRANCISCO",-122.40399321,37.798217579999999
8360427,2017,2017-05-12,3801,2017-04-04,1536,595,SOUTH,2,5,7,3801,0,0,0,,0,901,"HARRISON ST","LANGTON ST",0.00,,Y,A,-,N,,,,,,,,,,N,3,0,1,2,D,-,00,,,N,G,B,D,A,H,-,A,D,0,Y,,,,Y,,-,"- ",0,1,0,0,1,0,0,0,0,"- ","- ",,,"SAN FRANCISCO","SAN FRANCISCO",-122.40682987,37.775119969999999
8360634,2016,2017-06-19,3801,2016-12-01,0840,207,SOUTH,4,5,7,3801,0,0,0,,0,3B14A,"MISSION ST","10TH ST",5.00,W,N,A,-,N,,,,,,,,,,N,2,0,1,3,A,-,21,22106,,F,G,B,B,A,H,-,A,A,0,Y,,,,Y,,A,01,1,0,0,0,1,0,0,0,0,"- ","- ",,,"SAN FRANCISCO","SAN FRANCISCO",-122.41592219,37.775270249999998
8360636,2017,2017-05-12,3801,2017-04-02,1838,33,CENTR,7,5,7,3801,0,0,0,,0,002,"STOCKTON ST","CLAY ST",0.00,,Y,A,-,N,,,,,,,,,,N,3,0,1,2,A,-,11,21950,B,N,H,G,D,A,H,-,A,A,0,Y,Y,,,Y,,N,60,0,1,0,0,0,0,1,0,0,"- ","- ",,,"SAN FRANCISCO","SAN FRANCISCO",-122.40784995,37.794069999999998
8360963,2017,2017-05-12,3801,2017-04-09,2206,1100,TENDE,7,5,7,3801,0,0,0,,0,3J12D,"MASON ST","ELLIS ST",9.00,S,N,B,-,N,,,,,,,,,,N,2,0,1,2,A,-,10,21950,A,N,G,B,B,A,H,-,C,A,0,Y,,,,Y,,A,01,1,0,0,0,1,0,0,0,0,"- ","- ",,,"SAN FRANCISCO","SAN FRANCISCO",-122.40945587,37.785305489999999
8362449,2017,2018-05-17,3801,2017-04-14,1315,865,MISSI,5,5,7,3801,0,0,0,,0,3D14A,"24TH ST","ALABAMA ST",0.00,,Y,A,-,N,,,,,,,,,,N,3,0,1,2,A,-,12,22450,A,N,G,B,B,A,H,-,A,A,0,Y,Y,,,Y,,L,04,0,1,0,0,1,0,0,0,0,"- ","- ",,,"SAN FRANCISCO","SAN FRANCISCO",-122.41093988999999,37.752709950000003
8371240,2017,2017-05-24,3801,2017-01-23,1730,2473,TENDE,1,5,7,3801,0,0,0,,0,0J4,"ELLIS ST","LEAVENWORTH ST",0.00,,Y,B,C,N,,,,,,,,,,N,4,0,1,2,A,-,00,22950,A,M,G,B,B,B,H,-,C,A,0,Y,,,,Y,,-,"- ",0,0,1,0,1,0,0,0,0,"- ","- ",,,"SAN FRANCISCO","SAN FRANCISCO",-122.41441989,37.784669940000001
8374759,2017,2017-06-14,3801,2017-05-12,1516,1799,TENDE,5,5,7,3801,0,0,0,,0,3J13D,"LARKIN ST","EDDY ST",21.00,S,N,A,-,N,,,,,,,,,,N,3,0,1,2,A,-,11,21956,A,N,G,B,E,A,H,-,A,D,0,Y,,,,Y,,N,60,0,1,0,0,1,0,0,0,0,"- ","- ",,,"SAN FRANCISCO","SAN FRANCISCO",-122.41750885,37.783242989999998
8374783,2017,2017-06-14,3801,2017-05-21,2224,A20702,CENTR,7,5,7,3801,0,0,0,,0,3A61,"SUTTER ST","TAYLOR ST",0.00,,Y,A,-,N,,,,,,,,,,N,4,0,1,2,A,-,09,21453,C,N,G,B,B,A,H,-,C,A,0,Y,,,Y,Y,,F,77,0,0,1,0,1,0,0,0,0,"- ","- ",,,"SAN FRANCISCO","SAN FRANCISCO",-122.41187988999999,37.788809980000003
8375764,2017,2017-06-12,3801,2017-05-15,0918,A07036,INGLE,1,5,7,3801,0,0,0,,0,005,"GENEVA AV","NAPLES ST",0.00,,Y,A,-,N,,,,,,,,,,N,3,0,2,3,A,-,10,21950,A,N,G,B,B,A,H,-,A,A,0,Y,,,,Y,,A,01,0,1,1,0,2,0,0,0,0,"- ","- ",,,"SAN FRANCISCO","SAN FRANCISCO",-122.43618988999999,37.714209920000002
8375766,2017,2017-06-13,3801,2017-05-05,2149,200,TENDE,5,5,7,3801,0,0,0,,0,3J60,"TURK ST","LEAVENWORTH ST",5.00,W,N,A,-,N,,,,,,,,,,N,4,0,1,2,A,-,10,21950,A,N,G,B,B,A,H,-,C,A,0,Y,,,,Y,,A,01,0,0,1,0,1,0,0,0,0,"- ","- ",,,"SAN FRANCISCO","SAN FRANCISCO",-122.41405705,37.782797619999997
8375772,2017,2017-06-12,3801,2017-05-17,1543,1979,CENTR,3,5,7,3801,0,0,0,,0,,"SANSOME ST","COMMERCIAL ST",0.00,,Y,A,-,N,,,,,,,,,,N,2,0,1,2,A,-,11,21954,A,N,G,B,D,A,H,-,A,D,0,Y,,,,Y,,N,60,1,0,0,0,1,0,0,0,0,"- ","- ",,,"SAN FRANCISCO","SAN FRANCISCO",-122.40139996000001,37.79440993
8375774,2017,2017-06-12,3801,2017-05-07,1511,135,MISSI,7,5,7,3801,0,0,0,,0,3D15C,"MISSION ST","19TH ST",132.00,N,N,A,-,N,,,,,,,,,,N,4,0,1,3,A,-,08,22102,,N,B,B,E,A,H,-,A,D,0,Y,,,,Y,,A,01,0,0,1,0,1,0,0,0,0,"- ","- ",,,"SAN FRANCISCO","SAN FRANCISCO",-122.41925021,37.76058183
8375776,2017,2017-06-12,3801,2017-05-17,1909,A09149,COG,3,5,7,3801,0,0,0,,0,002,"LOCUST ST","CALIFORNIA ST",47.00,N,N,A,-,N,,,,,,,,,,N,3,0,2,3,A,-,11,21956,,N,G,B,D,A,H,-,A,D,0,Y,,,,Y,,N,60,0,2,0,0,2,0,0,0,0,"- ","- ",,,"SAN FRANCISCO","SAN FRANCISCO",-122.45177577,37.78673749
8375794,2017,2017-06-13,3801,2017-05-04,1529,1427,3J,4,5,7,3801,0,0,0,,0,14D,"TURK ST","TAYLOR ST",148.00,W,N,A,-,N,,,,,,,,,,N,4,0,1,2,A,-,11,21954,A,N,G,B,E,A,H,-,A,D,0,Y,,,,Y,,N,60,0,0,1,0,1,0,0,0,0,"- ","- ",,,"SAN FRANCISCO","SAN FRANCISCO",-122.41128566,37.78314486
8375811,2017,2017-08-28,3801,2017-05-20,1850,836,MISSI,6,5,7,3801,0,0,0,,0,MISSIO,"FOLSOM ST","22ND ST",8.00,N,N,A,-,N,,,,,,,,,,N,3,0,1,2,A,-,10,21950,A,N,G,B,B,A,-,-,A,A,0,Y,,,,Y,Y,A,01,0,1,0,0,1,0,0,0,0,"- ","- ",,,"SAN FRANCISCO","SAN FRANCISCO",-122.4143918,37.755741929999999
8375820,2017,2017-06-13,3801,2017-05-12,1400,2079,J,5,5,7,3801,0,0,0,,0,11C,"STEVENSON ST","3RD ST",230.00,W,N,A,-,N,,,,,,,,,,N,2,0,1,2,A,-,12,22450,A,N,G,B,F,A,A,-,A,A,0,Y,,,,Y,,A,01,1,0,0,0,1,0,0,0,0,"- ","- ",,,"SAN FRANCISCO","SAN FRANCISCO",-122.40353251000001,37.786585100000003
8375832,2017,2017-08-15,3801,2017-05-11,1200,1290,TARAV,4,5,7,3801,0,0,0,,0,3I00,"GEARY BL","5TH ST",0.00,,Y,F,-,N,,,,,,,,,,N,4,0,1,2,A,-,21,22106,,F,G,B,E,A,G,-,A,D,0,Y,,,,Y,,A,01,0,0,1,0,1,0,0,0,0,"- ","- ",,,"SAN FRANCISCO","SAN FRANCISCO",-122.46322993,37.78113991
8375846,2017,2018-03-22,3801,2017-05-25,1255,1117,TENDE,4,5,7,3801,0,0,0,,0,3J55C,"GOLDEN GATE","LARKIN ST",14.00,E,N,A,-,N,,,,,,,,,,N,4,0,1,2,A,-,11,21453,D,N,G,B,E,A,H,-,A,A,0,Y,,,,Y,,N,60,0,0,1,0,1,0,0,0,0,"- ","- ",,,"SAN FRANCISCO","SAN FRANCISCO",-122.41710215000001,37.781446090000003
8375850,2017,2017-06-14,3801,2017-05-25,1715,A21524,TARAV,4,5,7,3801,0,0,0,,0,002,"20TH AV","JUDAH ST",0.00,,Y,A,-,N,,,,,,,,,,N,4,0,1,2,A,-,10,21950,A,N,G,B,B,A,H,-,A,D,0,Y,,,,Y,,A,01,0,0,1,0,1,0,0,0,0,"- ","- ",,,"SAN FRANCISCO","SAN FRANCISCO",-122.47808996000001,37.761650000000003
8375854,2017,2017-06-14,3801,2017-05-25,1857,2116,E,4,5,7,3801,0,0,0,,0,002,"GOUGH ST","GOLDEN GATE AV",0.00,,Y,A,-,N,,,,,,,,,,N,4,0,1,2,A,-,10,21950,A,N,G,B,B,A,H,-,A,A,0,Y,,,,Y,,-,,0,0,1,0,1,0,0,0,0,"- ","- ",,,"SAN FRANCISCO","SAN FRANCISCO",-122.42372996,37.780609949999999
8375882,2017,2017-06-14,3801,2017-05-18,1932,209,NORTH,4,5,7,3801,0,0,0,,0,,"PINE ST","GOUGH ST",275.00,W,N,A,-,N,,,,,,,,,,N,4,0,1,2,A,-,21,22106,,N,G,B,E,A,H,-,A,D,0,Y,,,,Y,,-,"- ",0,0,1,0,1,0,0,0,0,"- ","- ",,,"SAN FRANCISCO","SAN FRANCISCO",-122.42635980999999,37.788889769999997
8375889,2017,2017-06-13,3801,2017-05-22,0725,73,MISSI,1,5,7,3801,0,0,0,,0,4B6D,"16TH ST","POTRERO AV",0.00,,Y,A,-,N,,,,,,,,,,N,4,0,1,2,A,-,10,21950,A,N,G,B,B,A,D,-,A,A,0,Y,,,,Y,,A,01,0,0,1,0,1,0,0,0,0,"- ","- ",37.765819999999998,-122.40748000000001,"SAN FRANCISCO","SAN FRANCISCO",-122.40755998,37.765769929999998
8375890,2017,2017-06-27,3801,2017-05-21,1309,203,MISSI,7,5,7,3801,0,0,0,,0,FOURCA,"VALENCIA ST","24TH ST",177.00,N,N,A,-,N,,,,,,,,,,N,4,0,1,2,A,-,11,21954,A,N,G,B,E,A,H,-,A,D,0,Y,,,,Y,,N,60,0,0,1,0,1,0,0,0,0,"- ","- ",,,"SAN FRANCISCO","SAN FRANCISCO",-122.42069877,37.752594700000003
8375893,2017,2017-06-13,3801,2017-05-22,1024,573,TENDE,1,5,7,3801,0,0,0,,0,4B2F,"MARKET ST","CYRIL MAGNIN ST",0.00,,Y,A,-,N,,,,,,,,,,N,4,0,1,2,A,-,11,21453,D,N,G,B,B,A,H,-,A,A,0,Y,,,,Y,,N,60,0,0,1,0,1,0,0,0,0,"- ","- ",37.78389,-122.40808,"SAN FRANCISCO","SAN FRANCISCO",-122.40805989,37.783999919999999
8375901,2017,2017-06-13,3801,2017-05-28,1718,2017,05281,7,5,7,3801,0,0,0,,0,3D63,"MARKET ST","CHURCH ST",10.00,W,N,A,-,N,,,,,,,,,,N,3,0,1,2,A,-,"- ",,,N,G,B,E,A,H,-,A,A,0,Y,,,,Y,,N,60,0,1,0,0,1,0,0,0,0,"- ","- ",,,"SAN FRANCISCO","SAN FRANCISCO",-122.42896407000001,37.767590259999999
8375905,2017,2017-06-13,3801,2017-05-31,1832,33,CENTR,3,5,7,3801,0,0,0,,0,003,"GRANT ST","UNION ST",77.00,S,N,A,-,N,,,,,,,,,,N,3,0,1,2,A,-,11,21955,,N,G,B,D,A,H,-,A,A,0,Y,,,,Y,,N,60,0,1,0,0,1,0,0,0,0,"- ","- ",,,"SAN FRANCISCO","SAN FRANCISCO",-122.40755298000001,37.800421790000001
8375913,2017,2017-06-13,3801,2017-05-24,1818,A10100,INGLE,3,5,7,3801,0,0,0,,0,3H13D,"DIAMOND HEIGHTS BL","GOLD MINE DR",300.00,N,N,A,-,N,,,,,,,,,,N,4,0,1,2,C,-,18,,,N,G,B,E,A,H,-,A,D,0,Y,,,,Y,,-,"- ",0,0,1,0,1,0,0,0,0,"- ","- ",,,"SAN FRANCISCO","SAN FRANCISCO",-122.43855601999999,37.744038369999998
8378123,2017,2017-06-14,3801,2017-05-09,0249,1766,INGLE,2,5,7,3801,0,0,0,,0,4B3C,"MISSION ST","WHITTIER ST",43.00,S,N,A,-,N,,,,,,,,,,Y,2,0,2,4,A,-,00,23153,F,N,G,B,F,A,H,-,C,A,0,Y,,,,Y,,A,01,2,0,0,0,2,0,0,0,0,"- ","- ",37.710349999999998,-122.44832,"SAN FRANCISCO","SAN FRANCISCO",-122.44849977,37.710292330000001
8378136,2017,2017-06-19,3801,2017-05-07,0205,719,MISSI,7,5,7,3801,0,0,0,,0,3D16E,"16TH ST","RONDEL PL",18.00,W,N,-,-,N,,,,,,,,,,Y,2,0,4,4,A,-,01,23152,A,F,C,J,F,A,H,-,C,D,0,Y,,,,Y,Y,A,01,2,0,2,0,2,0,0,0,0,"- ","- ",,,"SAN FRANCISCO","SAN FRANCISCO",-122.42130188,37.764944370000002
8378156,2017,2017-06-16,3801,2017-05-24,1725,A20952,SOUTH,3,5,7,3801,0,0,0,,0,,"BRYANT ST","HARRIET ST",0.00,,Y,B,-,N,,,,,,,,,,N,3,0,1,2,A,-,11,21950,B,N,G,B,B,A,H,-,A,D,0,Y,,,,Y,,N,60,0,1,0,0,1,0,0,0,0,"- ","- ",,,"SAN FRANCISCO","SAN FRANCISCO",-122.40304985,37.775619900000002
8379934,2016,2017-07-06,3801,2016-07-09,2054,00181,SOUTH,6,5,7,3801,0,0,0,,0,3B12D,"MISSION ST","4TH ST",0.00,,Y,A,-,N,,,,,,,,,,N,3,0,1,2,C,-,18,,,N,H,B,F,A,H,-,C,A,0,Y,,,,Y,,-,"- ",0,1,0,0,1,0,0,0,0,"- ","- ",,,"SAN FRANCISCO","SAN FRANCISCO",-122.40425995,37.78451991
8381930,2017,2017-06-15,3801,2017-05-29,1700,321,COG,1,5,7,3801,0,0,0,,0,3G13D,"FULTON ST","10TH AV",0.00,,Y,A,G,N,,,,,,,,,,N,4,0,1,2,A,-,10,21950,A,N,G,B,B,A,H,-,A,A,0,Y,,,,Y,,D,22,0,0,1,0,1,0,0,0,0,"- ","- ",,,"SAN FRANCISCO","SAN FRANCISCO",-122.46803986,37.773289929999997
8381971,2017,2017-07-12,3801,2017-05-05,1415,2060,SOUT,5,5,7,3801,0,0,0,,0,INGL,"BOSWORTH ST","DIAMOND ST",0.00,,Y,A,-,N,,,,,,,,,,N,4,0,1,2,A,-,21,22106,,F,G,B,B,A,H,-,A,A,0,Y,,,,Y,,D,22,0,0,1,0,1,0,0,0,0,"- ","- ",,,"SAN FRANCISCO","SAN FRANCISCO",-122.43412995,37.733559929999998
8382081,2017,2017-06-14,3801,2017-05-20,0030,143,MISSI,6,5,7,3801,0,0,0,,0,3D11E,"ALBION ST","16TH ST",93.00,N,N,A,-,N,,,,,,,,,,N,4,0,1,2,A,-,00,21954,,N,G,B,D,A,H,-,C,D,0,Y,,,,Y,Y,N,60,0,0,1,0,1,0,0,0,0,"- ","- ",,,"SAN FRANCISCO","SAN FRANCISCO",-122.42312531,37.765094689999998
8382089,2017,2017-06-14,3801,2017-05-12,0805,2338,SOUTH,5,5,7,3801,0,0,0,,0,3B3A,"FOLSOM ST","8TH ST",0.00,,Y,A,-,N,,,,,,,,,,N,3,0,1,2,A,-,08,22107,,N,G,B,-,A,H,-,A,A,0,Y,,,,Y,,A,01,0,1,0,0,1,0,0,0,0,"- ","- ",,,"SAN FRANCISCO","SAN FRANCISCO",-122.41004988,37.774989890000001