CASE_ID,ACCIDENT_YEAR,PROC_DATE,JURIS,COLLISION_DATE,COLLISION_TIME,OFFICER_ID,REPORTING_DISTRICT,DAY_OF_WEEK,CHP_SHIFT,POPULATION,CNTY_CITY_LOC,SPECIAL_COND,BEAT_TYPE,CHP_BEAT_TYPE,CITY_DIVISION_LAPD,CHP_BEAT_CLASS,BEAT_NUMBER,PRIMARY_RD,SECONDARY_RD,DISTANCE,DIRECTION,INTERSECTION,WEATHER_1,WEATHER_2,STATE_HWY_IND,CALTRANS_COUNTY,CALTRANS_DISTRICT,STATE_ROUTE,ROUTE_SUFFIX,POSTMILE_PREFIX,POSTMILE,LOCATION_TYPE,RAMP_INTERSECTION,SIDE_OF_HWY,TOW_AWAY,COLLISION_SEVERITY,NUMBER_KILLED,NUMBER_INJURED,PARTY_COUNT,PRIMARY_COLL_FACTOR,PCF_CODE_OF_VIOL,PCF_VIOL_CATEGORY,PCF_VIOLATION,PCF_VIOL_SUBSECTION,HIT_AND_RUN,TYPE_OF_COLLISION,MVIW,PED_ACTION,ROAD_SURFACE,ROAD_COND_1,ROAD_COND_2,LIGHTING,CONTROL_DEVICE,CHP_ROAD_TYPE,PEDESTRIAN_ACCIDENT,BICYCLE_ACCIDENT,MOTORCYCLE_ACCIDENT,TRUCK_ACCIDENT,NOT_PRIVATE_PROPERTY,ALCOHOL_INVOLVED,STWD_VEHTYPE_AT_FAULT,CHP_VEHTYPE_AT_FAULT,COUNT_SEVERE_INJ,COUNT_VISIBLE_INJ,COUNT_COMPLAINT_PAIN,COUNT_PED_KILLED,COUNT_PED_INJURED,COUNT_BICYCLIST_KILLED,COUNT_BICYCLIST_INJURED,COUNT_MC_KILLED,COUNT_MC_INJURED,PRIMARY_RAMP,SECONDARY_RAMP,LATITUDE,LONGITUDE,COUNTY,CITY,POINT_X,POINT_Y
8382109,2017,2017-06-14,3801,2017-05-28,1115,328,INGLE,7,5,7,3801,0,0,0,,0,3H15C,"FOOTE AV","CAYUGA AV",0.00,,Y,A,-,N,,,,,,,,,,N,4,0,1,2,A,-,10,21950,A,N,G,B,B,A,H,-,A,A,0,Y,,,,Y,,A,01,0,0,1,0,1,0,0,0,0,"- ","- ",,,"SAN FRANCISCO","SAN FRANCISCO",-122.44808996,37.715279930000001
8382134,2017,2017-06-14,3801,2017-05-30,1458,344,SOUTH,2,5,7,3801,0,0,0,,0,3B46,"FOLSOM ST","5TH ST",0.00,,Y,A,-,N,,,,,,,,,,N,2,0,1,2,A,-,10,21950,A,N,A,B,-,A,H,-,A,A,0,Y,,,,Y,,A,01,1,0,0,0,1,0,0,0,0,"- ","- ",,,"SAN FRANCISCO","SAN FRANCISCO",-122.40339985999999,37.780269969999999
8382153,2017,2017-06-14,3801,2017-05-24,1210,1848,TARAV,3,5,7,3801,0,0,0,,0,006,"OCEAN AV","SAN LEANDRO",43.00,W,N,A,-,N,,,,,,,,,,N,4,0,1,2,A,-,11,21954,A,N,G,B,D,A,H,-,A,A,0,Y,,,,Y,,N,60,0,0,1,0,1,0,0,0,0,"- ","- ",,,"SAN FRANCISCO","SAN FRANCISCO",-122.46946185,37.730034670000002
8382161,2017,2017-06-13,3801,2017-05-10,1630,1254,CENTR,3,5,7,3801,0,0,0,,0,3A15C,"COLUMBUS AV","BROADWAY ST",45.00,S,N,A,-,N,,,,,,,,,,N,3,0,1,2,A,-,11,21955,,N,G,B,D,A,H,-,A,A,0,Y,,,,Y,,N,60,0,1,0,0,1,0,0,0,0,"- ","- ",,,"SAN FRANCISCO","SAN FRANCISCO",-122.40652514999999,37.797806469999998
8382165,2017,2017-06-24,3801,2017-05-08,1820,1849,COJ,1,5,7,3801,0,0,0,,0,3J15D,"JONES ST","OFARRELL ST",0.00,,Y,A,-,N,,,,,,,,,,Y,4,0,1,5,A,-,07,21658,A,F,B,C,E,A,H,-,A,A,0,Y,,,,Y,,A,01,0,0,1,0,1,0,0,0,0,"- ","- ",,,"SAN FRANCISCO","SAN FRANCISCO",-122.41296991,37.785799969999999
8382166,2017,2017-06-13,3801,2017-05-14,1840,195,NORTH,7,5,7,3801,0,0,0,,0,3E4D,"BAY ST","VAN NESS AV",0.00,,Y,A,-,N,,,,,,,,,,N,4,0,1,2,A,-,08,22100,B,N,G,B,B,A,H,-,A,A,0,Y,,,,Y,,-,,0,0,1,0,1,0,0,0,0,"- ","- ",,,"SAN FRANCISCO","SAN FRANCISCO",-122.42514998999999,37.804129930000002
8382167,2017,2017-06-13,3801,2017-05-16,0945,557,MISSI,2,5,7,3801,0,0,0,,0,3D15A,"16TH ST","MISSION ST",0.00,,Y,B,-,N,,,,,,,,,,N,4,0,1,2,A,-,11,21456,B,N,G,B,B,A,H,-,A,A,0,Y,,,,Y,,N,60,0,0,1,0,1,0,0,0,0,"- ","- ",,,"SAN FRANCISCO","SAN FRANCISCO",-122.41966992,37.765049910000002
8382175,2017,2017-06-13,3801,2017-05-17,1844,1561,MISSI,3,5,7,3801,0,0,0,,0,3D14D,"26TH ST","FOLSOM ST",0.00,,Y,A,-,N,,,,,,,,,,N,4,0,1,2,A,-,10,21950,A,N,G,J,B,A,H,-,A,A,0,Y,,,,Y,,A,01,0,0,1,0,1,0,0,0,0,"- ","- ",,,"SAN FRANCISCO","SAN FRANCISCO",-122.41378985999999,37.749319900000003
8382177,2017,2017-06-13,3801,2017-05-08,1357,524,TENDE,1,5,7,3801,0,0,0,,0,3J11A,"MARKET ST","11TH ST",0.00,,Y,A,-,N,,,,,,,,,,N,4,0,1,2,A,-,10,21950,A,F,C,C,B,A,H,-,A,A,0,Y,,,,Y,,A,01,0,0,1,0,1,0,0,0,0,"- ","- ",,,"SAN FRANCISCO","SAN FRANCISCO",-122.41869995,37.775599980000003
8382178,2017,2017-06-13,3801,2017-05-15,2253,2451,CENTR,1,5,7,3801,0,0,0,,0,3A12E,"KEARNY ST","GEARY ST",0.00,,Y,A,-,N,,,,,,,,,,N,3,0,1,2,A,-,10,21950,A,N,G,B,B,A,H,-,C,A,0,Y,,,,Y,,A,01,0,1,0,0,1,0,0,0,0,"- ","- ",,,"SAN FRANCISCO","SAN FRANCISCO",-122.40350986999999,37.787949949999998
8382180,2017,2017-06-15,3801,2017-05-23,1837,1108,SOUTH,2,5,7,3801,0,0,0,,0,5CAR,"KANSAS ST","16TH ST",45.00,S,N,A,-,N,,,,,,,,,,N,2,0,1,2,A,-,11,21955,,N,G,B,D,A,H,-,A,D,0,Y,,,,Y,,N,60,1,0,0,0,1,0,0,0,0,"- ","- ",,,"SAN FRANCISCO","SAN FRANCISCO",-122.40361956,37.765906659999999
8382182,2017,2017-06-13,3801,2017-05-21,0845,1579,MISSI,7,5,7,3801,0,0,0,,0,3D13A,"DOLORES ST","19TH ST",0.00,,Y,A,-,N,,,,,,,,,,N,4,0,1,2,A,-,10,21950,A,F,G,B,B,A,H,-,A,D,0,Y,,,,Y,,A,07,0,0,1,0,1,0,0,0,0,"- ","- ",,,"SAN FRANCISCO","SAN FRANCISCO",-122.42599994,37.759849930000001
8382193,2017,2017-06-13,3801,2017-05-03,0700,156,BAYVI,3,5,7,3801,0,0,0,,0,4CAR,"SILVER AV","SAN BRUNO AV",3.00,W,N,A,-,N,,,,,,,,,,N,4,0,1,2,A,-,10,21950,A,F,G,B,B,A,H,-,A,A,0,Y,,,,Y,,A,07,0,0,1,0,1,0,0,0,0,"- ","- ",,,"SAN FRANCISCO","SAN FRANCISCO",-122.40562962999999,37.732446920000001
8382199,2017,2017-06-13,3801,2017-05-18,1744,GK586,CENTR,4,5,7,3801,0,0,0,,0,3A12D,"KEARRY ST","MARKET ST",0.00,,Y,A,-,N,,,,,,,,,,N,3,0,1,2,A,-,11,21453,D,N,G,B,B,A,-,-,A,A,0,Y,,Y,,Y,,N,60,0,1,0,0,1,0,0,0,0,"- ","- ",,,"SAN FRANCISCO","SAN FRANCISCO",-122.40345987000001,37.78765989
8382200,2017,2017-06-15,3801,2017-05-27,2350,1530,PARK,6,5,7,3801,0,0,0,,0,3F13E,"FELL ST","STANYAN ST",0.00,,Y,A,-,N,,,,,,,,,,N,2,0,1,2,A,-,11,21456,B,N,G,B,B,A,H,-,C,A,0,Y,,Y,,Y,Y,N,60,1,0,0,0,1,0,0,0,0,"- ","- ",,,"SAN FRANCISCO","SAN FRANCISCO",-122.45406996,37.771969919999997
8382204,2017,2017-06-15,3801,2017-05-27,0309,2481,C0F,6,5,7,3801,0,0,0,,0,003,"STANYAN ST","TURK ST",0.00,,Y,A,-,N,,,,,,,,,,N,2,0,1,2,A,-,10,21950,A,N,G,B,B,A,H,-,C,A,0,Y,,,,Y,,B,01,1,0,0,0,1,0,0,0,0,"- ","- ",,,"SAN FRANCISCO","SAN FRANCISCO",-122.45522986,37.777589910000003
8382207,2017,2017-06-13,3801,2017-05-18,1530,A10337,CENTR,4,5,7,3801,0,0,0,,0,3A44C,"WAVERLY PL","WASHINGTON ST",0.00,,Y,A,-,N,,,,,,,,,,N,4,0,1,2,A,-,10,21950,A,N,G,B,B,A,H,-,A,D,0,Y,,,,Y,,A,08,0,0,1,0,1,0,0,0,0,"- ","- ",,,"SAN FRANCISCO","SAN FRANCISCO",-122.40698996,37.795099950000001
8382209,2017,2017-06-13,3801,2017-05-01,1843,A22690,INGLE,1,5,7,3801,0,0,0,,0,03H,"ELLERT ST","BENNINGTON ST",98.00,E,N,A,-,N,,,,,,,,,,N,4,0,1,2,A,-,11,21954,A,N,G,B,D,A,H,-,B,D,0,Y,,,,Y,,N,60,0,0,1,0,1,0,0,0,0,"- ","- ",,,"SAN FRANCISCO","SAN FRANCISCO",-122.41756339,37.738388059999998
8382212,2017,2017-09-07,3801,2017-05-27,1730,448,CENTR,6,5,7,3801,0,0,0,,0,3A11D,"POST ST","POWELL ST",52.00,E,N,-,-,N,,,,,,,,,,Y,2,0,4,2,A,-,03,22350,,F,G,B,F,-,H,-,A,A,0,Y,,,,Y,,A,01,1,0,3,0,1,0,0,0,0,"- ","- ",,,"SAN FRANCISCO","SAN FRANCISCO",-122.40822219,37.788312230000003
8382222,2017,2017-06-13,3801,2017-05-15,1543,244,NORTH,1,5,7,3801,0,0,0,,0,3E12C,"DAVISADERO ST","GEARY ST",6.00,N,N,A,-,N,,,,,,,,,,N,3,0,1,2,A,-,11,21453,D,F,D,B,B,A,H,-,A,A,0,Y,,,,Y,,N,60,0,1,0,0,1,0,0,0,0,"- ","- ",,,"SAN FRANCISCO","SAN FRANCISCO",-122.43948331999999,37.783376269999998
8382223,2017,2017-06-13,3801,2017-05-21,0405,000679,MISSI,7,5,7,3801,0,0,0,,0,0D6,"POTRERO ST","16TH ST",0.00,,Y,A,-,N,,,,,,,,,,N,2,0,1,2,A,-,03,22350,,F,G,B,-,A,H,-,C,A,0,Y,,,,Y,,-,,1,0,0,0,1,0,0,0,0,"- ","- ",,,"SAN FRANCISCO","SAN FRANCISCO",-122.40755998,37.765769929999998
8382226,2017,2017-06-13,3801,2017-05-15,1843,33,CENTR,1,5,7,3801,0,0,0,,0,003,"POWELL ST",BROADWAY,150.00,S,N,A,-,N,,,,,,,,,,N,4,0,1,2,A,-,11,21955,,N,G,B,D,A,H,-,A,A,0,Y,,,,Y,,N,60,0,0,1,0,1,0,0,0,0,"- ","- ",,,"SAN FRANCISCO","SAN FRANCISCO",-122.41016215,37.797002720000002
8382231,2017,2017-06-13,3801,2017-05-20,1254,1330,CENTR,6,5,7,3801,0,0,0,,0,3A15C,"FRONT ST","PINE ST",0.00,,Y,A,-,N,,,,,,,,,,Y,4,0,4,4,A,-,03,22350,A,N,C,C,B,A,H,-,A,A,0,Y,,,,Y,,A,01,0,0,4,0,1,0,0,0,0,"- ","- ",,,"SAN FRANCISCO","SAN FRANCISCO",-122.39861998000001,37.792389929999999
8382268,2017,2017-08-29,3801,2017-05-26,1227,427,SOUTH,5,5,7,3801,0,0,0,,0,3B14C,"GOUGH ST","MARKET ST",0.00,,Y,A,-,N,,,,,,,,,,N,4,0,1,2,A,-,10,21950,A,N,D,-,-,B,H,-,A,A,0,Y,,,,Y,,A,01,0,0,1,0,1,0,0,0,0,"- ","- ",,,"SAN FRANCISCO","SAN FRANCISCO",-122.42220992999999,37.772869960000001
8382366,2017,2017-06-14,3801,2017-04-30,1351,868,MISSI,7,5,7,3801,0,0,0,,0,3D4,"24TH ST","LUCKY ALLEY",0.00,,Y,A,-,N,,,,,,,,,,N,4,0,1,2,A,-,11,21950,B,N,G,B,D,A,G,-,A,D,0,Y,,,,Y,,N,60,0,0,1,0,1,0,0,0,0,"- ","- ",,,"SAN FRANCISCO","SAN FRANCISCO",-122.41352986,37.752539990000002
8382370,2017,2017-06-14,3801,2017-04-25,2150,2443,SOUTH,2,5,7,3801,0,0,0,,0,,"PIER 48","TERRY A FRANCOIS BL",70.00,E,N,A,-,N,,,,,,,,,,N,4,0,1,3,A,-,21,22106,,F,D,B,E,A,H,-,C,A,0,Y,,,,Y,Y,A,01,0,0,1,0,1,0,0,0,0,"- ","- ",,,"SAN FRANCISCO","SAN FRANCISCO",-122.3874193,37.775521879999999
8382386,2017,2017-06-14,3801,2017-04-24,0735,1196,INGLE,1,5,7,3801,0,0,0,,0,03H,"MISSION ST","TINGLEY AV",67.00,S,N,A,-,N,,,,,,,,,,N,3,0,1,2,A,-,00,21955,A,N,G,B,D,A,H,-,A,D,0,Y,,,,Y,,N,60,0,1,0,0,1,0,0,0,0,"- ","- ",,,"SAN FRANCISCO","SAN FRANCISCO",-122.43193063,37.728100130000001
8382394,2017,2017-06-14,3801,2017-04-14,1702,1766,CENTR,5,5,7,3801,0,0,0,,0,4B3C,"KEARNY ST","BUSH ST",7.00,N,N,A,-,N,,,,,,,,,,N,4,0,1,2,A,-,11,21456,B,N,G,B,B,A,H,-,A,A,0,Y,,,,Y,,N,60,0,0,1,0,1,0,0,0,0,"- ","- ",37.79092,-122.40416,"SAN FRANCISCO","SAN FRANCISCO",-122.40403363999999,37.790789009999997
8386449,2017,2018-03-22,3801,2017-05-16,0825,300,,2,5,7,3801,0,0,0,,0,3H11A,"RANDALL ST","SAN JOSE AV",0.00,,Y,A,-,N,,,,,,,,,,N,2,0,1,2,A,-,08,22107,,N,G,B,B,A,H,-,A,A,0,Y,,,,Y,Y,A,01,1,0,0,0,1,0,0,0,0,"- ","- ",,,"SAN FRANCISCO","SAN FRANCISCO",-122.42425994,37.73985991
8386465,2017,2018-03-22,3801,2017-05-01,1215,4060,PARK,1,5,7,3801,0,0,0,,0,3F14A,"CHRISTMAS TREE PT RD","TWIN PEAKS BL",510.00,N,N,A,-,N,,,,,,,,,,N,4,0,1,2,A,-,03,22350,,N,G,B,E,A,H,-,A,D,0,Y,,,,Y,,I,10,0,0,1,0,1,0,0,0,0,"- ","- ",,,"SAN FRANCISCO","SAN FRANCISCO",-122.44685908,37.754855630000002
8386484,2017,2018-03-22,3801,2017-05-25,1315,A22067,CENTR,4,5,7,3801,0,0,0,,0,3A14A,"LOMBARD ST","POLK ST",0.00,,Y,A,-,N,,,,,,,,,,N,4,0,1,2,A,-,02,21654,A,M,B,B,E,A,H,-,A,D,0,Y,,,Y,Y,Y,N,60,0,0,1,0,1,0,0,0,0,"- ","- ",,,"SAN FRANCISCO","SAN FRANCISCO",-122.42288997,37.80153997
8388861,2017,2017-06-14,3801,2017-05-22,1854,2447,RICHM,1,5,7,3801,0,0,0,,0,3G13D,"GEARY BL","PARK PRESIDO BL",0.00,,Y,A,-,N,,,,,,,,,,Y,3,0,1,3,A,-,11,21453,D,F,G,B,B,A,H,-,A,A,0,Y,,,,Y,Y,N,60,0,1,0,0,1,0,0,0,0,"- ","- ",,,"SAN FRANCISCO","SAN FRANCISCO",-122.47233988000001,37.780719959999999
8388916,2017,2017-06-14,3801,2017-04-26,1126,1325,TENDE,3,5,7,3801,0,0,0,,0,3J60,"9TH ST","MISSION ST",0.00,,Y,A,-,N,,,,,,,,,,N,4,0,1,2,A,-,21,22106,,M,G,-,B,B,H,-,A,D,0,Y,,,,Y,,A,01,0,0,1,0,1,0,0,0,0,"- ","- ",,,"SAN FRANCISCO","SAN FRANCISCO",-122.41471988000001,37.776239930000003
8388943,2017,2017-06-15,3801,2017-03-28,1306,4066,MISSI,2,5,7,3801,0,0,0,,0,16A,"MARIPOSA ST","ALABAMA ST",0.00,,Y,A,-,N,,,,,,,,,,N,4,0,1,2,A,-,10,21950,A,N,-,B,B,A,H,-,A,A,0,Y,,,,Y,,A,01,0,0,1,0,1,0,0,0,0,"- ","- ",,,"SAN FRANCISCO","SAN FRANCISCO",-122.41214988,37.762909909999998
8389055,2017,2017-06-19,3801,2017-05-20,1515,1304,COC,6,5,7,3801,0,0,0,,0,3C13F,"HOLLISTER AV","HAWES ST",222.00,W,N,A,-,N,,,,,,,,,,N,4,0,1,2,A,-,00,21954,,N,G,B,E,A,H,-,A,A,0,Y,,,,Y,,N,60,0,0,1,0,1,0,0,0,0,"- ","- ",,,"SAN FRANCISCO","SAN FRANCISCO",-122.39117502000001,37.719024179999998
8389079,2017,2018-07-20,3801,2017-05-05,0800,2293,SOUTH,5,5,7,3801,0,0,0,,0,4CA,"10TH ST","FOLSOM ST",0.00,,Y,A,-,N,,,,,,,,,,N,4,0,1,2,A,-,11,21954,A,N,G,B,D,A,H,-,A,A,0,Y,,,,Y,,N,60,0,0,1,0,1,0,0,0,0,"- ","- ",,,"SAN FRANCISCO","SAN FRANCISCO",-122.41281991,37.772819910000003
8389083,2017,2018-07-20,3801,2017-05-08,1900,1039,MISSI,1,5,7,3801,0,0,0,,0,006,"16TH ST","UTAH ST",0.00,,Y,A,-,N,,,,,,,,,,N,3,0,1,2,A,-,10,21950,A,N,G,B,B,A,H,-,A,D,0,Y,,,,Y,,A,01,0,1,0,0,1,0,0,0,0,"- ","- ",,,"SAN FRANCISCO","SAN FRANCISCO",-122.40654999,37.765839970000002
8389103,2017,2017-06-19,3801,2017-05-23,1200,185,MISSI,2,5,7,3801,0,0,0,,0,3D41A,"24TH ST","NOE ST",88.00,W,N,A,-,N,,,,,,,,,,Y,3,0,2,4,A,-,09,21802,A,N,B,C,E,A,H,-,A,D,0,Y,,,,Y,,A,01,0,1,1,0,2,0,0,0,0,"- ","- ",,,"SAN FRANCISCO","SAN FRANCISCO",-122.43217368000001,37.751412600000002
8390264,2017,2017-06-28,3801,2017-01-03,1620,1730,TENDE,2,5,7,3801,0,0,0,,0,4B4D,"HYDE ST","GOLDEN GATE AV",0.00,,Y,B,C,N,,,,,,,,,,Y,2,0,1,2,A,-,17,21451,A,N,G,B,B,B,H,-,C,A,0,Y,,,,Y,,A,01,1,0,0,0,1,0,0,0,0,"- ","- ",37.781669999999998,-122.41558000000001,"SAN FRANCISCO","SAN FRANCISCO",-122.41549995,37.781649909999999
8393443,2017,2017-08-04,3801,2017-02-19,0550,2095,COD,7,5,7,3801,0,0,0,,0,901,"6TH ST","MINNA ST",0.00,,Y,-,-,N,,,,,,,,,,N,3,0,1,2,A,-,11,21955,,F,-,-,-,-,-,-,-,-,0,Y,,,,Y,,N,60,0,1,0,0,1,0,0,0,0,"- ","- ",,,"SAN FRANCISCO","SAN FRANCISCO",-122.40812986,37.78054994
8400148,2017,2017-08-15,3801,2017-05-21,1420,1605,NORTH,7,5,7,3801,0,0,0,,0,3E13C,"VAN NESS AV","TURK ST",3.00,E,N,A,-,N,,,,,,,,,,N,3,0,1,2,A,-,10,21950,A,N,G,B,B,A,H,-,A,A,0,Y,,,,Y,,A,01,0,1,0,0,1,0,0,0,0,"- ","- ",,,"SAN FRANCISCO","SAN FRANCISCO",-122.42069847,37.781921850000003
8401842,2017,2017-08-09,3801,2017-06-11,1603,1706,TENDE,7,5,7,3801,0,0,0,,0,3J11D,"MARKET ST","5TH ST",0.00,,Y,A,-,N,,,,,,,,,,N,4,0,1,2,A,-,11,21955,,N,G,B,D,A,H,-,A,A,0,Y,,,,Y,,N,60,0,0,1,0,1,0,0,0,0,"- ","- ",,,"SAN FRANCISCO","SAN FRANCISCO",-122.40805989,37.783999919999999
8401939,2017,2017-07-25,3801,2017-06-19,0935,868,PARK,1,5,7,3801,0,0,0,,0,3F3,"HAIGHT ST","BUENA VISTA AV",0.00,,Y,A,-,N,,,,,,,,,,N,2,0,1,2,A,-,21,22106,,N,G,-,E,A,D,-,A,D,0,Y,,,Y,Y,,F,25,1,0,0,0,1,0,0,0,0,"- ","- ",37.770620000000001,-122.44029,"SAN FRANCISCO","SAN FRANCISCO",-122.44333994,37.770459899999999
8401951,2017,2017-07-24,3801,2017-06-15,1354,1994,NORTH,4,5,7,3801,0,0,0,,0,4B3B,"MCALLISTER ST","DIVISADERO ST",0.00,,Y,A,-,N,,,,,,,,,,N,3,0,1,2,A,-,11,21453,D,N,G,B,E,A,H,-,A,A,0,Y,,,,Y,,N,60,0,1,0,0,1,0,0,0,0,"- ","- ",37.77769,-122.43852,"SAN FRANCISCO","SAN FRANCISCO",-122.43835994,37.777789990000002
8402875,2017,2017-07-20,3801,2017-06-08,1326,2700,SOUTH,4,5,7,3801,0,0,0,,0,3B11C,"NEW MONTGOMERY ST","MINNA ST",0.00,,Y,B,C,N,,,,,,,,,,N,4,0,1,4,A,-,08,22107,,N,E,C,E,B,H,-,A,D,0,Y,,,Y,Y,,F,26,0,0,1,0,1,0,0,0,0,"- ","- ",,,"SAN FRANCISCO","SAN FRANCISCO",-122.39998996,37.787029889999999
8404417,2017,2017-08-16,3801,2017-04-29,2328,1766,TARAV,6,5,7,3801,0,0,0,,0,4B3C,"LAKE MERCED BL","FONT BL",628.00,S,N,A,-,N,,,,,,,,,,Y,1,1,1,2,A,-,11,21955,,N,G,B,D,A,H,-,D,D,0,Y,,,,Y,,N,60,0,0,1,1,0,0,0,0,0,"- ","- ",37.724040000000002,-122.48527,"SAN FRANCISCO","SAN FRANCISCO",-122.48513419,37.722445710000002
8404551,2017,2017-09-20,3801,2017-08-01,1902,4214,BAYVI,2,5,7,3801,0,0,0,,0,4B4C,"HARNEY WY","EXECUTIVE PARK BL",219.00,W,N,A,-,N,,,,,,,,,,Y,1,1,1,2,A,-,03,22350,,N,G,B,F,A,H,-,A,D,0,Y,,,,Y,,A,01,0,1,0,1,0,0,0,0,0,"- ","- ",37.710389999999997,-122.39121,"SAN FRANCISCO","SAN FRANCISCO",-122.39147767,37.710055539999999
8405606,2017,2017-08-18,3801,2017-07-21,1919,A21280,TARAV,5,5,7,3801,0,0,0,,0,3I13D,"GREAT HWY","VICENTE ST",0.00,,Y,A,-,N,,,,,,,,,,N,3,0,1,2,A,-,10,21950,A,N,G,B,B,A,H,-,A,A,0,Y,,,,Y,,A,01,0,1,0,0,1,0,0,0,0,"- ","- ",,,"SAN FRANCISCO","SAN FRANCISCO",-122.50645994,37.737959879999998
8405625,2017,2017-08-22,3801,2017-06-21,1058,1330,CENTR,3,5,7,3801,0,0,0,,0,3A12C,"POWELL ST","CLAY ST",0.00,,Y,A,-,N,,,,,,,,,,N,3,0,1,2,A,-,10,21950,A,N,G,B,B,A,H,-,A,A,0,Y,,,,Y,,-,,0,1,0,0,1,0,0,0,0,"- ","- ",,,"SAN FRANCISCO","SAN FRANCISCO",-122.40952992,37.793879879999999
8405924,2017,2017-09-11,3801,2017-06-22,0730,465,3801,4,5,7,3801,0,0,0,,0,,"25TH ST","UTAH ST",150.00,E,N,A,-,N,,,,,,,,,,N,4,0,1,2,A,-,11,21954,A,N,G,B,D,A,H,-,A,D,0,Y,,,,Y,,N,60,0,0,1,0,1,0,0,0,0,"- ","- ",,,"SAN FRANCISCO","SAN FRANCISCO",-122.40468211,37.751826700000002
8405928,2017,2017-07-20,3801,2017-06-20,1750,1430,MISSI,2,5,7,3801,0,0,0,,0,3D11D,"ELIZABETH ST","CASTRO ST",12.00,E,N,-,-,N,,,,,,,,,,N,3,0,1,2,A,-,11,21950,B,F,D,B,B,A,H,-,A,D,0,Y,,,,Y,,N,60,0,1,0,0,1,0,0,0,0,"- ","- ",,,"SAN FRANCISCO","SAN FRANCISCO",-122.43411859,37.75210242
8405932,2017,2017-07-20,3801,2017-06-19,1326,260,MISSI,1,5,7,3801,0,0,0,,0,3D14C,"FOLSOM ST","25TH ST",0.00,,Y,A,-,N,,,,,,,,,,N,4,0,1,2,A,-,10,21950,A,N,G,B,B,A,H,-,A,A,0,Y,,,,Y,,A,01,0,0,1,0,1,0,0,0,0,"- ","- ",,,"SAN FRANCISCO","SAN FRANCISCO",-122.41393991,37.750919930000002
8405968,2017,2017-07-20,3801,2017-06-18,2145,1177,COG,7,5,7,3801,0,0,0,,0,3G14E,"GEARY BL","20TH AV",0.00,,Y,A,-,N,,,,,,,,,,N,3,0,1,2,A,-,10,21950,A,N,G,B,B,A,H,-,C,-,0,Y,,,,Y,,A,01,0,1,0,0,1,0,0,0,0,"- ","- ",,,"SAN FRANCISCO","SAN FRANCISCO",-122.4793899,37.780389909999997
8405996,2017,2017-11-09,3801,2017-06-18,0218,129,CENTR,7,5,7,3801,0,0,0,,0,3A14E,"BAY ST","STOCKTON ST",4.00,S,N,A,-,N,,,,,,,,,,Y,4,0,2,3,A,-,01,23152,A,F,B,E,F,A,H,-,C,D,0,Y,,,,Y,Y,A,01,0,0,2,0,1,0,0,0,0,"- ","- ",,,"SAN FRANCISCO","SAN FRANCISCO",-122.41031369,37.80603833
8406001,2017,2017-11-09,3801,2017-06-17,2156,2086,RICHM,6,5,7,3801,0,0,0,,0,3G12D,"WALNUT ST","CALIFORNIA ST",5.00,N,N,-,-,N,,,,,,,,,,N,3,0,1,2,A,-,10,21950,A,N,G,B,B,A,H,-,C,A,0,Y,,,,Y,,A,01,0,1,0,0,1,0,0,0,0,"- ","- ",,,"SAN FRANCISCO","SAN FRANCISCO",-122.44848283,37.787073550000002
8406004,2017,2017-07-21,3801,2017-06-10,0213,129,CENTR,6,5,7,3801,0,0,0,,0,3A14E,"COLUMBUS AV","GREEN ST",0.00,,Y,A,-,N,,,,,,,,,,N,3,0,1,2,A,-,11,21954,A,N,G,B,D,A,H,-,C,A,0,Y,,,,Y,Y,N,60,0,1,0,0,1,0,0,0,0,"- ","- ",,,"SAN FRANCISCO","SAN FRANCISCO",-122.40897987,37.799499910000002
8406008,2017,2017-07-21,3801,2017-06-09,0915,865,MISSI,5,5,7,3801,0,0,0,,0,3D2A,"18TH ST","DANVERS ST",0.00,,Y,B,-,N,,,,,,,,,,,3,0,1,3,A,-,11,21956,A,N,G,B,E,A,H,-,A,D,0,Y,,,,Y,,N,60,0,1,0,0,1,0,0,0,0,"- ","- ",,,"SAN FRANCISCO","SAN FRANCISCO",-122.44343988,37.760329980000002
8406024,2017,2017-07-21,3801,2017-06-13,0006,1129,TARAV,2,5,7,3801,0,0,0,,0,005,"OCEAN AV","LAGUNITAS DR",0.00,,Y,A,-,N,,,,,,,,,,N,4,0,1,2,A,-,03,22350,A,F,-,B,B,A,H,-,C,D,0,Y,,,,Y,,-,,0,0,1,0,1,0,0,0,0,"- ","- ",,,"SAN FRANCISCO","SAN FRANCISCO",-122.47418987,37.732109979999997
8406035,2017,2017-07-20,3801,2017-06-15,2354,1478,NORTH,4,5,7,3801,0,0,0,,0,3E12E,"GOLDEN GATE AV","LAGUNA ST",133.00,E,N,A,-,N,,,,,,,,,,Y,4,0,1,2,A,-,01,23153,,F,A,B,E,A,H,-,C,D,0,Y,,,,Y,Y,A,01,0,0,1,0,1,0,0,0,0,"- ","- ",,,"SAN FRANCISCO","SAN FRANCISCO",-122.42656483,37.780254620000001
8406043,2017,2017-07-20,3801,2017-06-15,1331,1330,CENTR,4,5,7,3801,0,0,0,,0,3A15C,"SUTTER ST","MASON ST",0.00,,Y,A,-,N,,,,,,,,,,N,4,0,1,2,A,-,10,21950,A,N,G,B,B,A,H,-,A,A,0,Y,,Y,,Y,,C,02,0,0,1,0,1,0,0,0,0,"- ","- ",,,"SAN FRANCISCO","SAN FRANCISCO",-122.41021987000001,37.78900994