CASE_ID,ACCIDENT_YEAR,PROC_DATE,JURIS,COLLISION_DATE,COLLISION_TIME,OFFICER_ID,REPORTING_DISTRICT,DAY_OF_WEEK,CHP_SHIFT,POPULATION,CNTY_CITY_LOC,SPECIAL_COND,BEAT_TYPE,CHP_BEAT_TYPE,CITY_DIVISION_LAPD,CHP_BEAT_CLASS,BEAT_NUMBER,PRIMARY_RD,SECONDARY_RD,DISTANCE,DIRECTION,INTERSECTION,WEATHER_1,WEATHER_2,STATE_HWY_IND,CALTRANS_COUNTY,CALTRANS_DISTRICT,STATE_ROUTE,ROUTE_SUFFIX,POSTMILE_PREFIX,POSTMILE,LOCATION_TYPE,RAMP_INTERSECTION,SIDE_OF_HWY,TOW_AWAY,COLLISION_SEVERITY,NUMBER_KILLED,NUMBER_INJURED,PARTY_COUNT,PRIMARY_COLL_FACTOR,PCF_CODE_OF_VIOL,PCF_VIOL_CATEGORY,PCF_VIOLATION,PCF_VIOL_SUBSECTION,HIT_AND_RUN,TYPE_OF_COLLISION,MVIW,PED_ACTION,ROAD_SURFACE,ROAD_COND_1,ROAD_COND_2,LIGHTING,CONTROL_DEVICE,CHP_ROAD_TYPE,PEDESTRIAN_ACCIDENT,BICYCLE_ACCIDENT,MOTORCYCLE_ACCIDENT,TRUCK_ACCIDENT,NOT_PRIVATE_PROPERTY,ALCOHOL_INVOLVED,STWD_VEHTYPE_AT_FAULT,CHP_VEHTYPE_AT_FAULT,COUNT_SEVERE_INJ,COUNT_VISIBLE_INJ,COUNT_COMPLAINT_PAIN,COUNT_PED_KILLED,COUNT_PED_INJURED,COUNT_BICYCLIST_KILLED,COUNT_BICYCLIST_INJURED,COUNT_MC_KILLED,COUNT_MC_INJURED,PRIMARY_RAMP,SECONDARY_RAMP,LATITUDE,LONGITUDE,COUNTY,CITY,POINT_X,POINT_Y
8406056,2017,2017-07-21,3801,2017-06-03,1300,672,SOUTH,6,5,7,3801,0,0,0,,0,3B13C,"10TH ST","HARRISON ST",0.00,,Y,A,-,N,,,,,,,,,,N,4,0,1,2,A,-,10,21950,A,F,G,B,B,A,H,-,A,A,0,Y,,,,Y,Y,A,01,0,0,1,0,1,0,0,0,0,"- ","- ",,,"SAN FRANCISCO","SAN FRANCISCO",-122.41124993,37.771599960000003
8406067,2017,2017-07-20,3801,2017-06-12,2327,1464,TENDE,1,5,7,3801,0,0,0,,0,3J13E,"HYDE ST","TURK ST",0.00,,Y,A,-,N,,,,,,,,,,N,4,0,1,2,A,-,10,21950,A,N,G,B,B,A,H,-,C,A,0,Y,,,,Y,,A,01,0,0,1,0,1,0,0,0,0,"- ","- ",,,"SAN FRANCISCO","SAN FRANCISCO",-122.41568995,37.782569889999998
8407147,2017,2018-04-23,3801,2017-06-10,2017,195,NORTH,6,5,7,3801,0,0,0,,0,3E13D,EDDY,"VAN NESS AV",0.00,,Y,A,-,Y,SF,4,101,-,-,5.420,I,5,N,N,4,0,1,2,A,-,10,21950,A,N,G,B,B,A,H,-,A,A,0,Y,,,,Y,,A,01,0,0,1,0,1,0,0,0,0,"- ","- ",,,"SAN FRANCISCO","SAN FRANCISCO",-122.42075495,37.782934699999998
8407151,2017,2018-04-23,3801,2017-06-03,1734,293,NORTH,6,5,7,3801,0,0,0,,0,3E13D,"HAYES ST","VAN NESS AV",0.00,,Y,A,-,Y,SF,4,101,-,T,5.010,I,5,S,N,4,0,1,2,A,-,10,21950,A,F,G,B,B,-,D,-,A,A,0,Y,,,,Y,Y,A,01,0,0,1,0,1,0,0,0,0,"- ","- ",,,"SAN FRANCISCO","SAN FRANCISCO",-122.41978329,37.777307260000001
8407539,2017,2017-08-16,3801,2017-06-24,2356,2353,NORTH,6,5,7,3801,0,0,0,,0,3E14E,"BROADWAY ST","LAGUNA ST",0.00,,Y,A,-,N,,,,,,,,,,N,3,0,1,2,A,-,10,21950,A,N,E,B,B,A,H,-,C,D,0,Y,,,,Y,,A,07,0,1,0,0,1,0,0,0,0,"- ","- ",,,"SAN FRANCISCO","SAN FRANCISCO",-122.42997997000001,37.794889920000003
8407544,2017,2017-07-19,3801,2017-06-18,0904,624,PARK,7,5,7,3801,0,0,0,,0,002,"SYDNEY WY","PORTOLA AV",140.00,N,N,A,-,N,,,,,,,,,,N,2,0,1,2,A,-,03,22350,,F,G,B,-,A,H,-,A,D,0,Y,,,,Y,,-,,1,0,0,0,1,0,0,0,0,"- ","- ",,,"SAN FRANCISCO","SAN FRANCISCO",-122.45394182,37.744804240000001
8407547,2017,2017-07-19,3801,2017-06-27,1415,4200,TARAV,2,5,7,3801,0,0,0,,0,3I11D,"LINCOLN WY","10TH AV",0.00,,Y,A,-,N,,,,,,,,,,N,4,0,1,2,D,-,00,,,N,G,B,B,A,-,-,A,A,0,Y,,,,Y,,-,"- ",0,0,1,0,1,0,0,0,0,"- ","- ",,,"SAN FRANCISCO","SAN FRANCISCO",-122.46749986,37.765879939999998
8407548,2017,2017-07-19,3801,2017-06-13,1645,A21521,SOUTH,2,5,7,3801,0,0,0,,0,0B5,"TOWNSEND ST","6TH ST",0.00,,Y,A,-,N,,,,,,,,,,N,3,0,1,2,A,-,08,22107,,F,G,B,G,A,H,-,A,A,0,Y,,Y,,Y,,C,03,0,1,0,0,1,0,0,0,0,"- ","- ",,,"SAN FRANCISCO","SAN FRANCISCO",-122.39942997,37.773609929999999
8407559,2017,2017-07-19,3801,2017-06-24,1940,1306,MISSI,6,5,7,3801,0,0,0,,0,0D1,"GUERRERO ST","18TH ST",0.00,,Y,B,-,N,,,,,,,,,,N,3,0,1,2,A,-,11,21453,D,N,G,B,B,A,H,-,A,A,0,Y,,,,Y,,N,60,0,1,0,0,1,0,0,0,0,"- ","- ",,,"SAN FRANCISCO","SAN FRANCISCO",-122.42379996,37.761579930000003
8407578,2017,2017-07-20,3801,2017-06-11,1158,1344,MISSI,7,5,7,3801,0,0,0,,0,MISSON,"24TH ST","MISSION ST",0.00,,Y,A,-,N,,,,,,,,,,N,4,0,1,2,A,-,10,21950,A,N,G,B,B,A,H,-,A,A,0,Y,,,,Y,,A,01,0,0,1,0,1,0,0,0,0,"- ","- ",,,"SAN FRANCISCO","SAN FRANCISCO",-122.41848989,37.752259899999999
8407584,2017,2017-07-19,3801,2017-06-26,1740,1787,COE,1,5,7,3801,0,0,0,,0,3E15D,"BUCHANAN ST","BEACH ST",90.00,S,N,A,-,N,,,,,,,,,,N,4,0,1,2,A,-,11,21955,,N,G,B,E,A,H,-,A,D,0,Y,,,,Y,Y,N,60,0,0,1,0,1,0,0,0,0,"- ","- ",,,"SAN FRANCISCO","SAN FRANCISCO",-122.43366163,37.804795749999997
8407596,2017,2017-08-10,3801,2017-06-30,1149,11,3801,5,5,7,3801,0,0,0,,0,,"20TH AV","GEARY BL",74.00,S,N,A,-,N,,,,,,,,,,N,3,0,1,2,A,S,00,72120,,N,G,B,F,A,C,-,A,D,0,Y,Y,,,Y,,L,04,0,1,0,0,1,0,0,0,0,"- ","- ",,,"SAN FRANCISCO","SAN FRANCISCO",-122.47937235000001,37.7801872
8407607,2017,2017-07-19,3801,2017-06-25,1039,251,INGLE,7,5,7,3801,0,0,0,,0,3H10,"SAN JOSE AV","KINGSTON ST",35.00,S,N,A,-,N,,,,,,,,,,N,4,0,1,2,A,-,11,21954,A,N,G,B,E,A,H,-,A,D,0,Y,,,,Y,,N,60,0,0,1,0,1,0,0,0,0,"- ","- ",37.774900000000002,-122.4194,"SAN FRANCISCO","SAN FRANCISCO",-122.42354763,37.741628609999999
8407611,2017,2017-07-25,3801,2017-06-17,1634,1531,TENDE,6,5,7,3801,0,0,0,,0,00J,"LEAVENWORTH ST","TURK ST",0.00,,Y,A,-,N,,,,,,,,,,N,4,0,1,2,A,-,10,21950,A,N,G,B,B,A,H,-,A,A,0,Y,,,,Y,,A,01,0,0,1,0,1,0,0,0,0,"- ","- ",,,"SAN FRANCISCO","SAN FRANCISCO",-122.41403986,37.782799910000001
8407613,2017,2017-07-19,3801,2017-06-19,0845,1764,TARAV,1,5,7,3801,0,0,0,,0,4B6C,"IRVING ST","20TH AV",5.00,W,N,A,-,N,,,,,,,,,,N,3,0,1,2,A,-,10,21950,A,N,G,B,B,A,H,-,A,A,0,Y,,,,Y,Y,A,01,0,1,0,0,1,0,0,0,0,"- ","- ",37.763469999999998,-122.47844000000001,"SAN FRANCISCO","SAN FRANCISCO",-122.47822728,37.76350935
8407615,2017,2017-07-20,3801,2017-06-16,1755,1848,TARAV,5,5,7,3801,0,0,0,,0,002,"KIRKHAM ST","36TH AV",16.00,W,N,A,-,N,,,,,,,,,,N,4,0,1,2,A,-,10,21950,A,N,G,B,B,A,H,-,A,D,0,Y,,,,Y,,-,,0,0,1,0,1,0,0,0,0,"- ","- ",,,"SAN FRANCISCO","SAN FRANCISCO",-122.49513528,37.75902765
8407635,2017,2017-07-19,3801,2017-06-02,1030,917,RICHM,5,5,7,3801,0,0,0,,0,4B5E,"LAKE ST","PARK PRESIDIO BL",0.00,,Y,A,-,N,,,,,,,,,,N,3,0,2,3,A,-,10,21950,A,N,G,B,B,A,H,-,A,A,0,Y,,,,Y,,A,01,0,2,0,0,2,0,0,0,0,"- ","- ",37.786270000000002,-122.47262000000001,"SAN FRANCISCO","SAN FRANCISCO",-122.47263988,37.786319900000002
8407641,2017,2017-07-19,3801,2017-06-27,0230,4262,MISSI,2,5,7,3801,0,0,0,,0,3D13E,"19TH ST","CAPP ST",0.00,,Y,A,-,N,,,,,,,,,,N,3,0,1,2,A,-,03,22350,,F,G,B,B,A,H,-,C,A,0,Y,,,,Y,,-,,0,1,0,0,1,0,0,0,0,"- ","- ",,,"SAN FRANCISCO","SAN FRANCISCO",-122.41810989,37.760289890000003
8409004,2017,2018-05-17,3801,2017-07-17,1934,2056,CENTR,1,5,7,3801,0,0,0,,0,3A14D,"COLUMBUS AV","JACKSON ST",0.00,,Y,A,-,N,,,,,,,,,,N,4,0,1,2,A,-,10,21950,A,N,G,B,B,A,H,-,A,A,0,Y,,,,Y,,A,01,0,0,1,0,1,0,0,0,0,"- ","- ",,,"SAN FRANCISCO","SAN FRANCISCO",-122.40437989,37.796299959999999
8409133,2017,2017-07-26,3801,2017-04-29,1700,426,CENTR,6,5,7,3801,0,0,0,,0,3A14D,BROADWAY,"ROMOLO PL",70.00,E,N,A,-,N,,,,,,,,,,N,4,0,1,2,A,-,11,21955,,N,G,B,D,A,H,-,A,D,0,Y,,,,Y,,N,60,0,0,1,0,1,0,0,0,0,"- ","- ",,,"SAN FRANCISCO","SAN FRANCISCO",-122.40598027999999,37.7979682
8409974,2017,2017-07-28,3801,2017-01-10,1345,2422,BAYVI,2,5,7,3801,0,0,0,,0,3C15B,"3RD ST","GILMAN ST",0.00,,Y,A,-,N,,,,,,,,,,,3,0,1,2,A,-,11,21456,B,N,G,B,C,A,H,-,A,A,0,Y,,,,Y,,N,60,0,1,0,0,1,0,0,0,0,"- ","- ",,,"SAN FRANCISCO","SAN FRANCISCO",-122.39556995,37.72236994
8410932,2017,2017-07-24,3801,2017-04-18,0010,1368,CENTR,2,5,7,3801,0,0,0,,0,3A11E,"PINE ST","HYDE ST",0.00,,Y,C,-,N,,,,,,,,,,N,4,0,2,3,A,-,09,21453,B,N,G,B,B,B,H,-,C,A,0,Y,,,,Y,,A,01,0,0,2,0,2,0,0,0,0,"- ","- ",,,"SAN FRANCISCO","SAN FRANCISCO",-122.41719995,37.790039989999997
8411041,2017,2017-07-24,3801,2017-05-31,1015,868,MISSI,3,5,7,3801,0,0,0,,0,3D5,"13TH ST","MISSION ST",0.00,,Y,A,-,N,,,,,,,,,,N,4,0,1,2,A,-,11,21950,B,N,G,B,B,A,H,-,A,A,0,Y,,,,Y,,N,60,0,0,1,0,1,0,0,0,0,"- ","- ",37.76999,-122.42009,"SAN FRANCISCO","SAN FRANCISCO",-122.42017991,37.769989959999997
8412101,2017,2017-08-02,3801,2017-06-28,1400,1075,NORTH,3,5,7,3801,0,0,0,,0,3E16C,"ELLIS ST","POLK ST",0.00,,Y,A,-,N,,,,,,,,,,N,4,0,1,2,A,-,10,21950,,N,G,B,B,A,H,-,A,A,0,Y,,,,Y,,A,01,0,0,1,0,1,0,0,0,0,"- ","- ",,,"SAN FRANCISCO","SAN FRANCISCO",-122.41934987,37.784039960000001
8421052,2017,2017-09-06,3801,2017-07-24,1322,2213,SOUTH,1,5,7,3801,0,0,0,,0,3B12C,"DE HARO ST","ALAMEDA ST",0.00,,Y,A,-,N,,,,,,,,,,N,4,0,1,2,A,-,"- ",,,N,G,B,E,A,H,-,A,D,0,Y,,,,Y,,N,60,0,0,1,0,1,0,0,0,0,"- ","- ",,,"SAN FRANCISCO","SAN FRANCISCO",-122.40197988,37.768699990000002
8421056,2017,2017-08-24,3801,2017-07-24,1756,1304,COB,1,5,7,3801,0,0,0,,0,3B14D,"MISSION ST","SOUTH VAN NESS",0.00,,Y,A,-,N,,,,,,,,,,N,4,0,1,2,D,-,00,,,N,G,B,D,A,H,-,A,A,0,Y,,,,Y,,-,"- ",0,0,1,0,1,0,0,0,0,"- ","- ",,,"SAN FRANCISCO","SAN FRANCISCO",-122.41862997,37.773109980000001
8421080,2017,2018-05-17,3801,2017-07-28,1922,892,SOUTH,5,5,7,3801,0,0,0,,0,3B12D,"4TH ST","MINNA ST",0.00,,Y,A,-,N,,,,,,,,,,N,4,0,1,2,A,-,10,21950,A,F,G,B,B,-,H,-,B,A,0,Y,,,,Y,,D,22,0,0,1,0,1,0,0,0,0,"- ","- ",,,"SAN FRANCISCO","SAN FRANCISCO",-122.4037299,37.784069940000002
8421180,2017,2017-08-09,3801,2017-06-24,1335,38,SOUTH,6,5,7,3801,0,0,0,,0,5CAR,"3RD ST","SOUTH ST",0.00,,Y,A,-,N,,,,,,,,,,N,4,0,1,2,A,-,10,21950,A,N,G,B,B,A,H,-,A,A,0,Y,,,,Y,,A,01,0,0,1,0,1,0,0,0,0,"- ","- ",,,"SAN FRANCISCO","SAN FRANCISCO",-122.38920998,37.76879993
8421192,2017,2017-08-09,3801,2017-06-03,1200,4305,MISSI,6,5,7,3801,0,0,0,,0,3D14A,"24TH ST","ALABAMA ST",0.00,,Y,A,-,N,,,,,,,,,,N,4,0,1,2,A,-,12,22450,A,N,H,-,B,A,H,-,A,A,0,Y,Y,,,Y,,L,04,0,0,1,0,1,0,0,0,0,"- ","- ",,,"SAN FRANCISCO","SAN FRANCISCO",-122.41093988999999,37.752709950000003
8421283,2017,2017-10-24,3801,2017-07-31,1730,679,D4,1,5,7,3801,0,0,0,,0,,"MARKET ST","7TH ST",45.00,E,N,F,-,N,,,,,,,,,,N,3,0,1,3,A,-,17,22517,,F,G,G,D,-,G,-,A,-,0,Y,Y,,,Y,,N,60,0,1,0,0,0,0,1,0,0,"- ","- ",,,"SAN FRANCISCO","SAN FRANCISCO",-122.41240108,37.780568369999997
8421296,2017,2017-08-10,3801,2017-07-29,1220,A00628,TARAV,6,5,7,3801,0,0,0,,0,3I1B,"TARAVAL ST","15TH AV",0.00,,Y,A,-,N,,,,,,,,,,N,4,0,1,2,A,-,10,21950,A,N,G,B,B,A,H,-,A,D,0,Y,,,,Y,,A,01,0,0,1,0,1,0,0,0,0,"- ","- ",,,"SAN FRANCISCO","SAN FRANCISCO",-122.47135987999999,37.743239950000003
8421316,2017,2017-08-10,3801,2017-07-28,1130,4040,TENDE,5,5,7,3801,0,0,0,,0,3J13A,"TURK ST","LARKIN ST",0.00,,Y,A,-,N,,,,,,,,,,N,4,0,1,2,A,-,10,21950,A,N,B,B,B,A,H,-,A,A,0,Y,,,,Y,,A,08,0,0,1,0,1,0,0,0,0,"- ","- ",,,"SAN FRANCISCO","SAN FRANCISCO",-122.41733986,37.782379980000002
8421324,2017,2017-08-10,3801,2017-07-28,0718,2235,CENTR,5,5,7,3801,0,0,0,,0,004,"BAY ST","THE EMBARCADERO NORTH",0.00,,Y,A,-,N,,,,,,,,,,N,4,0,1,2,A,-,10,21950,A,N,G,B,B,A,H,-,A,A,0,Y,,,,Y,,A,01,0,0,1,0,1,0,0,0,0,"- ","- ",,,"SAN FRANCISCO","SAN FRANCISCO",-122.40596992,37.806629940000001
8421328,2017,2017-08-10,3801,2017-07-02,0713,000917,NORTH,7,5,7,3801,0,0,0,,0,4B5E,"WEBSTER ST","HAYES ST",0.00,,Y,A,-,N,,,,,,,,,,N,2,0,1,2,A,-,11,21453,D,N,G,B,B,A,H,-,A,A,0,Y,,,,Y,Y,N,60,1,0,0,0,1,0,0,0,0,"- ","- ",,,"SAN FRANCISCO","SAN FRANCISCO",-122.42953998999999,37.776039990000001
8421331,2017,2017-08-08,3801,2017-07-25,0224,425,SOUTH,2,5,7,3801,0,0,0,,0,3B12E,"MISSION ST","6TH ST",0.00,,Y,A,-,N,,,,,,,,,,Y,2,0,1,2,A,-,10,21950,A,F,G,B,B,A,H,-,C,A,0,Y,,,,Y,,A,01,1,0,0,0,1,0,0,0,0,"- ","- ",,,"SAN FRANCISCO","SAN FRANCISCO",-122.40868999,37.78097992
8421332,2017,2017-08-10,3801,2017-07-17,0740,2457,TARAV,1,5,7,3801,0,0,0,,0,3I13A,"DARIEN WY","SANTA ANA ST",0.00,,Y,A,-,N,,,,,,,,,,N,4,0,1,2,A,-,10,21950,A,N,G,B,B,A,H,-,A,A,0,Y,,,,Y,,-,,0,0,1,0,1,0,0,0,0,"- ","- ",,,"SAN FRANCISCO","SAN FRANCISCO",-122.46785996,37.731819960000003
8421339,2017,2017-08-08,3801,2017-07-24,2134,A21521,SOUTH,1,5,7,3801,0,0,0,,0,0B1,"HOWARD ST","1ST ST",0.00,,Y,A,-,N,,,,,,,,,,N,3,0,2,3,A,-,10,21950,A,N,G,B,B,A,H,-,C,A,0,Y,,,,Y,,A,01,0,1,1,0,2,0,0,0,0,"- ","- ",,,"SAN FRANCISCO","SAN FRANCISCO",-122.39603999000001,37.7885499
8421343,2017,2017-08-08,3801,2017-07-24,1045,A22595,CENTR,1,5,7,3801,0,0,0,,0,,"MARKET ST","BUSH ST",0.00,,Y,A,-,N,,,,,,,,,,N,4,0,1,2,A,-,11,21954,A,N,G,B,E,A,H,-,A,A,0,Y,,,,Y,,N,60,0,0,1,0,1,0,0,0,0,"- ","- ",,,"SAN FRANCISCO","SAN FRANCISCO",-122.39913993,37.791049889999996
8421682,2017,2017-08-10,3801,2017-07-26,0615,4117,MISSI,3,5,7,3801,0,0,0,,0,901,"NEW MONTGOMERY ST","MISSION ST",0.00,,Y,-,-,N,,,,,,,,,,N,4,0,1,2,A,-,11,21950,B,N,G,B,E,-,-,-,-,-,0,Y,,,Y,Y,,F,26,0,0,1,0,1,0,0,0,0,"- ","- ",,,"SAN FRANCISCO","SAN FRANCISCO",-122.4004999,37.787449940000002
8421685,2017,2017-08-22,3801,2017-07-14,0932,1288,COA,5,5,7,3801,0,0,0,,0,3A15A,"MARKET ST","MAIN ST",0.00,,Y,A,-,N,,,,,,,,,,N,4,0,1,2,A,-,10,21950,A,N,G,B,E,A,H,-,A,A,0,Y,,,,Y,,N,60,0,0,1,0,1,0,0,0,0,"- ","- ",,,"SAN FRANCISCO","SAN FRANCISCO",-122.39653993,37.793099900000001
8421693,2017,2017-09-06,3801,2017-07-14,1715,207,,5,5,7,3801,0,0,0,,0,901,"ELLIS ST","TAYLOR ST",6.00,E,N,A,-,N,,,,,,,,,,N,4,0,1,2,A,-,"- ",,,N,G,B,B,A,H,-,A,A,0,Y,,,,Y,,-,"- ",0,0,1,0,1,0,0,0,0,"- ","- ",,,"SAN FRANCISCO","SAN FRANCISCO",-122.41110954,37.785102819999999
8421698,2017,2017-12-01,3801,2017-07-17,1550,4023,NORTH,1,5,7,3801,0,0,0,,0,3E42D,"VAN NESS AV",FELL,3.00,S,N,A,-,N,,,,,,,,,,N,3,0,1,2,A,-,10,21950,A,N,G,B,B,-,H,-,A,A,0,Y,,,,Y,,D,22,0,1,0,0,1,0,0,0,0,"- ","- ",,,"SAN FRANCISCO","SAN FRANCISCO",-122.41949827000001,37.776371869999998
8421721,2017,2017-08-10,3801,2017-07-18,1345,643,SOUTH,2,5,7,3801,0,0,0,,0,3B61,"KING ST","3RD ST",380.00,W,N,A,-,N,,,,,,,,,,N,4,0,1,2,D,-,00,,,N,G,B,E,A,H,-,A,D,0,Y,,,,Y,,-,"- ",0,0,1,0,1,0,0,0,0,"- ","- ",,,"SAN FRANCISCO","SAN FRANCISCO",-122.39287633000001,37.777458940000002
8421754,2017,2017-08-10,3801,2017-07-12,0708,4354,NORTH,3,5,7,3801,0,0,0,,0,3E13A,"GEARY BL","POLK ST",0.00,,Y,A,-,N,,,,,,,,,,N,4,0,1,2,A,-,11,21955,,N,-,B,D,A,H,-,A,A,0,Y,,,,Y,,N,60,0,0,1,0,1,0,0,0,0,"- ","- ",,,"SAN FRANCISCO","SAN FRANCISCO",-122.41973999,37.785899960000002
8421845,2017,2017-08-09,3801,2017-06-22,0004,2220,NORTH,4,5,7,3801,0,0,0,,0,0E3,"BUSH ST","LARKIN ST",183.00,W,N,A,-,N,,,,,,,,,,N,2,0,1,3,A,-,03,22350,,N,G,B,E,A,H,-,C,D,0,Y,,,,Y,,A,01,1,0,0,0,1,0,0,0,0,"- ","- ",,,"SAN FRANCISCO","SAN FRANCISCO",-122.41929528999999,37.788819439999997
8421849,2017,2017-08-09,3801,2017-06-26,1132,A09637,INGLE,1,5,7,3801,0,0,0,,0,001,"MISSION ST","30TH ST",0.00,,Y,A,-,N,,,,,,,,,,N,4,0,1,2,A,-,10,21950,A,N,G,B,B,A,H,-,A,A,0,Y,,,,Y,,A,01,0,0,1,0,1,0,0,0,0,"- ","- ",,,"SAN FRANCISCO","SAN FRANCISCO",-122.42195984999999,37.742389920000001
8421853,2017,2017-08-09,3801,2017-06-05,0948,1764,BAYVI,1,5,7,3801,0,0,0,,0,4B6C,"3RD ST","REVERE ST",5.00,N,N,A,-,N,,,,,,,,,,N,3,0,1,2,A,-,10,21950,A,F,G,B,B,A,H,-,A,A,0,Y,,,,Y,,A,01,0,1,0,0,1,0,0,0,0,"- ","- ",37.732320000000001,-122.39167,"SAN FRANCISCO","SAN FRANCISCO",-122.39160547,37.732453249999999
8421861,2017,2017-08-09,3801,2017-06-18,1237,004268,NORTH,7,5,7,3801,0,0,0,,0,3E13C,"GROVE ST","GROVE ST 360",0.00,,-,A,-,N,,,,,,,,,,N,4,0,2,3,A,-,10,21952,,N,G,J,F,A,H,-,A,D,0,Y,,,,Y,,A,01,0,0,2,0,1,0,0,0,0,"- ","- ",,,"SAN FRANCISCO","SAN FRANCISCO",-122.4224782,37.777887739999997
8421881,2017,2017-08-08,3801,2017-07-29,2115,002330,TARAV,6,5,7,3801,0,0,0,,0,3I13E,"NORIEGA ST","SUNSET BL",21.00,W,N,A,-,N,,,,,,,,,,N,3,0,1,2,A,-,10,21950,A,N,A,B,B,A,H,-,C,A,0,Y,,,,Y,,A,01,0,1,0,0,1,0,0,0,0,"- ","- ",,,"SAN FRANCISCO","SAN FRANCISCO",-122.49539254,37.75342663
8421909,2017,2017-08-10,3801,2017-07-19,2103,A21781,INGLE,3,5,7,3801,0,0,0,,0,3H15D,"GENEVA AV","NAPLES ST",5.00,E,N,A,-,N,,,,,,,,,,N,4,0,1,2,A,-,10,21950,A,N,G,B,B,A,H,-,C,A,0,Y,,,,Y,,A,01,0,0,1,0,1,0,0,0,0,"- ","- ",,,"SAN FRANCISCO","SAN FRANCISCO",-122.43617506,37.714203079999997
8423394,2017,2018-05-17,3801,2017-07-20,1219,158,NORTH,4,5,7,3801,0,0,0,,0,3E12C,"PIERCE ST","ELLIS ST",0.00,,Y,A,-,N,,,,,,,,,,,2,0,1,2,A,-,11,21955,,N,G,B,D,A,H,-,A,A,0,Y,,,,Y,,N,60,1,0,0,0,1,0,0,0,0,"- ","- ",,,"SAN FRANCISCO","SAN FRANCISCO",-122.43579991,37.78193993
8423455,2017,2018-05-10,3801,2017-07-12,2210,2030,TARAN,3,5,7,3801,0,0,0,,0,1CAR,"19TH AV","LINCOLN BL",104.00,S,N,E,-,Y,SF,4,1,-,-,4.030,H,-,S,N,4,0,1,2,A,-,03,22350,,F,G,B,E,A,H,-,C,D,0,Y,,,,Y,,A,01,0,0,1,0,1,0,0,0,0,"- ","- ",,,"SAN FRANCISCO","SAN FRANCISCO",-122.47738099,37.765133089999999
8423479,2017,2018-05-10,3801,2017-07-28,1134,2375,RICHM,5,5,7,3801,0,0,0,,0,3G60,"PARK PRESIDIO BL","GEARY BL",2.00,N,N,B,-,Y,SF,4,1,-,-,5.500,I,5,S,Y,2,0,1,2,A,-,11,21453,D,N,G,B,B,A,H,-,A,A,0,Y,,,,Y,,N,60,1,0,0,0,1,0,0,0,0,"- ","- ",,,"SAN FRANCISCO","SAN FRANCISCO",-122.47241226,37.780563139999998
8423483,2017,2018-05-17,3801,2017-07-22,1246,158,NORTH,6,5,7,3801,0,0,0,,0,3E15C,"LOMBARD ST","LYON ST",82.00,E,N,A,-,N,,,,,,,,,,N,4,0,1,2,A,-,11,21956,,N,G,B,E,A,H,-,A,A,0,Y,,,,Y,,-,"- ",0,0,1,0,1,0,0,0,0,"- ","- ",,,"SAN FRANCISCO","SAN FRANCISCO",-122.44704885,37.79850124
8423520,2017,2018-05-17,3801,2017-07-10,0412,A21795,BAYVI,1,5,7,3801,0,0,0,,0,3C12E,"BAYSHORE BL","BACON ST",5.00,N,N,A,-,N,,,,,,,,,,N,3,0,1,2,A,-,12,21453,A,F,G,B,B,A,H,-,C,A,0,Y,,,,Y,Y,-,,0,1,0,0,1,0,0,0,0,"- ","- ",,,"SAN FRANCISCO","SAN FRANCISCO",-122.40220505000001,37.72796314
8423761,2017,2017-08-10,3801,2017-07-16,1700,2294,PARK,7,5,7,3801,0,0,0,,0,3F61,"WALLER ST","SHRADER ST",0.00,,Y,A,-,N,,,,,,,,,,N,4,0,1,2,A,-,10,21950,A,N,G,B,B,A,H,-,A,A,0,Y,,,,Y,,A,08,0,0,1,0,1,0,0,0,0,"- ","- ",,,"SAN FRANCISCO","SAN FRANCISCO",-122.45165994,37.768429990000001
8423762,2017,2017-08-09,3801,2017-07-18,1845,4142,INGLE,2,5,7,3801,0,0,0,,0,0H4,"MONTEREY BL",CONGO,0.00,,Y,A,-,N,,,,,,,,,,N,3,0,1,2,A,-,10,21950,A,F,G,B,B,A,H,-,B,A,0,Y,,,,Y,,A,01,0,1,0,0,1,0,0,0,0,"- ","- ",,,"SAN FRANCISCO","SAN FRANCISCO",-122.44202988000001,37.731589960000001
8423774,2017,2017-08-09,3801,2017-03-20,2045,4200,TARAV,1,5,7,3801,0,0,0,,0,3CAR,"IRVING ST","40TH AV",0.00,,Y,C,-,N,,,,,,,,,,N,3,0,1,2,A,-,10,21952,,N,G,B,F,B,H,-,C,D,0,Y,,,,Y,,A,01,0,1,0,0,1,0,0,0,0,"- ","- ",,,"SAN FRANCISCO","SAN FRANCISCO",-122.49960993000001,37.76256995
8423787,2017,2017-08-10,3801,2017-07-19,2115,A20774,RICHM,3,5,7,3801,0,0,0,,0,003,"CABRILLO ST","8TH AV",0.00,,Y,A,-,N,,,,,,,,,,N,4,0,1,2,A,-,10,21950,A,N,G,B,B,A,H,-,C,D,0,Y,,,,Y,,A,01,0,0,1,0,1,0,0,0,0,"- ","- ",,,"SAN FRANCISCO","SAN FRANCISCO",-122.46601996,37.77526992
8423810,2017,2017-08-09,3801,2017-07-10,1723,2476,MISSI,1,5,7,3801,0,0,0,,0,3D16D,"BRYANT ST",MARIPOSA,12.00,N,N,A,-,N,,,,,,,,,,N,4,0,1,2,A,-,10,21950,A,N,G,B,B,A,H,-,A,A,0,Y,,,,Y,,A,01,0,0,1,0,1,0,0,0,0,"- ","- ",,,"SAN FRANCISCO","SAN FRANCISCO",-122.41027278,37.763052889999997