CASE_ID,ACCIDENT_YEAR,PROC_DATE,JURIS,COLLISION_DATE,COLLISION_TIME,OFFICER_ID,REPORTING_DISTRICT,DAY_OF_WEEK,CHP_SHIFT,POPULATION,CNTY_CITY_LOC,SPECIAL_COND,BEAT_TYPE,CHP_BEAT_TYPE,CITY_DIVISION_LAPD,CHP_BEAT_CLASS,BEAT_NUMBER,PRIMARY_RD,SECONDARY_RD,DISTANCE,DIRECTION,INTERSECTION,WEATHER_1,WEATHER_2,STATE_HWY_IND,CALTRANS_COUNTY,CALTRANS_DISTRICT,STATE_ROUTE,ROUTE_SUFFIX,POSTMILE_PREFIX,POSTMILE,LOCATION_TYPE,RAMP_INTERSECTION,SIDE_OF_HWY,TOW_AWAY,COLLISION_SEVERITY,NUMBER_KILLED,NUMBER_INJURED,PARTY_COUNT,PRIMARY_COLL_FACTOR,PCF_CODE_OF_VIOL,PCF_VIOL_CATEGORY,PCF_VIOLATION,PCF_VIOL_SUBSECTION,HIT_AND_RUN,TYPE_OF_COLLISION,MVIW,PED_ACTION,ROAD_SURFACE,ROAD_COND_1,ROAD_COND_2,LIGHTING,CONTROL_DEVICE,CHP_ROAD_TYPE,PEDESTRIAN_ACCIDENT,BICYCLE_ACCIDENT,MOTORCYCLE_ACCIDENT,TRUCK_ACCIDENT,NOT_PRIVATE_PROPERTY,ALCOHOL_INVOLVED,STWD_VEHTYPE_AT_FAULT,CHP_VEHTYPE_AT_FAULT,COUNT_SEVERE_INJ,COUNT_VISIBLE_INJ,COUNT_COMPLAINT_PAIN,COUNT_PED_KILLED,COUNT_PED_INJURED,COUNT_BICYCLIST_KILLED,COUNT_BICYCLIST_INJURED,COUNT_MC_KILLED,COUNT_MC_INJURED,PRIMARY_RAMP,SECONDARY_RAMP,LATITUDE,LONGITUDE,COUNTY,CITY,POINT_X,POINT_Y
8423813,2017,2017-08-10,3801,2017-07-03,1221,1706,TENDE,1,5,7,3801,0,0,0,,0,3J14A,"WILLOW ST","LARKIN ST",19.00,W,N,A,-,N,,,,,,,,,,N,4,0,1,2,A,-,11,21955,,N,G,B,D,A,H,-,A,D,0,Y,,,,Y,,N,60,0,0,1,0,1,0,0,0,0,"- ","- ",,,"SAN FRANCISCO","SAN FRANCISCO",-122.41768485,37.783771299999998
8423844,2017,2017-08-11,3801,2017-07-07,0834,A10605,SOUTH,5,5,7,3801,0,0,0,,0,"4 CAR","FOLSOM ST","8TH ST",225.00,W,N,A,-,N,,,,,,,,,,N,3,0,2,2,A,-,11,21955,,N,G,B,D,A,H,-,A,D,0,Y,Y,,,Y,,N,60,0,1,1,0,1,0,1,0,0,"- ","- ",,,"SAN FRANCISCO","SAN FRANCISCO",-122.41060471,37.774556189999998
8423853,2017,2017-08-09,3801,2017-07-21,1815,2059,CENTR,5,5,7,3801,0,0,0,,0,3A15D,"SANSOME ST","CLAY ST",0.00,,Y,A,-,N,,,,,,,,,,N,2,0,1,2,A,-,11,21955,,N,G,B,D,A,H,-,A,A,0,Y,,Y,,Y,,N,60,1,0,0,0,1,0,0,0,0,"- ","- ",,,"SAN FRANCISCO","SAN FRANCISCO",-122.40148000000001,37.794869910000003
8423854,2017,2017-08-09,3801,2017-07-31,0800,2116,E,1,5,7,3801,0,0,0,,0,006,"GOUGH ST","UNION ST",15.00,S,N,A,-,N,,,,,,,,,,N,4,0,1,2,A,-,03,22350,,M,G,B,B,A,H,-,A,A,0,Y,,,,Y,,A,01,0,0,1,0,1,0,0,0,0,"- ","- ",,,"SAN FRANCISCO","SAN FRANCISCO",-122.42725268,37.798099200000003
8423860,2017,2017-08-11,3801,2017-07-02,2033,2097,MISSI,7,5,7,3801,0,0,0,,0,3D12D,"DOUGLASS ST","JERSEY ST",0.00,,Y,A,-,N,,,,,,,,,,N,3,0,1,2,A,-,11,21950,B,N,G,B,D,A,H,-,A,D,0,Y,,,,Y,,N,60,0,1,0,0,1,0,0,0,0,"- ","- ",,,"SAN FRANCISCO","SAN FRANCISCO",-122.43838993999999,37.750219970000003
8423863,2017,2017-08-09,3801,2017-07-25,1511,2328,MISSI,2,5,7,3801,0,0,0,,0,0D3,"21ST ST","MISSION ST",0.00,,Y,A,-,N,,,,,,,,,,N,4,0,1,2,A,-,21,22106,,N,G,B,B,A,H,-,A,A,0,Y,,,,Y,,A,07,0,0,1,0,1,0,0,0,0,"- ","- ",,,"SAN FRANCISCO","SAN FRANCISCO",-122.41891993,37.757019970000002
8423867,2017,2017-08-09,3801,2017-07-24,1001,4117,MISSI,1,5,7,3801,0,0,0,,0,901,"16TH ST","SOUTH VAN NESS AV",0.00,,Y,A,-,N,,,,,,,,,,N,4,0,1,2,A,-,11,21950,B,N,G,B,B,A,H,-,A,A,0,Y,,,,Y,,N,60,0,0,1,0,1,0,0,0,0,"- ","- ",,,"SAN FRANCISCO","SAN FRANCISCO",-122.41748986,37.765179910000001
8423868,2017,2017-08-24,3801,2017-07-01,1134,2132,MISSI,6,5,7,3801,0,0,0,,0,3D62,"24TH ST","FAIR OAKS ST",72.00,W,N,A,-,N,,,,,,,,,,N,4,0,1,2,A,-,03,22350,,N,G,B,E,A,H,-,A,D,0,Y,,,,Y,,A,01,0,0,1,0,1,0,0,0,0,"- ","- ",,,"SAN FRANCISCO","SAN FRANCISCO",-122.42422824000001,37.75190345
8423874,2017,2017-08-09,3801,2017-07-24,1722,1909,NORTH,1,5,7,3801,0,0,0,,0,3E62,"CALIFORNIA ST","LARKIN ST",104.00,W,N,A,-,N,,,,,,,,,,N,3,0,1,2,A,-,11,21955,,N,G,B,E,A,H,-,A,D,0,Y,,,,Y,Y,N,60,0,1,0,0,1,0,0,0,0,"- ","- ",,,"SAN FRANCISCO","SAN FRANCISCO",-122.41939548000001,37.790744760000003
8423875,2017,2017-08-09,3801,2017-07-24,0740,577,INGLE,1,5,7,3801,0,0,0,,0,0H5,"PERSIA AV","MISSION ST",0.00,,Y,A,-,N,,,,,,,,,,N,3,0,1,2,A,-,10,21950,A,F,G,B,B,A,H,-,A,A,0,Y,,,,Y,,A,01,0,1,0,0,1,0,0,0,0,"- ","- ",,,"SAN FRANCISCO","SAN FRANCISCO",-122.4359699,37.723139940000003
8423876,2017,2017-08-11,3801,2017-07-01,2155,2728,MISSI,6,5,7,3801,0,0,0,,0,3D11E,"GUERRERO ST","16TH ST",10.00,N,N,A,-,N,,,,,,,,,,N,3,0,1,2,A,-,03,22350,,N,G,B,B,A,H,-,C,A,0,Y,,,,Y,,A,01,0,1,0,0,1,0,0,0,0,"- ","- ",,,"SAN FRANCISCO","SAN FRANCISCO",-122.42410237,37.764807410000003
8423890,2017,2017-08-09,3801,2017-07-19,1807,1766,NORTH,3,5,7,3801,0,0,0,,0,4B3C,"MCALLISTER ST","LAGUNA ST",9.00,W,N,A,-,N,,,,,,,,,,N,4,0,1,2,A,-,11,21453,D,N,G,B,B,A,H,-,A,A,0,Y,Y,,,Y,,N,60,0,0,1,0,1,0,0,0,0,"- ","- ",37.779249999999998,-122.42667,"SAN FRANCISCO","SAN FRANCISCO",-122.42685075999999,37.779256080000003
8423894,2017,2017-08-09,3801,2017-07-16,1000,4104,MISSI,7,5,7,3801,0,0,0,,0,3D15A,"POPLAR ST","25TH ST",0.00,,Y,A,-,N,,,,,,,,,,N,3,0,1,2,A,-,11,21954,A,N,G,B,E,A,H,-,A,D,0,Y,,,,Y,,N,60,0,1,0,0,1,0,0,0,0,"- ","- ",,,"SAN FRANCISCO","SAN FRANCISCO",-122.42101995,37.750489960000003
8423898,2017,2017-08-09,3801,2017-07-16,0740,545,TENDE,7,5,7,3801,0,0,0,,0,3J13A,"GOLDEN GATE AV","LARKIN ST",0.00,,Y,A,-,N,,,,,,,,,,N,3,0,1,2,A,-,10,21950,A,F,A,B,E,A,H,-,A,A,0,Y,,,,Y,,A,01,0,1,0,0,1,0,0,0,0,"- ","- ",,,"SAN FRANCISCO","SAN FRANCISCO",-122.41714999,37.781440000000003
8423901,2017,2017-08-09,3801,2017-07-15,1810,1310,SOUTH,6,5,7,3801,0,0,0,,0,3B5D,"17TH ST","RHODE ISLAND",0.00,,Y,A,-,N,,,,,,,,,,N,3,0,1,2,A,-,10,21950,A,N,G,B,B,A,H,-,A,A,0,Y,,,,Y,,A,01,0,1,0,0,1,0,0,0,0,"- ","- ",,,"SAN FRANCISCO","SAN FRANCISCO",-122.40253995,37.764779920000002
8423916,2017,2017-08-11,3801,2017-07-10,2209,A21826,BAYVI,1,5,7,3801,0,0,0,,0,005,"SHAFTER AV","LANE ST",0.00,,Y,A,-,N,,,,,,,,,,N,4,0,1,2,A,-,10,21950,A,F,-,B,B,A,H,-,C,A,0,Y,,,,Y,,A,01,0,0,1,0,1,0,0,0,0,"- ","- ",,,"SAN FRANCISCO","SAN FRANCISCO",-122.39072985999999,37.731059969999997
8423925,2017,2017-08-09,3801,2017-07-09,2115,966,COH,7,5,7,3801,0,0,0,,0,3H5A,"GENEVA AV","SAN JOSE AV",0.00,,Y,F,-,N,,,,,,,,,,N,4,0,1,2,A,-,12,21453,A,F,G,B,B,A,H,-,B,A,0,Y,,,,Y,,A,01,0,0,1,0,1,0,0,0,0,"- ","- ",,,"SAN FRANCISCO","SAN FRANCISCO",-122.4466299,37.720729919999997
8423937,2017,2017-08-09,3801,2017-07-05,1703,A20846,BAYVI,3,5,7,3801,0,0,0,,0,901,"FAIRFAX AV","NEWHALL ST",60.00,W,N,A,-,N,,,,,,,,,,N,3,0,1,2,A,-,10,21950,A,N,D,B,C,A,H,-,A,D,0,Y,,,,Y,,A,01,0,1,0,0,1,0,0,0,0,"- ","- ",,,"SAN FRANCISCO","SAN FRANCISCO",-122.38715000000001,37.741300000000003
8423949,2017,2017-08-09,3801,2017-07-05,1315,671,MISSI,3,5,7,3801,0,0,0,,0,3D13C,"25TH ST","SAN JOSE AV",0.00,,Y,A,-,N,,,,,,,,,,N,2,0,1,2,A,-,10,21950,A,N,G,B,B,A,H,-,A,A,0,Y,,,,Y,,A,01,1,0,0,0,1,0,0,0,0,"- ","- ",,,"SAN FRANCISCO","SAN FRANCISCO",-122.42142997000001,37.750459919999997
8438131,2017,2017-08-28,3801,2017-07-11,1518,219,CENTR,2,5,7,3801,0,0,0,,0,3A14D,"FILBERT ST","MASON ST",174.00,E,N,A,-,N,,,,,,,,,,N,3,0,1,2,A,-,11,21954,A,N,G,B,D,A,H,-,A,D,0,Y,,,,Y,,N,60,0,1,0,0,1,0,0,0,0,"- ","- ",,,"SAN FRANCISCO","SAN FRANCISCO",-122.41205368999999,37.801047740000001
8438135,2017,2017-08-28,3801,2017-07-07,0925,1990,SOUTH,5,5,7,3801,0,0,0,,0,3CAR,"7TH ST","BRYANT ST",0.00,,Y,A,-,N,,,,,,,,,,N,2,0,1,2,A,-,06,21755,A,N,G,B,E,A,H,-,A,D,0,Y,Y,,,Y,Y,L,04,1,0,0,0,1,0,0,0,0,"- ","- ",,,"SAN FRANCISCO","SAN FRANCISCO",-122.40484986,37.77437991
8438139,2017,2017-08-28,3801,2017-07-05,1710,1100,TENDE,3,5,7,3801,0,0,0,,0,3J12D,"MARKET ST","5TH ST",250.00,E,N,A,-,N,,,,,,,,,,N,3,0,1,2,A,-,10,21950,A,F,G,B,C,A,H,-,A,A,0,Y,Y,,,Y,,L,04,0,1,0,0,1,0,0,0,0,"- ","- ",,,"SAN FRANCISCO","SAN FRANCISCO",-122.40744029,37.784479339999997
8440373,2017,2017-09-06,3801,2017-07-24,1106,262,NORTH,1,5,7,3801,0,0,0,,0,3E11A,"HAYES ST","POLK ST",2.00,W,N,A,-,N,,,,,,,,,,N,4,0,1,2,A,-,11,21950,B,N,G,B,B,A,H,-,A,A,0,Y,,,,Y,,N,60,0,0,1,0,1,0,0,0,0,"- ","- ",,,"SAN FRANCISCO","SAN FRANCISCO",-122.41804682999999,37.777509100000003
8444043,2017,2017-09-26,3801,2017-07-18,0818,2245,RICHM,2,5,7,3801,0,0,0,,0,3G12A,"GEARY BL","SAINT JOSEPHS AV",0.00,,Y,B,-,N,,,,,,,,,,N,4,0,1,2,A,-,10,21950,A,N,D,B,B,A,H,-,A,A,0,Y,,,,Y,,-,,0,0,1,0,1,0,0,0,0,"- ","- ",,,"SAN FRANCISCO","SAN FRANCISCO",-122.44276997999999,37.782809999999998
8444058,2017,2017-09-28,3801,2017-08-18,1355,1550,NORTH,5,5,7,3801,0,0,0,,0,3E11C,"FELL ST","OCTAVIA BL",0.00,,Y,A,-,N,,,,,,,,,,N,3,0,1,2,A,-,10,21950,A,N,A,B,B,A,-,-,A,A,0,Y,,,,Y,,D,22,0,1,0,0,1,0,0,0,0,"- ","- ",,,"SAN FRANCISCO","SAN FRANCISCO",-122.42447987,37.775719960000004
8444059,2017,2017-09-15,3801,2017-08-02,1258,1498,TARAV,3,5,7,3801,0,0,0,,0,3I16B,"36TH AV","SLOAT BL",50.00,N,N,A,-,N,,,,,,,,,,N,4,0,1,2,A,-,10,21950,A,N,G,B,B,A,H,-,A,A,0,Y,,,,Y,,D,22,0,0,1,0,1,0,0,0,0,"- ","- ",,,"SAN FRANCISCO","SAN FRANCISCO",-122.49332857,37.734167190000001
8444068,2017,2017-10-03,3801,2017-08-29,0827,A10359,TARAV,2,5,7,3801,0,0,0,,0,3I16A,"PLYMOUTH AV","OCEAN AV",6.00,S,N,B,-,N,,,,,,,,,,N,3,0,1,2,A,-,10,21950,A,N,G,B,B,A,H,-,A,A,0,Y,,,,Y,,I,12,0,1,0,0,1,0,0,0,0,"- ","- ",,,"SAN FRANCISCO","SAN FRANCISCO",-122.45654,37.723979999999997
8444241,2017,2017-09-27,3801,2017-08-28,0620,A21693,CENTR,1,5,7,3801,0,0,0,,0,001,"DERBY ST","TAYLOR ST",50.00,E,N,A,-,N,,,,,,,,,,N,3,0,1,2,A,-,11,21954,A,N,G,B,E,A,H,-,B,D,0,Y,,,,Y,,N,60,0,1,0,0,1,0,0,0,0,"- ","- ",,,"SAN FRANCISCO","SAN FRANCISCO",-122.41139921,37.787252279999997
8444253,2017,2017-09-29,3801,2017-08-16,0815,2105,CENTR,3,5,7,3801,0,0,0,,0,3A40B,"BAY ST","BAY ST 515",0.00,,-,A,-,N,,,,,,,,,,N,4,0,1,2,A,-,00,21955,A,N,B,B,E,A,H,-,A,D,0,Y,,,,Y,,N,60,0,0,1,0,1,0,0,0,0,"- ","- ",,,"SAN FRANCISCO","SAN FRANCISCO",-122.41545618000001,37.805387439999997
8444303,2017,2017-09-13,3801,2017-08-06,1838,892,SOUTH,7,5,7,3801,0,0,0,,0,3B13D,"8TH ST","MISSION ST",0.00,,Y,A,-,N,,,,,,,,,,N,4,0,1,2,A,-,10,21950,A,N,G,B,B,-,H,-,A,A,0,Y,,,,Y,,D,22,0,0,1,0,1,0,0,0,0,"- ","- ",,,"SAN FRANCISCO","SAN FRANCISCO",-122.41315999,37.777459970000002
8444325,2017,2017-09-12,3801,2017-07-24,1056,573,SOUTH,1,5,7,3801,0,0,0,,0,4B2F,"11TH ST","FOLSOM ST",0.00,,Y,A,-,N,,,,,,,,,,Y,4,0,3,3,A,-,08,22107,,N,B,B,F,A,H,-,A,A,0,Y,,,,Y,,A,01,0,0,3,0,1,0,0,0,0,"- ","- ",37.771999999999998,-122.41381,"SAN FRANCISCO","SAN FRANCISCO",-122.4140099,37.771879890000001
8444370,2017,2017-09-22,3801,2017-07-25,1350,868,NORTH,2,5,7,3801,0,0,0,,0,3E3,"MCALLISTER ST","VAN NESS AV",33.00,E,N,A,-,N,,,,,,,,,,N,4,0,1,2,A,-,11,21950,B,N,G,B,D,A,H,-,A,A,0,Y,,,,Y,,N,60,0,0,1,0,1,0,0,0,0,"- ","- ",37.780169999999998,-122.42036,"SAN FRANCISCO","SAN FRANCISCO",-122.42021631,37.780058750000002
8444406,2017,2017-09-26,3801,2017-08-09,0424,A22058,E,3,5,7,3801,0,0,0,,0,004,"PINE ST","PIERCE ST",180.00,W,N,A,-,N,,,,,,,,,,N,2,0,1,2,A,-,03,22350,,F,G,B,E,A,H,-,D,D,0,Y,,,,Y,,-,99,1,0,0,0,1,0,0,0,0,"- ","- ",,,"SAN FRANCISCO","SAN FRANCISCO",-122.43754475,37.787459409999997
8444407,2017,2017-09-25,3801,2017-08-05,2247,1013,MISSI,6,5,7,3801,0,0,0,,0,0D2,"23RD ST","CHURCH ST",0.00,,Y,A,-,N,,,,,,,,,,N,4,0,1,2,A,-,10,21950,A,N,G,B,B,A,H,-,C,B,0,Y,,,,Y,,A,01,0,0,1,0,1,0,0,0,0,"- ","- ",,,"SAN FRANCISCO","SAN FRANCISCO",-122.42758994,37.753289950000003
8444409,2017,2017-09-25,3801,2017-08-29,1215,1887,CENTR,2,5,7,3801,0,0,0,,0,4B2C,"CALIFORNIA ST","HYDE ST",0.00,,Y,A,-,N,,,,,,,,,,Y,4,0,1,2,A,-,17,21968,,N,G,B,E,A,H,-,A,A,0,Y,,,,Y,,N,60,0,0,1,0,1,0,0,0,0,"- ","- ",37.791020000000003,-122.41723,"SAN FRANCISCO","SAN FRANCISCO",-122.41739993,37.790989969999998
8444415,2017,2017-09-25,3801,2017-08-05,1042,1485,3E,6,5,7,3801,0,0,0,,0,12A,"TURK ST","BUCHANAN ST",0.00,,Y,B,-,N,,,,,,,,,,N,3,0,1,2,A,-,10,21950,A,F,G,B,B,A,H,-,A,D,0,Y,,,,Y,,A,01,0,1,0,0,1,0,0,0,0,"- ","- ",,,"SAN FRANCISCO","SAN FRANCISCO",-122.42892994,37.780899929999997
8444423,2017,2017-09-25,3801,2017-08-04,1645,1588,COD,5,5,7,3801,0,0,0,,0,3D13D,"S VAN NESS AV","21ST ST",0.00,,Y,A,-,N,,,,,,,,,,N,4,0,1,2,A,-,12,21453,A,F,G,B,B,A,H,-,A,A,0,Y,,,,Y,,A,01,0,0,1,0,1,0,0,0,0,"- ","- ",,,"SAN FRANCISCO","SAN FRANCISCO",-122.4167499,37.757159950000002
8444425,2017,2017-09-25,3801,2017-09-19,1928,1427,TENDE,2,5,7,3801,0,0,0,,0,3J2,"MARKET ST","5TH ST",0.00,,Y,A,G,N,,,,,,,,,,N,4,0,1,2,A,-,11,21456,B,N,H,-,B,A,H,-,A,A,0,Y,,,,Y,,N,60,0,0,1,0,1,0,0,0,0,"- ","- ",,,"SAN FRANCISCO","SAN FRANCISCO",-122.40805989,37.783999919999999
8444429,2017,2017-10-04,3801,2017-08-19,1801,112,CENTR,6,5,7,3801,0,0,0,,0,004,"COLUMBUS AV","STOCKTON ST",0.00,,Y,A,-,N,,,,,,,,,,N,4,0,1,2,A,-,10,21950,A,N,H,B,B,A,H,-,A,A,0,Y,,,,Y,,A,01,0,0,1,0,1,0,0,0,0,"- ","- ",,,"SAN FRANCISCO","SAN FRANCISCO",-122.40897987,37.799499910000002
8444434,2017,2017-09-26,3801,2017-08-09,1040,545,TENDE,3,5,7,3801,0,0,0,,0,3J13A,"GOLDEN GATE AV","LEAVENWORTH ST",0.00,,Y,A,-,N,,,,,,,,,,Y,3,0,1,2,A,-,10,21950,A,N,G,B,B,A,H,-,A,A,0,Y,,,,Y,,A,01,0,1,0,0,1,0,0,0,0,"- ","- ",,,"SAN FRANCISCO","SAN FRANCISCO",-122.41385999000001,37.781869919999998
8444437,2017,2017-09-25,3801,2017-08-18,1750,540,TARAV,5,5,7,3801,0,0,0,,0,3I11D,"IRVING ST","9TH AV",30.00,E,N,A,-,N,,,,,,,,,,N,4,0,1,2,A,-,06,21756,A,N,G,B,E,A,H,-,A,A,0,Y,,,,Y,,A,01,0,0,1,0,1,0,0,0,0,"- ","- ",,,"SAN FRANCISCO","SAN FRANCISCO",-122.46621637,37.764044839999997
8444445,2017,2017-09-25,3801,2017-08-17,2239,2724,CENTR,4,5,7,3801,0,0,0,,0,3A12E,"POWELL ST","POST ST",0.00,,Y,A,-,N,,,,,,,,,,Y,3,0,1,2,A,-,10,21950,A,N,G,B,B,A,H,-,C,A,0,Y,,,,Y,,A,01,0,1,0,0,1,0,0,0,0,"- ","- ",,,"SAN FRANCISCO","SAN FRANCISCO",-122.40839999000001,37.788289919999997
8444446,2017,2017-09-26,3801,2017-08-08,2039,A11409,SOUTH,2,5,7,3801,0,0,0,,0,0B1,"2ND ST","BRYANT ST",0.00,,Y,A,-,N,,,,,,,,,,N,4,0,1,2,A,-,10,21950,A,N,G,B,B,A,H,-,C,A,0,Y,,,,Y,Y,A,01,0,0,1,0,1,0,0,0,0,"- ","- ",,,"SAN FRANCISCO","SAN FRANCISCO",-122.39362985,37.78307993
8444449,2017,2017-10-05,3801,2017-08-17,1412,2451,TENDE,4,5,7,3801,0,0,0,,0,3J51D,"EDDY ST","JONES ST",223.00,E,N,A,-,N,,,,,,,,,,N,4,0,1,2,A,-,"- ",,I,N,A,B,F,A,H,-,A,D,0,Y,Y,,,Y,,L,04,0,0,1,0,1,0,0,0,0,"- ","- ",,,"SAN FRANCISCO","SAN FRANCISCO",-122.41182891,37.784042100000001
8444458,2017,2017-09-26,3801,2017-08-18,0323,1819,NORTH,5,5,7,3801,0,0,0,,0,3CAR,"POLK ST","PINE ST",0.00,,Y,-,-,N,,,,,,,,,,,4,0,1,2,A,-,10,21950,A,F,-,-,-,-,H,-,-,-,0,Y,,,,Y,,-,,0,0,1,0,1,0,0,0,0,"- ","- ",,,"SAN FRANCISCO","SAN FRANCISCO",-122.42049994,37.789639979999997
8444461,2017,2017-09-25,3801,2017-08-14,0927,A22028,SOUTH,1,5,7,3801,0,0,0,,0,3B3A,"7TH ST","BRANNAN ST",6.00,N,N,A,-,N,,,,,,,,,,N,3,0,1,2,A,-,10,21950,A,N,G,B,B,A,H,-,A,A,0,Y,,,,Y,,A,01,0,1,0,0,1,0,0,0,0,"- ","- ",,,"SAN FRANCISCO","SAN FRANCISCO",-122.40322449,37.773061810000002
8444476,2017,2017-10-10,3801,2017-08-25,2102,377,NORTH,5,5,7,3801,0,0,0,,0,3E12D,"GOUGH ST","EDDY ST",9.00,S,N,A,-,N,,,,,,,,,,N,3,0,1,2,A,-,11,21453,D,N,A,B,B,A,H,-,C,A,0,Y,,,,Y,Y,N,60,0,1,0,0,1,0,0,0,0,"- ","- ",,,"SAN FRANCISCO","SAN FRANCISCO",-122.42411512,37.782445580000001
8444478,2017,2017-09-26,3801,2017-08-02,1245,A11409,SOUTH,3,5,7,3801,0,0,0,,0,0E3,"GOUGH ST","SUTTER ST",0.00,,Y,A,-,N,,,,,,,,,,N,3,0,1,2,A,-,12,21453,A,F,G,B,B,A,H,-,A,A,0,Y,,,,Y,,A,01,0,1,0,0,1,0,0,0,0,"- ","- ",,,"SAN FRANCISCO","SAN FRANCISCO",-122.42503999,37.787139940000003
8445845,2017,2017-10-09,3801,2017-08-25,1446,723,CENTR,5,5,7,3801,0,0,0,,0,2CAR,"POST ST","KEARNY ST",0.00,,Y,A,-,N,,,,,,,,,,N,4,0,1,2,A,-,10,21950,A,F,G,B,D,A,H,-,A,A,0,Y,,,,Y,,-,,0,0,1,0,1,0,0,0,0,"- ","- ",,,"SAN FRANCISCO","SAN FRANCISCO",-122.40365998,37.788899929999999
8445846,2017,2017-09-14,3801,2017-08-27,1822,2028,INGLE,7,5,7,3801,0,0,0,,0,3H13C,"CORTLAND AV","ELLSWORTH ST",0.00,,Y,A,-,N,,,,,,,,,,N,4,0,1,2,A,-,10,21950,A,N,G,B,B,A,H,-,A,A,0,Y,,,,Y,,A,01,0,0,1,0,1,0,0,0,0,"- ","- ",,,"SAN FRANCISCO","SAN FRANCISCO",-122.41466991,37.738889899999997
8445851,2017,2017-09-14,3801,2017-08-21,1505,518,INGLE,1,5,7,3801,0,0,0,,0,4B6H,"OSHAUGHNESSY BL","PORTOLA DR",360.00,S,N,A,-,N,,,,,,,,,,N,2,0,1,2,A,-,11,21954,A,N,G,B,D,A,H,-,A,D,0,Y,,,,Y,,N,60,1,0,0,0,1,0,0,0,0,"- ","- ",37.745530000000002,-122.45177,"SAN FRANCISCO","SAN FRANCISCO",-122.45091256000001,37.74466202
8445855,2017,2017-09-14,3801,2017-08-22,0815,2127,TENDE,2,5,7,3801,0,0,0,,0,4B2E,"OFARRELL ST","JONES ST",185.00,W,N,A,-,N,,,,,,,,,,N,3,0,1,2,A,-,11,21955,,N,G,B,D,A,H,-,A,D,0,Y,,,,Y,,N,60,0,1,0,0,1,0,0,0,0,"- ","- ",,,"SAN FRANCISCO","SAN FRANCISCO",-122.4136031,37.785723650000001
8445865,2017,2017-09-13,3801,2017-08-17,1515,A21550,CENTR,4,5,7,3801,0,0,0,,0,3A2A,"POWELL ST","VALLEJO ST",0.00,,Y,A,-,N,,,,,,,,,,N,4,0,1,2,A,-,10,21950,A,N,A,B,B,A,H,-,A,A,0,Y,,,,Y,,A,01,0,0,1,0,1,0,0,0,0,"- ","- ",,,"SAN FRANCISCO","SAN FRANCISCO",-122.41043990999999,37.798369979999997
8445874,2017,2017-09-14,3801,2017-08-25,0910,917,INGLE,5,5,7,3801,0,0,0,,0,4B5E,"ALEMANY BL","NIAGARA AV",0.00,,Y,A,-,N,,,,,,,,,,N,2,0,1,2,A,-,10,21950,A,N,G,B,B,A,H,-,A,A,0,Y,,,,Y,,A,01,1,0,0,0,1,0,0,0,0,"- ","- ",,,"SAN FRANCISCO","SAN FRANCISCO",-122.44346991,37.716999889999997
8445880,2017,2017-09-14,3801,2017-08-03,0742,1572,SOUTH,4,5,7,3801,0,0,0,,0,3B1A,"HARRISON ST","1ST ST",0.00,,Y,A,-,N,,,,,,,,,,N,4,0,1,2,A,-,"- ",,,N,B,B,B,A,H,-,A,A,0,Y,,,,Y,,-,,0,0,1,0,1,0,0,0,0,"- ","- ",,,"SAN FRANCISCO","SAN FRANCISCO",-122.39295998999999,37.786089939999997
8445882,2017,2017-09-14,3801,2017-08-17,1849,4175,INGLE,4,5,7,3801,0,0,0,,0,4B3B,"FOERSTER ST","JOOST AV",0.00,,Y,A,-,N,,,,,,,,,,N,2,0,1,3,A,-,00,21954,,N,G,B,D,A,D,-,A,D,0,Y,,,,Y,,N,60,1,0,0,0,1,0,0,0,0,"- ","- ",37.732340000000001,-122.44902,"SAN FRANCISCO","SAN FRANCISCO",-122.44887996999999,37.73231998
8445883,2017,2017-09-14,3801,2017-08-31,2010,A21280,TARAV,4,5,7,3801,0,0,0,,0,3I13D,"PORTOLA DR","SAN ANSELMO AV",0.00,,Y,A,-,N,,,,,,,,,,N,3,0,1,2,A,-,10,21950,A,N,G,B,B,A,H,-,C,A,0,Y,,,,Y,,A,01,0,1,0,0,1,0,0,0,0,"- ","- ",,,"SAN FRANCISCO","SAN FRANCISCO",-122.46832999999999,37.73740995
8445886,2017,2017-09-14,3801,2017-08-22,2336,231,RICHM,2,5,7,3801,0,0,0,,0,3G13E,"5TH AV","CORNWALL ST",0.00,,Y,-,-,N,,,,,,,,,,N,4,0,1,2,A,-,12,22450,A,N,G,B,E,A,H,-,C,A,0,Y,,,,Y,Y,A,01,0,0,1,0,1,0,0,0,0,"- ","- ",,,"SAN FRANCISCO","SAN FRANCISCO",-122.46348991000001,37.784879959999998
8445888,2017,2017-09-14,3801,2017-08-31,2335,1605,NORTH,4,5,7,3801,0,0,0,,0,3E13E,"POST ST","VAN NESS AV",35.00,E,N,A,-,N,,,,,,,,,,N,3,0,2,2,A,-,21,22106,,N,G,B,E,A,H,-,C,D,0,Y,,,,Y,,A,01,0,1,1,0,1,0,0,0,0,"- ","- ",,,"SAN FRANCISCO","SAN FRANCISCO",-122.42153143,37.786629759999997
8445889,2017,2017-10-13,3801,2017-08-29,1736,A22859,INGLE,2,5,7,3801,0,0,0,,0,3H91,"CAMBRIDGE ST","GLADSTONE DR",66.00,W,N,A,-,N,,,,,,,,,,N,2,0,1,2,A,-,11,21954,A,F,G,B,D,A,H,-,A,D,0,Y,,,,Y,,N,60,1,0,0,0,1,0,0,0,0,"- ","- ",,,"SAN FRANCISCO","SAN FRANCISCO",-122.42039638,37.73143658