CASE_ID,ACCIDENT_YEAR,PROC_DATE,JURIS,COLLISION_DATE,COLLISION_TIME,OFFICER_ID,REPORTING_DISTRICT,DAY_OF_WEEK,CHP_SHIFT,POPULATION,CNTY_CITY_LOC,SPECIAL_COND,BEAT_TYPE,CHP_BEAT_TYPE,CITY_DIVISION_LAPD,CHP_BEAT_CLASS,BEAT_NUMBER,PRIMARY_RD,SECONDARY_RD,DISTANCE,DIRECTION,INTERSECTION,WEATHER_1,WEATHER_2,STATE_HWY_IND,CALTRANS_COUNTY,CALTRANS_DISTRICT,STATE_ROUTE,ROUTE_SUFFIX,POSTMILE_PREFIX,POSTMILE,LOCATION_TYPE,RAMP_INTERSECTION,SIDE_OF_HWY,TOW_AWAY,COLLISION_SEVERITY,NUMBER_KILLED,NUMBER_INJURED,PARTY_COUNT,PRIMARY_COLL_FACTOR,PCF_CODE_OF_VIOL,PCF_VIOL_CATEGORY,PCF_VIOLATION,PCF_VIOL_SUBSECTION,HIT_AND_RUN,TYPE_OF_COLLISION,MVIW,PED_ACTION,ROAD_SURFACE,ROAD_COND_1,ROAD_COND_2,LIGHTING,CONTROL_DEVICE,CHP_ROAD_TYPE,PEDESTRIAN_ACCIDENT,BICYCLE_ACCIDENT,MOTORCYCLE_ACCIDENT,TRUCK_ACCIDENT,NOT_PRIVATE_PROPERTY,ALCOHOL_INVOLVED,STWD_VEHTYPE_AT_FAULT,CHP_VEHTYPE_AT_FAULT,COUNT_SEVERE_INJ,COUNT_VISIBLE_INJ,COUNT_COMPLAINT_PAIN,COUNT_PED_KILLED,COUNT_PED_INJURED,COUNT_BICYCLIST_KILLED,COUNT_BICYCLIST_INJURED,COUNT_MC_KILLED,COUNT_MC_INJURED,PRIMARY_RAMP,SECONDARY_RAMP,LATITUDE,LONGITUDE,COUNTY,CITY,POINT_X,POINT_Y
8445890,2017,2017-09-14,3801,2017-08-22,2118,A20952,SOUTH,2,5,7,3801,0,0,0,,0,2CAR,"6TH ST","FOLSOM ST",0.00,,Y,B,-,N,,,,,,,,,,N,4,0,1,2,A,-,10,21950,A,N,B,B,B,-,H,-,C,A,0,Y,,,,Y,,A,01,0,0,1,0,1,0,0,0,0,"- ","- ",,,"SAN FRANCISCO","SAN FRANCISCO",-122.40559986,37.778500000000001
8445900,2017,2017-09-14,3801,2017-08-11,0356,2038,COF,5,5,7,3801,0,0,0,,0,3F14E,"CHURCH ST","14TH ST",75.00,N,N,A,-,N,,,,,,,,,,N,2,0,1,2,A,-,11,21955,,F,B,B,D,A,H,-,A,D,0,Y,,,,Y,,N,60,1,0,0,0,1,0,0,0,0,"- ","- ",,,"SAN FRANCISCO","SAN FRANCISCO",-122.42896802999999,37.767915539999997
8445912,2017,2017-09-14,3801,2017-08-12,1215,273,MISSI,6,5,7,3801,0,0,0,,0,3D15C,"17TH ST","VALENCIA ST",6.00,E,N,A,-,N,,,,,,,,,,Y,4,0,1,2,A,-,02,22526,A,F,G,B,B,A,H,-,A,A,0,Y,,,,Y,,A,07,0,0,1,0,1,0,0,0,0,"- ","- ",,,"SAN FRANCISCO","SAN FRANCISCO",-122.42171928,37.7633011
8445914,2017,2017-09-14,3801,2017-08-31,1128,A03640,SOUTH,4,5,7,3801,0,0,0,,0,3B5C,"5TH ST","HOWARD ST",44.00,S,N,A,-,N,,,,,,,,,,N,4,0,1,2,A,-,11,21954,A,N,G,B,D,A,H,-,A,D,0,Y,,,,Y,,N,60,0,0,1,0,1,0,0,0,0,"- ","- ",,,"SAN FRANCISCO","SAN FRANCISCO",-122.40482222999999,37.781424600000001
8445916,2017,2017-09-14,3801,2017-08-12,1547,1498,TARAV,6,5,7,3801,0,0,0,,0,3I16B,"OCEAN AV","LEE AV",25.00,E,N,B,-,N,,,,,,,,,,,4,0,1,2,A,-,10,21950,A,N,G,B,B,A,H,-,A,A,0,Y,,,,Y,,A,01,0,0,1,0,1,0,0,0,0,"- ","- ",,,"SAN FRANCISCO","SAN FRANCISCO",-122.45401686,37.723471140000001
8445937,2017,2017-09-13,3801,2017-08-16,1038,A11158,TENDE,3,5,7,3801,0,0,0,,0,3J12A,"CYRIL MAGNIN ST","MARKET ST",0.00,,Y,A,B,N,,,,,,,,,,N,3,0,1,2,A,-,12,21453,A,F,G,B,B,A,H,-,A,A,0,Y,Y,,,Y,,L,04,0,1,0,0,1,0,0,0,0,"- ","- ",,,"SAN FRANCISCO","SAN FRANCISCO",-122.40805989,37.783999919999999
8445957,2017,2017-09-13,3801,2017-08-15,0900,A20738,SOUTH,2,5,7,3801,0,0,0,,0,001,"16TH ST","VERMONT ST",20.00,S,N,A,-,N,,,,,,,,,,N,3,0,1,2,A,-,10,21950,A,N,G,B,B,A,H,-,A,A,0,Y,,,,Y,,A,01,0,1,0,0,1,0,0,0,0,"- ","- ",,,"SAN FRANCISCO","SAN FRANCISCO",-122.40469880000001,37.765954020000002
8446120,2017,2017-09-18,3801,2017-08-09,0909,777,TARAV,3,5,7,3801,0,0,0,,0,3I5A,"CLEARFIELD DR","SLOAT BL",5.00,S,N,B,-,N,,,,,,,,,,N,4,0,1,2,A,-,11,21456,B,N,B,B,B,A,H,-,A,A,0,Y,,,,Y,,N,60,0,0,1,0,1,0,0,0,0,"- ","- ",,,"SAN FRANCISCO","SAN FRANCISCO",-122.49156914,37.733756280000001
8447711,2017,2018-05-21,3801,2017-08-09,2331,4006,NORTH,3,5,7,3801,0,0,0,,0,3E13E,"VAN NESS AV","FELL ST",105.00,S,N,A,-,Y,SF,4,101,-,T,4.930,H,-,N,N,4,0,1,2,A,-,11,21954,A,N,G,B,E,A,H,-,C,A,0,Y,,,,Y,,N,60,0,0,1,0,1,0,0,0,0,"- ","- ",,,"SAN FRANCISCO","SAN FRANCISCO",-122.41939139999999,37.77613917
8449253,2017,2018-02-23,3801,2017-08-18,1437,499,3B,5,5,7,3801,0,0,0,,0,2CAR,"OFARRELL ST","POWELL ST",8.00,N,N,A,-,N,,,,,,,,,,N,4,0,1,2,A,-,21,22106,,N,G,B,D,A,H,-,A,A,0,Y,,,,Y,,-,,0,0,1,0,1,0,0,0,0,"- ","- ",,,"SAN FRANCISCO","SAN FRANCISCO",-122.4080026,37.78644319
8449261,2017,2017-09-20,3801,2017-08-17,1245,326,NORTH,4,5,7,3801,0,0,0,,0,3E14C,"LAGUNA ST","POST ST",7.00,N,N,A,-,N,,,,,,,,,,N,3,0,1,2,A,-,10,21950,A,N,G,B,B,A,H,-,A,A,0,Y,,,,Y,,A,08,0,1,0,0,1,0,0,0,0,"- ","- ",,,"SAN FRANCISCO","SAN FRANCISCO",-122.42816372,37.785819000000004
8451116,2017,2017-10-23,3801,2017-09-08,1900,4125,TENDE,5,5,7,3801,0,0,0,,0,3J12D,"MARKET ST","3RD ST",232.00,W,N,A,-,N,,,,,,,,,,N,4,0,1,2,A,-,11,21955,,N,G,B,D,A,H,-,A,D,0,Y,,,,Y,,N,60,0,0,1,0,1,0,0,0,0,"- ","- ",,,"SAN FRANCISCO","SAN FRANCISCO",-122.40402731,37.787208900000003
8451129,2017,2017-10-23,3801,2017-09-16,2111,890,SOUTH,6,5,7,3801,0,0,0,,0,005,"5TH ST","KING ST",0.00,,Y,A,-,N,,,,,,,,,,N,4,0,1,2,A,-,11,21954,A,N,G,B,D,A,H,-,C,A,0,Y,,,,Y,Y,N,60,0,0,1,0,1,0,0,0,0,"- ","- ",,,"SAN FRANCISCO","SAN FRANCISCO",-122.39634993999999,37.774659939999999
8460774,2017,2017-10-12,3801,2017-09-27,0846,203,MISSI,3,5,7,3801,0,0,0,,0,005,"MISSION ST","14TH ST",5.00,N,N,A,-,N,,,,,,,,,,N,3,0,1,2,A,-,12,21453,A,N,G,B,B,A,H,-,A,A,0,Y,,,,Y,,A,01,0,1,0,0,1,0,0,0,0,"- ","- ",,,"SAN FRANCISCO","SAN FRANCISCO",-122.41997123,37.768303699999997
8460794,2017,2017-10-12,3801,2017-09-07,1700,13,RICHM,4,5,7,3801,0,0,0,,0,4B3G,"MARKET ST","9TH ST",0.00,,Y,B,-,N,,,,,,,,,,N,4,0,1,2,A,-,11,21954,A,N,G,B,D,A,H,-,A,D,0,Y,,,,Y,,N,60,0,0,1,0,1,0,0,0,0,"- ","- ",,,"SAN FRANCISCO","SAN FRANCISCO",-122.41632995000001,37.777499929999998
8463927,2017,2017-10-12,3801,2017-09-06,1312,A21778,RICHM,3,5,7,3801,0,0,0,,0,,"JOHN F KENNEDY DR","8TH AV",0.00,,Y,A,-,N,,,,,,,,,,N,4,0,1,2,A,-,10,21950,A,N,G,B,B,A,H,-,A,D,0,Y,,,,Y,,D,23,0,0,1,0,1,0,0,0,0,"- ","- ",,,"SAN FRANCISCO","SAN FRANCISCO",-122.46580996,37.77259995
8463928,2017,2017-10-16,3801,2017-09-10,2037,2099,TENDE,7,5,7,3801,0,0,0,,0,3160,"TURK ST","LARKIN ST",0.00,,Y,A,-,N,,,,,,,,,,N,4,0,1,2,A,-,10,21950,A,F,G,B,B,A,H,-,C,A,0,Y,,,,Y,,I,11,0,0,1,0,1,0,0,0,0,"- ","- ",,,"SAN FRANCISCO","SAN FRANCISCO",-122.41733986,37.782379980000002
8463940,2017,2017-11-08,3801,2017-09-28,0706,1316,,4,5,7,3801,0,0,0,,0,3A12A,"MARKET ST","3RD ST",46.00,E,N,A,-,N,,,,,,,,,,N,2,0,1,2,A,-,11,21955,,N,G,B,D,A,H,-,A,A,0,Y,,,,Y,,N,60,1,0,0,0,1,0,0,0,0,"- ","- ",,,"SAN FRANCISCO","SAN FRANCISCO",-122.40334427000001,37.787746800000001
8463948,2017,2017-11-01,3801,2017-09-01,1422,2375,RICHM,5,5,7,3801,0,0,0,,0,3G12A,"36TH AV","BALBOA ST",330.00,S,N,A,-,N,,,,,,,,,,N,3,0,1,2,A,I,"- ",,,N,B,B,E,A,H,-,A,D,0,Y,,,,Y,,N,60,0,1,0,0,1,0,0,0,0,"- ","- ",,,"SAN FRANCISCO","SAN FRANCISCO",-122.49619736,37.774855809999998
8463963,2017,2017-10-13,3801,2017-09-03,2203,A22051,CENTA,7,5,7,3801,0,0,0,,0,3A13E,BROADWAY,"KEARNY ST",0.00,,Y,A,-,N,,,,,,,,,,N,4,0,1,2,A,-,11,21456,A,N,G,B,B,A,H,-,C,A,0,Y,,,,Y,,N,60,0,0,1,0,1,0,0,0,0,"- ","- ",,,"SAN FRANCISCO","SAN FRANCISCO",-122.40548993,37.798019969999999
8464083,2017,2017-10-19,3801,2017-09-21,1220,2105,CENTR,4,5,7,3801,0,0,0,,0,3A40B,"NORTH POINT ST","POWELL ST",0.00,,Y,A,-,N,,,,,,,,,,,3,0,1,2,A,-,10,21950,A,F,G,B,B,A,H,-,A,A,0,Y,,,,Y,,A,01,0,1,0,0,1,0,0,0,0,"- ","- ",,,"SAN FRANCISCO","SAN FRANCISCO",-122.41212997,37.806759939999999
8464091,2017,2017-10-19,3801,2017-09-21,0952,1870,BAYVI,4,5,7,3801,0,0,0,,0,BAYVIE,"HUDSON AV","MENDELL ST",0.00,,Y,A,-,N,,,,,,,,,,N,2,0,1,2,A,-,10,21950,A,F,H,B,B,A,H,-,A,A,0,Y,,,,Y,,-,,1,0,0,0,1,0,0,0,0,"- ","- ",,,"SAN FRANCISCO","SAN FRANCISCO",-122.38639997,37.738969949999998
8464092,2017,2017-10-19,3801,2017-09-22,1602,1588,"CO D",5,5,7,3801,0,0,0,,0,3D2D,"EUREKA ST","20TH ST",0.00,,Y,A,-,N,,,,,,,,,,N,3,0,2,3,A,-,10,21950,A,N,G,B,B,A,H,-,A,A,0,Y,,,,Y,,A,01,0,1,1,0,2,0,0,0,0,"- ","- ",,,"SAN FRANCISCO","SAN FRANCISCO",-122.4379399,37.757489900000003
8464097,2017,2017-10-12,3801,2017-09-12,1324,2465,TENDE,2,5,7,3801,0,0,0,,0,3J52C,"MARKET ST","5TH ST",280.00,E,N,A,-,N,,,,,,,,,,N,4,0,1,2,A,-,12,21453,A,N,G,B,C,A,H,-,A,A,0,Y,Y,,,Y,,L,04,0,0,1,0,1,0,0,0,0,"- ","- ",,,"SAN FRANCISCO","SAN FRANCISCO",-122.40736635,37.784537210000003
8464099,2017,2017-10-19,3801,2017-09-20,1516,4140,SOUTH,3,5,7,3801,0,0,0,,0,3B14D,"OTIS ST","OTIS ST 170",0.00,,Y,A,-,N,,,,,,,,,,N,4,0,1,2,A,-,10,21952,,N,G,B,F,A,H,-,A,D,0,Y,,,,Y,,A,01,0,0,1,0,1,0,0,0,0,"- ","- ",,,"SAN FRANCISCO","SAN FRANCISCO",-122.42027342,37.770884350000003
8464104,2017,2017-10-19,3801,2017-09-21,2025,A22534,INGLE,4,5,7,3801,0,0,0,,0,3H13D,"NAPLES ST","BRAZIL AV",0.00,,Y,A,-,N,,,,,,,,,,N,4,0,1,2,A,-,10,21950,A,N,G,B,B,A,H,-,C,A,0,Y,,,,Y,,A,01,0,0,1,0,1,0,0,0,0,"- ","- ",,,"SAN FRANCISCO","SAN FRANCISCO",-122.43004994,37.722409929999998
8464108,2017,2017-10-30,3801,2017-09-19,1707,1679,INGLE,2,5,7,3801,0,0,0,,0,3H15D,"SOUTH HILL BL","CANYON DR",312.00,W,N,A,-,N,,,,,,,,,,N,3,0,1,2,A,-,11,21954,A,N,G,B,D,A,H,-,A,A,0,Y,,,,Y,,N,60,0,1,0,0,1,0,0,0,0,"- ","- ",,,"SAN FRANCISCO","SAN FRANCISCO",-122.4306436,37.708306299999997
8464112,2017,2017-10-19,3801,2017-09-29,0212,2732,SOUTH,5,5,7,3801,0,0,0,,0,3B11E,"HOWARD ST","FREMONT ST",0.00,,Y,A,-,N,,,,,,,,,,N,4,0,1,2,A,-,10,21950,A,N,G,B,B,A,H,-,C,A,0,Y,,,,Y,,A,01,0,0,1,0,1,0,0,0,0,"- ","- ",,,"SAN FRANCISCO","SAN FRANCISCO",-122.39513985000001,37.78922996
8464114,2017,2017-10-27,3801,2017-09-24,0226,209,NORTH,7,5,7,3801,0,0,0,,0,03E,"FILLMORE ST",PIXLEY,10.00,N,N,A,-,N,,,,,,,,,,N,4,0,1,2,A,-,11,21954,A,F,G,B,E,A,H,-,D,D,0,Y,,,,Y,Y,N,60,0,0,1,0,1,0,0,0,0,"- ","- ",,,"SAN FRANCISCO","SAN FRANCISCO",-122.43579509,37.798507170000001
8464121,2017,2017-10-12,3801,2017-09-14,1410,1764,BAYVI,4,5,7,3801,0,0,0,,0,4B2E,"22ND ST","PENNSYLVANIA AV",32.00,E,N,A,-,N,,,,,,,,,,N,4,0,1,3,A,-,03,22350,,N,G,B,D,A,H,-,A,D,0,Y,,,,Y,,A,01,0,0,1,0,1,0,0,0,0,"- ","- ",37.757739999999998,-122.39304,"SAN FRANCISCO","SAN FRANCISCO",-122.39301953,37.757685969999997
8464122,2017,2017-10-27,3801,2017-09-23,0338,781,PARK,6,5,7,3801,0,0,0,,0,0F3,"HAIGHT ST","CLAYTON ST",63.00,E,N,A,-,N,,,,,,,,,,N,3,0,1,2,A,-,21,22106,,N,G,B,F,A,H,-,C,D,0,Y,,,,Y,Y,-,,0,1,0,0,1,0,0,0,0,"- ","- ",,,"SAN FRANCISCO","SAN FRANCISCO",-122.44836444000001,37.769825969999999
8464123,2017,2017-10-19,3801,2017-09-11,1201,129,CENTR,1,5,7,3801,0,0,0,,0,3A60,"HYDE ST","JACKSON ST",0.00,,Y,A,-,N,,,,,,,,,,N,4,0,1,2,D,-,00,,,F,G,B,B,A,H,-,A,A,0,Y,,,,Y,,-,"- ",0,0,1,0,1,0,0,0,0,"- ","- ",,,"SAN FRANCISCO","SAN FRANCISCO",-122.41810998,37.794559990000003
8464126,2017,2017-10-27,3801,2017-09-21,1827,738,NORTH,4,5,7,3801,0,0,0,,0,3E15D,FRANCISCO,"SCOTT ST",0.00,,Y,A,-,N,,,,,,,,,,N,2,0,2,3,A,-,11,21950,B,N,G,B,D,A,H,-,A,A,0,Y,,,,Y,,N,60,2,0,0,0,2,0,0,0,0,"- ","- ",,,"SAN FRANCISCO","SAN FRANCISCO",-122.44135985,37.80110999
8464128,2017,2017-10-19,3801,2017-09-19,2040,1752,3A,2,5,7,3801,0,0,0,,0,0A1,"PINE ST","TAYLOR ST",0.00,,Y,A,-,N,,,,,,,,,,N,4,0,1,2,A,-,10,21950,A,N,G,B,B,A,H,-,C,A,0,Y,,,,Y,,A,01,0,0,1,0,1,0,0,0,0,"- ","- ",,,"SAN FRANCISCO","SAN FRANCISCO",-122.41224988,37.790659949999998
8464130,2017,2017-10-27,3801,2017-09-21,1647,2162,CENTR,4,5,7,3801,0,0,0,,0,3A12D,"MARKET ST","KEARNY ST",68.00,W,N,A,-,N,,,,,,,,,,N,3,0,1,2,A,-,11,21955,,N,G,B,D,A,H,-,A,A,0,Y,,,,Y,Y,N,60,0,1,0,0,1,0,0,0,0,"- ","- ",,,"SAN FRANCISCO","SAN FRANCISCO",-122.40362625,37.787527760000003
8464132,2017,2017-11-15,3801,2017-09-19,1149,A22875,INGLE,2,5,7,3801,0,0,0,,0,,"VALENCIA ST","DUNCAN ST",0.00,,Y,A,-,N,,,,,,,,,,N,4,0,1,2,B,-,22,,,N,G,J,-,A,H,-,A,-,0,Y,,,,Y,,N,60,0,0,1,0,1,0,0,0,0,"- ","- ",,,"SAN FRANCISCO","SAN FRANCISCO",-122.42016255999999,37.746549690000002
8464133,2017,2017-10-12,3801,2017-09-01,0950,A10326,NORTH,5,5,7,3801,0,0,0,,0,3E11A,"STEINER ST","HAYES ST",8.00,S,N,A,-,N,,,,,,,,,,N,4,0,1,2,A,-,12,22450,A,N,G,B,E,A,D,-,A,A,0,Y,,,,Y,,A,01,0,0,1,0,1,0,0,0,0,"- ","- ",,,"SAN FRANCISCO","SAN FRANCISCO",-122.4328258,37.775588280000001
8464134,2017,2017-10-27,3801,2017-09-21,1500,868,SOUTH,4,5,7,3801,0,0,0,,0,3B2,"5TH ST","CLEMENTINA ST",23.00,N,N,A,-,N,,,,,,,,,,N,4,0,1,2,A,-,11,21956,A,N,G,B,D,A,H,-,A,D,0,Y,,,,Y,,N,60,0,0,1,0,1,0,0,0,0,"- ","- ",37.780529999999999,-122.40403000000001,"SAN FRANCISCO","SAN FRANCISCO",-122.40396694,37.780754160000001
8464137,2017,2017-10-12,3801,2017-09-01,1341,4006,NORTH,5,5,7,3801,0,0,0,,0,3E11C,"BUSH ST","STEINER ST",6.00,E,N,A,-,N,,,,,,,,,,N,3,0,1,2,A,-,10,21950,A,N,H,B,B,A,H,-,A,A,0,Y,,,,Y,,A,08,0,1,0,0,1,0,0,0,0,"- ","- ",,,"SAN FRANCISCO","SAN FRANCISCO",-122.43508951,37.786822720000004
8464144,2017,2017-10-19,3801,2017-09-19,0712,A10478,TARAV,2,5,7,3801,0,0,0,,0,312A,"SUNSET BL","VICENTE ST",0.00,,Y,A,-,N,,,,,,,,,,N,3,0,1,2,A,-,10,21950,A,N,G,B,B,A,H,-,A,A,0,Y,,,,Y,,A,07,0,1,0,0,1,0,0,0,0,"- ","- ",,,"SAN FRANCISCO","SAN FRANCISCO",-122.49426995,37.73849989
8464145,2017,2017-10-12,3801,2017-09-01,1936,4040,TENDE,5,5,7,3801,0,0,0,,0,3J13D,"TURK ST",LEAVENWORTH,0.00,,Y,A,-,N,,,,,,,,,,N,3,0,1,2,A,-,10,21950,A,F,B,B,B,A,H,-,B,A,0,Y,,,,Y,,-,,0,1,0,0,1,0,0,0,0,"- ","- ",,,"SAN FRANCISCO","SAN FRANCISCO",-122.41403986,37.782799910000001
8464151,2017,2017-10-19,3801,2017-09-24,0854,711,CENTR,7,5,7,3801,0,0,0,,0,005,"MARKET ST","3RD ST",20.00,E,N,A,-,N,,,,,,,,,,N,2,0,2,2,A,-,11,21954,A,M,A,B,E,A,H,-,A,A,0,Y,Y,,,Y,,N,60,1,0,1,0,1,0,1,0,0,"- ","- ",,,"SAN FRANCISCO","SAN FRANCISCO",-122.40340968,37.787697739999999
8464171,2017,2017-10-31,3801,2017-09-05,1536,844,CENTR,2,5,7,3801,0,0,0,,0,3A78,"BATTERY ST","FILBERT ST",8.00,N,N,A,-,N,,,,,,,,,,N,3,0,1,2,A,-,12,21453,A,F,G,B,E,A,H,-,A,A,0,Y,,,,Y,Y,A,01,0,1,0,0,1,0,0,0,0,"- ","- ",,,"SAN FRANCISCO","SAN FRANCISCO",-122.401794,37.80235175
8464174,2017,2017-11-01,3801,2017-09-10,1717,4086,PARK,7,5,7,3801,0,0,0,,0,3F11C,"MARTIN LUTHER KING DR","BOWLING GREEN DR",147.00,E,N,A,-,N,,,,,,,,,,N,4,0,1,2,A,-,11,21954,A,N,G,B,D,A,H,-,A,D,0,Y,,Y,,Y,,N,60,0,0,1,0,1,0,0,0,0,"- ","- ",,,"SAN FRANCISCO","SAN FRANCISCO",-122.46014949000001,37.76751411
8464180,2017,2017-10-10,3801,2017-09-04,1700,795,BAYVI,1,5,7,3801,0,0,0,,0,3C12A,"BAYSHORE BL","CORTLAND AV",0.00,,Y,F,-,N,,,,,,,,,,N,2,0,1,2,A,-,17,21663,,N,G,B,F,-,G,-,-,-,0,Y,,,,Y,,A,01,1,0,0,0,1,0,0,0,0,"- ","- ",,,"SAN FRANCISCO","SAN FRANCISCO",-122.40698997,37.73957996
8464189,2017,2017-10-11,3801,2017-09-06,1443,11,3801,3,5,7,3801,0,0,0,,0,,"LA PLAYA ST","CABRILLO ST",34.00,E,Y,A,-,N,,,,,,,,,,N,3,0,1,2,B,-,22,,,N,G,B,-,A,H,-,A,D,0,Y,,,,Y,,A,08,0,1,0,0,1,0,0,0,0,"- ","- ",,,"SAN FRANCISCO","SAN FRANCISCO",-122.51003537,37.773167319999999
8464192,2017,2017-10-10,3801,2017-09-18,0800,518,INGLE,1,5,7,3801,0,0,0,,0,4B2H,"SAN JOSE AV","GENEVA AV",0.00,,Y,A,-,N,,,,,,,,,,N,3,0,1,2,A,-,11,21453,D,N,G,B,B,A,H,-,A,A,0,Y,,,,Y,,N,60,0,1,0,0,1,0,0,0,0,"- ","- ",37.720669999999998,-122.44628,"SAN FRANCISCO","SAN FRANCISCO",-122.4466299,37.720729919999997
8464198,2017,2017-11-01,3801,2017-09-03,0229,1695,NORTH,7,5,7,3801,0,0,0,,0,NORTHE,"DIVISADERO ST","FULTON ST",0.00,,Y,A,-,N,,,,,,,,,,Y,2,0,1,2,A,-,11,21453,D,N,G,B,B,A,H,-,C,A,0,Y,,,,Y,,N,60,1,0,0,0,1,0,0,0,0,"- ","- ",,,"SAN FRANCISCO","SAN FRANCISCO",-122.43815987000001,37.776859930000001
8464206,2017,2017-11-01,3801,2017-09-03,1800,2344,TENDE,7,5,7,3801,0,0,0,,0,3J13D,"EDDY ST",LARKIN,0.00,,Y,A,-,N,,,,,,,,,,N,4,0,1,2,A,-,11,21456,A,N,G,B,B,A,H,-,A,A,0,Y,,,,Y,,N,60,0,0,1,0,1,0,0,0,0,"- ","- ",,,"SAN FRANCISCO","SAN FRANCISCO",-122.41751985000001,37.783299909999997
8464208,2017,2017-10-31,3801,2017-09-26,0634,711,CENTR,2,5,7,3801,0,0,0,,0,005,"BATTERY ST","PINE ST",5.00,S,N,A,-,N,,,,,,,,,,N,4,0,1,2,A,-,10,21950,A,N,A,B,B,A,H,-,B,A,0,Y,,,,Y,,A,01,0,0,1,0,1,0,0,0,0,"- ","- ",,,"SAN FRANCISCO","SAN FRANCISCO",-122.39976738999999,37.792246419999998
8464209,2017,2017-10-16,3801,2017-09-15,1543,1290,MISSI,5,5,7,3801,0,0,0,,0,03D,"22ND ST","MISSION ST",0.00,,Y,A,-,N,,,,,,,,,,N,4,0,1,2,A,-,03,22350,,F,G,B,-,A,H,-,A,A,0,Y,,,,Y,,A,01,0,0,1,0,1,0,0,0,0,"- ","- ",,,"SAN FRANCISCO","SAN FRANCISCO",-122.41873990000001,37.755449990000002
8464216,2017,2017-10-10,3801,2017-09-25,0845,4023,NORTH,1,5,7,3801,0,0,0,,0,3E15A,"SUTTER ST","BUCHANAN ST",0.00,,Y,A,-,N,,,,,,,,,,N,4,0,1,2,A,-,10,21950,,N,G,B,B,A,H,-,A,A,0,Y,,,,Y,,A,08,0,0,1,0,1,0,0,0,0,"- ","- ",,,"SAN FRANCISCO","SAN FRANCISCO",-122.42997991999999,37.786509909999999
8464229,2017,2017-10-16,3801,2017-09-25,1755,2059,CENTR,1,5,7,3801,0,0,0,,0,3A12D,"HYDE ST","SUTTER ST",0.00,,Y,A,-,N,,,,,,,,,,N,4,0,1,2,A,-,10,21950,A,N,G,B,-,A,H,-,A,A,0,Y,,,,Y,,A,01,0,0,1,0,1,0,0,0,0,"- ","- ",,,"SAN FRANCISCO","SAN FRANCISCO",-122.41680986999999,37.788179980000002
8464231,2017,2017-11-17,3801,2017-09-01,1100,1288,CO.A,5,5,7,3801,0,0,0,,0,3A12A,"STEVENSON ST","2ND ST",0.00,,Y,A,-,N,,,,,,,,,,N,4,0,1,2,A,-,10,21950,A,N,G,B,B,A,H,-,A,A,0,Y,,,,Y,,A,01,0,0,1,0,1,0,0,0,0,"- ","- ",,,"SAN FRANCISCO","SAN FRANCISCO",-122.40083988000001,37.78879998
8464232,2017,2017-10-11,3801,2017-09-27,1716,2206,RICHM,3,5,7,3801,0,0,0,,0,005,"43RD AV","CABRILLO ST",0.00,,Y,A,-,N,,,,,,,,,,N,3,0,1,2,A,-,11,21954,A,N,B,B,E,A,H,-,A,A,0,Y,,,,Y,Y,N,60,0,1,0,0,1,0,0,0,0,"- ","- ",,,"SAN FRANCISCO","SAN FRANCISCO",-122.50361986999999,37.773559949999999
8464233,2017,2017-10-16,3801,2017-09-25,0755,1622,SFSD,1,5,7,3801,0,0,0,,0,1V6,"23RD ST","UTAH ST",0.00,,Y,A,-,N,,,,,,,,,,N,4,0,1,2,A,-,"- ",,,M,G,B,-,A,H,-,A,D,0,Y,,,,Y,,N,60,0,0,1,0,1,0,0,0,0,"- ","- ",,,"SAN FRANCISCO","SAN FRANCISCO",-122.40545994,37.754349929999997
8464241,2017,2017-10-31,3801,2017-09-26,1002,2375,RICHM,2,5,7,3801,0,0,0,,0,3G60,"CLEMENT ST","25TH AV",5.00,E,N,A,-,N,,,,,,,,,,Y,4,0,1,2,A,-,10,21950,A,N,G,B,B,A,H,-,A,A,0,Y,,,,Y,,A,01,0,0,1,0,1,0,0,0,0,"- ","- ",,,"SAN FRANCISCO","SAN FRANCISCO",-122.48486272,37.782020799999998
8464250,2017,2017-10-16,3801,2017-09-26,0752,974,COI,2,5,7,3801,0,0,0,,0,3I11A,"22ND AV","ULLOA ST",12.00,E,N,A,-,N,,,,,,,,,,N,3,0,1,2,A,-,10,21950,A,N,G,B,B,A,H,-,A,D,0,Y,,,,Y,,A,01,0,1,0,0,1,0,0,0,0,"- ","- ",,,"SAN FRANCISCO","SAN FRANCISCO",-122.47878,37.741039999999998
8464257,2017,2017-10-31,3801,2017-09-15,1343,2700,SOUTH,5,5,7,3801,0,0,0,,0,3B11C,"MARKET ST","SOUTH VAN NESS AV",0.00,,Y,A,-,N,,,,,,,,,,N,3,0,1,2,A,-,11,21456,B,N,H,-,B,A,H,-,A,A,0,Y,Y,,,Y,,N,60,0,1,0,0,1,0,0,0,0,"- ","- ",,,"SAN FRANCISCO","SAN FRANCISCO",-122.41925990999999,37.775169959999999
8464266,2017,2017-10-16,3801,2017-09-04,0900,375,MISSI,1,5,7,3801,0,0,0,,0,901,"16TH ST","SANCHEZ ST",88.00,E,N,A,-,N,,,,,,,,,,N,4,0,1,2,A,-,11,21954,A,N,G,B,E,A,H,-,A,D,0,Y,,,,Y,,N,60,0,0,1,0,1,0,0,0,0,"- ","- ",,,"SAN FRANCISCO","SAN FRANCISCO",-122.43057647000001,37.764379460000001