CASE_ID,ACCIDENT_YEAR,PROC_DATE,JURIS,COLLISION_DATE,COLLISION_TIME,OFFICER_ID,REPORTING_DISTRICT,DAY_OF_WEEK,CHP_SHIFT,POPULATION,CNTY_CITY_LOC,SPECIAL_COND,BEAT_TYPE,CHP_BEAT_TYPE,CITY_DIVISION_LAPD,CHP_BEAT_CLASS,BEAT_NUMBER,PRIMARY_RD,SECONDARY_RD,DISTANCE,DIRECTION,INTERSECTION,WEATHER_1,WEATHER_2,STATE_HWY_IND,CALTRANS_COUNTY,CALTRANS_DISTRICT,STATE_ROUTE,ROUTE_SUFFIX,POSTMILE_PREFIX,POSTMILE,LOCATION_TYPE,RAMP_INTERSECTION,SIDE_OF_HWY,TOW_AWAY,COLLISION_SEVERITY,NUMBER_KILLED,NUMBER_INJURED,PARTY_COUNT,PRIMARY_COLL_FACTOR,PCF_CODE_OF_VIOL,PCF_VIOL_CATEGORY,PCF_VIOLATION,PCF_VIOL_SUBSECTION,HIT_AND_RUN,TYPE_OF_COLLISION,MVIW,PED_ACTION,ROAD_SURFACE,ROAD_COND_1,ROAD_COND_2,LIGHTING,CONTROL_DEVICE,CHP_ROAD_TYPE,PEDESTRIAN_ACCIDENT,BICYCLE_ACCIDENT,MOTORCYCLE_ACCIDENT,TRUCK_ACCIDENT,NOT_PRIVATE_PROPERTY,ALCOHOL_INVOLVED,STWD_VEHTYPE_AT_FAULT,CHP_VEHTYPE_AT_FAULT,COUNT_SEVERE_INJ,COUNT_VISIBLE_INJ,COUNT_COMPLAINT_PAIN,COUNT_PED_KILLED,COUNT_PED_INJURED,COUNT_BICYCLIST_KILLED,COUNT_BICYCLIST_INJURED,COUNT_MC_KILLED,COUNT_MC_INJURED,PRIMARY_RAMP,SECONDARY_RAMP,LATITUDE,LONGITUDE,COUNTY,CITY,POINT_X,POINT_Y
8464281,2017,2017-10-31,3801,2017-09-14,1020,4026,NORTH,4,5,7,3801,0,0,0,,0,3E15A,"MARINA BL","AVILA ST",0.00,,Y,A,-,N,,,,,,,,,,N,3,0,1,2,A,-,10,21950,A,N,G,B,B,A,H,-,A,A,0,Y,,,,Y,,A,01,0,1,0,0,1,0,0,0,0,"- ","- ",,,"SAN FRANCISCO","SAN FRANCISCO",-122.43987993,37.8060799
8464297,2017,2017-10-31,3801,2017-09-07,1635,A22019,RICHM,4,5,7,3801,0,0,0,,0,3G13D,"EUCLID AV","MASONIC AV",0.00,,Y,A,-,N,,,,,,,,,,N,3,0,1,2,A,-,10,21950,A,N,G,B,B,A,H,-,A,A,0,Y,,,,Y,,A,01,0,1,0,0,1,0,0,0,0,"- ","- ",,,"SAN FRANCISCO","SAN FRANCISCO",-122.4481399,37.784959999999998
8464305,2017,2017-10-31,3801,2017-09-29,0800,2478,BAYVI,5,5,7,3801,0,0,0,,0,3CL3C,"NAPOLEON AV","EVANS AV",0.00,,Y,A,-,N,,,,,,,,,,N,2,0,1,2,B,-,22,,,N,B,B,E,A,H,-,A,D,0,Y,,,,Y,,N,60,1,0,0,0,1,0,0,0,0,"- ","- ",,,"SAN FRANCISCO","SAN FRANCISCO",-122.39594998,37.747229930000003
8464980,2017,2017-10-20,3801,2017-07-08,1435,324,CENTR,6,5,7,3801,0,0,0,,0,3A40B,"KEARNY ST","NORTH POINT ST",60.00,S,N,A,-,N,,,,,,,,,,N,4,0,1,2,A,-,11,21955,,N,D,B,D,A,H,-,A,A,0,Y,,,,Y,,N,60,0,0,1,0,1,0,0,0,0,"- ","- ",,,"SAN FRANCISCO","SAN FRANCISCO",-122.40729417999999,37.807226450000002
8465384,2018,2018-10-02,3801,2018-07-17,1005,1714,TRAFF,2,5,7,3801,0,0,0,,0,3100,"SLOAT BL","36TH AV",10.00,W,N,B,-,N,,,,,,,,,,Y,1,1,0,2,A,-,10,21950,A,N,G,B,C,A,H,-,A,A,0,Y,,,,Y,,A,01,0,0,0,1,0,0,0,0,0,"- ","- ",,,"SAN FRANCISCO","SAN FRANCISCO",-122.49335479736328,37.734031677246094
8465594,2018,2019-02-08,3801,2018-06-13,1409,373,TRAFF,3,5,7,3801,0,0,0,,0,INGLES,"28TH ST","DIAMOND ST",260.00,S,N,A,-,N,,,,,,,,,,Y,1,1,0,4,C,-,18,,,N,G,B,E,A,D,-,A,D,0,Y,,,,Y,,-,"- ",0,0,0,1,0,0,0,0,0,"- ","- ",,,"SAN FRANCISCO","SAN FRANCISCO",-122.43569946289062,37.7447509765625
8465618,2018,2019-02-15,3801,2018-10-03,2109,1994,PARK,3,5,7,3801,0,0,0,,0,4B3G,"OAK ST","BAKER ST",15.00,E,N,B,-,N,,,,,,,,,,N,1,1,0,2,A,-,12,21453,A,F,G,B,B,A,H,-,C,A,0,Y,,,,Y,,A,01,0,0,0,1,0,0,0,0,0,"- ","- ",,,"SAN FRANCISCO","SAN FRANCISCO",-122.44071197509766,37.772705078125
8465701,2018,2019-04-16,3801,2018-11-05,1237,917,TRAFF,1,5,7,3801,0,0,0,,0,4B4E,"VALLEJO ST","POWELL ST",0.00,,Y,A,-,N,,,,,,,,,,Y,1,1,0,2,A,-,10,21950,A,N,G,B,B,A,H,-,A,D,0,Y,,,Y,Y,,G,25,0,0,0,1,0,0,0,0,0,"- ","- ",,,"SAN FRANCISCO","SAN FRANCISCO",-122.41043853759766,37.798370361328125
8465796,2019,2019-05-10,3801,2019-01-28,1759,262,TRAFF,1,5,7,3801,0,0,0,,0,4B4J,"CABRILLO ST","46TH AV",0.00,,Y,A,-,N,,,,,,,,,,Y,1,1,0,2,A,-,10,21950,A,N,G,B,B,A,H,-,C,D,0,Y,,,,Y,,A,01,0,0,0,1,0,0,0,0,0,"- ","- ",,,"SAN FRANCISCO","SAN FRANCISCO",-122.50682830810547,37.773399353027344
8465797,2019,2019-05-10,3801,2019-03-01,1225,4260,TRAFF,5,5,7,3801,0,0,0,,0,4B1C,"WOODSIDE AV","BALCETA AV",75.00,E,N,A,-,N,,,,,,,,,,Y,1,1,0,2,A,-,11,21954,A,N,G,B,D,A,H,-,A,D,0,Y,,,,Y,,N,60,0,0,0,1,0,0,0,0,0,"- ","- ",,,"SAN FRANCISCO","SAN FRANCISCO",-122.45607757568359,37.746475219726562
8465872,2019,2019-06-24,3801,2019-03-05,1029,76,TRAFF,2,5,7,3801,0,0,0,,0,3B2H,"LEAVENWORTH ST","GOLDEN GATE AV",14.00,N,N,C,-,N,,,,,,,,,,Y,1,1,0,2,A,-,10,21954,B,N,-,B,D,B,H,-,A,A,0,Y,,,,Y,,A,01,0,0,0,1,0,0,0,0,0,"- ","- ",,,"SAN FRANCISCO","SAN FRANCISCO",-122.41386413574219,37.781906127929688
8465873,2019,2019-06-24,3801,2019-03-15,1816,1994,TRAFF,5,5,7,3801,0,0,0,,0,4B3G,"JOHN MUIR DR","SKYLINE BL",1450.00,E,N,A,-,N,,,,,,,,,,Y,1,1,1,3,A,-,10,21950,A,N,G,B,C,A,H,-,A,D,0,Y,,,,Y,,A,01,0,0,1,1,1,0,0,0,0,"- ","- ",,,"SAN FRANCISCO","SAN FRANCISCO",-122.49668121337891,37.716533660888672
8465876,2019,2019-06-26,3801,2019-05-29,0525,202,TRAFF,3,5,7,3801,0,0,0,,0,4B1C,"GEARY BL","LAGUNA ST",1.00,E,N,B,-,N,,,,,,,,,,Y,1,1,0,2,A,-,11,21456,C,N,G,B,B,A,H,-,C,A,0,Y,,,,Y,,N,60,0,0,0,1,0,0,0,0,0,"- ","- ",,,"SAN FRANCISCO","SAN FRANCISCO",-122.42799377441406,37.785041809082031
8465878,2019,2019-06-26,3801,2019-05-01,2500,2305,TRAFF,3,5,7,3801,0,0,0,,0,4B1H,"SUTTER ST","DIVISADERO ST",0.00,,Y,A,-,N,,,,,,,,,,Y,1,1,0,2,A,-,10,21950,A,N,G,B,B,A,H,-,A,A,0,Y,,,,Y,,A,01,0,0,0,1,0,0,0,0,0,"- ","- ",,,"SAN FRANCISCO","SAN FRANCISCO",-122.43985748291016,37.785251617431641
8465901,2018,2019-07-08,3801,2018-08-18,0308,652,TENDE,6,5,7,3801,0,0,0,,0,004,"JONES ST","ELLIS ST",10.00,S,N,A,-,N,,,,,,,,,,N,1,1,0,2,A,-,12,21453,A,F,G,B,B,A,H,-,C,A,0,Y,,,,Y,,A,01,0,0,0,1,0,0,0,0,0,"- ","- ",,,"SAN FRANCISCO","SAN FRANCISCO",-122.41277313232422,37.784873962402344
8465911,2019,2019-07-09,3801,2019-04-23,1216,1114,TRAFF,2,5,7,3801,0,0,0,,0,4C3,"7TH ST","NATOMA ST",36.00,W,N,A,-,N,,,,,,,,,,Y,1,1,0,2,A,-,17,21203,,N,G,B,E,A,H,-,A,D,0,Y,,,Y,Y,,N,60,0,0,0,1,0,0,0,0,0,"- ","- ",,,"SAN FRANCISCO","SAN FRANCISCO",-122.40998840332031,37.778469085693359
8466026,2019,2019-08-22,3801,2019-07-18,0535,2127,TRAFF,4,5,7,3801,0,0,0,,0,3J1,"MASON ST","EDDY ST",10.00,N,N,A,-,N,,,,,,,,,,Y,1,1,0,2,A,-,10,21950,A,N,G,B,B,A,H,-,C,A,0,Y,,,Y,Y,,F,27,0,0,0,1,0,0,0,0,0,"- ","- ",,,"SAN FRANCISCO","SAN FRANCISCO",-122.4093017578125,37.784408569335938
8468948,2017,2018-05-21,3801,2017-09-17,1121,555,NORTH,7,5,7,3801,0,0,0,,0,3E15C,"LOMBARD ST","LAGUNA ST",0.00,,Y,A,-,Y,SF,4,101,-,-,7.080,H,-,N,Y,3,0,2,3,A,-,04,21703,,N,C,C,B,A,H,-,A,A,0,Y,,Y,,Y,,C,02,0,1,1,0,0,0,0,0,2,"- ","- ",,,"SAN FRANCISCO","SAN FRANCISCO",-122.43140434999999,37.800502530000003
8468956,2017,2018-05-17,3801,2017-09-09,0103,A09150,NORTH,6,5,7,3801,0,0,0,,0,3E14E,"FELL ST","DIVISADERO AV",0.00,,Y,A,-,N,,,,,,,,,,Y,2,0,1,3,A,-,08,22107,,F,B,C,B,A,H,-,C,A,0,Y,,,,Y,,A,01,1,0,0,0,1,0,0,0,0,"- ","- ",,,"SAN FRANCISCO","SAN FRANCISCO",-122.43759986000001,37.774059899999997
8469168,2017,2018-05-17,3801,2017-09-26,1949,1114,BAYVI,2,5,7,3801,0,0,0,,0,3C62,NEWHALL,KIRKWOOD,49.00,N,N,A,-,N,,,,,,,,,,N,3,0,1,2,A,-,00,21954,,F,G,B,D,A,H,-,C,D,0,Y,,,,Y,,N,60,0,1,0,0,1,0,0,0,0,"- ","- ",,,"SAN FRANCISCO","SAN FRANCISCO",-122.38986672999999,37.738262399999996
8469172,2017,2018-05-17,3801,2017-09-07,1637,1481,TENDE,4,5,7,3801,0,0,0,,0,3J51C,"HYDE ST","TURK ST",0.00,,Y,B,-,N,,,,,,,,,,N,4,0,1,2,A,-,10,21950,A,N,G,B,B,A,H,-,A,A,0,Y,,,,Y,,A,01,0,0,1,0,1,0,0,0,0,"- ","- ",,,"SAN FRANCISCO","SAN FRANCISCO",-122.41568995,37.782569889999998
8474201,2017,2017-10-25,3801,2017-09-16,1035,A21785,TARAV,6,5,7,3801,0,0,0,,0,3I16A,"JUDAH ST","23RD AV",0.00,,Y,A,-,N,,,,,,,,,,N,3,0,1,2,A,-,10,21950,A,N,G,B,B,A,H,-,A,A,0,Y,,,,Y,,J,48,0,1,0,0,1,0,0,0,0,"- ","- ",,,"SAN FRANCISCO","SAN FRANCISCO",-122.48126990999999,37.761519890000002
8475912,2017,2017-11-18,3801,2017-10-04,1530,2310,,3,5,7,3801,0,0,0,,0,3E41C,"FELL ST","SCOTT ST",0.00,,Y,A,-,N,,,,,,,,,,N,3,0,1,2,A,-,11,21954,A,N,D,B,E,A,H,-,A,A,0,Y,,,,Y,,N,60,0,1,0,0,1,0,0,0,0,"- ","- ",,,"SAN FRANCISCO","SAN FRANCISCO",-122.43593987,37.774269930000003
8485252,2017,2017-12-04,3801,2017-10-03,0806,777,TARAV,2,5,7,3801,0,0,0,,0,3I2A,"31ST AV","IRVING ST",210.00,S,N,A,-,N,,,,,,,,,,N,4,0,1,2,A,-,03,22350,,N,D,B,D,A,H,-,A,D,0,Y,,,,Y,,A,01,0,0,1,0,1,0,0,0,0,"- ","- ",,,"SAN FRANCISCO","SAN FRANCISCO",-122.48994322,37.762423830000003
8485260,2017,2017-12-04,3801,2017-10-03,0842,301,RICHM,2,5,7,3801,0,0,0,,0,3G14A,"CABRILLO ST","28TH AV",0.00,,Y,A,-,N,,,,,,,,,,N,3,0,1,2,A,-,11,21950,B,N,G,B,B,A,H,-,A,A,0,Y,,,,Y,Y,N,60,0,1,0,0,1,0,0,0,0,"- ","- ",,,"SAN FRANCISCO","SAN FRANCISCO",-122.48753987000001,37.774289889999999
8485268,2017,2017-12-04,3801,2017-10-07,1917,2207,SOUTH,6,5,7,3801,0,0,0,,0,3B14D,"11TH ST","FOLSOM ST",200.00,N,N,A,-,N,,,,,,,,,,N,4,0,1,2,A,-,11,21956,A,N,G,B,E,A,H,-,C,A,0,Y,,,,Y,,N,60,0,0,1,0,1,0,0,0,0,"- ","- ",,,"SAN FRANCISCO","SAN FRANCISCO",-122.41451083,37.772259040000002
8485272,2017,2017-12-04,3801,2017-10-05,1245,A20714,RICHM,4,5,7,3801,0,0,0,,0,3G43,"CLEMENT ST","4TH AV",0.00,,Y,A,-,N,,,,,,,,,,N,3,0,1,2,A,-,10,21950,A,N,G,B,B,A,H,-,A,A,0,Y,,,,Y,,A,08,0,1,0,0,1,0,0,0,0,"- ","- ",,,"SAN FRANCISCO","SAN FRANCISCO",-122.46227992999999,37.78304
8485276,2017,2017-12-04,3801,2017-10-01,1330,2388,TENDE,7,5,7,3801,0,0,0,,0,3J11A,"GOLDEN GATE AV","LEAVENWORTH ST",148.00,E,N,A,-,N,,,,,,,,,,,4,0,1,2,A,-,21,22106,,N,G,B,-,A,H,-,A,D,0,Y,,,,Y,,A,01,0,0,1,0,1,0,0,0,0,"- ","- ",,,"SAN FRANCISCO","SAN FRANCISCO",-122.41335435000001,37.781935150000002
8485296,2017,2017-12-05,3801,2017-10-30,1441,891,MISSI,1,5,7,3801,0,0,0,,0,3D16C,"BRYANT ST","16TH ST",0.00,,Y,A,-,N,,,,,,,,,,N,3,0,1,2,A,-,10,21950,A,N,G,B,B,A,H,-,A,A,0,Y,,,,Y,,-,99,0,1,0,0,1,0,0,0,0,"- ","- ",,,"SAN FRANCISCO","SAN FRANCISCO",-122.41051998,37.765589970000001
8490970,2017,2017-12-12,3801,2017-10-02,0658,709,BAYVI,1,5,7,3801,0,0,0,,0,3C12A,"MARIN ST","BAYSHORE BL",51.00,E,N,A,-,N,,,,,,,,,,N,3,0,1,2,A,-,11,21954,A,N,B,B,D,A,H,-,A,A,0,Y,,,,Y,,N,60,0,1,0,0,1,0,0,0,0,"- ","- ",,,"SAN FRANCISCO","SAN FRANCISCO",-122.40334455999999,37.748134909999997
8490975,2017,2017-11-22,3801,2017-10-26,1936,A20836,INGLE,4,5,7,3801,0,0,0,,0,2H16D,"GENEVA AV","PRAGUE ST",255.00,E,N,A,-,N,,,,,,,,,,N,2,0,1,2,A,-,11,21954,A,N,G,B,D,A,H,-,C,D,0,Y,,,,Y,,N,60,1,0,0,0,1,0,0,0,0,"- ","- ",,,"SAN FRANCISCO","SAN FRANCISCO",-122.43111152,37.712593990000002
8491026,2017,2017-12-06,3801,2017-10-16,1011,A10478,TARAV,1,5,7,3801,0,0,0,,0,3I12A,"JUAN BAUTISTA CIR","GRIJALVA DR",48.00,W,N,A,-,N,,,,,,,,,,N,4,0,2,4,A,-,03,22350,,N,B,E,E,A,H,-,A,D,0,Y,,,,Y,,-,"- ",0,0,2,0,1,0,0,0,0,"- ","- ",,,"SAN FRANCISCO","SAN FRANCISCO",-122.47825884,37.717552189999999
8491039,2017,2017-12-12,3801,2017-10-06,0930,4311,SOUTH,5,5,7,3801,0,0,0,,0,001,"MISSION ST","FREMONT ST",0.00,,Y,A,-,N,,,,,,,,,,N,4,0,1,2,A,-,11,21451,C,N,G,B,B,A,H,-,A,A,0,Y,,,,Y,,N,60,0,0,1,0,1,0,0,0,0,"- ","- ",,,"SAN FRANCISCO","SAN FRANCISCO",-122.39668988,37.79046992
8491226,2017,2017-12-06,3801,2017-10-02,2140,A21283,TARAV,1,5,7,3801,0,0,0,,0,3I15E,"SLOAT BL","21ST AV",0.00,,Y,B,E,N,,,,,,,,,,N,3,0,1,2,A,-,03,22350,,N,G,B,B,A,H,-,C,D,0,Y,,,,Y,,A,01,0,1,0,0,1,0,0,0,0,"- ","- ",,,"SAN FRANCISCO","SAN FRANCISCO",-122.4770699,37.734689920000001
8491227,2017,2017-12-05,3801,2017-10-31,1155,470,CENTR,2,5,7,3801,0,0,0,,0,3A12A,"GEARY ST","KEARNY ST",0.00,,Y,A,-,N,,,,,,,,,,N,4,0,1,2,A,-,10,21950,A,N,D,B,B,A,H,-,A,A,0,Y,,,,Y,,A,01,0,0,1,0,1,0,0,0,0,"- ","- ",,,"SAN FRANCISCO","SAN FRANCISCO",-122.40350986999999,37.787949949999998
8491231,2017,2017-12-05,3801,2017-10-31,0730,2728,MISSI,2,5,7,3801,0,0,0,,0,908,"21ST ST","HAMPSHIRE ST",10.00,E,N,A,-,N,,,,,,,,,,N,4,0,1,2,A,-,10,21950,A,N,G,B,B,A,H,-,B,D,0,Y,,,,Y,,A,01,0,0,1,0,1,0,0,0,0,"- ","- ",,,"SAN FRANCISCO","SAN FRANCISCO",-122.40771549999999,37.757702129999998
8491234,2017,2017-12-06,3801,2017-10-20,1855,2450,INGLE,5,5,7,3801,0,0,0,,0,3H11C,"GENEVA AV","DELANO AV",2.00,W,N,A,-,N,,,,,,,,,,N,3,0,1,2,A,-,10,21950,A,N,H,B,B,A,H,-,B,D,0,Y,Y,,,Y,,L,04,0,1,0,0,1,0,0,0,0,"- ","- ",,,"SAN FRANCISCO","SAN FRANCISCO",-122.44513573,37.72010307
8491235,2017,2017-12-05,3801,2017-10-28,1057,311,NORTH,6,5,7,3801,0,0,0,,0,3E14B,"FILLMORE ST","GROVE ST",0.00,,Y,A,-,N,,,,,,,,,,N,4,0,1,2,D,-,00,,,N,B,B,B,A,H,-,A,D,0,Y,,,,Y,,-,"- ",0,0,1,0,1,0,0,0,0,"- ","- ",,,"SAN FRANCISCO","SAN FRANCISCO",-122.43136995,37.776759970000001
8491249,2017,2017-12-06,3801,2017-10-11,1500,974,CO1,3,5,7,3801,0,0,0,,0,312A,"TARAVAL ST","22ND AV",37.00,E,N,A,-,N,,,,,,,,,,,3,0,1,2,A,-,11,21950,B,N,G,B,D,A,H,-,A,D,0,Y,,,,Y,,N,60,0,1,0,0,1,0,0,0,0,"- ","- ",,,"SAN FRANCISCO","SAN FRANCISCO",-122.47878214000001,37.742914740000003
8491255,2017,2017-12-05,3801,2017-10-30,1520,4274,RICHM,1,5,7,3801,0,0,0,,0,3G13C,"ARGUELLO BL","ANZA ST",10.00,S,N,A,-,N,,,,,,,,,,N,4,0,1,2,A,-,10,21950,A,N,G,B,B,A,H,-,A,A,0,Y,,,,Y,,-,"- ",0,0,1,0,1,0,0,0,0,"- ","- ",,,"SAN FRANCISCO","SAN FRANCISCO",-122.45874781000001,37.779322579999999
8491265,2017,2017-12-06,3801,2017-10-10,1810,A21167,INGLE,2,5,7,3801,0,0,0,,0,5CAR,"ALEMANY BL","NAGLEE AV",0.00,,Y,A,-,N,,,,,,,,,,N,4,0,1,2,A,-,10,21950,A,N,B,B,B,A,H,-,A,D,0,Y,,,,Y,,A,01,0,0,1,0,1,0,0,0,0,"- ","- ",,,"SAN FRANCISCO","SAN FRANCISCO",-122.44900995,37.713940000000001
8491270,2017,2017-12-06,3801,2017-10-26,0748,142,INGLE,4,5,7,3801,0,0,0,,0,3H11A,"MISSION ST","VIRGINIA AV",0.00,,Y,A,-,N,,,,,,,,,,N,3,0,1,2,A,-,10,21950,A,N,G,B,B,A,H,-,A,A,0,Y,,,,Y,,A,01,0,1,0,0,1,0,0,0,0,"- ","- ",,,"SAN FRANCISCO","SAN FRANCISCO",-122.42149999,37.743149930000001
8491275,2017,2018-01-24,3801,2017-10-21,1431,311,TENDE,6,5,7,3801,0,0,0,,0,3J13E,"HYDE ST","EDDY ST",0.00,,Y,A,-,N,,,,,,,,,,N,4,0,1,2,D,-,00,,,N,G,B,D,A,H,-,A,A,0,Y,,,,Y,,-,"- ",0,0,1,0,1,0,0,0,0,"- ","- ",,,"SAN FRANCISCO","SAN FRANCISCO",-122.41588996999999,37.783509930000001
8491279,2017,2017-12-05,3801,2017-10-18,1030,4060,PARK,3,5,7,3801,0,0,0,,0,3F14A,"DUBOCE AV","BELCHER ST",69.00,W,N,A,-,N,,,,,,,,,,N,4,0,1,2,A,-,00,21951,A,N,G,B,D,A,H,-,A,A,0,Y,,,,Y,,N,60,0,0,1,0,1,0,0,0,0,"- ","- ",,,"SAN FRANCISCO","SAN FRANCISCO",-122.43046824,37.769377120000001
8491284,2017,2017-12-01,3801,2017-10-08,1607,195,,7,5,7,3801,0,0,0,,0,3E14D,"PINE ST","PIERCE ST",0.00,,Y,A,-,N,,,,,,,,,,N,4,0,1,2,A,-,08,22107,,N,G,B,B,A,H,-,A,A,0,Y,,,,Y,,A,01,0,0,1,0,1,0,0,0,0,"- ","- ",,,"SAN FRANCISCO","SAN FRANCISCO",-122.43692996999999,37.787539930000001
8491287,2017,2017-11-29,3801,2017-10-25,1543,1636,TARAV,3,5,7,3801,0,0,0,,0,3I16D,"14TH AV","TARAVAL ST",0.00,,Y,A,-,N,,,,,,,,,,N,3,0,1,2,A,-,11,21950,B,N,G,B,B,A,H,-,A,A,0,Y,,,,Y,Y,N,60,0,1,0,0,1,0,0,0,0,"- ","- ",,,"SAN FRANCISCO","SAN FRANCISCO",-122.47022987,37.74328998
8491290,2017,2018-02-08,3801,2017-10-07,1533,4026,NORTH,6,5,7,3801,0,0,0,,0,3E43C,"VALLEJO ST","VAN NESS AV",35.00,E,N,A,-,N,,,,,,,,,,N,4,0,1,2,A,-,11,21955,,N,G,B,D,A,H,-,A,A,0,Y,,,,Y,,N,60,0,0,1,0,1,0,0,0,0,"- ","- ",,,"SAN FRANCISCO","SAN FRANCISCO",-122.42357031,37.796694959999996
8491292,2017,2017-12-01,3801,2017-10-08,0855,1485,3E,7,5,7,3801,0,0,0,,0,12A,"GOLDEN GATE AV","FILLMORE ST",0.00,,Y,A,-,N,,,,,,,,,,N,4,0,1,2,A,-,10,21950,A,N,G,B,B,A,H,-,A,A,0,Y,,,,Y,,A,01,0,0,1,0,1,0,0,0,0,"- ","- ",,,"SAN FRANCISCO","SAN FRANCISCO",-122.43193991,37.77955996
8491298,2017,2017-11-28,3801,2017-10-06,2331,720,TENDE,5,5,7,3801,0,0,0,,0,3J13E,"TURK ST","LARKIN ST",0.00,,Y,A,-,N,,,,,,,,,,N,4,0,1,2,A,-,10,21950,A,F,G,B,B,A,H,-,C,A,0,Y,,,,Y,Y,A,07,0,0,1,0,1,0,0,0,0,"- ","- ",,,"SAN FRANCISCO","SAN FRANCISCO",-122.41733986,37.782379980000002
8491299,2017,2017-11-29,3801,2017-10-06,1055,563,PARK,5,5,7,3801,0,0,0,,0,3CAR,"COLE ST","HAYES ST",18.00,N,N,A,-,N,,,,,,,,,,N,3,0,1,2,A,-,10,21950,A,N,G,B,D,A,H,-,A,A,0,Y,,,,Y,,A,01,0,1,0,0,1,0,0,0,0,"- ","- ",,,"SAN FRANCISCO","SAN FRANCISCO",-122.45097242,37.773378460000004
8491303,2017,2017-11-29,3801,2017-10-14,0233,2732,SOUTH,6,5,7,3801,0,0,0,,0,3B15E,"HOWARD ST","2ND ST",0.00,,Y,A,-,N,,,,,,,,,,Y,3,0,1,2,A,-,10,21950,A,F,G,B,B,A,H,-,C,A,0,Y,,,,Y,,A,01,0,1,0,0,1,0,0,0,0,"- ","- ",,,"SAN FRANCISCO","SAN FRANCISCO",-122.39824992,37.786789939999998
8491306,2017,2017-11-28,3801,2017-10-09,2320,1246,TENDE,1,5,7,3801,0,0,0,,0,004,"LEAVENWORTH ST","TURK ST",0.00,,Y,A,-,N,,,,,,,,,,N,4,0,1,2,A,-,11,21954,A,N,G,B,D,A,H,-,C,A,0,Y,,,,Y,,N,60,0,0,1,0,1,0,0,0,0,"- ","- ",,,"SAN FRANCISCO","SAN FRANCISCO",-122.41403986,37.782799910000001
8491307,2017,2017-11-29,3801,2017-10-13,1735,A21280,TARAV,5,5,7,3801,0,0,0,,0,3I16D,"OCEAN AV","APTOS AV",0.00,,Y,A,-,N,,,,,,,,,,N,3,0,1,2,A,-,11,21453,D,N,G,B,B,A,H,-,A,A,0,Y,,,,Y,,N,60,0,1,0,0,1,0,0,0,0,"- ","- ",,,"SAN FRANCISCO","SAN FRANCISCO",-122.46772996,37.728289910000001
8491312,2017,2017-12-01,3801,2017-10-17,1437,97,,2,5,7,3801,0,0,0,,0,3F2A,"MASONIC AV","EWING TER",20.00,S,N,A,-,N,,,,,,,,,,N,4,0,1,2,A,-,09,21453,B,N,G,B,B,A,H,-,A,A,0,Y,,,,Y,,-,,0,0,1,0,1,0,0,0,0,"- ","- ",,,"SAN FRANCISCO","SAN FRANCISCO",-122.44734931000001,37.780095719999998
8491313,2017,2017-12-05,3801,2017-10-19,0909,377,NORTH,4,5,7,3801,0,0,0,,0,3E15A,"DIVISADERO ST","ELLIS ST",0.00,,Y,A,-,N,,,,,,,,,,N,4,0,1,2,A,-,10,21950,A,N,A,B,B,A,H,-,A,A,0,Y,,,,Y,,N,60,0,0,1,0,1,0,0,0,0,"- ","- ",,,"SAN FRANCISCO","SAN FRANCISCO",-122.43910992000001,37.781519899999999
8491317,2017,2017-12-05,3801,2017-10-19,0837,143,MISSI,4,5,7,3801,0,0,0,,0,006,"17TH ST","GUERRERO ST",108.00,W,N,A,-,N,,,,,,,,,,N,4,0,1,2,A,-,03,22350,,F,G,B,E,A,H,-,A,A,0,Y,,,,Y,,A,01,0,0,1,0,1,0,0,0,0,"- ","- ",,,"SAN FRANCISCO","SAN FRANCISCO",-122.42430244000001,37.76314541
8491318,2017,2018-01-18,3801,2017-10-01,1815,1330,MISSI,7,5,7,3801,0,0,0,,0,3D16E,"18TH ST","POTRERO AV",0.00,,Y,F,-,N,,,,,,,,,,N,4,0,1,2,A,-,10,21950,A,N,G,B,B,A,H,-,B,A,0,Y,,,,Y,,A,01,0,0,1,0,1,0,0,0,0,"- ","- ",,,"SAN FRANCISCO","SAN FRANCISCO",-122.40721996000001,37.761929899999998
8491320,2017,2017-12-20,3801,2017-10-06,1411,185,,5,5,7,3801,0,0,0,,0,3D14C,"MISSION ST","13TH ST",0.00,,Y,A,-,N,,,,,,,,,,N,4,0,1,2,A,-,10,21950,A,F,G,B,B,A,H,-,A,A,0,Y,,,,Y,,A,01,0,0,1,0,1,0,0,0,0,"- ","- ",,,"SAN FRANCISCO","SAN FRANCISCO",-122.42017991,37.769989959999997
8491321,2017,2017-12-05,3801,2017-10-24,0917,801,NORTH,2,5,7,3801,0,0,0,,0,3E14A,"POLK ST","CALIFORNIA ST",0.00,,Y,A,-,N,,,,,,,,,,N,3,0,1,2,A,-,10,21950,A,N,G,B,B,A,H,-,A,A,0,Y,,,,Y,Y,A,01,0,1,0,0,1,0,0,0,0,"- ","- ",,,"SAN FRANCISCO","SAN FRANCISCO",-122.42067992,37.790569959999999
8491324,2017,2017-12-04,3801,2017-10-01,1911,575,,7,5,7,3801,0,0,0,,0,3J53D,"MARKET ST","CYRIL MAGNIN ST",0.00,,Y,A,-,N,,,,,,,,,,N,4,0,1,2,A,-,11,21453,D,N,D,B,B,A,H,-,A,A,0,Y,,,,Y,,N,60,0,0,1,0,1,0,0,0,0,"- ","- ",,,"SAN FRANCISCO","SAN FRANCISCO",-122.40805989,37.783999919999999