CASE_ID,ACCIDENT_YEAR,PROC_DATE,JURIS,COLLISION_DATE,COLLISION_TIME,OFFICER_ID,REPORTING_DISTRICT,DAY_OF_WEEK,CHP_SHIFT,POPULATION,CNTY_CITY_LOC,SPECIAL_COND,BEAT_TYPE,CHP_BEAT_TYPE,CITY_DIVISION_LAPD,CHP_BEAT_CLASS,BEAT_NUMBER,PRIMARY_RD,SECONDARY_RD,DISTANCE,DIRECTION,INTERSECTION,WEATHER_1,WEATHER_2,STATE_HWY_IND,CALTRANS_COUNTY,CALTRANS_DISTRICT,STATE_ROUTE,ROUTE_SUFFIX,POSTMILE_PREFIX,POSTMILE,LOCATION_TYPE,RAMP_INTERSECTION,SIDE_OF_HWY,TOW_AWAY,COLLISION_SEVERITY,NUMBER_KILLED,NUMBER_INJURED,PARTY_COUNT,PRIMARY_COLL_FACTOR,PCF_CODE_OF_VIOL,PCF_VIOL_CATEGORY,PCF_VIOLATION,PCF_VIOL_SUBSECTION,HIT_AND_RUN,TYPE_OF_COLLISION,MVIW,PED_ACTION,ROAD_SURFACE,ROAD_COND_1,ROAD_COND_2,LIGHTING,CONTROL_DEVICE,CHP_ROAD_TYPE,PEDESTRIAN_ACCIDENT,BICYCLE_ACCIDENT,MOTORCYCLE_ACCIDENT,TRUCK_ACCIDENT,NOT_PRIVATE_PROPERTY,ALCOHOL_INVOLVED,STWD_VEHTYPE_AT_FAULT,CHP_VEHTYPE_AT_FAULT,COUNT_SEVERE_INJ,COUNT_VISIBLE_INJ,COUNT_COMPLAINT_PAIN,COUNT_PED_KILLED,COUNT_PED_INJURED,COUNT_BICYCLIST_KILLED,COUNT_BICYCLIST_INJURED,COUNT_MC_KILLED,COUNT_MC_INJURED,PRIMARY_RAMP,SECONDARY_RAMP,LATITUDE,LONGITUDE,COUNTY,CITY,POINT_X,POINT_Y
8491326,2017,2017-11-28,3801,2017-10-04,1223,379,RICHM,3,5,7,3801,0,0,0,,0,0G4,"30TH AV","FULTON ST",0.00,,Y,A,-,N,,,,,,,,,,N,4,0,1,2,A,-,10,21950,A,N,G,B,B,A,H,-,A,A,0,Y,,,,Y,,A,01,0,0,1,0,1,0,0,0,0,"- ","- ",,,"SAN FRANCISCO","SAN FRANCISCO",-122.48953987,37.772329910000003
8491329,2017,2017-12-05,3801,2017-10-23,0932,299,RICHM,1,5,7,3801,0,0,0,,0,3G13A,"GEARY BL","PALM AV",0.00,,Y,A,-,N,,,,,,,,,,N,3,0,1,2,A,-,10,21950,A,N,G,B,B,A,H,-,A,A,0,Y,,,,Y,,A,01,0,1,0,0,1,0,0,0,0,"- ","- ",,,"SAN FRANCISCO","SAN FRANCISCO",-122.45774996,37.781379950000002
8491336,2017,2017-12-04,3801,2017-10-01,1306,4254,,7,5,7,3801,0,0,0,,0,3A14C,"JACKSON ST","POWELL ST",20.00,E,N,A,-,N,,,,,,,,,,N,3,0,1,2,A,-,21,22106,,N,-,B,E,A,H,-,A,A,0,Y,,,,Y,,A,01,0,1,0,0,1,0,0,0,0,"- ","- ",,,"SAN FRANCISCO","SAN FRANCISCO",-122.40981155999999,37.795628299999997
8491338,2017,2017-11-28,3801,2017-10-09,1515,135,MISSI,1,5,7,3801,0,0,0,,0,3D13C,"16TH ST","POTRERO AV",110.00,W,N,A,-,N,,,,,,,,,,N,4,0,1,2,A,-,11,21954,A,N,G,B,E,A,H,-,A,D,0,Y,,,,Y,,N,60,0,0,1,0,1,0,0,0,0,"- ","- ",,,"SAN FRANCISCO","SAN FRANCISCO",-122.4079393,37.765744470000001
8491350,2017,2018-01-18,3801,2017-10-04,1305,723,CENTR,3,5,7,3801,0,0,0,,0,5CAR,"NEW MONTGOMERY ST","JESSIE ST",0.00,,Y,A,-,N,,,,,,,,,,N,4,0,1,2,A,-,07,21658,A,N,G,B,E,A,H,-,A,A,0,Y,,,,Y,,-,,0,0,1,0,1,0,0,0,0,"- ","- ",,,"SAN FRANCISCO","SAN FRANCISCO",-122.40098995,37.787869890000003
8491351,2017,2017-11-29,3801,2017-10-05,1135,1887,TENDE,4,5,7,3801,0,0,0,,0,4B1B,"EDDY ST","MASON ST",7.00,E,N,A,-,N,,,,,,,,,,N,4,0,1,2,A,-,10,21950,A,N,G,B,B,A,H,-,A,A,0,Y,,,,Y,,A,01,0,0,1,0,1,0,0,0,0,"- ","- ",37.784260000000003,-122.40931999999999,"SAN FRANCISCO","SAN FRANCISCO",-122.40927619,37.784383570000003
8491355,2017,2017-11-29,3801,2017-10-05,0005,4040,TENDE,4,5,7,3801,0,0,0,,0,3J11E,"LARKIN ST","OFARRELL ST",0.00,,Y,A,-,N,,,,,,,,,,N,4,0,1,2,A,-,11,21453,D,N,G,B,B,A,H,-,C,A,0,Y,,,,Y,,N,60,0,0,1,0,1,0,0,0,0,"- ","- ",,,"SAN FRANCISCO","SAN FRANCISCO",-122.41789996999999,37.785169930000002
8491360,2017,2017-12-04,3801,2017-10-31,0920,623,,2,5,7,3801,0,0,0,,0,3C14A,"SAN BRUNO AV","PAUL AV",0.00,,Y,A,-,N,,,,,,,,,,N,3,0,1,2,A,-,10,21950,A,F,G,B,B,A,H,-,A,A,0,Y,,,,Y,,-,,0,1,0,0,1,0,0,0,0,"- ","- ",,,"SAN FRANCISCO","SAN FRANCISCO",-122.40204992,37.723919899999999
8491367,2017,2018-03-15,3801,2017-10-24,1330,242,CENTR,2,5,7,3801,0,0,0,,0,901,"COLUMBUS AV","UNION ST",137.00,N,N,A,-,N,,,,,,,,,,,2,0,1,2,A,-,11,21955,,N,G,B,E,A,H,-,A,D,0,Y,,,,Y,,N,60,1,0,0,0,1,0,0,0,0,"- ","- ",,,"SAN FRANCISCO","SAN FRANCISCO",-122.41052999999999,37.800555000000003
8491368,2017,2017-11-28,3801,2017-10-17,2120,2268,TARAV,2,5,7,3801,0,0,0,,0,3I16D,"OCEAN AV","LEE AV",0.00,,Y,A,-,N,,,,,,,,,,N,4,0,1,2,A,-,10,21950,A,F,B,B,B,A,H,-,C,A,0,Y,,,,Y,,A,01,0,0,1,0,1,0,0,0,0,"- ","- ",,,"SAN FRANCISCO","SAN FRANCISCO",-122.45409986999999,37.723489950000001
8491387,2017,2017-11-27,3801,2017-10-24,1915,2008,TARAV,2,5,7,3801,0,0,0,,0,3I15D,"20TH AV","BUCKINGHAM WY",0.00,,Y,A,-,N,,,,,,,,,,N,2,0,1,2,A,-,10,21950,A,F,G,B,B,A,H,-,C,A,0,Y,,,,Y,,A,01,1,0,0,0,1,0,0,0,0,"- ","- ",,,"SAN FRANCISCO","SAN FRANCISCO",-122.47597987,37.730089960000001
8491391,2017,2017-11-27,3801,2017-10-24,1314,818,SOUTH,2,5,7,3801,0,0,0,,0,003,"6TH ST","HOWARD ST",0.00,,Y,A,-,N,,,,,,,,,,N,4,0,1,2,A,-,10,21950,A,N,G,B,B,A,H,-,A,A,0,Y,,,,Y,,-,,0,0,1,0,1,0,0,0,0,"- ","- ",,,"SAN FRANCISCO","SAN FRANCISCO",-122.40713988,37.779749950000003
8491403,2017,2018-02-06,3801,2017-10-21,2204,A11409,SOUTH,6,5,7,3801,0,0,0,,0,0B5,"TOWNSEND ST","5TH ST",0.00,,Y,A,-,N,,,,,,,,,,N,4,0,1,2,A,-,11,21956,,N,G,B,E,A,H,-,C,D,0,Y,,,,Y,Y,N,60,0,0,1,0,1,0,0,0,0,"- ","- ",,,"SAN FRANCISCO","SAN FRANCISCO",-122.39722992,37.775349949999999
8491411,2017,2017-11-27,3801,2017-10-25,1341,1888,RICHM,3,5,7,3801,0,0,0,,0,0G4,"FULTON ST","22ND AV",0.00,,Y,A,-,N,,,,,,,,,,N,3,0,1,2,A,-,10,21950,A,N,G,B,B,A,H,-,A,A,0,Y,,,,Y,,A,01,0,1,0,0,1,0,0,0,0,"- ","- ",,,"SAN FRANCISCO","SAN FRANCISCO",-122.48098996,37.772709910000003
8491415,2017,2018-01-30,3801,2017-10-25,1046,299,,3,5,7,3801,0,0,0,,0,3G12A,"GEARY BL","SPRUCE ST",8.00,E,N,A,-,N,,,,,,,,,,N,3,0,1,2,A,-,10,21950,A,N,G,B,B,A,H,-,A,A,0,Y,,,,Y,,A,07,0,1,0,0,1,0,0,0,0,"- ","- ",,,"SAN FRANCISCO","SAN FRANCISCO",-122.4531526,37.781793190000002
8491423,2017,2017-11-27,3801,2017-10-19,1035,1574,TARAV,4,5,7,3801,0,0,0,,0,3I13A,"19TH AV","VICENTE ST",17.00,N,N,A,-,N,,,,,,,,,,Y,4,0,1,2,A,-,03,22350,,N,-,-,E,A,H,-,A,A,0,Y,,,,Y,,A,01,0,0,1,0,1,0,0,0,0,"- ","- ",,,"SAN FRANCISCO","SAN FRANCISCO",-122.47543347,37.739356620000002
8491432,2017,2018-01-18,3801,2017-10-10,1155,235,CENTR,2,5,7,3801,0,0,0,,0,3A13A,"LOMBARD ST","LEAVENWORTH ST",10.00,E,N,A,-,N,,,,,,,,,,N,2,0,1,2,A,-,11,21956,A,N,A,B,E,A,H,-,A,A,0,Y,,,,Y,,N,60,1,0,0,0,1,0,0,0,0,"- ","- ",,,"SAN FRANCISCO","SAN FRANCISCO",-122.4179458,37.802204279999998
8491435,2017,2018-02-06,3801,2017-10-22,0220,1837,3C,7,5,7,3801,0,0,0,,0,3C11E,"25TH ST","WISCONSIN ST",5.00,N,N,A,-,N,,,,,,,,,,Y,4,0,1,2,A,-,08,22107,,N,A,B,E,A,H,-,C,D,0,Y,,,,Y,Y,A,07,0,0,1,0,1,0,0,0,0,"- ","- ",,,"SAN FRANCISCO","SAN FRANCISCO",-122.3984535,37.752144129999998
8491442,2017,2017-12-19,3801,2017-02-27,2155,643,MISSI,1,5,7,3801,0,0,0,,0,5CAR,"VALENCIA ST","18TH ST",80.00,S,N,A,-,N,,,,,,,,,,N,4,0,1,2,A,-,21,22106,,N,G,B,E,A,H,-,C,D,0,Y,,,,Y,,A,07,0,0,1,0,1,0,0,0,0,"- ","- ",,,"SAN FRANCISCO","SAN FRANCISCO",-122.42153809,37.76149092
8491446,2016,2017-11-21,3801,2016-04-30,1150,1714,TARAV,6,5,7,3801,0,0,0,,0,4B6I,"20TH AV","LAWTON ST",310.00,S,N,A,-,N,,,,,,,,,,N,2,0,1,2,A,-,11,21954,A,N,G,B,E,A,H,-,A,D,0,Y,,,,Y,,N,60,1,0,0,0,1,0,0,0,0,"- ","- ",37.758000000000003,-122.47761,"SAN FRANCISCO","SAN FRANCISCO",-122.47774927,37.757039740000003
8491452,2017,2018-01-20,3801,2017-10-06,0811,777,,5,5,7,3801,0,0,0,,0,3115A,"LAWTON ST","22ND AV",12.00,E,N,A,-,N,,,,,,,,,,N,4,0,1,2,A,-,00,21980,A,N,D,B,B,A,H,-,B,A,0,Y,,,,Y,,A,01,0,0,1,0,1,0,0,0,0,"- ","- ",,,"SAN FRANCISCO","SAN FRANCISCO",-122.47990852,37.75783157
8491456,2017,2018-01-20,3801,2017-10-18,0903,1936,PARK,3,5,7,3801,0,0,0,,0,4B1J,"CLARENDON AV","STANYAN ST",213.00,W,N,A,-,N,,,,,,,,,,N,4,0,1,2,A,-,11,21954,A,N,G,B,D,A,H,-,A,D,0,Y,,,,Y,,N,60,0,0,1,0,1,0,0,0,0,"- ","- ",37.585630000000002,-122.45117999999999,"SAN FRANCISCO","SAN FRANCISCO",-122.45205659,37.758367249999999
8491463,2017,2018-01-18,3801,2017-10-22,1630,2020,SOUTH,7,5,7,3801,0,0,0,,0,3B12D,"RINGOLD ST","9TH ST",0.00,,Y,A,-,N,,,,,,,,,,N,2,0,1,2,A,-,11,21954,A,N,G,B,D,A,H,-,A,D,0,Y,,,,Y,,N,60,1,0,0,0,1,0,0,0,0,"- ","- ",,,"SAN FRANCISCO","SAN FRANCISCO",-122.41104989999999,37.77332998
8491480,2017,2018-01-20,3801,2017-10-10,1158,834,,2,5,7,3801,0,0,0,,0,3B14B,"OTIS ST","DUBOCE AV",90.00,N,N,A,-,N,,,,,,,,,,N,4,0,1,2,A,-,17,21657,,N,G,J,F,A,H,-,A,D,0,Y,,,,Y,,N,60,0,0,1,0,1,0,0,0,0,"- ","- ",,,"SAN FRANCISCO","SAN FRANCISCO",-122.42021386,37.770376519999999
8493129,2017,2018-06-08,3801,2017-10-13,1543,2369,TENDE,5,5,7,3801,0,0,0,,0,002,"MARKET ST","5TH ST",0.00,,Y,A,B,N,,,,,,,,,,N,3,0,1,2,A,-,10,21950,A,N,G,B,B,A,H,-,A,A,0,Y,,,,Y,,-,,0,1,0,0,1,0,0,0,0,"- ","- ",,,"SAN FRANCISCO","SAN FRANCISCO",-122.40805989,37.783999919999999
8493286,2017,2018-06-08,3801,2017-10-22,0108,1017,MISSI,7,5,7,3801,0,0,0,,0,3D15E,"MISSION ST","20TH ST",0.00,,Y,A,-,N,,,,,,,,,,N,3,0,1,2,A,-,00,21955,A,N,G,B,D,A,H,-,C,D,0,Y,,,,Y,Y,N,60,0,1,0,0,1,0,0,0,0,"- ","- ",,,"SAN FRANCISCO","SAN FRANCISCO",-122.41903997,37.758629910000003
8496502,2017,2017-11-18,3801,2017-10-12,1239,711,,4,5,7,3801,0,0,0,,0,005,"BATTERY ST","1ST ST",0.00,,Y,A,-,N,,,,,,,,,,N,4,0,1,2,A,-,11,21453,D,N,G,B,B,A,H,-,A,A,0,Y,,,,Y,,N,60,0,0,1,0,1,0,0,0,0,"- ","- ",,,"SAN FRANCISCO","SAN FRANCISCO",-122.39961147,37.79133435
8496505,2017,2017-11-18,3801,2017-10-09,0820,59,3D,1,5,7,3801,0,0,0,,0,,"GUERRERO ST","14TH ST",0.00,,Y,A,-,N,,,,,,,,,,N,4,0,2,2,A,-,11,21453,D,N,H,B,B,A,H,-,A,A,0,Y,Y,,,Y,,N,60,0,0,2,0,1,0,1,0,0,"- ","- ",,,"SAN FRANCISCO","SAN FRANCISCO",-122.42440985,37.768019940000002
8496513,2017,2017-11-18,3801,2017-10-08,1800,1421,,7,5,7,3801,0,0,0,,0,3G2D,"CALIFORNIA ST","17TH AV",0.00,,Y,A,F,N,,,,,,,,,,N,4,0,1,2,A,-,11,21950,B,N,G,B,B,A,H,-,A,A,0,Y,,,,Y,,N,60,0,0,1,0,1,0,0,0,0,"- ","- ",,,"SAN FRANCISCO","SAN FRANCISCO",-122.47643991,37.78424991
8496518,2017,2017-11-18,3801,2017-10-20,1440,127,,5,5,7,3801,0,0,0,,0,005,"GOUGH ST","GREEN ST",5.00,S,N,B,-,N,,,,,,,,,,N,4,0,1,2,A,-,10,21950,A,N,G,B,B,A,H,-,A,D,0,Y,,,,Y,,A,01,0,0,1,0,1,0,0,0,0,"- ","- ",,,"SAN FRANCISCO","SAN FRANCISCO",-122.42707663,37.797186529999998
8496522,2017,2017-11-18,3801,2017-10-22,0210,740,"CO D",7,5,7,3801,0,0,0,,0,3D14E,"VALENCIA ST","16TH ST",0.00,,Y,A,-,N,,,,,,,,,,N,4,0,1,2,A,-,11,21456,B,N,D,B,B,A,H,-,C,A,0,Y,,,,Y,Y,N,60,0,0,1,0,1,0,0,0,0,"- ","- ",,,"SAN FRANCISCO","SAN FRANCISCO",-122.42189,37.764909899999999
8496528,2017,2018-02-17,3801,2017-10-31,0910,1016,NORTH,2,5,7,3801,0,0,0,,0,5CAR,"LOMBARD ST","PIERCE ST",0.00,,Y,-,-,N,,,,,,,,,,N,4,0,1,2,A,-,10,21950,A,N,B,B,B,-,H,-,A,A,0,Y,,,,Y,,A,07,0,0,1,0,1,0,0,0,0,"- ","- ",,,"SAN FRANCISCO","SAN FRANCISCO",-122.43933998,37.799419919999998
8496536,2017,2018-02-17,3801,2017-10-23,0921,47,TARAV,1,5,7,3801,0,0,0,,0,3I3A,"ULLOA ST","42ND AV",0.00,,Y,A,-,N,,,,,,,,,,N,4,0,1,2,A,-,10,21950,A,N,G,-,B,-,H,-,A,A,0,Y,,,,Y,,A,07,0,0,1,0,1,0,0,0,0,"- ","- ",,,"SAN FRANCISCO","SAN FRANCISCO",-122.5001899,37.740109930000003
8496540,2017,2018-02-17,3801,2017-10-23,1009,991,NORTH,1,5,7,3801,0,0,0,,0,4B2A,BROADWAY,"STEINER ST",0.00,,Y,A,-,N,,,,,,,,,,N,3,0,1,2,A,-,10,21950,A,N,G,B,B,A,H,-,A,A,0,Y,,,,Y,,A,01,0,1,0,0,1,0,0,0,0,"- ","- ",37.79419,-122.43667000000001,"SAN FRANCISCO","SAN FRANCISCO",-122.43656991,37.794069980000003
8496544,2017,2018-02-17,3801,2017-10-14,1116,A22595,CENTR,6,5,7,3801,0,0,0,,0,3A15A,"POST ST","MASON ST",0.00,,Y,A,-,N,,,,,,,,,,N,2,0,1,2,A,-,10,21950,A,N,G,B,B,A,H,-,A,A,0,Y,,,,Y,,A,01,1,0,0,0,1,0,0,0,0,"- ","- ",,,"SAN FRANCISCO","SAN FRANCISCO",-122.41002994999999,37.788049940000001
8496667,2017,2017-12-11,3801,2017-10-07,1656,276,"CO A",6,5,7,3801,0,0,0,,0,3A93A,"NORTH POINT ST","TAYLOR ST",0.00,,Y,A,-,N,,,,,,,,,,Y,4,0,3,4,A,-,10,21950,A,N,G,B,B,A,H,-,A,A,0,Y,,,,Y,,J,41,0,0,3,0,3,0,0,0,0,"- ","- ",,,"SAN FRANCISCO","SAN FRANCISCO",-122.41543987,37.806359899999997
8496718,2017,2017-12-11,3801,2017-10-21,0135,926,"CO G",6,5,7,3801,0,0,0,,0,3G14E,"GEARY BL","17TH AV",135.00,E,N,A,-,N,,,,,,,,,,Y,4,0,1,4,A,-,03,22350,,N,G,B,E,A,H,-,C,A,0,Y,,,Y,Y,,A,01,0,0,1,0,1,0,0,0,0,"- ","- ",,,"SAN FRANCISCO","SAN FRANCISCO",-122.47570355000001,37.780552
8498068,2017,2018-01-19,3801,2017-10-29,0112,2421,PARK,7,5,7,3801,0,0,0,,0,3F3E,"MASONIC AV","HAIGHT ST",0.00,,Y,A,-,N,,,,,,,,,,N,3,0,1,2,A,-,10,21950,A,N,G,B,B,A,H,-,C,A,0,Y,,,,Y,Y,A,01,0,1,0,0,1,0,0,0,0,"- ","- ",,,"SAN FRANCISCO","SAN FRANCISCO",-122.44534989,37.770209989999998
8498572,2017,2017-12-07,3801,2017-10-26,0952,703,PARK,4,5,7,3801,0,0,0,,0,,OFARRELL,"MASONIC AV",0.00,,Y,A,-,N,,,,,,,,,,N,3,0,1,2,A,-,10,21950,A,N,A,B,B,A,D,-,A,A,0,Y,,,,Y,,A,01,0,1,0,0,1,0,0,0,0,"- ","- ",,,"SAN FRANCISCO","SAN FRANCISCO",-122.44753987999999,37.781039900000003
8500771,2017,2017-12-06,3801,2017-10-04,1200,1482,TENDE,3,5,7,3801,0,0,0,,0,3J52,"MARKET ST","5TH ST",0.00,,Y,A,-,N,,,,,,,,,,N,4,0,1,2,D,-,00,,,N,G,B,B,A,H,-,A,A,0,Y,,,,Y,,-,"- ",0,0,1,0,1,0,0,0,0,"- ","- ",,,"SAN FRANCISCO","SAN FRANCISCO",-122.40805989,37.783999919999999
8504274,2018,2018-11-14,3801,2018-08-28,1601,427,BAYVI,2,5,7,3801,0,0,0,,0,3C15D,"3RD ST",FITZGERALD,0.00,,Y,A,-,N,,,,,,,,,,N,4,0,1,2,A,-,11,21453,D,N,G,B,B,A,H,-,B,A,0,Y,,,,Y,,N,60,0,0,1,0,1,0,0,0,0,"- ","- ",,,"SAN FRANCISCO","SAN FRANCISCO",-122.39539337158203,37.723201751708984
8504512,2017,2018-06-08,3801,2017-11-06,0736,623,BAYVI,1,5,7,3801,0,0,0,,0,3C11A,"18TH ST","PENNSYLVANIA AV",0.00,,Y,A,-,N,,,,,,,,,,N,4,0,1,2,A,-,10,21950,A,N,G,B,B,A,H,-,A,A,0,Y,,,,Y,,A,01,0,0,1,0,1,0,0,0,0,"- ","- ",,,"SAN FRANCISCO","SAN FRANCISCO",-122.39362998999999,37.76275991
8504516,2017,2018-02-21,3801,2017-11-20,2322,1086,NORTH,1,5,7,3801,0,0,0,,0,3E16E,"VAN NESS AV","UNION ST",0.00,,Y,A,-,N,,,,,,,,,,N,4,0,1,2,A,-,11,21453,D,N,G,B,E,A,-,-,C,A,0,Y,,,,Y,,N,60,0,0,1,0,1,0,0,0,0,"- ","- ",,,"SAN FRANCISCO","SAN FRANCISCO",-122.42405986999999,37.798539959999999
8504686,2018,2019-02-13,3801,2018-12-23,1729,1230,INGLE,7,5,7,3801,0,0,0,,0,3H13D,"GENEVA AV","CAYUGA AV",22.00,S,N,C,-,N,,,,,,,,,,N,4,0,1,2,A,-,10,21950,A,N,G,B,B,B,H,-,C,A,0,Y,,,,Y,,A,01,0,0,1,0,1,0,0,0,0,"- ","- ",,,"SAN FRANCISCO","SAN FRANCISCO",-122.44362640380859,37.718879699707031
8512695,2017,2018-01-11,3801,2017-10-02,1315,1826,CENTR,1,5,7,3801,0,0,0,,0,3A12C,"PINE ST","BATTERY ST",0.00,,Y,A,-,N,,,,,,,,,,N,4,0,1,2,A,-,10,21950,A,N,G,B,B,A,H,-,A,A,0,Y,,,,Y,,A,01,0,0,1,0,1,0,0,0,0,"- ","- ",,,"SAN FRANCISCO","SAN FRANCISCO",-122.39976986000001,37.792259960000003
8512703,2017,2018-01-11,3801,2017-11-16,1830,278,TARAV,4,5,7,3801,0,0,0,,0,3I11D,"CLAREMONT BL","ULLOA ST",10.00,N,N,C,-,N,,,,,,,,,,N,4,0,1,2,A,-,10,21950,A,N,G,B,B,B,H,-,C,A,0,Y,,,,Y,,A,01,0,0,1,0,1,0,0,0,0,"- ","- ",,,"SAN FRANCISCO","SAN FRANCISCO",-122.4650264,37.740675260000003
8512719,2017,2018-01-12,3801,2017-11-17,2100,A21294,CO.A,5,5,7,3801,0,0,0,,0,3A13D,"BEACH ST","HYDE ST",0.00,,N,A,-,N,,,,,,,,,,N,3,0,1,2,A,-,11,21956,A,N,G,B,E,A,H,-,C,A,0,Y,,,,Y,,N,60,0,1,0,0,1,0,0,0,0,"- ","- ",,,"SAN FRANCISCO","SAN FRANCISCO",-122.42054997,37.806659969999998
8513038,2017,2018-01-12,3801,2017-11-08,1706,268,RICHM,3,5,7,3801,0,0,0,,0,3G13D,"ARGUELLO BL","FULTON ST",0.00,,Y,B,-,N,,,,,,,,,,N,3,0,1,3,A,-,04,21703,,F,-,J,B,A,H,-,B,A,0,Y,,,,Y,,A,01,0,1,0,0,1,0,0,0,0,"- ","- ",,,"SAN FRANCISCO","SAN FRANCISCO",-122.45834993,37.774289899999999
8513550,2017,2018-02-06,3801,2017-12-02,1540,4358,BAYVI,6,5,7,3801,0,0,0,,0,005,"THOMAS AV","KEITH ST",24.00,E,N,A,-,N,,,,,,,,,,N,4,0,1,2,C,-,18,,,N,G,B,F,A,H,-,A,D,0,Y,,,,Y,,-,"- ",0,0,1,0,1,0,0,0,0,"- ","- ",,,"SAN FRANCISCO","SAN FRANCISCO",-122.38935231000001,37.729311840000001
8513569,2017,2018-02-07,3801,2017-12-14,1633,2059,CENTR,4,5,7,3801,0,0,0,,0,3A11D,"POST ST","POST ST 555",0.00,,-,A,-,N,,,,,,,,,,N,4,0,1,2,A,-,11,21955,,N,G,B,D,A,H,-,A,A,0,Y,,,,Y,,N,60,0,0,1,0,1,0,0,0,0,"- ","- ",,,"SAN FRANCISCO","SAN FRANCISCO",-122.41103411,37.787937239999998
8515335,2017,2018-01-02,3801,2017-11-18,0848,2338,SOUTH,6,5,7,3801,0,0,0,,0,001,"MISSION ST","2ND ST",3.00,W,N,A,-,N,,,,,,,,,,N,4,0,1,2,A,-,17,21461,A,N,G,B,B,A,H,-,A,A,0,Y,,,,Y,,I,12,0,0,1,0,1,0,0,0,0,"- ","- ",,,"SAN FRANCISCO","SAN FRANCISCO",-122.39979737,37.788004190000002
8515339,2017,2018-01-31,3801,2017-11-18,2041,2097,"CO D",6,5,7,3801,0,0,0,,0,901,"15TH ST","CALEDONIA ST",68.00,E,N,A,-,N,,,,,,,,,,Y,2,0,3,6,A,-,01,23153,A,F,G,E,F,A,H,-,C,D,0,Y,,,Y,Y,Y,F,26,3,0,0,0,3,0,0,0,0,"- ","- ",,,"SAN FRANCISCO","SAN FRANCISCO",-122.42129582,37.766588370000001
8515351,2017,2017-12-27,3801,2017-11-16,1010,1917,,4,5,7,3801,0,0,0,,0,3I16A,"PLYMOUTH AV","MONTANA ST",0.00,,Y,C,-,N,,,,,,,,,,N,4,0,1,2,A,-,10,21950,A,N,G,B,B,B,D,-,A,D,0,Y,,,,Y,,D,22,0,0,1,0,1,0,0,0,0,"- ","- ",,,"SAN FRANCISCO","SAN FRANCISCO",-122.45610985,37.716609949999999
8515360,2017,2017-12-27,3801,2017-11-03,1543,1210,,5,5,7,3801,0,0,0,,0,0HE,"SAN JOSE AV","29TH ST",0.00,,Y,A,-,N,,,,,,,,,,Y,2,0,1,2,A,-,10,21950,A,F,G,B,B,A,H,-,A,A,0,Y,,,,Y,,D,22,1,0,0,0,1,0,0,0,0,"- ","- ",,,"SAN FRANCISCO","SAN FRANCISCO",-122.42274999999999,37.743929899999998
8515389,2017,2017-12-22,3801,2017-11-28,0930,A22165,INGLE,2,5,7,3801,0,0,0,,0,3H41C,"CORTLAND AV","MOULTRIE ST",0.00,,Y,A,-,N,,,,,,,,,,N,4,0,1,2,A,-,10,21950,A,N,G,B,B,A,H,-,A,A,0,Y,,,,Y,,A,01,0,0,1,0,1,0,0,0,0,"- ","- ",,,"SAN FRANCISCO","SAN FRANCISCO",-122.41590993,37.739009889999998
8515413,2017,2017-12-22,3801,2017-11-28,1825,1906,NORTH,2,5,7,3801,0,0,0,,0,3E2,"GEARY BL","SCOTT ST",0.00,,Y,A,-,N,,,,,,,,,,N,2,0,2,2,A,-,12,21453,A,N,H,-,B,A,H,-,C,A,0,Y,Y,,,Y,,L,04,1,1,0,0,1,0,1,0,0,"- ","- ",,,"SAN FRANCISCO","SAN FRANCISCO",-122.43784986999999,37.783789910000003
8515416,2017,2017-12-27,3801,2017-11-13,1912,A21280,TARAV,1,5,7,3801,0,0,0,,0,3I15D,"TAPIA DR","HOLLOWAY AV",81.00,N,N,B,-,N,,,,,,,,,,N,3,0,1,2,A,-,21,22106,,N,C,B,F,B,H,-,C,D,0,Y,,,,Y,,A,01,0,1,0,0,1,0,0,0,0,"- ","- ",,,"SAN FRANCISCO","SAN FRANCISCO",-122.48063146,37.721152519999997
8515425,2017,2017-12-22,3801,2017-11-27,1455,890,SOUTH,1,5,7,3801,0,0,0,,0,3B46,"6TH ST","MISSION ST",10.00,N,N,A,-,N,,,,,,,,,,N,4,0,1,2,A,-,10,21950,A,N,G,B,B,A,H,-,A,A,0,Y,,,,Y,Y,A,01,0,0,1,0,1,0,0,0,0,"- ","- ",,,"SAN FRANCISCO","SAN FRANCISCO",-122.40871426,37.78099959
8515428,2017,2017-12-27,3801,2017-11-13,0850,129,CENTR,1,5,7,3801,0,0,0,,0,3A15A,"MISSION ST","ANTHONY ST",20.00,W,N,A,-,N,,,,,,,,,,N,4,0,1,2,A,-,11,21954,A,F,G,B,D,A,H,-,A,D,0,Y,,,,Y,,N,60,0,0,1,0,1,0,0,0,0,"- ","- ",,,"SAN FRANCISCO","SAN FRANCISCO",-122.3993792,37.788341340000002
8515429,2017,2017-12-22,3801,2017-11-27,0339,715,CENTR,1,5,7,3801,0,0,0,,0,3A62,"POST ST","POWELL ST",0.00,,Y,B,-,N,,,,,,,,,,N,4,0,1,2,A,-,10,21950,A,N,G,B,B,B,-,-,C,A,0,Y,,,,Y,,A,01,0,0,1,0,1,0,0,0,0,"- ","- ",,,"SAN FRANCISCO","SAN FRANCISCO",-122.40839999000001,37.788289919999997