CASE_ID,ACCIDENT_YEAR,PROC_DATE,JURIS,COLLISION_DATE,COLLISION_TIME,OFFICER_ID,REPORTING_DISTRICT,DAY_OF_WEEK,CHP_SHIFT,POPULATION,CNTY_CITY_LOC,SPECIAL_COND,BEAT_TYPE,CHP_BEAT_TYPE,CITY_DIVISION_LAPD,CHP_BEAT_CLASS,BEAT_NUMBER,PRIMARY_RD,SECONDARY_RD,DISTANCE,DIRECTION,INTERSECTION,WEATHER_1,WEATHER_2,STATE_HWY_IND,CALTRANS_COUNTY,CALTRANS_DISTRICT,STATE_ROUTE,ROUTE_SUFFIX,POSTMILE_PREFIX,POSTMILE,LOCATION_TYPE,RAMP_INTERSECTION,SIDE_OF_HWY,TOW_AWAY,COLLISION_SEVERITY,NUMBER_KILLED,NUMBER_INJURED,PARTY_COUNT,PRIMARY_COLL_FACTOR,PCF_CODE_OF_VIOL,PCF_VIOL_CATEGORY,PCF_VIOLATION,PCF_VIOL_SUBSECTION,HIT_AND_RUN,TYPE_OF_COLLISION,MVIW,PED_ACTION,ROAD_SURFACE,ROAD_COND_1,ROAD_COND_2,LIGHTING,CONTROL_DEVICE,CHP_ROAD_TYPE,PEDESTRIAN_ACCIDENT,BICYCLE_ACCIDENT,MOTORCYCLE_ACCIDENT,TRUCK_ACCIDENT,NOT_PRIVATE_PROPERTY,ALCOHOL_INVOLVED,STWD_VEHTYPE_AT_FAULT,CHP_VEHTYPE_AT_FAULT,COUNT_SEVERE_INJ,COUNT_VISIBLE_INJ,COUNT_COMPLAINT_PAIN,COUNT_PED_KILLED,COUNT_PED_INJURED,COUNT_BICYCLIST_KILLED,COUNT_BICYCLIST_INJURED,COUNT_MC_KILLED,COUNT_MC_INJURED,PRIMARY_RAMP,SECONDARY_RAMP,LATITUDE,LONGITUDE,COUNTY,CITY,POINT_X,POINT_Y
8515440,2017,2017-12-27,3801,2017-11-11,1010,1016,NORTH,6,5,7,3801,0,0,0,,0,3E16A,"POLK ST","PACIFIC AV",0.00,,Y,A,-,N,,,,,,,,,,N,2,0,1,2,A,-,10,21950,A,N,G,B,B,-,H,-,A,A,0,Y,,,,Y,,A,01,1,0,0,0,1,0,0,0,0,"- ","- ",,,"SAN FRANCISCO","SAN FRANCISCO",-122.42157987,37.795029980000002
8515444,2017,2017-12-20,3801,2017-11-21,1028,2375,RICHM,2,5,7,3801,0,0,0,,0,3G60,"GEARY BL","ST JOSEPHS AV",5.00,W,N,A,-,N,,,,,,,,,,N,3,0,1,2,A,-,10,21950,A,N,G,B,B,A,H,-,A,A,0,Y,,,,Y,,A,07,0,1,0,0,1,0,0,0,0,"- ","- ",,,"SAN FRANCISCO","SAN FRANCISCO",-122.44278715,37.782808160000002
8515448,2017,2017-12-20,3801,2017-11-21,2019,1765,CENTR,2,5,7,3801,0,0,0,,0,3AT1D,"JONES ST","SUTTER ST",0.00,,Y,A,-,N,,,,,,,,,,N,3,0,1,2,A,-,10,21950,A,N,G,B,B,A,H,-,C,A,0,Y,,,,Y,,A,01,0,1,0,0,1,0,0,0,0,"- ","- ",,,"SAN FRANCISCO","SAN FRANCISCO",-122.41351993000001,37.788599949999998
8515452,2017,2017-12-20,3801,2017-11-19,0432,2373,MISSI,7,5,7,3801,0,0,0,,0,3D16E,"16TH ST","S VAN NESS AV",95.00,W,N,B,-,N,,,,,,,,,,N,2,0,1,2,A,-,03,22350,,F,G,B,E,A,H,-,C,A,0,Y,,,,Y,Y,A,01,1,0,0,0,1,0,0,0,0,"- ","- ",,,"SAN FRANCISCO","SAN FRANCISCO",-122.41781772,37.765159330000003
8515454,2017,2018-02-02,3801,2017-11-09,0955,1485,3E,4,5,7,3801,0,0,0,,0,12A,"SCOTT ST","GEARY BL",0.00,,Y,A,-,N,,,,,,,,,,Y,4,0,1,3,A,-,12,21453,A,F,D,C,B,A,H,-,A,A,0,Y,,,,Y,,A,01,0,0,1,0,1,0,0,0,0,"- ","- ",,,"SAN FRANCISCO","SAN FRANCISCO",-122.43784986999999,37.783789910000003
8515457,2017,2017-12-26,3801,2017-11-08,0949,1917,TARAV,3,5,7,3801,0,0,0,,0,3I16A,"OCEAN AV","FAXON AV",117.00,W,N,A,-,N,,,,,,,,,,N,3,0,1,2,A,-,11,21954,A,N,G,B,D,A,H,-,A,D,0,Y,,,,Y,,N,60,0,1,0,0,1,0,0,0,0,"- ","- ",,,"SAN FRANCISCO","SAN FRANCISCO",-122.46063334,37.724835489999997
8515461,2017,2017-12-26,3801,2017-11-13,1645,A20952,SOUTH,1,5,7,3801,0,0,0,,0,,"MAIN ST","MISSION ST",0.00,,Y,C,-,N,,,,,,,,,,N,4,0,1,2,A,-,10,21950,A,F,G,B,B,B,H,-,B,A,0,Y,,,,Y,,A,01,0,0,1,0,1,0,0,0,0,"- ","- ",,,"SAN FRANCISCO","SAN FRANCISCO",-122.39496995,37.791859950000003
8515466,2017,2017-12-20,3801,2017-11-06,2050,283,RICHM,1,5,7,3801,0,0,0,,0,0G2,"GEARY BL","DIVISADERO ST",4.00,E,N,A,-,N,,,,,,,,,,N,3,0,1,2,A,-,12,21453,A,F,G,B,B,A,H,-,C,A,0,Y,,,,Y,Y,A,01,0,1,0,0,1,0,0,0,0,"- ","- ",,,"SAN FRANCISCO","SAN FRANCISCO",-122.43946642,37.783362140000001
8515468,2017,2017-12-20,3801,2017-11-20,1656,628,BAYVI,1,5,7,3801,0,0,0,,0,03C,"PALOU AV","3RD ST",60.00,W,N,A,-,N,,,,,,,,,,Y,3,0,1,2,A,-,00,21754,E,N,G,B,E,A,H,-,B,D,0,Y,,Y,,Y,,C,03,0,1,0,0,1,0,0,0,0,"- ","- ",,,"SAN FRANCISCO","SAN FRANCISCO",-122.39122835000001,37.734136399999997
8515470,2017,2018-01-19,3801,2017-11-06,1315,1014,CENTR,1,5,7,3801,0,0,0,,0,3A15A,"CALIFORNIA ST","DRUMM ST",120.00,E,N,A,-,N,,,,,,,,,,N,3,0,1,2,A,-,11,21955,,N,G,B,D,A,H,-,A,D,0,Y,,,,Y,,N,60,0,1,0,0,1,0,0,0,0,"- ","- ",,,"SAN FRANCISCO","SAN FRANCISCO",-122.39641,37.793660000000003
8515478,2017,2017-12-20,3801,2017-11-08,0855,1342,NORTH,3,5,7,3801,0,0,0,,0,3E13A,"PINE ST","VAN NESS AV",40.00,W,N,B,-,N,,,,,,,,,,N,4,0,1,2,A,-,09,21804,A,N,G,B,F,A,H,-,A,D,0,Y,,,,Y,,A,01,0,0,1,0,1,0,0,0,0,"- ","- ",,,"SAN FRANCISCO","SAN FRANCISCO",-122.42237683,37.78938316
8515484,2017,2017-12-20,3801,2017-11-10,2149,773,CENTR,5,5,7,3801,0,0,0,,0,3A11E,"GEARY ST","MASON ST",102.00,W,N,A,-,N,,,,,,,,,,N,4,0,1,2,A,-,00,21954,,N,G,B,D,A,-,-,C,-,0,Y,,,,Y,,N,60,0,0,1,0,1,0,0,0,0,"- ","- ",,,"SAN FRANCISCO","SAN FRANCISCO",-122.4102082,37.787123579999999
8515490,2017,2017-12-20,3801,2017-11-09,1735,713,TARAV,4,5,7,3801,0,0,0,,0,3I16D,"HOLLOWAY AV","RALSTON ST",17.00,E,N,A,-,N,,,,,,,,,,N,4,0,1,2,A,-,11,21954,A,N,G,B,D,A,H,-,C,D,0,Y,,,,Y,,N,60,0,0,1,0,1,0,0,0,0,"- ","- ",,,"SAN FRANCISCO","SAN FRANCISCO",-122.46894124000001,37.721641679999998
8515492,2017,2017-12-20,3801,2017-11-19,1752,2724,CENTR,7,5,7,3801,0,0,0,,0,3A14D,"FILBERT ST","POWELL ST",0.00,,Y,A,-,N,,,,,,,,,,N,2,0,1,2,A,-,12,22450,A,N,G,B,B,A,H,-,B,A,0,Y,,,,Y,,A,01,1,0,0,0,1,0,0,0,0,"- ","- ",,,"SAN FRANCISCO","SAN FRANCISCO",-122.41099995,37.801169899999998
8515494,2017,2018-01-09,3801,2017-11-02,1945,1763,MISSI,4,5,7,3801,0,0,0,,0,908,"17TH ST","BRYANT ST",12.00,W,N,A,-,N,,,,,,,,,,Y,4,0,1,3,A,-,11,21950,B,N,G,B,B,A,H,-,C,A,0,Y,,,,Y,,-,"- ",0,0,1,0,1,0,0,0,0,"- ","- ",,,"SAN FRANCISCO","SAN FRANCISCO",-122.41042127999999,37.764316450000003
8515506,2017,2017-12-20,3801,2017-11-10,0917,196,MISSI,5,5,7,3801,0,0,0,,0,3D11A,"16TH ST","POTRERO AV",256.00,W,N,C,-,N,,,,,,,,,,N,3,0,1,2,A,-,11,21955,,N,G,B,D,B,H,-,A,A,0,Y,,,,Y,,N,60,0,1,0,0,1,0,0,0,0,"- ","- ",,,"SAN FRANCISCO","SAN FRANCISCO",-122.40844273,37.765710589999998
8515534,2017,2018-02-21,3801,2017-11-22,0339,1571,MISSI,3,5,7,3801,0,0,0,,0,3D12D,"16TH ST","HOFF ST",0.00,,Y,A,-,N,,,,,,,,,,N,4,0,1,2,A,-,21,22106,,N,G,B,E,A,H,-,A,D,0,Y,,,,Y,,A,01,0,0,1,0,1,0,0,0,0,"- ","- ",,,"SAN FRANCISCO","SAN FRANCISCO",-122.42056986,37.764989989999997
8515540,2017,2017-12-22,3801,2017-11-01,0835,1636,TARAV,3,5,7,3801,0,0,0,,0,3I00,"DEWEY BL","LAGUNA HONDA BL",0.00,,Y,A,-,N,,,,,,,,,,N,4,0,1,2,A,-,10,21950,A,N,G,B,B,A,H,-,A,A,0,Y,,,,Y,,A,01,0,0,1,0,1,0,0,0,0,"- ","- ",,,"SAN FRANCISCO","SAN FRANCISCO",-122.45918995,37.747269950000003
8515544,2017,2017-12-22,3801,2017-10-02,1304,A22055,PARK,1,5,7,3801,0,0,0,,0,3F13A,"LAGUNA HONDA BL","ULLOA ST",0.00,,Y,F,-,N,,,,,,,,,,N,4,0,1,2,A,-,10,21950,A,N,D,B,B,A,H,-,A,D,0,Y,,,,Y,,A,01,0,0,1,0,1,0,0,0,0,"- ","- ",,,"SAN FRANCISCO","SAN FRANCISCO",-122.45591999,37.743509930000002
8515545,2017,2017-12-21,3801,2017-11-05,1808,986,MISSI,7,5,7,3801,0,0,0,,0,3D16D,"YORK ST","22ND ST",0.00,,Y,A,-,N,,,,,,,,,,,4,0,1,2,A,-,03,22350,,F,G,B,D,A,H,-,C,D,0,Y,,,,Y,,A,01,0,0,1,0,1,0,0,0,0,"- ","- ",,,"SAN FRANCISCO","SAN FRANCISCO",-122.40849987,37.756049920000002
8515546,2017,2017-12-21,3801,2017-11-19,1456,577,INGLE,7,5,7,3801,0,0,0,,0,0H5,"GENEVA AV","BANNOCK ST",43.00,W,N,A,-,N,,,,,,,,,,N,4,0,1,2,A,-,11,21954,A,F,G,B,D,A,H,-,A,D,0,Y,,,,Y,Y,N,60,0,0,1,0,1,0,0,0,0,"- ","- ",,,"SAN FRANCISCO","SAN FRANCISCO",-122.44297236,37.718365689999999
8515557,2017,2017-12-21,3801,2017-11-05,1906,4001,NORTH,7,5,7,3801,0,0,0,,0,3E13D,"TURK ST","VAN NESS AV",156.00,W,N,A,-,N,,,,,,,,,,N,4,0,1,2,C,-,18,,,N,G,B,F,A,H,-,C,D,0,Y,,,,Y,,-,"- ",0,0,1,0,1,0,0,0,0,"- ","- ",,,"SAN FRANCISCO","SAN FRANCISCO",-122.4212325,37.781858999999997
8515563,2017,2017-12-21,3801,2017-11-12,2222,A21778,RICHM,7,5,7,3801,0,0,0,,0,3G2E,"GEARY BL","MASONIC AV",0.00,,Y,A,-,N,,,,,,,,,,N,4,0,1,2,A,-,10,21950,A,N,G,B,B,A,H,-,C,D,0,Y,,,,Y,,-,,0,0,1,0,1,0,0,0,0,"- ","- ",,,"SAN FRANCISCO","SAN FRANCISCO",-122.44786986,37.782279889999998
8515564,2017,2017-12-22,3801,2017-11-21,1528,1994,INGLE,2,5,7,3801,0,0,0,,0,4B3G,"ATHENS ST","CORDOVA ST",11.00,E,N,A,-,N,,,,,,,,,,N,4,0,1,2,A,-,10,21950,A,N,G,B,B,A,H,-,A,A,0,Y,,,,Y,,A,01,0,0,1,0,1,0,0,0,0,"- ","- ",,,"SAN FRANCISCO","SAN FRANCISCO",-122.43582507000001,37.712271970000003
8515567,2017,2017-12-21,3801,2017-11-28,1630,1817,CENTR,2,5,7,3801,0,0,0,,0,3A14D,"JACKSON ST","TRENTON ST",0.00,,Y,A,-,N,,,,,,,,,,N,4,0,1,2,D,-,00,,,N,G,B,D,A,H,-,A,D,0,Y,,,,Y,,-,"- ",0,0,1,0,1,0,0,0,0,"- ","- ",,,"SAN FRANCISCO","SAN FRANCISCO",-122.40904986,37.795729940000001
8515575,2017,2017-12-21,3801,2017-11-27,1130,A10359,TARAV,1,5,7,3801,0,0,0,,0,3I13A,"QUINTARA ST","46TH AV",0.00,E,N,A,-,N,,,,,,,,,,N,4,0,1,2,A,-,10,21950,A,N,G,B,B,A,H,-,A,A,0,Y,,,,Y,,A,01,0,0,1,0,1,0,0,0,0,"- ","- ",,,"SAN FRANCISCO","SAN FRANCISCO",-122.50501997000001,37.747359940000003
8515576,2017,2017-12-22,3801,2017-11-12,1610,331,INGLE,7,5,7,3801,0,0,0,,0,3H10,"AMAZON AV","EDINBURGH ST",35.00,E,N,A,-,N,,,,,,,,,,N,4,0,1,3,A,-,08,22108,,F,H,C,E,A,H,-,A,D,0,Y,,,,Y,,A,01,0,0,1,0,1,0,0,0,0,"- ","- ",,,"SAN FRANCISCO","SAN FRANCISCO",-122.43608924,37.715641230000003
8515580,2017,2017-12-22,3801,2017-11-27,1500,A21296,BAYVI,1,5,7,3801,0,0,0,,0,3C13D,"3RD ST","EVANS AV",0.00,,Y,F,-,N,,,,,,,,,,N,3,0,1,2,A,-,03,22350,,F,G,B,E,A,H,-,A,D,0,Y,,,,Y,,A,01,0,1,0,0,1,0,0,0,0,"- ","- ",,,"SAN FRANCISCO","SAN FRANCISCO",-122.38800998000001,37.742729949999998
8515582,2017,2017-12-21,3801,2017-11-15,1414,614,SOUTH,3,5,7,3801,0,0,0,,0,001,"1ST ST","NATOMA ST",0.00,,Y,B,-,N,,,,,,,,,,N,4,0,1,2,A,-,11,21950,B,N,G,B,B,A,D,-,A,-,0,Y,,,,Y,,N,60,0,0,1,0,1,0,0,0,0,"- ","- ",,,"SAN FRANCISCO","SAN FRANCISCO",-122.39655987,37.788979959999999
8515585,2017,2017-12-21,3801,2017-11-07,1025,614,SOUTH,2,5,7,3801,0,0,0,,0,004,"10TH ST","HOWARD ST",0.00,,Y,A,-,N,,,,,,,,,,N,4,0,1,4,A,-,03,22350,,N,D,C,F,A,H,-,A,A,0,Y,,,,Y,,A,01,0,0,1,0,1,0,0,0,0,"- ","- ",,,"SAN FRANCISCO","SAN FRANCISCO",-122.41436998,37.774029919999997
8515589,2017,2017-12-21,3801,2017-11-08,1756,002244,CENTR,3,5,7,3801,0,0,0,,0,A11D,"LARKIN ST","CLAY ST",15.00,E,N,A,-,N,,,,,,,,,,N,4,0,1,2,A,-,10,21950,A,N,G,B,B,A,H,-,C,D,0,Y,,,,Y,,A,01,0,0,1,0,1,0,0,0,0,"- ","- ",,,"SAN FRANCISCO","SAN FRANCISCO",-122.41940212999999,37.792549270000002
8515590,2017,2018-02-20,3801,2017-11-05,1532,2379,INGLE,7,5,7,3801,0,0,0,,0,3H16C,"MISSION ST","EXCELSIOR AV",0.00,,Y,A,-,N,,,,,,,,,,N,2,0,1,2,A,-,10,21950,A,N,G,B,B,B,-,-,D,A,0,Y,,,,Y,Y,A,01,1,0,0,0,1,0,0,0,0,"- ","- ",,,"SAN FRANCISCO","SAN FRANCISCO",-122.43363988,37.726239960000001
8515592,2017,2017-12-22,3801,2017-11-13,0930,A10326,NORTH,1,5,7,3801,0,0,0,,0,3E14A,"SUTTER ST","FRANKLIN ST",4.00,W,N,A,-,N,,,,,,,,,,N,4,0,1,2,A,-,10,21950,A,N,G,B,B,A,H,-,A,A,0,Y,,,,Y,,A,01,0,0,1,0,1,0,0,0,0,"- ","- ",,,"SAN FRANCISCO","SAN FRANCISCO",-122.42341367,37.787348250000001
8515595,2017,2017-12-21,3801,2017-11-23,2121,A21967,TARAV,4,5,7,3801,0,0,0,,0,005,"JUNIPERO SERRA BL","WINSTON DR",4.00,S,N,E,-,N,,,,,,,,,,N,2,0,2,3,A,-,10,21950,A,N,G,B,B,A,H,-,C,A,0,Y,,,,Y,,A,01,1,0,1,0,2,0,0,0,0,"- ","- ",,,"SAN FRANCISCO","SAN FRANCISCO",-122.47237069000001,37.726829019999997
8515599,2017,2017-12-21,3801,2017-11-23,2110,A22419,RICHM,4,5,7,3801,0,0,0,,0,,"25TH AV","CALIFORNIA ST",0.00,,Y,B,-,N,,,,,,,,,,N,3,0,1,2,A,-,10,21950,A,N,G,B,B,A,H,-,C,A,0,Y,,,,Y,,A,01,0,1,0,0,1,0,0,0,0,"- ","- ",,,"SAN FRANCISCO","SAN FRANCISCO",-122.48499996,37.783879880000001
8515619,2017,2017-12-20,3801,2017-11-14,1437,132,RICHM,2,5,7,3801,0,0,0,,0,4B3F,"6TH AV","CLEMENT ST",305.00,S,N,A,-,N,,,,,,,,,,N,4,0,1,2,A,-,11,21954,A,N,G,B,D,A,H,-,A,D,0,Y,,,,Y,,N,60,0,0,1,0,1,0,0,0,0,"- ","- ",,,"SAN FRANCISCO","SAN FRANCISCO",-122.46435221999999,37.782113879999997
8515627,2017,2017-12-20,3801,2017-11-29,1925,1256,TENDE,3,5,7,3801,0,0,0,,0,03J,"OFARRELL ST","JONES ST",60.00,W,N,A,-,N,,,,,,,,,,N,4,0,1,2,A,-,11,21950,B,N,G,B,D,A,H,-,C,D,0,Y,,,,Y,,N,60,0,0,1,0,1,0,0,0,0,"- ","- ",,,"SAN FRANCISCO","SAN FRANCISCO",-122.41317535,37.785775360000002
8515640,2017,2017-12-20,3801,2017-11-23,2330,679,MISSI,4,5,7,3801,0,0,0,,0,0D1,"DUBOCE ST","VALENCIA ST",0.00,,Y,A,-,N,,,,,,,,,,N,4,0,1,2,A,-,10,21950,A,N,G,B,B,A,H,-,C,A,0,Y,,,,Y,,A,01,0,0,1,0,1,0,0,0,0,"- ","- ",,,"SAN FRANCISCO","SAN FRANCISCO",-122.42235989,37.769869980000003
8515644,2017,2018-03-15,3801,2017-11-27,1350,A00628,TARAV,1,5,7,3801,0,0,0,,0,3I1B,"MAGELLAN AV","PLAZA ST",0.00,,Y,A,-,N,,,,,,,,,,N,3,0,1,2,A,-,11,21954,A,N,D,B,E,A,H,-,A,D,0,Y,,,,Y,,N,60,0,1,0,0,1,0,0,0,0,"- ","- ",,,"SAN FRANCISCO","SAN FRANCISCO",-122.46008987,37.748719979999997
8515647,2017,2018-01-19,3801,2017-11-24,1536,DITO9,SOUTH,5,5,7,3801,0,0,0,,0,3B13C,"HOWARD ST","5TH ST",80.00,E,N,A,-,N,,,,,,,,,,N,4,0,1,2,B,-,22,,,F,G,-,F,A,H,-,A,D,0,Y,Y,,,Y,,L,04,0,0,1,0,1,0,0,0,0,"- ","- ",,,"SAN FRANCISCO","SAN FRANCISCO",-122.40473366000001,37.781664970000001
8515648,2017,2017-12-20,3801,2017-11-14,0840,4072,INGLE,2,5,7,3801,0,0,0,,0,3H15A,"BRUNSWICK ST","LOWELL ST",8.00,N,N,A,-,N,,,,,,,,,,Y,4,0,1,2,A,-,10,21950,A,N,G,B,B,A,H,-,A,A,0,Y,,Y,,Y,,C,02,0,0,1,0,1,0,0,0,0,"- ","- ",,,"SAN FRANCISCO","SAN FRANCISCO",-122.44548469999999,37.709808889999998
8515652,2017,2017-12-20,3801,2017-11-15,1300,A20849,CENTR,3,5,7,3801,0,0,0,,0,3A40B,"NORTH POINT ST","POWELL ST",0.00,,Y,B,-,N,,,,,,,,,,N,2,0,1,2,A,-,11,21453,D,N,G,B,B,A,H,-,A,A,0,Y,,,,Y,Y,N,60,1,0,0,0,1,0,0,0,0,"- ","- ",,,"SAN FRANCISCO","SAN FRANCISCO",-122.41212997,37.806759939999999
8515667,2017,2017-12-20,3801,2017-11-17,1704,112,CENTR,5,5,7,3801,0,0,0,,0,004,"STOCKTON ST","BAY ST",0.00,,Y,A,-,N,,,,,,,,,,N,4,0,1,2,A,-,10,21950,A,N,G,B,B,A,H,-,B,A,0,Y,,,,Y,,-,,0,0,1,0,1,0,0,0,0,"- ","- ",,,"SAN FRANCISCO","SAN FRANCISCO",-122.4102999,37.806039910000003
8515668,2017,2017-12-20,3801,2017-11-14,1619,1613,MISSI,2,5,7,3801,0,0,0,,0,,"MISSION ST","24TH ST",190.00,S,N,A,-,N,,,,,,,,,,N,3,0,1,2,A,-,21,22106,,F,G,B,E,A,H,-,A,D,0,Y,,Y,,Y,,C,06,0,1,0,0,1,0,0,0,0,"- ","- ",,,"SAN FRANCISCO","SAN FRANCISCO",-122.41843041999999,37.75174019
8515707,2017,2017-12-21,3801,2017-10-30,1427,4006,NORTH,1,5,7,3801,0,0,0,,0,3E13C,"WEBSTER ST","FELL ST",5.00,S,N,A,-,N,,,,,,,,,,N,3,0,1,2,A,-,10,21950,A,N,G,B,B,A,H,-,A,A,0,Y,,,,Y,,A,01,0,1,0,0,1,0,0,0,0,"- ","- ",,,"SAN FRANCISCO","SAN FRANCISCO",-122.42932768,37.775106389999998
8515711,2017,2017-12-21,3801,2017-10-25,2110,A22708,CENTR,3,5,7,3801,0,0,0,,0,3A13E,"JONES ST","GEARY ST",0.00,,Y,A,-,N,,,,,,,,,,N,3,0,1,2,A,-,11,21453,D,N,G,B,B,A,H,-,C,A,0,Y,,,,Y,,N,60,0,1,0,0,1,0,0,0,0,"- ","- ",,,"SAN FRANCISCO","SAN FRANCISCO",-122.41314992,37.786749970000002
8515817,2017,2018-01-24,3801,2017-11-16,0630,4305,MISSI,4,5,7,3801,0,0,0,,0,3D13A,"22ND ST","CAPP ST",0.00,,Y,B,-,N,,,,,,,,,,N,4,0,1,2,A,-,10,21950,A,N,G,B,-,B,H,-,D,A,0,Y,,,,Y,,A,01,0,0,1,0,0,0,0,0,0,"- ","- ",,,"SAN FRANCISCO","SAN FRANCISCO",-122.41765999,37.755529950000003
8515850,2017,2018-02-28,3801,2017-11-18,1430,637,CENTR,6,5,7,3801,0,0,0,,0,3A15A,"JESSIE ST","ANNIE ST",0.00,,Y,A,-,N,,,,,,,,,,N,4,0,1,2,A,-,11,21950,B,N,G,B,D,A,B,-,A,D,0,Y,,,,Y,,N,60,0,0,1,0,1,0,0,0,0,"- ","- ",,,"SAN FRANCISCO","SAN FRANCISCO",-122.40177989999999,37.787279900000001
8516018,2017,2018-07-06,3801,2017-11-09,0126,A22058,E,4,5,7,3801,0,0,0,,0,003,"VAN NESS AV","OFARRELL ST",0.00,,N,B,-,Y,SF,4,101,-,-,5.550,I,5,N,Y,2,0,1,2,A,-,11,21453,D,N,G,B,B,B,D,-,C,A,0,Y,,,,Y,,N,60,1,0,0,0,1,0,0,0,0,"- ","- ",,,"SAN FRANCISCO","SAN FRANCISCO",-122.42113308,37.78480613
8516042,2017,2018-06-08,3801,2017-11-14,1351,2169,TENDE,2,5,7,3801,0,0,0,,0,002,"CHARLES J BRENHAM ST","MARKET ST",0.00,,N,A,-,N,,,,,,,,,,N,4,0,1,2,A,-,21,22106,,F,G,B,B,A,-,-,A,D,0,Y,,,,Y,,-,,0,0,1,0,1,0,0,0,0,"- ","- ",,,"SAN FRANCISCO","SAN FRANCISCO",-122.4125099,37.780479900000003
8532621,2017,2018-02-27,3801,2017-11-30,0630,545,TENDE,4,5,7,3801,0,0,0,,0,3J13A,"GOLDEN GATE AV","HYDE ST",0.00,,Y,A,-,N,,,,,,,,,,N,3,0,1,2,A,-,10,21950,A,N,G,B,B,A,H,-,C,A,0,Y,,,,Y,,D,22,0,1,0,0,1,0,0,0,0,"- ","- ",,,"SAN FRANCISCO","SAN FRANCISCO",-122.41549995,37.781649909999999
8532655,2017,2018-01-29,3801,2017-12-19,1425,A20726,BAYVI,2,5,7,3801,0,0,0,,0,3C11C,"REVERE AV","JENNINGS ST",195.00,W,N,A,-,N,,,,,,,,,,N,4,0,1,3,A,-,08,22108,,N,G,B,E,A,H,-,A,D,0,Y,,,,Y,,A,01,0,0,1,0,1,0,0,0,0,"- ","- ",,,"SAN FRANCISCO","SAN FRANCISCO",-122.38697273,37.729848060000002
8532660,2017,2018-01-29,3801,2017-12-08,1247,897,CENTR,5,5,7,3801,0,0,0,,0,3A12A,"GEARY ST","POWELL ST",157.00,E,N,A,-,N,,,,,,,,,,N,4,0,1,2,A,-,21,22106,,F,G,B,E,A,H,-,A,D,0,Y,,,Y,Y,,G,26,0,0,1,0,1,0,0,0,0,"- ","- ",,,"SAN FRANCISCO","SAN FRANCISCO",-122.40767239,37.787423009999998
8532680,2017,2018-01-29,3801,2017-12-02,1457,A10619,MISSI,6,5,7,3801,0,0,0,,0,3D15D,"16TH ST","MISSION ST",2.00,E,N,A,-,N,,,,,,,,,,N,4,0,1,2,A,-,10,21950,A,F,G,B,B,A,H,-,A,A,0,Y,,,,Y,Y,D,22,0,0,1,0,1,0,0,0,0,"- ","- ",,,"SAN FRANCISCO","SAN FRANCISCO",-122.41966309999999,37.765050369999997
8532732,2017,2018-01-27,3801,2017-12-17,1826,4140,TARAV,7,5,7,3801,0,0,0,,0,3I16D,"RANDOLPH ST","ORIZABA ST",82.00,W,N,A,-,N,,,,,,,,,,N,4,0,1,2,A,-,11,21950,B,N,G,B,D,A,H,-,C,D,0,Y,,,,Y,Y,N,60,0,0,1,0,1,0,0,0,0,"- ","- ",,,"SAN FRANCISCO","SAN FRANCISCO",-122.46292317,37.714309999999998
8532735,2017,2018-01-29,3801,2017-12-15,1745,298,PARK,5,5,7,3801,0,0,0,,0,3F44B,"CASTRO ST","HENRY ST",8.00,S,N,A,-,N,,,,,,,,,,N,3,0,2,2,A,-,10,21950,A,N,G,B,B,A,H,-,C,D,0,Y,,Y,,Y,,C,02,0,1,1,0,1,0,0,0,1,"- ","- ",,,"SAN FRANCISCO","SAN FRANCISCO",-122.43553727,37.766498130000002
8535968,2017,2018-04-25,3801,2017-10-04,1722,2708,PARK,3,5,7,3801,0,0,0,,0,3F13C,"FELL ST","BAKER ST",0.00,,Y,A,-,N,,,,,,,,,,N,1,1,0,2,A,-,10,21950,A,N,G,B,B,A,H,-,A,A,0,Y,,,,Y,,A,01,0,0,0,1,0,0,0,0,0,"- ","- ",,,"SAN FRANCISCO","SAN FRANCISCO",-122.44092999999999,37.773619910000001
8536824,2017,2018-01-30,3801,2017-12-13,2014,A20974,INGLE,3,5,7,3801,0,0,0,,0,3H15D,"MISSION ST","30TH ST",75.00,N,N,A,-,N,,,,,,,,,,N,3,0,2,3,A,-,08,22100,A,N,D,B,F,A,H,-,C,D,0,Y,,Y,,Y,,N,60,0,1,1,0,1,0,0,0,1,"- ","- ",,,"SAN FRANCISCO","SAN FRANCISCO",-122.42185329,37.74257781
8536848,2017,2018-01-29,3801,2017-12-06,1739,1849,,3,5,7,3801,0,0,0,,0,,"JONES ST","EDDY ST",0.00,,Y,A,-,N,,,,,,,,,,N,3,0,1,3,A,-,10,21950,A,F,G,-,B,A,H,-,C,A,0,Y,,,,Y,,-,,0,1,0,0,1,0,0,0,0,"- ","- ",,,"SAN FRANCISCO","SAN FRANCISCO",-122.41258998000001,37.78393999
8539768,2017,2018-02-03,3801,2017-12-17,1913,A20772,SOUTH,7,5,7,3801,0,0,0,,0,3B45,"6TH ST","MISSION ST",0.00,,Y,A,-,N,,,,,,,,,,N,4,0,1,2,A,-,10,21950,A,N,G,B,B,A,H,-,C,A,0,Y,,,,Y,,A,01,0,0,1,0,1,0,0,0,0,"- ","- ",,,"SAN FRANCISCO","SAN FRANCISCO",-122.40868999,37.78097992