CASE_ID,ACCIDENT_YEAR,PROC_DATE,JURIS,COLLISION_DATE,COLLISION_TIME,OFFICER_ID,REPORTING_DISTRICT,DAY_OF_WEEK,CHP_SHIFT,POPULATION,CNTY_CITY_LOC,SPECIAL_COND,BEAT_TYPE,CHP_BEAT_TYPE,CITY_DIVISION_LAPD,CHP_BEAT_CLASS,BEAT_NUMBER,PRIMARY_RD,SECONDARY_RD,DISTANCE,DIRECTION,INTERSECTION,WEATHER_1,WEATHER_2,STATE_HWY_IND,CALTRANS_COUNTY,CALTRANS_DISTRICT,STATE_ROUTE,ROUTE_SUFFIX,POSTMILE_PREFIX,POSTMILE,LOCATION_TYPE,RAMP_INTERSECTION,SIDE_OF_HWY,TOW_AWAY,COLLISION_SEVERITY,NUMBER_KILLED,NUMBER_INJURED,PARTY_COUNT,PRIMARY_COLL_FACTOR,PCF_CODE_OF_VIOL,PCF_VIOL_CATEGORY,PCF_VIOLATION,PCF_VIOL_SUBSECTION,HIT_AND_RUN,TYPE_OF_COLLISION,MVIW,PED_ACTION,ROAD_SURFACE,ROAD_COND_1,ROAD_COND_2,LIGHTING,CONTROL_DEVICE,CHP_ROAD_TYPE,PEDESTRIAN_ACCIDENT,BICYCLE_ACCIDENT,MOTORCYCLE_ACCIDENT,TRUCK_ACCIDENT,NOT_PRIVATE_PROPERTY,ALCOHOL_INVOLVED,STWD_VEHTYPE_AT_FAULT,CHP_VEHTYPE_AT_FAULT,COUNT_SEVERE_INJ,COUNT_VISIBLE_INJ,COUNT_COMPLAINT_PAIN,COUNT_PED_KILLED,COUNT_PED_INJURED,COUNT_BICYCLIST_KILLED,COUNT_BICYCLIST_INJURED,COUNT_MC_KILLED,COUNT_MC_INJURED,PRIMARY_RAMP,SECONDARY_RAMP,LATITUDE,LONGITUDE,COUNTY,CITY,POINT_X,POINT_Y
8539778,2017,2018-01-27,3801,2017-12-21,1615,1404,NORTH,4,5,7,3801,0,0,0,,0,3E44C,"FILLMORE ST","BUSH ST",6.00,S,N,A,-,N,,,,,,,,,,N,4,0,1,2,A,-,10,21950,A,N,G,B,B,A,H,-,A,A,0,Y,,,,Y,,A,01,0,0,1,0,1,0,0,0,0,"- ","- ",,,"SAN FRANCISCO","SAN FRANCISCO",-122.43344691,37.787023699999999
8539779,2017,2018-01-27,3801,2017-12-24,1104,301,RICHM,7,5,7,3801,0,0,0,,0,3G3A,"FULTON ST","12TH AV",0.00,,Y,A,-,N,,,,,,,,,,N,4,0,1,2,A,-,10,21950,A,F,G,B,B,-,H,-,A,D,0,Y,,,,Y,,A,01,0,0,1,0,1,0,0,0,0,"- ","- ",,,"SAN FRANCISCO","SAN FRANCISCO",-122.4701699,37.773209899999998
8539781,2017,2018-01-26,3801,2017-12-05,1550,A22587,INGLE,2,5,7,3801,0,0,0,,0,3H15D,"MISSION ST","OCEAN AV",0.00,,Y,A,-,N,,,,,,,,,,N,4,0,2,3,A,-,08,22107,,N,G,B,B,A,H,-,A,A,0,Y,,,,Y,,A,01,0,0,2,0,2,0,0,0,0,"- ","- ",,,"SAN FRANCISCO","SAN FRANCISCO",-122.43540992,37.723889929999999
8539793,2017,2018-01-26,3801,2017-12-10,1614,202,NORTH,7,5,7,3801,0,0,0,,0,3E13D,"GEARY ST","LARKIN ST",4.00,E,N,A,-,N,,,,,,,,,,N,4,0,1,2,A,-,10,21950,A,F,G,B,B,A,H,-,A,A,0,Y,,,,Y,Y,A,01,0,0,1,0,1,0,0,0,0,"- ","- ",,,"SAN FRANCISCO","SAN FRANCISCO",-122.41809632,37.78611171
8539797,2017,2018-01-26,3801,2017-12-10,0457,696,BAYVI,7,5,7,3801,0,0,0,,0,3C11E,"CESAR CHAVEZ ST","MISSISSIPPI ST",216.00,W,N,A,-,N,,,,,,,,,,N,2,0,1,2,A,-,17,21209,A,F,G,B,F,A,H,-,C,D,0,Y,,,,Y,,-,,1,0,0,0,1,0,0,0,0,"- ","- ",,,"SAN FRANCISCO","SAN FRANCISCO",-122.39410495999999,37.74988295
8539798,2017,2018-02-12,3801,2017-12-16,0515,1288,"CO E",6,5,7,3801,0,0,0,,0,3E13A,"SUTTER ST","FRANKLIN ST",0.00,,Y,A,-,N,,,,,,,,,,N,4,0,1,2,A,-,10,21950,A,N,G,B,B,A,H,-,C,A,0,Y,,,,Y,,A,01,0,0,1,0,1,0,0,0,0,"- ","- ",,,"SAN FRANCISCO","SAN FRANCISCO",-122.42339987,37.787349890000002
8539802,2017,2018-01-27,3801,2017-12-14,1337,4102,NORTH,4,5,7,3801,0,0,0,,0,3E15C,"CHESTNUT ST","AVILA ST",0.00,,Y,A,-,N,,,,,,,,,,N,4,0,1,3,A,-,10,21950,A,N,G,B,B,A,H,-,A,A,0,Y,,,,Y,,A,07,0,0,1,0,1,0,0,0,0,"- ","- ",,,"SAN FRANCISCO","SAN FRANCISCO",-122.4403099,37.800299930000001
8539805,2017,2018-01-26,3801,2017-12-05,0005,A21114,TENDE,2,5,7,3801,0,0,0,,0,3J12E,"LARKIN ST","GOLDEN GATE AV",58.00,S,N,A,-,N,,,,,,,,,,N,4,0,1,2,A,-,11,21954,A,F,G,B,E,A,H,-,C,D,0,Y,,,,Y,,N,60,0,0,1,0,1,0,0,0,0,"- ","- ",,,"SAN FRANCISCO","SAN FRANCISCO",-122.41711495,37.781283109999997
8539814,2017,2018-01-27,3801,2017-12-07,1831,A20952,SOUTH,4,5,7,3801,0,0,0,,0,3CAR,"7TH ST","NATOMA ST",0.00,,Y,B,-,N,,,,,,,,,,N,2,0,1,2,A,-,11,21950,B,F,D,B,E,A,H,-,C,D,0,Y,,,,Y,,N,60,1,0,0,0,1,0,0,0,0,"- ","- ",,,"SAN FRANCISCO","SAN FRANCISCO",-122.40989998000001,37.778399929999999
8539815,2017,2018-01-27,3801,2017-12-20,1227,1291,TENDE,3,5,7,3801,0,0,0,,0,3J30,"MCALLISTER ST","HYDE ST",0.00,,Y,A,-,N,,,,,,,,,,N,3,0,1,2,A,-,10,21950,A,N,G,B,B,A,H,-,A,A,0,Y,,,,Y,,A,01,0,1,0,0,1,0,0,0,0,"- ","- ",,,"SAN FRANCISCO","SAN FRANCISCO",-122.4153199,37.780739930000003
8539818,2017,2018-02-12,3801,2017-12-13,0905,86,TARAV,3,5,7,3801,0,0,0,,0,3I16A,"JUNIPERO SERRA BL","OCEAN AV",50.00,N,N,A,-,N,,,,,,,,,,N,3,0,1,2,A,-,11,21950,B,N,G,B,D,A,H,-,A,A,0,Y,,,,Y,,N,60,0,1,0,0,1,0,0,0,0,"- ","- ",,,"SAN FRANCISCO","SAN FRANCISCO",-122.47213424,37.73129728
8539826,2017,2018-01-27,3801,2017-12-07,1606,1290,MISSI,4,5,7,3801,0,0,0,,0,3D1C,"POTRERO AV","18TH ST",6.00,S,N,A,-,N,,,,,,,,,,Y,3,0,2,3,A,-,10,21950,A,N,G,B,B,A,H,-,A,A,0,Y,,,,Y,,A,01,0,2,0,0,2,0,0,0,0,"- ","- ",,,"SAN FRANCISCO","SAN FRANCISCO",-122.40721851000001,37.761913559999996
8539829,2017,2018-01-26,3801,2017-12-11,1840,A11409,SOUTH,1,5,7,3801,0,0,0,,0,0B4,"MARKET ST","12TH ST",0.00,,Y,A,-,N,,,,,,,,,,N,3,0,1,2,A,-,10,21950,A,F,G,B,B,A,H,-,C,A,0,Y,Y,,,Y,,L,04,0,1,0,0,1,0,0,0,0,"- ","- ",,,"SAN FRANCISCO","SAN FRANCISCO",-122.42026,37.774399989999999
8539831,2017,2018-03-13,3801,2017-12-21,1946,4000,PARK,4,5,7,3801,0,0,0,,0,3CAR,"MCALLISTER ST","BRODERICK ST",0.00,,Y,A,-,N,,,,,,,,,,N,4,0,1,2,A,-,10,21950,A,F,G,B,B,A,H,-,C,D,0,Y,,,,Y,,A,01,0,0,1,0,1,0,0,0,0,"- ","- ",,,"SAN FRANCISCO","SAN FRANCISCO",-122.44002996,37.777569900000003
8539839,2017,2018-02-12,3801,2017-12-23,1145,1426,INGLE,6,5,7,3801,0,0,0,,0,3H13C,"OCEAN AV","PHELAN AV",0.00,,Y,A,-,N,,,,,,,,,,N,3,0,1,2,A,-,12,21453,A,F,G,B,B,A,H,-,A,A,0,Y,,,,Y,Y,A,01,0,1,0,0,1,0,0,0,0,"- ","- ",,,"SAN FRANCISCO","SAN FRANCISCO",-122.45232991,37.723069889999998
8539852,2017,2018-02-13,3801,2017-12-11,0659,334,MISIS,1,5,7,3801,0,0,0,,0,901,"18TH ST","DIAMOND ST",0.00,,Y,A,-,N,,,,,,,,,,N,3,0,1,2,A,-,10,21950,A,N,G,B,B,A,H,-,B,A,0,Y,,,,Y,,A,01,0,1,0,0,1,0,0,0,0,"- ","- ",,,"SAN FRANCISCO","SAN FRANCISCO",-122.43718993,37.760739989999998
8539854,2017,2018-01-26,3801,2017-12-08,0755,2372,INGLE,5,5,7,3801,0,0,0,,0,3H11A,"SEQUOIA WY","BELLA VISTA WY",0.00,,Y,A,-,N,,,,,,,,,,N,4,0,1,2,A,-,10,21950,A,N,G,B,B,A,H,-,A,D,0,Y,,,,Y,,A,07,0,0,1,0,1,0,0,0,0,"- ","- ",,,"SAN FRANCISCO","SAN FRANCISCO",-122.44896987,37.738
8539858,2017,2018-01-26,3801,2017-12-08,0130,2410,BAYV,5,5,7,3801,0,0,0,,0,004,"SAN BRUNO AV","SILVER AV",0.00,,Y,A,-,N,,,,,,,,,,N,4,0,1,2,A,-,10,21950,A,F,B,B,B,A,H,-,C,A,0,Y,,,,Y,,A,01,0,0,1,0,1,0,0,0,0,"- ","- ",,,"SAN FRANCISCO","SAN FRANCISCO",-122.40561992000001,37.73244991
8539859,2017,2018-01-26,3801,2017-12-28,0645,A10359,SANFR,4,5,7,3801,0,0,0,,0,3I16A,"HAROLD ST","OCEAN AV",0.00,S,N,A,-,N,,,,,,,,,,N,3,0,1,2,A,-,10,21950,A,N,G,B,B,A,H,-,B,A,0,Y,,,,Y,,A,01,0,1,0,0,1,0,0,0,0,"- ","- ",,,"SAN FRANCISCO","SAN FRANCISCO",-122.45312989999999,37.723269940000002
8539870,2017,2018-01-26,3801,2017-12-12,1829,329,NORHT,2,5,7,3801,0,0,0,,0,3E41C,"HAYES ST","SCOTT ST",0.00,,Y,A,-,N,,,,,,,,,,N,3,0,1,2,D,-,00,,,N,G,B,B,A,D,-,C,D,0,Y,,,,Y,,-,"- ",0,1,0,0,1,0,0,0,0,"- ","- ",,,"SAN FRANCISCO","SAN FRANCISCO",-122.4361399,37.775199989999997
8539874,2017,2018-01-26,3801,2017-12-12,1736,1994,TENDE,2,5,7,3801,0,0,0,,0,4B3G,"LEAVENWORTH ST","TURK ST",145.00,N,N,A,-,N,,,,,,,,,,N,3,0,1,2,A,-,11,21955,,N,G,B,D,A,H,-,C,D,0,Y,,,,Y,,N,60,0,1,0,0,1,0,0,0,0,"- ","- ",,,"SAN FRANCISCO","SAN FRANCISCO",-122.41412443999999,37.783192659999997
8539876,2017,2018-01-25,3801,2017-12-02,2328,375,RICHM,6,5,7,3801,0,0,0,,0,901,"FULTON ST","FUNSTON AV",0.00,,Y,C,-,N,,,,,,,,,,N,4,0,1,2,A,-,10,21950,A,N,G,B,B,B,H,-,C,A,0,Y,,,,Y,,A,01,0,0,1,0,1,0,0,0,0,"- ","- ",,,"SAN FRANCISCO","SAN FRANCISCO",-122.47123999999999,37.773149889999999
8539884,2017,2018-01-26,3801,2017-12-01,1935,A10726,N,5,5,7,3801,0,0,0,,0,00N,"OCTAVIA ST","BROADWAY ST",0.00,,Y,A,-,N,,,,,,,,,,N,4,0,1,2,A,-,10,21950,A,N,D,B,B,A,H,-,C,A,0,Y,,,,Y,,A,01,0,0,1,0,1,0,0,0,0,"- ","- ",,,"SAN FRANCISCO","SAN FRANCISCO",-122.42833991000001,37.795109889999999
8539885,2017,2018-02-12,3801,2017-12-11,1613,309,INGLE,1,5,7,3801,0,0,0,,0,0H2,"DIAMOND HEIGHTS BL","DIAMOND ST",175.00,N,N,A,-,N,,,,,,,,,,N,4,0,1,2,A,-,10,21950,A,F,G,B,D,A,H,-,A,D,0,Y,,,,Y,,A,01,0,0,1,0,1,0,0,0,0,"- ","- ",,,"SAN FRANCISCO","SAN FRANCISCO",-122.43685093000001,37.738554610000001
8539887,2017,2018-01-26,3801,2017-12-25,2237,00112,CENTR,1,5,7,3801,0,0,0,,0,3A4D,"ROSS ALY","WASHINGTON ST",45.00,N,N,A,-,N,,,,,,,,,,N,3,0,1,2,A,-,00,21957,A,N,G,B,E,A,H,-,C,D,0,Y,,,,Y,,N,60,0,1,0,0,1,0,0,0,0,"- ","- ",,,"SAN FRANCISCO","SAN FRANCISCO",-122.40730413999999,37.795192129999997
8539888,2017,2018-01-26,3801,2017-12-01,1851,392,TENDE,5,5,7,3801,0,0,0,,0,3J13D,"MARKET ST","8TH ST",0.00,,Y,A,-,N,,,,,,,,,,N,4,0,1,2,A,-,11,21954,A,N,-,B,E,A,H,-,C,A,0,Y,,,,Y,,N,60,0,0,1,0,1,0,0,0,0,"- ","- ",,,"SAN FRANCISCO","SAN FRANCISCO",-122.41475996,37.778709880000001
8539891,2017,2018-01-26,3801,2017-12-23,1735,4102,E,6,5,7,3801,0,0,0,,0,3E12C,"MARKET ST","HYDE ST",0.00,,Y,B,-,N,,,,,,,,,,N,4,0,1,2,A,-,10,21950,A,F,G,-,B,A,H,-,B,A,0,Y,,,,Y,,-,,0,0,1,0,1,0,0,0,0,"- ","- ",,,"SAN FRANCISCO","SAN FRANCISCO",-122.41475996,37.778709880000001
8539896,2017,2018-01-26,3801,2017-12-01,1305,379,RICHM,5,5,7,3801,0,0,0,,0,0G4,"33RD AV","CLEMENT ST",18.00,S,N,A,-,N,,,,,,,,,,N,3,0,1,2,A,-,11,21954,A,N,G,B,D,A,H,-,A,A,0,Y,,,,Y,,N,60,0,1,0,0,1,0,0,0,0,"- ","- ",,,"SAN FRANCISCO","SAN FRANCISCO",-122.49342636,37.781560640000002
8539899,2017,2018-01-26,3801,2017-12-20,1605,344,SOUTH,3,5,7,3801,0,0,0,,0,001,"2ND ST","HOWARD ST",17.00,S,N,A,-,N,,,,,,,,,,N,4,0,1,2,A,-,11,21955,,N,G,B,D,A,H,-,A,A,0,Y,,,,Y,,N,60,0,0,1,0,1,0,0,0,0,"- ","- ",,,"SAN FRANCISCO","SAN FRANCISCO",-122.39820894,37.78675655
8539900,2017,2018-01-26,3801,2017-12-01,1025,A21693,CENTA,5,5,7,3801,0,0,0,,0,003,"MASON ST","BAY ST",0.00,,Y,A,-,N,,,,,,,,,,N,4,0,1,2,A,-,00,21860,A,N,G,B,B,A,H,-,A,A,0,Y,,,,Y,,A,01,0,0,1,0,1,0,0,0,0,"- ","- ",,,"SAN FRANCISCO","SAN FRANCISCO",-122.41358996,37.805629979999999
8539902,2017,2018-01-26,3801,2017-12-13,1618,1636,ARAVA,3,5,7,3801,0,0,0,,0,3I3D,"NORIEGA ST","31ST AV",0.00,,Y,A,-,N,,,,,,,,,,N,3,0,1,2,A,-,10,21950,C,N,G,B,C,A,H,-,A,D,0,Y,,,,Y,,A,01,0,1,0,0,1,0,0,0,0,"- ","- ",,,"SAN FRANCISCO","SAN FRANCISCO",-122.48932991,37.75366992
8539904,2017,2018-02-13,3801,2017-12-02,1900,916,BAYV,6,5,7,3801,0,0,0,,0,3C12D,"PHELPS ST","VESTA ST",0.00,,Y,A,-,N,,,,,,,,,,N,2,0,1,2,A,-,10,21950,A,F,G,B,B,A,H,-,C,-,0,Y,,,,Y,,A,07,1,0,0,0,1,0,0,0,0,"- ","- ",,,"SAN FRANCISCO","SAN FRANCISCO",-122.39984991,37.73029992
8539908,2017,2018-01-26,3801,2017-12-04,1400,A21521,SOUTH,1,5,7,3801,0,0,0,,0,0B4,"10TH ST","HARRISON ST",0.00,,Y,A,-,N,,,,,,,,,,N,3,0,1,2,A,-,10,21950,A,N,G,B,B,A,H,-,A,A,0,Y,,,,Y,,A,01,0,1,0,0,1,0,0,0,0,"- ","- ",,,"SAN FRANCISCO","SAN FRANCISCO",-122.41124993,37.771599960000003
8539918,2017,2018-01-26,3801,2017-12-18,0825,1817,CENTE,1,5,7,3801,0,0,0,,0,3A13D,"MASON ST","LOMBARD ST",0.00,,Y,A,-,N,,,,,,,,,,N,3,0,1,2,D,-,00,,,N,A,B,B,A,H,-,A,A,0,Y,,,,Y,,-,"- ",0,1,0,0,1,0,0,0,0,"- ","- ",,,"SAN FRANCISCO","SAN FRANCISCO",-122.41300996,37.802819919999997
8539924,2017,2018-01-27,3801,2017-12-07,1605,A20979,SOUTH,4,5,7,3801,0,0,0,,0,3B14D,"7TH ST","BRANNAN ST",0.00,,Y,A,-,N,,,,,,,,,,,4,0,1,2,A,-,10,21950,A,F,G,B,B,A,H,-,A,A,0,Y,,,,Y,,A,01,0,0,1,0,1,0,0,0,0,"- ","- ",,,"SAN FRANCISCO","SAN FRANCISCO",-122.40320996,37.773049980000003
8539928,2017,2018-01-27,3801,2017-12-07,1334,2700,SOUTH,4,5,7,3801,0,0,0,,0,3B15C,"8TH ST","HOWARD ST",0.00,,Y,A,-,N,,,,,,,,,,N,4,0,1,2,A,-,10,21950,A,F,G,B,B,A,H,-,A,A,0,Y,,,,Y,,A,01,0,0,1,0,1,0,0,0,0,"- ","- ",,,"SAN FRANCISCO","SAN FRANCISCO",-122.41158998,37.776229950000001
8539952,2017,2018-01-27,3801,2017-12-10,1730,A23067,INGLE,7,5,7,3801,0,0,0,,0,3H16D,"SAN BRUNO AV","TEDDY AV",0.00,,Y,A,-,N,,,,,,,,,,N,3,0,1,2,D,-,00,,,N,G,B,D,A,H,-,B,D,0,Y,,,,Y,,-,"- ",0,1,0,0,1,0,0,0,0,"- ","- ",,,"SAN FRANCISCO","SAN FRANCISCO",-122.40213995000001,37.713029990000003
8539964,2017,2018-01-27,3801,2017-12-05,2029,2719,BAYVI,2,5,7,3801,0,0,0,,0,003,"INNES AV","GRIFFITH ST",0.00,,Y,A,-,N,,,,,,,,,,Y,3,0,1,2,A,-,11,21954,A,N,G,B,D,A,H,-,C,-,0,Y,,,,Y,,N,60,0,1,0,0,1,0,0,0,0,"- ","- ",,,"SAN FRANCISCO","SAN FRANCISCO",-122.37573999999999,37.732009980000001
8539983,2017,2018-01-27,3801,2017-12-16,1539,A10120,INGLE,6,5,7,3801,0,0,0,,0,0H6,"BAYSHORE BL","ARLETA AV",0.00,,Y,A,-,N,,,,,,,,,,N,3,0,1,2,A,-,11,21456,B,N,G,B,B,A,H,-,A,A,0,Y,,,,Y,,N,60,0,1,0,0,1,0,0,0,0,"- ","- ",,,"SAN FRANCISCO","SAN FRANCISCO",-122.40260997999999,37.712269990000003
8539988,2017,2018-02-12,3801,2017-12-04,1137,933,INGLE,1,5,7,3801,0,0,0,,0,3H15C,"SAN JOSE AV","GENEVA AV",0.00,,Y,A,-,N,,,,,,,,,,N,3,0,1,2,A,-,10,21950,A,N,G,B,B,A,H,-,A,A,0,Y,,,,Y,,-,,0,1,0,0,1,0,0,0,0,"- ","- ",,,"SAN FRANCISCO","SAN FRANCISCO",-122.4466299,37.720729919999997
8539991,2017,2018-01-27,3801,2017-12-15,1705,4140,TARAV,5,5,7,3801,0,0,0,,0,3I11D,"18TH AV","NORIEGA ST",302.00,N,N,A,-,N,,,,,,,,,,N,4,0,1,2,A,-,11,21950,B,N,D,B,D,A,H,-,B,D,0,Y,,,,Y,,N,60,0,0,1,0,1,0,0,0,0,"- ","- ",,,"SAN FRANCISCO","SAN FRANCISCO",-122.47546135,37.755088219999998
8539999,2017,2018-01-27,3801,2017-12-15,1615,A23067,INGLE,5,5,7,3801,0,0,0,,0,3H11D,"EXCELSIOR AV","MISSION ST",0.00,,Y,A,-,N,,,,,,,,,,N,3,0,1,2,A,-,10,21950,A,N,G,B,B,A,H,-,A,A,0,Y,,,,Y,,A,01,0,1,0,0,1,0,0,0,0,"- ","- ",,,"SAN FRANCISCO","SAN FRANCISCO",-122.43363988,37.726239960000001
8540059,2017,2018-01-29,3801,2017-11-13,1901,917,RICHM,1,5,7,3801,0,0,0,,0,4B4I,"BALBOA ST","7TH AV",0.00,,Y,A,-,N,,,,,,,,,,N,3,0,1,2,A,-,11,21954,A,N,G,B,D,A,H,-,C,A,0,Y,,,,Y,,N,60,0,1,0,0,1,0,0,0,0,"- ","- ",37.777009999999997,-122.46531,"SAN FRANCISCO","SAN FRANCISCO",-122.46506997,37.777189919999998
8540091,2017,2018-01-29,3801,2017-12-09,2103,A23055,TENDE,6,5,7,3801,0,0,0,,0,3J13E,"ELLIS ST","HYDE ST",68.00,W,N,A,-,N,,,,,,,,,,N,4,0,1,4,A,-,09,21804,A,F,B,B,E,A,H,-,C,D,0,Y,,,,Y,,A,01,0,0,1,0,1,0,0,0,0,"- ","- ",,,"SAN FRANCISCO","SAN FRANCISCO",-122.41629270999999,37.784421960000003
8540131,2017,2018-02-26,3801,2017-12-05,0607,795,BAYVI,2,5,7,3801,0,0,0,,0,3C11A,"25TH ST","3RD ST",50.00,W,N,A,-,N,,,,,,,,,,Y,4,0,3,5,A,-,08,22107,,N,D,C,E,A,H,-,C,A,0,Y,,,,Y,,-,,0,0,3,0,1,0,0,0,0,"- ","- ",,,"SAN FRANCISCO","SAN FRANCISCO",-122.38805235,37.752828110000003
8540140,2017,2018-01-29,3801,2017-11-26,0850,324,CENTR,7,5,7,3801,0,0,0,,0,3A40B,"CALIFORNIA ST","HYDE ST",0.00,,Y,A,-,N,,,,,,,,,,N,4,0,1,2,A,-,10,21950,A,N,G,B,B,A,H,-,A,A,0,Y,,,,Y,,A,01,0,0,1,0,1,0,0,0,0,"- ","- ",,,"SAN FRANCISCO","SAN FRANCISCO",-122.41739993,37.790989969999998
8540147,2017,2018-01-30,3801,2017-12-26,1426,1400,CENTR,2,5,7,3801,0,0,0,,0,3A12C,"CLAY ST","GRANT ST",0.00,,Y,A,-,N,,,,,,,,,,N,3,0,1,2,A,-,11,21955,,N,G,B,D,A,H,-,A,A,0,Y,,,,Y,,N,60,0,1,0,0,1,0,0,0,0,"- ","- ",,,"SAN FRANCISCO","SAN FRANCISCO",-122.40625989999999,37.794279969999998
8540151,2017,2018-01-30,3801,2017-12-15,2148,2471,,5,5,7,3801,0,0,0,,0,,"TAYLOR ST","BUSH ST",0.00,,Y,A,-,N,,,,,,,,,,,4,0,1,2,A,-,10,21950,A,N,G,B,B,A,H,-,C,A,0,Y,,,,Y,,A,01,0,0,1,0,1,0,0,0,0,"- ","- ",,,"SAN FRANCISCO","SAN FRANCISCO",-122.41206991999999,37.789759910000001
8543508,2017,2018-06-29,3801,2017-12-03,0100,1986,NORTH,7,5,7,3801,0,0,0,,0,3E15A,"VAN NESS AV","UNION ST",0.00,,Y,A,-,Y,SF,4,101,-,-,6.500,H,-,S,N,3,0,1,2,A,-,10,21950,A,N,G,B,B,A,H,-,C,-,0,Y,,,,Y,,A,07,0,1,0,0,1,0,0,0,0,"- ","- ",,,"SAN FRANCISCO","SAN FRANCISCO",-122.42406676,37.79839638
8543576,2018,2018-07-03,3801,2018-01-05,2054,1787,"CO E",5,5,7,3801,0,0,0,,0,06E,"VAN NESS AV","CHESTNUT ST",47.00,S,N,C,-,N,,,,,,,,,,N,2,0,1,2,A,-,11,21955,,N,G,B,D,B,H,-,C,A,0,Y,,,,Y,,N,60,1,0,0,0,1,0,0,0,0,"- ","- ",,,"SAN FRANCISCO","SAN FRANCISCO",-122.42475128173828,37.802131652832031
8543584,2018,2018-07-03,3801,2018-01-31,1005,4359,COD,3,5,7,3801,0,0,0,,0,004,"FOLSOM ST","25TH ST",0.00,,Y,F,-,N,,,,,,,,,,N,3,0,1,2,A,-,10,21950,A,N,G,B,B,-,G,-,A,A,0,Y,,,,Y,,A,01,0,1,0,0,1,0,0,0,0,"- ","- ",,,"SAN FRANCISCO","SAN FRANCISCO",-122.4139404296875,37.750919342041016
8543894,2018,2018-07-03,3801,2018-01-28,1544,629,,7,5,7,3801,0,0,0,,0,3J52D,"CYRIL MAGNIN ST","EDDY ST",0.00,,Y,A,-,N,,,,,,,,,,N,4,0,1,2,A,-,11,21950,B,F,G,B,B,A,H,-,A,B,0,Y,,,,Y,,N,60,0,0,1,0,1,0,0,0,0,"- ","- ",,,"SAN FRANCISCO","SAN FRANCISCO",-122.40852355957031,37.784500122070312
8543898,2018,2018-07-03,3801,2018-01-22,2144,1160,,1,5,7,3801,0,0,0,,0,0B3,"16TH ST","WISCONSIN ST",60.00,E,N,A,-,N,,,,,,,,,,N,3,0,1,2,A,-,11,21955,,F,G,B,D,A,-,-,C,D,0,Y,,,,Y,,N,60,0,1,0,0,1,0,0,0,0,"- ","- ",,,"SAN FRANCISCO","SAN FRANCISCO",-122.39954376220703,37.766281127929688
8550972,2018,2018-02-15,3801,2018-01-06,1843,A21235,INGLE,6,5,7,3801,0,0,0,,0,3H15D,"SICKLES AV","ALEMANY BL",0.00,,Y,A,-,N,,,,,,,,,,N,4,0,1,2,A,-,10,21950,A,N,G,B,B,A,H,-,B,A,0,Y,,,,Y,,D,22,0,0,1,0,1,0,0,0,0,"- ","- ",,,"SAN FRANCISCO","SAN FRANCISCO",-122.45491790771484,37.71051025390625
8550976,2018,2018-02-21,3801,2018-01-01,1530,917,RICHM,1,5,7,3801,0,0,0,,0,4B4I,"21ST AV","GEARY BL",0.00,,Y,A,-,N,,,,,,,,,,Y,3,0,6,7,A,-,03,22350,,N,G,B,F,A,H,-,A,A,0,Y,,,Y,Y,,F,26,0,2,4,0,2,0,0,0,0,"- ","- ",37.780368804931641,-122.48061370849609,"SAN FRANCISCO","SAN FRANCISCO",-122.48045349121094,37.780338287353516
8551016,2018,2018-02-20,3801,2018-01-11,0622,348,MISSI,4,5,7,3801,0,0,0,,0,901,"16TH ST","POTRERO ST",0.00,,Y,A,-,N,,,,,,,,,,Y,3,0,1,2,A,-,11,21453,D,N,G,B,B,A,H,-,C,A,0,Y,,,,Y,,I,11,0,1,0,0,1,0,0,0,0,"- ","- ",,,"SAN FRANCISCO","SAN FRANCISCO",-122.40756225585938,37.765769958496094
8551020,2018,2018-03-12,3801,2018-02-01,1205,2452,RICHM,4,5,7,3801,0,0,0,,0,3G13A,"BALBOA ST","FUNSTON AV",0.00,,Y,A,-,N,,,,,,,,,,N,3,0,1,2,A,-,10,21950,A,N,G,B,B,A,H,-,A,A,0,Y,,,,Y,,I,20,0,1,0,0,1,0,0,0,0,"- ","- ",,,"SAN FRANCISCO","SAN FRANCISCO",-122.47151184082031,37.776878356933594
8551032,2018,2018-02-15,3801,2018-01-08,0950,766,TENDE,1,5,7,3801,0,0,0,,0,3J11A,"9TH ST","MARKET ST",500.00,S,N,C,-,N,,,,,,,,,,N,4,0,1,2,A,-,11,21955,,N,G,B,D,B,H,-,A,A,0,Y,,,,Y,,N,60,0,0,1,0,1,0,0,0,0,"- ","- ",,,"SAN FRANCISCO","SAN FRANCISCO",-122.41510009765625,37.776535034179688
8551040,2018,2018-02-15,3801,2018-01-11,1628,1994,SOUTH,4,5,7,3801,0,0,0,,0,4B3G,"TOWNSEND ST","CLYDE ST",0.00,,Y,A,-,N,,,,,,,,,,N,3,0,1,2,A,-,11,21950,B,N,G,B,B,A,H,-,A,D,0,Y,,,,Y,,N,60,0,1,0,0,1,0,0,0,0,"- ","- ",37.778289794921875,-122.39356231689453,"SAN FRANCISCO","SAN FRANCISCO",-122.39356231689453,37.778228759765625
8552748,2018,2018-02-14,3801,2018-01-15,1254,2746,RICHM,1,5,7,3801,0,0,0,,0,3G14A,"LAKE ST","23RD AV",0.00,,Y,A,-,N,,,,,,,,,,N,4,0,1,2,A,-,03,22350,,N,G,B,B,A,H,-,A,D,0,Y,,,,Y,,D,22,0,0,1,0,1,0,0,0,0,"- ","- ",,,"SAN FRANCISCO","SAN FRANCISCO",-122.48300170898438,37.785850524902344