CASE_ID,ACCIDENT_YEAR,PROC_DATE,JURIS,COLLISION_DATE,COLLISION_TIME,OFFICER_ID,REPORTING_DISTRICT,DAY_OF_WEEK,CHP_SHIFT,POPULATION,CNTY_CITY_LOC,SPECIAL_COND,BEAT_TYPE,CHP_BEAT_TYPE,CITY_DIVISION_LAPD,CHP_BEAT_CLASS,BEAT_NUMBER,PRIMARY_RD,SECONDARY_RD,DISTANCE,DIRECTION,INTERSECTION,WEATHER_1,WEATHER_2,STATE_HWY_IND,CALTRANS_COUNTY,CALTRANS_DISTRICT,STATE_ROUTE,ROUTE_SUFFIX,POSTMILE_PREFIX,POSTMILE,LOCATION_TYPE,RAMP_INTERSECTION,SIDE_OF_HWY,TOW_AWAY,COLLISION_SEVERITY,NUMBER_KILLED,NUMBER_INJURED,PARTY_COUNT,PRIMARY_COLL_FACTOR,PCF_CODE_OF_VIOL,PCF_VIOL_CATEGORY,PCF_VIOLATION,PCF_VIOL_SUBSECTION,HIT_AND_RUN,TYPE_OF_COLLISION,MVIW,PED_ACTION,ROAD_SURFACE,ROAD_COND_1,ROAD_COND_2,LIGHTING,CONTROL_DEVICE,CHP_ROAD_TYPE,PEDESTRIAN_ACCIDENT,BICYCLE_ACCIDENT,MOTORCYCLE_ACCIDENT,TRUCK_ACCIDENT,NOT_PRIVATE_PROPERTY,ALCOHOL_INVOLVED,STWD_VEHTYPE_AT_FAULT,CHP_VEHTYPE_AT_FAULT,COUNT_SEVERE_INJ,COUNT_VISIBLE_INJ,COUNT_COMPLAINT_PAIN,COUNT_PED_KILLED,COUNT_PED_INJURED,COUNT_BICYCLIST_KILLED,COUNT_BICYCLIST_INJURED,COUNT_MC_KILLED,COUNT_MC_INJURED,PRIMARY_RAMP,SECONDARY_RAMP,LATITUDE,LONGITUDE,COUNTY,CITY,POINT_X,POINT_Y
8552756,2018,2018-02-21,3801,2018-01-29,1220,2456,COC,1,5,7,3801,0,0,0,,0,3C11A,"RHODE ISLAND ST","RHODE ISLAND ST 1448",0.00,,-,A,-,N,,,,,,,,,,N,2,0,1,3,D,-,00,,,N,E,I,F,A,H,-,A,D,0,Y,,,,Y,,-,"- ",1,0,0,0,1,0,0,0,0,"- ","- ",,,"SAN FRANCISCO","SAN FRANCISCO",-122.40128,37.751325000000001
8552760,2018,2018-02-14,3801,2018-01-22,2314,737,NORTH,1,5,7,3801,0,0,0,,0,3E11E,"OCTAVIA ST","OAK ST",0.00,,Y,A,-,N,,,,,,,,,,Y,3,0,1,2,A,-,00,20001,A,F,G,B,B,A,H,-,C,A,0,Y,,,,Y,Y,A,71,0,1,0,0,1,0,0,0,0,"- ","- ",,,"SAN FRANCISCO","SAN FRANCISCO",-122.42430114746094,37.774799346923828
8552771,2018,2018-02-14,3801,2018-01-18,1819,2743,INGLE,4,5,7,3801,0,0,0,,0,3II11D,"MISSION ST","HIGHLAND AV",24.00,E,N,B,C,N,,,,,,,,,,,4,0,1,2,A,-,10,21950,A,F,G,B,B,B,H,-,C,A,0,Y,,,,Y,,D,22,0,0,1,0,1,0,0,0,0,"- ","- ",,,"SAN FRANCISCO","SAN FRANCISCO",-122.42404174804688,37.737358093261719
8552795,2018,2018-02-14,3801,2018-01-09,0645,2376,SOUTH,2,5,7,3801,0,0,0,,0,3B5A,"DIVISION ST","POTRERO ST",0.00,,Y,A,-,N,,,,,,,,,,N,2,0,1,2,A,-,08,22107,,N,G,B,B,D,H,-,C,A,0,Y,,,,Y,,I,11,1,0,0,0,1,0,0,0,0,"- ","- ",,,"SAN FRANCISCO","SAN FRANCISCO",-122.40788269042969,37.769218444824219
8552808,2018,2018-02-14,3801,2018-01-12,1938,933,INGLE,5,5,7,3801,0,0,0,,0,3H15D,"MISSION ST","GENEVA AV",10.00,S,N,A,-,N,,,,,,,,,,N,3,0,1,2,A,-,11,21950,B,N,G,B,D,A,H,-,C,A,0,Y,,,,Y,,N,60,0,1,0,0,1,0,0,0,0,"- ","- ",,,"SAN FRANCISCO","SAN FRANCISCO",-122.44101715087891,37.71636962890625
8552809,2018,2018-02-13,3801,2018-01-08,1842,1894,TENDE,1,5,7,3801,0,0,0,,0,3J14D,"TAYLOR ST","EDDY ST",0.00,,Y,C,-,N,,,,,,,,,,N,4,0,1,2,A,-,11,21955,,N,G,B,D,B,-,-,C,A,0,Y,,Y,,Y,,N,60,0,0,1,0,1,0,0,0,0,"- ","- ",,,"SAN FRANCISCO","SAN FRANCISCO",-122.41094970703125,37.784160614013672
8552818,2018,2018-02-13,3801,2018-01-24,1747,A23094,INGLE,3,5,7,3801,0,0,0,,0,3H11D,"GENEVA AV","ATHENS ST",6.00,W,N,C,-,N,,,,,,,,,,N,4,0,1,2,A,-,10,21950,A,N,G,B,B,B,H,-,C,A,0,Y,,,,Y,,A,07,0,0,1,0,1,0,0,0,0,"- ","- ",,,"SAN FRANCISCO","SAN FRANCISCO",-122.43455505371094,37.713478088378906
8552821,2018,2018-02-13,3801,2018-01-27,2349,1851,MISSI,6,5,7,3801,0,0,0,,0,3D14E,"FOLSOM ST","16TH ST",0.00,,Y,A,-,N,,,,,,,,,,Y,4,0,1,2,A,-,11,21950,B,N,G,B,D,A,H,-,C,A,0,Y,,,,Y,,N,60,0,0,1,0,1,0,0,0,0,"- ","- ",,,"SAN FRANCISCO","SAN FRANCISCO",-122.41529846191406,37.765308380126953
8552822,2018,2018-03-06,3801,2018-01-23,2005,209,NORTH,2,5,7,3801,0,0,0,,0,03E,"WEBSTER ST","EDDY ST",0.00,,Y,A,-,N,,,,,,,,,,N,4,0,1,2,A,-,10,21950,A,F,G,B,B,A,H,-,C,A,0,Y,,,,Y,,A,01,0,0,1,0,1,0,0,0,0,"- ","- ",,,"SAN FRANCISCO","SAN FRANCISCO",-122.43067169189453,37.781620025634766
8552823,2018,2018-03-13,3801,2018-01-16,1027,1538,"CO J",2,5,7,3801,0,0,0,,0,901,"MCCALLISTER ST","HYDE ST",0.00,,Y,A,-,N,,,,,,,,,,N,3,0,1,2,A,-,10,21950,A,N,G,J,B,A,H,-,A,A,0,Y,,,,Y,,A,01,0,1,0,0,1,0,0,0,0,"- ","- ",,,"SAN FRANCISCO","SAN FRANCISCO",-122.41532135009766,37.780738830566406
8552827,2018,2018-02-14,3801,2018-01-15,2033,2451,TENDE,1,5,7,3801,0,0,0,,0,3J51E,"MARKET ST","7TH ST",0.00,,Y,A,-,N,,,,,,,,,,N,3,0,1,2,A,-,03,22350,,F,G,B,B,A,H,-,C,A,0,Y,,,,Y,,A,01,0,1,0,0,1,0,0,0,0,"- ","- ",,,"SAN FRANCISCO","SAN FRANCISCO",-122.41250610351562,37.780479431152344
8552830,2018,2018-03-06,3801,2018-01-21,2045,A20974,INGLE,7,5,7,3801,0,0,0,,0,3H11D,"PRENTISS ST","CORTLAND AV",0.00,,Y,C,-,N,,,,,,,,,,N,4,0,1,2,A,-,10,21950,A,F,G,B,B,B,H,-,C,A,0,Y,,,,Y,Y,-,,0,0,1,0,1,0,0,0,0,"- ","- ",,,"SAN FRANCISCO","SAN FRANCISCO",-122.41207122802734,37.739681243896484
8552835,2018,2018-02-14,3801,2018-01-13,1245,1572,SOUTH,6,5,7,3801,0,0,0,,0,3B11A,"2ND ST","HOWARD ST",0.00,,Y,A,-,N,,,,,,,,,,N,3,0,1,2,A,-,10,21950,A,N,B,B,B,A,H,-,A,A,0,Y,,,,Y,,A,01,0,1,0,0,1,0,0,0,0,"- ","- ",,,"SAN FRANCISCO","SAN FRANCISCO",-122.39824676513672,37.786788940429688
8552837,2018,2018-02-13,3801,2018-01-29,1334,1572,SOUTH,1,5,7,3801,0,0,0,,0,3B1A,"BEALE ST","HOWARD ST",0.00,,Y,A,-,N,,,,,,,,,,N,3,0,2,2,A,-,11,21453,D,N,D,B,B,A,H,-,A,A,0,Y,,,,Y,,N,60,0,2,0,0,1,0,0,0,0,"- ","- ",,,"SAN FRANCISCO","SAN FRANCISCO",-122.39427947998047,37.789920806884766
8552840,2018,2018-02-14,3801,2018-01-09,2028,253,MISSI,2,5,7,3801,0,0,0,,0,3D12D,"24TH ST","DOLORES ST",12.00,E,N,A,-,N,,,,,,,,,,N,3,0,1,2,A,-,10,21950,A,N,G,B,B,A,H,-,C,A,0,Y,,,,Y,,A,08,0,1,0,0,1,0,0,0,0,"- ","- ",,,"SAN FRANCISCO","SAN FRANCISCO",-122.42518615722656,37.751842498779297
8552843,2018,2018-02-14,3801,2018-01-13,1114,A20807,INGLE,6,5,7,3801,0,0,0,,0,002,"WILDER ST","CARRIE ST",0.00,,Y,A,-,N,,,,,,,,,,N,4,0,1,2,A,-,11,21954,A,N,G,B,D,A,H,-,A,D,0,Y,,,,Y,,N,60,0,0,1,0,1,0,0,0,0,"- ","- ",,,"SAN FRANCISCO","SAN FRANCISCO",-122.43283081054688,37.734039306640625
8552844,2018,2018-02-14,3801,2018-01-09,1959,2050,NORTH,2,5,7,3801,0,0,0,,0,3E14D,FRANKLIN,PACIFIC,0.00,,Y,A,-,N,,,,,,,,,,N,2,0,1,2,A,-,10,21950,A,N,G,B,B,A,H,-,C,A,0,Y,,,,Y,,A,01,1,0,0,0,1,0,0,0,0,"- ","- ",,,"SAN FRANCISCO","SAN FRANCISCO",-122.42485046386719,37.794609069824219
8552845,2018,2018-02-13,3801,2018-01-30,0926,1513,RICHM,2,5,7,3801,0,0,0,,0,3G13A,"ANZA ST","FUNSTON AV",0.00,,Y,A,-,N,,,,,,,,,,N,4,0,1,2,A,-,10,21950,A,N,A,B,B,A,H,-,A,D,0,Y,,,,Y,,A,01,0,0,1,0,1,0,0,0,0,"- ","- ",,,"SAN FRANCISCO","SAN FRANCISCO",-122.47164154052734,37.778739929199219
8552853,2018,2018-02-13,3801,2018-01-30,1746,1588,"CO D",2,5,7,3801,0,0,0,,0,3D16D,"SANCHEZ ST","MARKET ST",0.00,,Y,A,-,N,,,,,,,,,,N,4,0,1,2,A,-,17,21451,A,N,G,B,B,A,H,-,C,A,0,Y,,,,Y,,-,,0,0,1,0,1,0,0,0,0,"- ","- ",,,"SAN FRANCISCO","SAN FRANCISCO",-122.43100738525391,37.765979766845703
8552854,2018,2018-02-13,3801,2018-01-24,1931,1306,MISSI,3,5,7,3801,0,0,0,,0,3D12D,"GUERRERO ST","CESAR CHAVEZ ST",0.00,,Y,C,-,N,,,,,,,,,,N,4,0,1,2,A,-,10,21950,A,N,G,B,B,B,H,-,C,A,0,Y,,,,Y,,A,01,0,0,1,0,1,0,0,0,0,"- ","- ",,,"SAN FRANCISCO","SAN FRANCISCO",-122.42247772216797,37.748020172119141
8552858,2018,2018-02-13,3801,2018-01-24,1805,4360,BAYVI,3,5,7,3801,0,0,0,,0,002,"SAN BRUNO AV","SILVER AV",0.00,,Y,C,-,N,,,,,,,,,,N,4,0,1,2,A,-,10,21950,A,N,G,B,B,B,H,-,C,A,0,Y,,,,Y,,A,01,0,0,1,0,1,0,0,0,0,"- ","- ",,,"SAN FRANCISCO","SAN FRANCISCO",-122.40561676025391,37.732448577880859
8552861,2018,2018-02-13,3801,2018-01-23,1558,219,"CO A",2,5,7,3801,0,0,0,,0,3A4D,"KEARNY ST","JACKSON ST",0.00,,Y,A,-,N,,,,,,,,,,N,4,0,1,2,A,-,10,21950,A,N,G,B,B,A,H,-,A,A,0,Y,,,,Y,,A,01,0,0,1,0,1,0,0,0,0,"- ","- ",,,"SAN FRANCISCO","SAN FRANCISCO",-122.40513610839844,37.796218872070312
8552863,2018,2018-02-14,3801,2018-01-09,1105,A10951,CENTR,2,5,7,3801,0,0,0,,0,3A12B,"POWELL ST","WASHINGTON ST",0.00,,Y,A,-,N,,,,,,,,,,N,4,0,1,2,A,-,08,22107,,F,G,B,E,A,H,-,A,A,0,Y,,,,Y,,A,01,0,0,1,0,1,0,0,0,0,"- ","- ",,,"SAN FRANCISCO","SAN FRANCISCO",-122.40969085693359,37.794750213623047
8552864,2018,2018-02-14,3801,2018-01-19,1725,1909,NORTH,5,5,7,3801,0,0,0,,0,3E47D,"MARINA BL","SCOTT ST",8.00,E,N,A,-,N,,,,,,,,,,N,4,0,1,2,A,-,12,21453,A,N,G,B,B,A,-,-,C,A,0,Y,,,,Y,,A,01,0,0,1,0,1,0,0,0,0,"- ","- ",,,"SAN FRANCISCO","SAN FRANCISCO",-122.44222259521484,37.805782318115234
8552868,2018,2018-03-13,3801,2018-01-18,1831,A23065,INGLE,4,5,7,3801,0,0,0,,0,901,"ALEMANY AV","SILVER AV",0.00,,Y,C,-,N,,,,,,,,,,N,3,0,1,2,A,-,10,21950,A,N,G,B,B,B,H,-,C,A,0,Y,,,,Y,,A,08,0,1,0,0,1,0,0,0,0,"- ","- ",,,"SAN FRANCISCO","SAN FRANCISCO",-122.43338012695312,37.729850769042969
8552869,2018,2018-02-13,3801,2018-01-27,1640,1817,CENTR,6,5,7,3801,0,0,0,,0,3A13D,"GREENWICH ST","POWELL ST",0.00,,Y,A,-,N,,,,,,,,,,,3,0,1,2,A,-,12,22450,A,N,B,B,E,A,H,-,A,A,0,Y,,,,Y,,N,60,0,1,0,0,1,0,0,0,0,"- ","- ",,,"SAN FRANCISCO","SAN FRANCISCO",-122.41117858886719,37.802101135253906
8552872,2018,2018-02-14,3801,2018-01-18,1816,1173,RICHM,4,5,7,3801,0,0,0,,0,3G14D,"22ND AV","GEARY ST",0.00,,Y,C,-,N,,,,,,,,,,N,4,0,1,2,A,-,00,22950,A,N,G,B,B,B,-,-,C,A,0,Y,,,,Y,,A,01,0,0,1,0,1,0,0,0,0,"- ","- ",,,"SAN FRANCISCO","SAN FRANCISCO",-122.48152923583984,37.780288696289062
8552873,2018,2018-02-13,3801,2018-01-27,0205,2485,CENTR,6,5,7,3801,0,0,0,,0,1CAR,"PINE ST","LARKIN ST",0.00,,Y,A,-,N,,,,,,,,,,N,4,0,1,2,A,-,10,21950,A,F,G,B,B,A,H,-,C,A,0,Y,,,,Y,Y,A,01,0,0,1,0,1,0,0,0,0,"- ","- ",,,"SAN FRANCISCO","SAN FRANCISCO",-122.41886138916016,37.789829254150391
8552874,2018,2018-02-13,3801,2018-01-08,1246,1290,MISSI,1,5,7,3801,0,0,0,,0,3D13C,"20TH ST","MISSION ST",93.00,W,N,B,C,N,,,,,,,,,,N,4,0,1,2,A,-,11,21955,,N,G,B,D,B,H,-,A,D,0,Y,,,,Y,,N,60,0,0,1,0,1,0,0,0,0,"- ","- ",,,"SAN FRANCISCO","SAN FRANCISCO",-122.41935729980469,37.758609771728516
8552875,2018,2018-02-14,3801,2018-01-05,1730,A20836,INGLE,5,5,7,3801,0,0,0,,0,3H15D,"ALEMANY BL","SAN JUAN AV",0.00,,Y,C,-,N,,,,,,,,,,N,3,0,1,2,A,-,11,21456,B,N,G,B,B,B,H,-,C,A,0,Y,,,,Y,,N,60,0,1,0,0,1,0,0,0,0,"- ","- ",,,"SAN FRANCISCO","SAN FRANCISCO",-122.43705749511719,37.724830627441406
8552876,2018,2018-02-14,3801,2018-01-18,0856,A21938,CENTR,4,5,7,3801,0,0,0,,0,3A13A,"GEARY ST","LEAVENWORTH ST",0.00,,Y,B,-,N,,,,,,,,,,N,4,0,1,2,A,-,10,21950,A,N,G,B,B,B,H,-,A,A,0,Y,,,,Y,,A,01,0,0,1,0,1,0,0,0,0,"- ","- ",,,"SAN FRANCISCO","SAN FRANCISCO",-122.41480255126953,37.786540985107422
8552880,2018,2018-02-14,3801,2018-01-18,1653,1188,INGLE,4,5,7,3801,0,0,0,,0,3H13D,"LIPPARD AV","JOOST AV",12.00,N,N,B,C,N,,,,,,,,,,N,3,0,1,2,A,-,10,21950,A,N,G,B,B,B,H,-,A,D,0,Y,,,,Y,,A,01,0,1,0,0,1,0,0,0,0,"- ","- ",,,"SAN FRANCISCO","SAN FRANCISCO",-122.43623352050781,37.732433319091797
8552909,2018,2018-02-14,3801,2018-01-27,2240,158,NORTH,6,5,7,3801,0,0,0,,0,3E12E,"WEBSTER ST","MCALLISTER ST",0.00,,Y,A,-,N,,,,,,,,,,N,4,0,1,2,A,-,10,21950,A,F,G,B,B,A,H,-,C,A,0,Y,,,,Y,Y,A,01,0,0,1,0,1,0,0,0,0,"- ","- ",,,"SAN FRANCISCO","SAN FRANCISCO",-122.43010711669922,37.778839111328125
8552945,2018,2018-02-14,3801,2018-01-20,1500,611,SOUTH,6,5,7,3801,0,0,0,,0,3B12D,"12TH ST","FOLSOM ST",120.00,N,N,A,-,N,,,,,,,,,,N,4,0,1,2,A,-,11,21955,,N,G,B,D,A,H,-,A,A,0,Y,,,,Y,,N,60,0,0,1,0,1,0,0,0,0,"- ","- ",,,"SAN FRANCISCO","SAN FRANCISCO",-122.41535949707031,37.771060943603516
8552953,2018,2018-02-14,3801,2018-01-20,0250,1186,TENDE,6,5,7,3801,0,0,0,,0,3J14E,LEAVENWORTH,"TURK ST",20.00,N,N,A,-,N,,,,,,,,,,N,4,0,1,2,A,-,11,21955,,N,G,B,D,A,H,-,C,A,0,Y,,,,Y,,N,60,0,0,1,0,1,0,0,0,0,"- ","- ",,,"SAN FRANCISCO","SAN FRANCISCO",-122.41405487060547,37.782855987548828
8552957,2018,2018-02-14,3801,2018-01-20,0217,145,"CO D",6,5,7,3801,0,0,0,,0,0D3,"MISSION ST","21ST ST",210.00,S,N,B,-,N,,,,,,,,,,N,3,0,1,2,A,-,03,22350,,F,G,B,D,A,H,-,C,A,0,Y,,,,Y,,A,01,0,1,0,0,1,0,0,0,0,"- ","- ",,,"SAN FRANCISCO","SAN FRANCISCO",-122.41885375976562,37.756446838378906
8553122,2018,2018-02-14,3801,2018-01-08,2129,A10732,INGLE,1,5,7,3801,0,0,0,,0,3H63,"MISSION ST","GENEVA AV",0.00,,Y,C,-,N,,,,,,,,,,N,4,0,1,2,A,-,10,21950,A,F,G,B,B,B,H,-,C,A,0,Y,,,,Y,,A,01,0,0,1,0,1,0,0,0,0,"- ","- ",,,"SAN FRANCISCO","SAN FRANCISCO",-122.44100189208984,37.716388702392578
8553126,2018,2018-02-14,3801,2018-01-08,1843,987,MISSI,1,5,7,3801,0,0,0,,0,3D16D,"FOLSOM ST","16TH ST",0.00,,Y,C,-,N,,,,,,,,,,N,3,0,1,2,A,-,10,21950,A,N,G,B,B,B,H,-,C,A,0,Y,,,,Y,,-,,0,1,0,0,1,0,0,0,0,"- ","- ",,,"SAN FRANCISCO","SAN FRANCISCO",-122.41529846191406,37.765308380126953
8553127,2018,2018-02-14,3801,2018-01-29,2329,335,MISSI,1,5,7,3801,0,0,0,,0,3D11E,"MARKET ST","16TH ST",138.00,W,N,A,-,N,,,,,,,,,,N,3,0,1,2,A,-,21,22106,,F,G,B,E,A,H,-,C,D,0,Y,,,,Y,,A,01,0,1,0,0,1,0,0,0,0,"- ","- ",,,"SAN FRANCISCO","SAN FRANCISCO",-122.43349456787109,37.763988494873047
8553128,2018,2018-02-14,3801,2018-01-13,1530,244,NORTH,6,5,7,3801,0,0,0,,0,3E41C,"GOUGH ST","MCALLISTER ST",8.00,S,N,A,-,N,,,,,,,,,,N,3,0,1,2,A,-,10,21950,A,N,A,B,B,A,H,-,A,A,0,Y,,,,Y,,A,01,0,1,0,0,1,0,0,0,0,"- ","- ",,,"SAN FRANCISCO","SAN FRANCISCO",-122.42353820800781,37.779647827148438
8553130,2018,2018-02-14,3801,2018-01-08,1737,A20646,RICHM,1,5,7,3801,0,0,0,,0,0G4,"FULTON ST","20TH AV",10.00,E,N,C,-,N,,,,,,,,,,N,4,0,1,2,A,-,10,21950,A,N,G,B,B,B,H,-,C,D,0,Y,,,,Y,,A,01,0,0,1,0,1,0,0,0,0,"- ","- ",37.772819519042969,-122.47885131835938,"SAN FRANCISCO","SAN FRANCISCO",-122.47879791259766,37.772811889648438
8553140,2018,2018-02-14,3801,2018-01-12,2222,4115,MISIS,5,5,7,3801,0,0,0,,0,3D14E,"24TH ST","MISSION ST",0.00,,Y,A,-,N,,,,,,,,,,N,4,0,1,2,A,-,03,22350,,F,G,B,B,A,H,-,C,A,0,Y,,,,Y,,A,01,0,0,1,0,1,0,0,0,0,"- ","- ",,,"SAN FRANCISCO","SAN FRANCISCO",-122.41848754882812,37.75225830078125
8553142,2018,2018-02-14,3801,2018-01-06,0229,2091,NORTH,6,5,7,3801,0,0,0,,0,3E13E,"POST ST","POLK ST",0.00,,Y,A,-,N,,,,,,,,,,N,3,0,1,2,A,-,10,21950,A,F,G,B,B,A,H,-,C,A,0,Y,,,,Y,Y,-,,0,1,0,0,1,0,0,0,0,"- ","- ",,,"SAN FRANCISCO","SAN FRANCISCO",-122.41989898681641,37.786830902099609
8553147,2018,2018-02-14,3801,2018-01-18,1237,4036,SOUTH,4,5,7,3801,0,0,0,,0,4B2I,"MISSION ST","JULIA ST",130.00,E,N,B,-,N,,,,,,,,,,N,3,0,1,2,A,-,11,21954,A,N,G,B,D,B,H,-,A,B,0,Y,,,,Y,,N,60,0,1,0,0,1,0,0,0,0,"- ","- ",37.778011322021484,-122.41259002685547,"SAN FRANCISCO","SAN FRANCISCO",-122.41208648681641,37.778297424316406
8553148,2018,2018-02-14,3801,2018-01-12,1839,A21870,INGLE,5,5,7,3801,0,0,0,,0,3H12D,"ALEMANY BL","SICKLES AV",0.00,,Y,A,-,N,,,,,,,,,,N,3,0,1,2,A,-,10,21950,A,N,G,B,B,A,H,-,C,A,0,Y,,,,Y,,A,01,0,1,0,0,1,0,0,0,0,"- ","- ",,,"SAN FRANCISCO","SAN FRANCISCO",-122.45491790771484,37.71051025390625
8553164,2018,2018-02-14,3801,2018-01-11,1613,54,NORTH,4,5,7,3801,0,0,0,,0,3E13D,"GOUGH ST","PINE ST",0.00,,Y,A,-,N,,,,,,,,,,N,3,0,1,3,A,-,11,21453,D,N,G,B,B,A,H,-,A,A,0,Y,,,,Y,,N,60,0,1,0,0,1,0,0,0,0,"- ","- ",,,"SAN FRANCISCO","SAN FRANCISCO",-122.42542266845703,37.789009094238281
8553167,2018,2018-02-14,3801,2018-01-30,1744,185,MISSI,2,5,7,3801,0,0,0,,0,3D11C,"VALENCIA ST","18TH ST",277.00,S,N,A,-,N,,,,,,,,,,N,2,0,1,2,A,-,08,22102,,N,G,B,E,A,H,-,C,D,0,Y,,,,Y,,-,,1,0,0,0,1,0,0,0,0,"- ","- ",,,"SAN FRANCISCO","SAN FRANCISCO",-122.42148590087891,37.760951995849609
8553170,2018,2018-02-14,3801,2018-01-05,0841,164,NORTH,5,5,7,3801,0,0,0,,0,COE,GEARY,LAGUNA,0.00,,Y,B,C,N,,,,,,,,,,N,4,0,1,2,A,-,10,21950,A,N,B,B,B,B,H,-,A,A,0,Y,,,,Y,,-,,0,0,1,0,1,0,0,0,0,"- ","- ",,,"SAN FRANCISCO","SAN FRANCISCO",-122.42800140380859,37.785041809082031
8553174,2018,2018-02-14,3801,2018-01-05,1737,887,NORTH,5,5,7,3801,0,0,0,,0,3E12C,"UNION ST","LAGUNA ST",84.00,W,N,C,-,N,,,,,,,,,,N,3,0,1,2,A,-,11,21950,B,N,G,B,D,B,H,-,C,A,0,Y,,,,Y,,N,60,0,1,0,0,1,0,0,0,0,"- ","- ",,,"SAN FRANCISCO","SAN FRANCISCO",-122.43082427978516,37.797672271728516
8553179,2018,2018-02-14,3801,2018-01-12,0710,4341,PARK,5,5,7,3801,0,0,0,,0,3F60,"WALLER ST","MASONIC AV",0.00,,Y,E,-,N,,,,,,,,,,N,4,0,1,2,A,-,10,21950,A,N,G,B,B,A,H,-,C,A,0,Y,,,,Y,,A,01,0,0,1,0,1,0,0,0,0,"- ","- ",,,"SAN FRANCISCO","SAN FRANCISCO",-122.44512176513672,37.769279479980469
8553182,2018,2018-02-14,3801,2018-01-05,1930,344,SOUTH,5,5,7,3801,0,0,0,,0,001,"2ND ST","BRANNAN ST",3.00,N,N,C,-,N,,,,,,,,,,N,4,0,1,2,A,-,10,21950,A,N,G,B,B,B,H,-,C,A,0,Y,,,,Y,,A,01,0,0,1,0,0,0,0,0,0,"- ","- ",,,"SAN FRANCISCO","SAN FRANCISCO",-122.39206695556641,37.781845092773438
8553183,2018,2018-02-14,3801,2018-01-12,0630,4341,PARK,5,5,7,3801,0,0,0,,0,3F60,"CASTRO ST","14TH ST",0.00,,Y,A,-,N,,,,,,,,,,N,3,0,1,2,A,-,11,21955,,N,G,B,D,A,H,-,C,A,0,Y,,,,Y,,N,60,0,1,0,0,1,0,0,0,0,"- ","- ",,,"SAN FRANCISCO","SAN FRANCISCO",-122.43562316894531,37.767330169677734
8553194,2018,2018-02-14,3801,2018-01-06,1835,195,3E13D,6,5,7,3801,0,0,0,,0,06E,"POLK ST","BROADWAY ST",35.00,S,N,A,-,N,,,,,,,,,,N,4,0,1,2,A,-,11,21954,A,N,G,B,E,A,H,-,A,A,0,Y,,,,Y,,N,60,0,0,1,0,1,0,0,0,0,"- ","- ",,,"SAN FRANCISCO","SAN FRANCISCO",-122.42173767089844,37.795845031738281
8553195,2018,2018-02-14,3801,2018-01-08,1400,662,RICHM,1,5,7,3801,0,0,0,,0,003,"GEARY BL","6TH AV",0.00,,Y,C,-,N,,,,,,,,,,N,4,0,1,2,A,-,10,21950,A,N,G,B,B,B,H,-,A,A,0,Y,,,,Y,,-,,0,0,1,0,1,0,0,0,0,"- ","- ",,,"SAN FRANCISCO","SAN FRANCISCO",-122.46428680419922,37.781089782714844
8553197,2018,2018-02-13,3801,2018-01-08,2141,271,SOUTH,1,5,7,3801,0,0,0,,0,0B1,"FOLSOM ST","3RD ST",0.00,,Y,C,-,N,,,,,,,,,,N,3,0,1,2,A,-,11,21954,A,N,G,B,E,B,H,-,C,A,0,Y,,,,Y,Y,N,60,0,1,0,0,1,0,0,0,0,"- ","- ",,,"SAN FRANCISCO","SAN FRANCISCO",-122.39895629882812,37.783779144287109
8553198,2018,2018-02-14,3801,2018-01-22,0540,385,NORTH,1,5,7,3801,0,0,0,,0,901,"PINE ST","VAN NESS",0.00,,Y,C,-,N,,,,,,,,,,N,4,0,1,2,A,-,10,21950,A,N,G,B,B,B,D,-,C,D,0,Y,,,,Y,,A,01,0,0,1,0,1,0,0,0,0,"- ","- ",,,"SAN FRANCISCO","SAN FRANCISCO",-122.4222412109375,37.789398193359375
8553200,2018,2018-02-14,3801,2018-01-16,0132,877,BAYVI,2,5,7,3801,0,0,0,,0,3C13E,"INNES AV","DONAHUE ST",10.00,N,N,A,-,N,,,,,,,,,,N,4,0,1,2,A,-,17,21663,,F,G,B,F,A,H,-,C,A,0,Y,,,,Y,,-,,0,0,1,0,1,0,0,0,0,"- ","- ",,,"SAN FRANCISCO","SAN FRANCISCO",-122.37014007568359,37.728874206542969
8553209,2018,2018-02-15,3801,2018-01-11,0455,A22051,CENTR,4,5,7,3801,0,0,0,,0,3A14E,"131 BAY ST","MIDWAY ST",25.00,W,N,A,-,N,,,,,,,,,,N,3,0,1,2,A,-,11,21954,A,F,G,B,E,A,H,-,C,D,0,Y,,,,Y,,N,60,0,1,0,0,1,0,0,0,0,"- ","- ",,,"SAN FRANCISCO","SAN FRANCISCO",-122.40956878662109,37.806129455566406
8553225,2018,2018-02-15,3801,2018-01-03,1848,253,MISSI,3,5,7,3801,0,0,0,,0,3D13D,"25TH ST","BRYANT ST",9.00,E,N,C,-,N,,,,,,,,,,N,3,0,1,2,A,-,10,21950,A,N,G,B,B,B,H,-,C,A,0,Y,,,,Y,,A,01,0,1,0,0,1,0,0,0,0,"- ","- ",,,"SAN FRANCISCO","SAN FRANCISCO",-122.40896606445312,37.751190185546875