CASE_ID,ACCIDENT_YEAR,PROC_DATE,JURIS,COLLISION_DATE,COLLISION_TIME,OFFICER_ID,REPORTING_DISTRICT,DAY_OF_WEEK,CHP_SHIFT,POPULATION,CNTY_CITY_LOC,SPECIAL_COND,BEAT_TYPE,CHP_BEAT_TYPE,CITY_DIVISION_LAPD,CHP_BEAT_CLASS,BEAT_NUMBER,PRIMARY_RD,SECONDARY_RD,DISTANCE,DIRECTION,INTERSECTION,WEATHER_1,WEATHER_2,STATE_HWY_IND,CALTRANS_COUNTY,CALTRANS_DISTRICT,STATE_ROUTE,ROUTE_SUFFIX,POSTMILE_PREFIX,POSTMILE,LOCATION_TYPE,RAMP_INTERSECTION,SIDE_OF_HWY,TOW_AWAY,COLLISION_SEVERITY,NUMBER_KILLED,NUMBER_INJURED,PARTY_COUNT,PRIMARY_COLL_FACTOR,PCF_CODE_OF_VIOL,PCF_VIOL_CATEGORY,PCF_VIOLATION,PCF_VIOL_SUBSECTION,HIT_AND_RUN,TYPE_OF_COLLISION,MVIW,PED_ACTION,ROAD_SURFACE,ROAD_COND_1,ROAD_COND_2,LIGHTING,CONTROL_DEVICE,CHP_ROAD_TYPE,PEDESTRIAN_ACCIDENT,BICYCLE_ACCIDENT,MOTORCYCLE_ACCIDENT,TRUCK_ACCIDENT,NOT_PRIVATE_PROPERTY,ALCOHOL_INVOLVED,STWD_VEHTYPE_AT_FAULT,CHP_VEHTYPE_AT_FAULT,COUNT_SEVERE_INJ,COUNT_VISIBLE_INJ,COUNT_COMPLAINT_PAIN,COUNT_PED_KILLED,COUNT_PED_INJURED,COUNT_BICYCLIST_KILLED,COUNT_BICYCLIST_INJURED,COUNT_MC_KILLED,COUNT_MC_INJURED,PRIMARY_RAMP,SECONDARY_RAMP,LATITUDE,LONGITUDE,COUNTY,CITY,POINT_X,POINT_Y
8553229,2018,2018-02-15,3801,2018-01-03,1741,A09968,COFPA,3,5,7,3801,0,0,0,,0,3F61,"PARNASSUS AV","HILLWAY AV",36.00,W,N,B,C,N,,,,,,,,,,N,4,0,1,2,A,-,11,21950,B,N,G,B,D,B,H,-,C,A,0,Y,,,,Y,,N,60,0,0,1,0,1,0,0,0,0,"- ","- ",,,"SAN FRANCISCO","SAN FRANCISCO",-122.45681762695312,37.763805389404297
8553233,2018,2018-02-15,3801,2018-01-03,1316,885,INGLE,3,5,7,3801,0,0,0,,0,3H11C,"SAN BRUNO AV","HARKNESS AV",0.00,,Y,B,-,N,,,,,,,,,,N,4,0,1,2,A,-,11,21950,B,N,G,B,B,B,H,-,A,A,0,Y,,,,Y,,N,60,0,0,1,0,1,0,0,0,0,"- ","- ",,,"SAN FRANCISCO","SAN FRANCISCO",-122.40013122558594,37.717891693115234
8553249,2018,2018-02-15,3801,2018-01-06,0825,299,RICHM,6,5,7,3801,0,0,0,,0,3G13A,"GEARY BL","COLLINS ST",0.00,,Y,A,-,N,,,,,,,,,,N,4,0,1,2,A,-,10,21952,,N,G,B,F,A,H,-,A,D,0,Y,,,,Y,,A,01,0,0,1,0,1,0,0,0,0,"- ","- ",,,"SAN FRANCISCO","SAN FRANCISCO",-122.45011901855469,37.782180786132812
8553257,2018,2018-02-15,3801,2018-01-06,0350,1246,TENDE,6,5,7,3801,0,0,0,,0,001,"MARKET ST","5TH ST",0.00,,Y,A,-,N,,,,,,,,,,N,3,0,1,2,A,-,03,22350,,F,G,B,B,B,H,-,C,A,0,Y,,,,Y,,A,01,0,1,0,0,1,0,0,0,0,"- ","- ",,,"SAN FRANCISCO","SAN FRANCISCO",-122.40805816650391,37.784000396728516
8553265,2018,2018-02-15,3801,2018-01-08,1727,887,NORTH,1,5,7,3801,0,0,0,,0,3E12C,"FELL ST",LAGUNA,5.00,W,N,C,-,N,,,,,,,,,,N,3,0,1,2,A,-,11,21950,B,N,G,B,B,B,H,-,C,A,0,Y,,,,Y,,A,01,0,1,0,0,1,0,0,0,0,"- ","- ",,,"SAN FRANCISCO","SAN FRANCISCO",-122.42606353759766,37.775539398193359
8553269,2018,2018-02-15,3801,2018-01-08,1208,671,MISSI,1,5,7,3801,0,0,0,,0,3D15C,"MISSION ST","14TH ST",10.00,N,N,C,-,N,,,,,,,,,,N,4,0,1,2,A,-,10,21950,,N,G,B,B,A,H,-,A,A,0,Y,,,,Y,,A,01,0,0,1,0,1,0,0,0,0,"- ","- ",,,"SAN FRANCISCO","SAN FRANCISCO",-122.41997528076172,37.768318176269531
8553277,2018,2018-02-15,3801,2018-01-08,0900,1116,MISSI,1,5,7,3801,0,0,0,,0,3D4A,"VALENCIA ST","24TH ST",0.00,,Y,C,-,N,,,,,,,,,,N,4,0,1,2,A,-,10,21950,A,N,G,B,B,B,H,-,A,A,0,Y,,,,Y,,A,08,0,0,1,0,1,0,0,0,0,"- ","- ",,,"SAN FRANCISCO","SAN FRANCISCO",-122.42064666748047,37.752109527587891
8553368,2017,2018-03-05,3801,2017-12-21,2100,219,CENTR,4,5,7,3801,0,0,0,,0,3A14D,"COLUMBUS AV","GREENWICH ST",0.00,,Y,A,-,N,,,,,,,,,,N,3,0,1,2,D,-,00,,,F,G,B,E,-,H,-,C,A,0,Y,,,,Y,,-,"- ",0,1,0,0,1,0,0,0,0,"- ","- ",,,"SAN FRANCISCO","SAN FRANCISCO",-122.41253999,37.801929899999998
8553372,2017,2018-02-20,3801,2017-12-30,1910,A03640,SOUTH,6,5,7,3801,0,0,0,,0,3B15B,"FOLSOM ST","6TH ST",0.00,,Y,-,-,N,,,,,,,,,,N,4,0,1,2,A,-,10,21950,A,N,G,B,B,-,-,-,-,-,0,Y,,,,Y,Y,A,01,0,0,1,0,1,0,0,0,0,"- ","- ",,,"SAN FRANCISCO","SAN FRANCISCO",-122.40559986,37.778500000000001
8553376,2017,2018-02-20,3801,2017-12-16,1545,1531,TENDE,6,5,7,3801,0,0,0,,0,00J,"MARKET ST","OFARRELL ST",0.00,,Y,A,-,N,,,,,,,,,,N,4,0,1,2,A,-,00,24153,A,N,G,B,B,A,H,-,A,A,0,Y,,,,Y,,-,,0,0,1,0,1,0,0,0,0,"- ","- ",,,"SAN FRANCISCO","SAN FRANCISCO",-122.40458099999999,37.786769999999997
8553396,2017,2018-02-20,3801,2017-12-06,1105,2403,CENTR,3,5,7,3801,0,0,0,,0,3A15A,"MARKET ST","MAIN ST",0.00,,Y,A,-,N,,,,,,,,,,N,3,0,1,2,A,-,21,22106,,N,G,B,B,-,H,-,A,A,0,Y,,,,Y,,A,01,0,1,0,0,1,0,0,0,0,"- ","- ",,,"SAN FRANCISCO","SAN FRANCISCO",-122.39653993,37.793099900000001
8554189,2018,2018-07-03,3801,2018-01-24,1704,A03640,SOUTH,3,5,7,3801,0,0,0,,0,3B15C,"9TH ST","DIVISION ST",0.00,,Y,A,C,N,,,,,,,,,,N,4,0,1,2,A,-,10,21950,A,N,G,B,B,B,H,-,C,C,0,Y,,,,Y,,A,01,0,0,1,0,1,0,0,0,0,"- ","- ",,,"SAN FRANCISCO","SAN FRANCISCO",-122.40619659423828,37.769451141357422
8555279,2018,2018-02-14,3801,2018-01-05,1909,933,INGLE,5,5,7,3801,0,0,0,,0,3H15D,"PERSIA AV","MISSION ST",0.00,,Y,B,-,N,,,,,,,,,,N,4,0,1,2,A,-,10,21950,A,N,G,B,B,B,H,-,C,A,0,Y,,,,Y,,A,01,0,0,1,0,1,0,0,0,0,"- ","- ",,,"SAN FRANCISCO","SAN FRANCISCO",-122.43596649169922,37.723140716552734
8555562,2018,2018-02-16,3801,2018-01-05,0645,189,NORTH,5,5,7,3801,0,0,0,,0,004,"BUSH ST","LAGUNA ST",0.00,,Y,C,-,N,,,,,,,,,,N,4,0,1,2,A,-,10,21950,A,N,G,B,B,B,H,-,C,A,0,Y,,,,Y,,A,07,0,0,1,0,1,0,0,0,0,"- ","- ",,,"SAN FRANCISCO","SAN FRANCISCO",-122.42852783203125,37.787651062011719
8556682,2018,2018-02-28,3801,2018-01-09,2202,1086,CENTR,2,5,7,3801,0,0,0,,0,3A60,"POWELL ST","SUTTER ST",0.00,,Y,A,-,N,,,,,,,,,,N,4,0,1,2,A,-,10,21950,A,N,G,B,B,A,H,-,C,A,0,Y,,,,Y,Y,A,01,0,0,1,0,1,0,0,0,0,"- ","- ",,,"SAN FRANCISCO","SAN FRANCISCO",-122.40860748291016,37.789230346679688
8558097,2018,2018-06-22,3801,2018-02-13,1015,1887,SOUTH,2,5,7,3801,0,0,0,,0,4B101,"HAWTHORNE ST","FOLSOM ST",77.00,N,N,A,-,N,,,,,,,,,,N,4,0,1,2,C,-,18,,,N,G,B,E,A,A,-,A,D,0,Y,,,,Y,,-,"- ",0,0,1,0,1,0,0,0,0,"- ","- ",37.7847900390625,-122.39766693115234,"SAN FRANCISCO","SAN FRANCISCO",-122.39801788330078,37.784828186035156
8558114,2018,2018-06-22,3801,2018-05-13,2233,4003,SOUTH,7,5,7,3801,0,0,0,,0,3B90,"NAVY RD","NAVY RD 65",0.00,,-,A,-,N,,,,,,,,,,N,4,0,1,2,A,-,10,21954,,N,G,B,D,A,H,-,C,D,0,Y,,,,Y,,N,60,0,0,1,0,1,0,0,0,0,"- ","- ",,,"SAN FRANCISCO","SAN FRANCISCO",-122.379795,37.729632000000002
8559912,2017,2018-02-22,3801,2017-11-12,1735,A11196,3I,7,5,7,3801,0,0,0,,0,3I16D,"JUNIPERO SERRA BL","HOLLOWAY AV",0.00,,Y,A,-,N,,,,,,,,,,Y,4,0,1,2,A,-,10,21950,A,N,G,B,B,A,H,-,C,A,0,Y,,,,Y,,A,01,0,0,1,0,1,0,0,0,0,"- ","- ",,,"SAN FRANCISCO","SAN FRANCISCO",-122.4726699,37.721569889999998
8560089,2017,2018-02-23,3801,2017-11-27,1327,933,INGLE,1,5,7,3801,0,0,0,,0,3H12C,"AMAZON AV","PARIS ST",0.00,,Y,A,-,N,,,,,,,,,,N,4,0,1,2,A,-,10,21950,A,N,A,B,B,A,H,-,A,-,0,Y,,,,Y,,-,,0,0,1,0,1,0,0,0,0,"- ","- ",,,"SAN FRANCISCO","SAN FRANCISCO",-122.43874987,37.716619960000003
8560097,2017,2018-02-22,3801,2017-11-16,0633,1990,SOUTH,4,5,7,3801,0,0,0,,0,3CAR,"7TH ST","FOLSOM ST",0.00,,Y,C,-,N,,,,,,,,,,N,3,0,1,2,A,-,10,21950,A,N,G,B,B,B,H,-,C,A,0,Y,,,,Y,,A,01,0,1,0,0,1,0,0,0,0,"- ","- ",,,"SAN FRANCISCO","SAN FRANCISCO",-122.40784985000001,37.776769889999997
8562245,2018,2018-03-01,3801,2018-01-15,1240,1213,RICHM,1,5,7,3801,0,0,0,,0,0G2,ARGUELLO,CALIFORNIA,30.00,N,N,A,-,N,,,,,,,,,,N,3,0,1,2,A,-,11,21955,,N,G,B,D,A,H,-,A,D,0,Y,,,,Y,,N,60,0,1,0,0,1,0,0,0,0,"- ","- ",,,"SAN FRANCISCO","SAN FRANCISCO",-122.45921325683594,37.785751342773438
8562253,2018,2018-02-28,3801,2018-01-20,1536,54,NORTH,6,5,7,3801,0,0,0,,0,3E13D,"FRANKLIN ST","SUTTER ST",102.00,N,N,A,-,N,,,,,,,,,,N,4,0,1,2,A,-,21,22106,,N,G,B,F,B,H,-,A,D,0,Y,,,,Y,,A,01,0,0,1,0,1,0,0,0,0,"- ","- ",,,"SAN FRANCISCO","SAN FRANCISCO",-122.42345428466797,37.787628173828125
8562265,2018,2018-02-27,3801,2018-01-03,1150,242,NORTH,3,5,7,3801,0,0,0,,0,001,"DIVISADERO ST","OAK ST",4.00,N,N,B,-,N,,,,,,,,,,N,4,0,1,2,A,-,10,21950,A,N,G,B,B,A,H,-,A,A,0,Y,,,,Y,,-,,0,0,1,0,1,0,0,0,0,"- ","- ",,,"SAN FRANCISCO","SAN FRANCISCO",-122.43743133544922,37.773151397705078
8562277,2018,2018-02-27,3801,2018-01-17,1824,A03640,SOUTH,3,5,7,3801,0,0,0,,0,3B15C,"TOWNSEND ST","5TH ST",0.00,,Y,A,-,N,,,,,,,,,,N,4,0,1,2,A,-,10,21950,A,N,G,B,B,A,H,-,C,C,0,Y,,,,Y,,A,01,0,0,1,0,1,0,0,0,0,"- ","- ",,,"SAN FRANCISCO","SAN FRANCISCO",-122.39723205566406,37.775348663330078
8568816,2018,2018-03-27,3801,2018-02-18,1052,2375,RICHM,7,5,7,3801,0,0,0,,0,3G60,"TURK ST","ARGUELLO BL",5.00,E,N,A,-,N,,,,,,,,,,Y,3,0,1,2,A,-,10,21950,A,N,G,B,B,A,H,-,A,A,0,Y,,,,Y,,A,07,0,1,0,0,1,0,0,0,0,"- ","- ",,,"SAN FRANCISCO","SAN FRANCISCO",-122.45857238769531,37.777248382568359
8572486,2018,2018-03-16,3801,2018-02-14,0532,A21817,NORTH,3,5,7,3801,0,0,0,,0,,"ELLIS ST","VAN NESS AV",0.00,,Y,A,-,N,,,,,,,,,,N,4,0,2,3,A,-,10,21950,A,N,G,B,B,A,H,-,C,A,0,Y,,,Y,Y,,F,26,0,0,2,0,2,0,0,0,0,"- ","- ",,,"SAN FRANCISCO","SAN FRANCISCO",-122.42106628417969,37.783821105957031
8572505,2018,2018-03-16,3801,2018-02-12,2150,2457,SOUTH,1,5,7,3801,0,0,0,,0,3B14E,"MISSION ST","MAIN ST",0.00,,Y,A,-,N,,,,,,,,,,N,3,0,1,2,A,-,10,21950,A,N,G,B,B,A,H,-,C,A,0,Y,,,,Y,,I,11,0,1,0,0,1,0,0,0,0,"- ","- ",,,"SAN FRANCISCO","SAN FRANCISCO",-122.39497375488281,37.791858673095703
8572521,2018,2018-03-27,3801,2018-02-04,2148,2095,COD,7,5,7,3801,0,0,0,,0,901,"DUBOCE AV","PEARL ST",5.00,W,N,A,-,N,,,,,,,,,,Y,2,0,3,6,A,-,01,23153,A,F,C,C,F,A,H,-,C,A,0,Y,,,,Y,Y,D,22,1,0,2,0,1,0,0,0,0,"- ","- ",,,"SAN FRANCISCO","SAN FRANCISCO",-122.42383575439453,37.769790649414062
8572522,2018,2018-03-16,3801,2018-02-23,1520,RAYMON,CENTR,5,5,7,3801,0,0,0,,0,3A12C,"EMBARCADERO ST","SANSOME ST",0.00,,Y,A,-,N,,,,,,,,,,N,2,0,1,2,A,-,03,22350,A,N,B,G,-,A,H,-,A,A,0,Y,,,,Y,,N,60,1,0,0,0,1,0,0,0,0,"- ","- ",,,"SAN FRANCISCO","SAN FRANCISCO",-122.40342,37.805039999999998
8572537,2018,2018-03-21,3801,2018-02-12,0320,255,INGLE,1,5,7,3801,0,0,0,,0,3H11E,"3395 MISSION ST","MISSION ST",2.00,E,N,A,-,N,,,,,,,,,,N,4,0,1,2,A,-,17,21663,,F,G,B,F,A,H,-,C,D,0,Y,,,,Y,Y,D,22,0,0,1,0,1,0,0,0,0,"- ","- ",,,"SAN FRANCISCO","SAN FRANCISCO",-122.42203521728516,37.742282867431641
8572676,2018,2018-03-14,3801,2018-02-10,0817,002345,TARAV,6,5,7,3801,0,0,0,,0,3I13A,"RIVERA ST","40TH AV",0.00,,Y,A,-,N,,,,,,,,,,N,2,0,1,2,A,-,10,21950,A,N,G,B,D,A,H,-,A,A,0,Y,,,,Y,,A,01,1,0,0,0,1,0,0,0,0,"- ","- ",,,"SAN FRANCISCO","SAN FRANCISCO",-122.49842071533203,37.74578857421875
8572692,2018,2018-03-14,3801,2018-02-03,1320,2452,RICHM,6,5,7,3801,0,0,0,,0,3G3A,"CLEMENT ST","2ND AV",0.00,,Y,A,-,N,,,,,,,,,,N,3,0,1,2,A,-,10,21950,A,N,G,B,B,A,H,-,A,D,0,Y,,,,Y,Y,A,01,0,1,0,0,1,0,0,0,0,"- ","- ",,,"SAN FRANCISCO","SAN FRANCISCO",-122.46015167236328,37.783138275146484
8572844,2018,2018-03-14,3801,2018-02-05,1956,2268,TARAV,1,5,7,3801,0,0,0,,0,3I11D,"JUDAH ST","20TH AV",0.00,,Y,A,-,N,,,,,,,,,,N,2,0,1,2,A,-,10,21950,A,F,G,B,B,A,H,-,C,A,0,Y,,,,Y,,A,01,1,0,0,0,1,0,0,0,0,"- ","- ",,,"SAN FRANCISCO","SAN FRANCISCO",-122.47808837890625,37.761650085449219
8572848,2018,2018-03-14,3801,2018-02-05,2126,1102,PARK,1,5,7,3801,0,0,0,,0,0F3,"MASONIC AV","OAK ST",67.00,N,N,A,-,N,,,,,,,,,,N,2,0,2,3,A,-,11,21950,B,N,G,B,D,A,H,-,C,A,0,Y,,,,Y,,N,60,1,0,1,0,2,0,0,0,0,"- ","- ",,,"SAN FRANCISCO","SAN FRANCISCO",-122.44578552246094,37.772262573242188
8572856,2018,2018-03-14,3801,2018-02-06,1323,2338,SOUTH,2,5,7,3801,0,0,0,,0,001,"MISSION ST","ANTHONY ST",15.00,E,N,A,-,N,,,,,,,,,,N,3,0,1,2,A,-,11,21950,B,N,G,B,D,A,H,-,A,D,0,Y,,,,Y,,N,60,0,1,0,0,1,0,0,0,0,"- ","- ",,,"SAN FRANCISCO","SAN FRANCISCO",-122.3992919921875,37.788410186767578
8573769,2018,2018-03-14,3801,2018-02-13,1310,A22162,BAYVI,2,5,7,3801,0,0,0,,0,3C44C,"SAN BRUNO AV","SILVER AV",0.00,,N,A,-,N,,,,,,,,,,N,3,0,1,2,A,-,11,21955,,N,G,B,D,A,H,-,A,A,0,Y,,,,Y,,N,60,0,1,0,0,1,0,0,0,0,"- ","- ",,,"SAN FRANCISCO","SAN FRANCISCO",-122.40561676025391,37.732448577880859
8573771,2018,2018-04-04,3801,2018-02-25,1712,374,NORTH,7,5,7,3801,0,0,0,,0,3E15C,"CHESTNUT ST","AVILA ST",4.00,W,N,A,-,N,,,,,,,,,,N,3,0,1,2,A,-,10,21950,A,N,G,B,B,A,H,-,A,A,0,Y,,,,Y,,A,01,0,1,0,0,1,0,0,0,0,"- ","- ",,,"SAN FRANCISCO","SAN FRANCISCO",-122.44032287597656,37.800296783447266
8573775,2018,2018-03-14,3801,2018-02-25,2350,4102,3E11E,7,5,7,3801,0,0,0,,0,3E11E,"SCOTT ST","CHESTNUT ST",95.00,S,N,A,-,N,,,,,,,,,,N,4,0,1,2,A,-,11,21954,A,N,G,B,D,A,H,-,C,D,0,Y,,,,Y,Y,N,60,0,0,1,0,1,0,0,0,0,"- ","- ",,,"SAN FRANCISCO","SAN FRANCISCO",-122.44113922119141,37.799930572509766
8573782,2018,2018-03-13,3801,2018-02-12,1629,318,SOUTH,1,5,7,3801,0,0,0,,0,005,"6TH ST","FOLSOM ST",300.00,S,N,A,-,N,,,,,,,,,,N,4,0,1,2,A,-,10,21952,,N,G,B,F,A,H,-,A,A,0,Y,,,,Y,Y,A,01,0,0,1,0,1,0,0,0,0,"- ","- ",,,"SAN FRANCISCO","SAN FRANCISCO",-122.40486907958984,37.777915954589844
8573795,2018,2018-03-14,3801,2018-02-26,1649,892,SOUTH,1,5,7,3801,0,0,0,,0,3B15D,"7TH ST","MISSION BAY DR",0.00,,Y,A,-,N,,,,,,,,,,N,2,0,1,2,A,-,10,21950,A,N,G,B,B,A,H,-,A,A,0,Y,,,,Y,,A,01,1,0,0,0,1,0,0,0,0,"- ","- ",,,"SAN FRANCISCO","SAN FRANCISCO",-122.39868927001953,37.769420623779297
8573805,2018,2018-03-14,3801,2018-02-21,1524,1883,TENDE,3,5,7,3801,0,0,0,,0,002,"CYRIL MAGNIN ST","EDDY ST",0.00,,Y,A,-,N,,,,,,,,,,N,4,0,1,2,A,-,11,21955,,N,D,B,D,A,H,-,A,A,0,Y,,,,Y,Y,N,60,0,0,1,0,1,0,0,0,0,"- ","- ",,,"SAN FRANCISCO","SAN FRANCISCO",-122.40852355957031,37.784500122070312
8573806,2018,2018-03-15,3801,2018-02-24,0803,A22028,SOUTH,6,5,7,3801,0,0,0,,0,3B60,"FOLSOM ST","5TH ST",0.00,,Y,A,-,N,,,,,,,,,,N,2,0,1,2,A,-,10,21950,A,N,G,B,B,A,H,-,A,A,0,Y,,,,Y,,A,01,1,0,0,0,1,0,0,0,0,"- ","- ",,,"SAN FRANCISCO","SAN FRANCISCO",-122.40339660644531,37.780269622802734
8573817,2018,2018-03-20,3801,2018-02-20,1848,1362,CENTR,2,5,7,3801,0,0,0,,0,CENTRA,"SUTTER ST","LARKIN ST",50.00,E,N,A,-,N,,,,,,,,,,N,4,0,1,2,A,-,21,22106,,N,G,B,E,A,H,-,C,D,0,Y,,,,Y,,-,"- ",0,0,1,0,1,0,0,0,0,"- ","- ",,,"SAN FRANCISCO","SAN FRANCISCO",-122.41829681396484,37.787990570068359
8573821,2018,2018-03-14,3801,2018-02-20,0720,827,INGLE,2,5,7,3801,0,0,0,,0,3H11A,"BERNAL HTS BL","CARVER ST",0.00,,Y,A,-,N,,,,,,,,,,N,4,0,1,2,A,-,10,21950,A,N,G,B,B,A,H,-,A,A,0,Y,,,,Y,,A,01,0,0,1,0,1,0,0,0,0,"- ","- ",,,"SAN FRANCISCO","SAN FRANCISCO",-122.41005706787109,37.742721557617188
8573823,2018,2018-03-14,3801,2018-02-21,0455,1514,,3,5,7,3801,0,0,0,,0,,"VALENCIA ST","CESAR CHAVEZ ST",0.00,,Y,A,-,N,,,,,,,,,,N,3,0,1,2,A,-,10,21950,A,N,G,B,B,A,H,-,E,A,0,Y,,,,Y,,A,01,0,1,0,0,1,0,0,0,0,"- ","- ",,,"SAN FRANCISCO","SAN FRANCISCO",-122.42024993896484,37.748119354248047
8573826,2018,2018-03-15,3801,2018-02-28,1547,386,TENDE,3,5,7,3801,0,0,0,,0,3J11D,"EDDY ST","POLK ST",150.00,E,N,A,-,N,,,,,,,,,,N,4,0,1,2,A,-,11,21955,,N,G,B,D,A,H,-,A,A,0,Y,,,,Y,,N,60,0,0,1,0,1,0,0,0,0,"- ","- ",,,"SAN FRANCISCO","SAN FRANCISCO",-122.41867065429688,37.783149719238281
8573835,2018,2018-03-14,3801,2018-02-07,1445,1075,NORTH,3,5,7,3801,0,0,0,,0,3E27,"LOMBARD ST","DIVISADERO ST",14.00,N,N,A,-,N,,,,,,,,,,N,4,0,1,2,A,-,10,21950,A,N,G,B,B,A,H,-,A,A,0,Y,,,,Y,,A,01,0,0,1,0,1,0,0,0,0,"- ","- ",,,"SAN FRANCISCO","SAN FRANCISCO",-122.44260406494141,37.799015045166016
8573836,2018,2018-03-14,3801,2018-02-11,1942,2056,CENTR,7,5,7,3801,0,0,0,,0,3A12D,"TAYLOR ST","SACRAMENTO ST",12.00,N,N,A,-,N,,,,,,,,,,N,4,0,1,2,A,-,10,21950,A,N,G,B,B,A,H,-,A,D,0,Y,,,,Y,,-,,0,0,1,0,1,0,0,0,0,"- ","- ",,,"SAN FRANCISCO","SAN FRANCISCO",-122.41264343261719,37.792583465576172
8573837,2018,2018-03-14,3801,2018-02-26,2214,2471,CENTR,1,5,7,3801,0,0,0,,0,3A15E,"MARKET ST","3RD ST",129.00,E,N,C,-,N,,,,,,,,,,N,4,0,1,2,A,-,11,21955,,N,G,B,D,B,-,-,C,D,0,Y,,,,Y,,N,60,0,0,1,0,1,0,0,0,0,"- ","- ",,,"SAN FRANCISCO","SAN FRANCISCO",-122.40313720703125,37.78790283203125
8573839,2018,2018-03-14,3801,2018-02-07,0142,A21927,NORTH,3,5,7,3801,0,0,0,,0,3E11E,"POLK ST","ELLIS ST",0.00,,Y,A,-,N,,,,,,,,,,N,2,0,1,2,A,-,03,22350,,F,G,B,D,A,H,-,C,A,0,Y,Y,,,Y,,L,04,1,0,0,0,1,0,0,0,0,"- ","- ",,,"SAN FRANCISCO","SAN FRANCISCO",-122.41934967041016,37.784038543701172
8573840,2018,2018-03-14,3801,2018-02-12,1910,1445,NORTH,1,5,7,3801,0,0,0,,0,3E6C,"PACIFIC AV","POLK ST",28.00,W,N,A,-,N,,,,,,,,,,N,4,0,1,2,A,-,07,21658,A,N,E,I,F,A,H,-,C,A,0,Y,,,,Y,,A,01,0,0,1,0,1,0,0,0,0,"- ","- ",,,"SAN FRANCISCO","SAN FRANCISCO",-122.42167663574219,37.795017242431641
8573845,2017,2018-03-14,3801,2017-02-07,1515,964,NORTH,2,5,7,3801,0,0,0,,0,3E45C,"LAGUNA ST","GEARY BL",0.00,,Y,A,-,N,,,,,,,,,,N,3,0,1,2,A,-,10,21950,A,N,G,B,B,A,H,-,A,A,0,Y,,,,Y,,A,01,0,1,0,0,1,0,0,0,0,"- ","- ",,,"SAN FRANCISCO","SAN FRANCISCO",-122.42799999,37.785039920000003
8573851,2018,2018-03-15,3801,2018-02-13,0935,A22268,SOUTH,2,5,7,3801,0,0,0,,0,3B14B,"HARRISON ST","1ST ST",0.00,,Y,A,-,N,,,,,,,,,,N,3,0,1,2,A,-,10,21950,A,N,G,B,B,A,H,-,A,A,0,Y,,,,Y,,A,01,0,1,0,0,1,0,0,0,0,"- ","- ",,,"SAN FRANCISCO","SAN FRANCISCO",-122.39295959472656,37.786090850830078
8573855,2018,2018-03-15,3801,2018-02-13,0930,1098,SOUTH,2,5,7,3801,0,0,0,,0,003,"SHIPLEY ST","4TH ST",230.00,W,N,A,-,N,,,,,,,,,,N,3,0,1,2,A,-,11,21954,A,N,-,B,D,A,H,-,A,D,0,Y,,,,Y,,N,60,0,1,0,0,1,0,0,0,0,"- ","- ",,,"SAN FRANCISCO","SAN FRANCISCO",-122.40119171142578,37.781131744384766
8573857,2018,2018-03-14,3801,2018-02-23,1654,2046,NORTH,5,5,7,3801,0,0,0,,0,3E14D,"PACIFIC AV","FILLMORE ST",6.00,W,N,A,-,N,,,,,,,,,,N,4,0,1,2,A,-,10,21950,A,N,G,B,B,A,H,-,A,A,0,Y,,,,Y,,A,01,0,0,1,0,1,0,0,0,0,"- ","- ",,,"SAN FRANCISCO","SAN FRANCISCO",-122.43475341796875,37.793357849121094
8573864,2018,2018-03-16,3801,2018-02-13,1935,2095,COD,2,5,7,3801,0,0,0,,0,901,"POTRERO AV","17TH ST",6.00,S,N,A,-,N,,,,,,,,,,N,3,0,1,2,A,-,11,21456,C,N,G,B,B,A,H,-,C,A,0,Y,,,,Y,,N,60,0,1,0,0,1,0,0,0,0,"- ","- ",,,"SAN FRANCISCO","SAN FRANCISCO",-122.40743255615234,37.764472961425781
8573868,2018,2018-03-16,3801,2018-02-13,1545,A21266,PARK,2,5,7,3801,0,0,0,,0,3F12D,"BAKER ST","FELL ST",0.00,,Y,A,-,N,,,,,,,,,,N,4,0,1,2,A,-,11,21956,A,N,D,B,B,A,H,-,B,A,0,Y,,,,Y,,A,01,0,0,1,0,1,0,0,0,0,"- ","- ",,,"SAN FRANCISCO","SAN FRANCISCO",-122.44093322753906,37.77362060546875
8573870,2018,2018-03-14,3801,2018-02-09,2317,271,SOUTH,5,5,7,3801,0,0,0,,0,3B3,"MISSION ST","7TH ST",345.00,E,N,A,-,N,,,,,,,,,,N,3,0,1,2,A,-,11,21954,A,N,G,B,D,A,H,-,C,A,0,Y,,,,Y,,N,60,0,1,0,0,1,0,0,0,0,"- ","- ",,,"SAN FRANCISCO","SAN FRANCISCO",-122.41005706787109,37.779884338378906
8573875,2018,2018-03-15,3801,2018-02-18,2137,A10852,PARK,7,5,7,3801,0,0,0,,0,3F43E,"HAIGHT ST","SHRADER ST",0.00,W,N,A,-,N,,,,,,,,,,N,3,0,1,2,A,-,11,21954,A,N,G,B,D,A,H,-,C,D,0,Y,,,,Y,Y,N,60,0,1,0,0,1,0,0,0,0,"- ","- ",,,"SAN FRANCISCO","SAN FRANCISCO",-122.45185852050781,37.769371032714844