CASE_ID,ACCIDENT_YEAR,PROC_DATE,JURIS,COLLISION_DATE,COLLISION_TIME,OFFICER_ID,REPORTING_DISTRICT,DAY_OF_WEEK,CHP_SHIFT,POPULATION,CNTY_CITY_LOC,SPECIAL_COND,BEAT_TYPE,CHP_BEAT_TYPE,CITY_DIVISION_LAPD,CHP_BEAT_CLASS,BEAT_NUMBER,PRIMARY_RD,SECONDARY_RD,DISTANCE,DIRECTION,INTERSECTION,WEATHER_1,WEATHER_2,STATE_HWY_IND,CALTRANS_COUNTY,CALTRANS_DISTRICT,STATE_ROUTE,ROUTE_SUFFIX,POSTMILE_PREFIX,POSTMILE,LOCATION_TYPE,RAMP_INTERSECTION,SIDE_OF_HWY,TOW_AWAY,COLLISION_SEVERITY,NUMBER_KILLED,NUMBER_INJURED,PARTY_COUNT,PRIMARY_COLL_FACTOR,PCF_CODE_OF_VIOL,PCF_VIOL_CATEGORY,PCF_VIOLATION,PCF_VIOL_SUBSECTION,HIT_AND_RUN,TYPE_OF_COLLISION,MVIW,PED_ACTION,ROAD_SURFACE,ROAD_COND_1,ROAD_COND_2,LIGHTING,CONTROL_DEVICE,CHP_ROAD_TYPE,PEDESTRIAN_ACCIDENT,BICYCLE_ACCIDENT,MOTORCYCLE_ACCIDENT,TRUCK_ACCIDENT,NOT_PRIVATE_PROPERTY,ALCOHOL_INVOLVED,STWD_VEHTYPE_AT_FAULT,CHP_VEHTYPE_AT_FAULT,COUNT_SEVERE_INJ,COUNT_VISIBLE_INJ,COUNT_COMPLAINT_PAIN,COUNT_PED_KILLED,COUNT_PED_INJURED,COUNT_BICYCLIST_KILLED,COUNT_BICYCLIST_INJURED,COUNT_MC_KILLED,COUNT_MC_INJURED,PRIMARY_RAMP,SECONDARY_RAMP,LATITUDE,LONGITUDE,COUNTY,CITY,POINT_X,POINT_Y
8573878,2018,2018-03-14,3801,2018-02-09,1532,A20725,NORTH,5,5,7,3801,0,0,0,,0,3E43C,"POLK ST","TURK ST",0.00,,Y,A,-,N,,,,,,,,,,N,3,0,1,2,A,-,11,21950,B,N,G,B,D,A,H,-,A,A,0,Y,,,,Y,,N,60,0,1,0,0,1,0,0,0,0,"- ","- ",,,"SAN FRANCISCO","SAN FRANCISCO",-122.41899871826172,37.782169342041016
8573881,2018,2018-03-14,3801,2018-02-22,1542,321,RICHM,4,5,7,3801,0,0,0,,0,3G15D,"46TH AV","CABRILLO ST",0.00,,Y,A,G,N,,,,,,,,,,N,4,0,1,2,A,-,11,21954,A,N,G,B,D,A,H,-,A,D,0,Y,,,,Y,,N,60,0,0,1,0,1,0,0,0,0,"- ","- ",,,"SAN FRANCISCO","SAN FRANCISCO",-122.50682830810547,37.773399353027344
8573882,2018,2018-03-14,3801,2018-02-09,1445,2234,TARAV,5,5,7,3801,0,0,0,,0,3I16B,"BROAD ST","PLYMOUTH AV",4.00,E,N,A,-,N,,,,,,,,,,N,4,0,1,2,A,-,10,21950,A,M,G,B,B,A,H,-,A,A,0,Y,,,,Y,,A,01,0,0,1,0,1,0,0,0,0,"- ","- ",,,"SAN FRANCISCO","SAN FRANCISCO",-122.45606994628906,37.713180541992188
8573885,2018,2018-03-14,3801,2018-02-21,0910,2226,SOUTH,3,5,7,3801,0,0,0,,0,4B1G,"MISSION ST","7TH ST",0.00,,Y,A,B,N,,,,,,,,,,N,2,0,1,2,A,-,11,21456,B,N,G,B,B,A,H,-,A,A,0,Y,,Y,,Y,,N,60,1,0,0,0,1,0,0,0,0,"- ","- ",,,"SAN FRANCISCO","SAN FRANCISCO",-122.41089630126953,37.779209136962891
8573886,2018,2018-03-14,3801,2018-02-09,1105,A10359,TARAV,5,5,7,3801,0,0,0,,0,3I13A,"KIRKHAM ST","30TH AV",13.00,E,N,A,-,N,,,,,,,,,,N,3,0,1,2,A,-,10,21950,A,N,G,B,B,A,H,-,A,A,0,Y,,,,Y,,-,,0,1,0,0,1,0,0,0,0,"- ","- ",,,"SAN FRANCISCO","SAN FRANCISCO",-122.48858642578125,37.759311676025391
8573889,2018,2018-03-14,3801,2018-02-14,2213,4102,NORTH,3,5,7,3801,0,0,0,,0,3E11E,"WEBSTER ST","POST ST",0.00,,Y,A,-,N,,,,,,,,,,N,4,0,1,2,A,-,10,21950,A,F,G,B,B,A,H,-,C,A,0,Y,,,,Y,,A,01,0,0,1,0,1,0,0,0,0,"- ","- ",,,"SAN FRANCISCO","SAN FRANCISCO",-122.43142700195312,37.785358428955078
8573890,2018,2018-03-21,3801,2018-02-09,0914,2105,CENTR,5,5,7,3801,0,0,0,,0,3A40B,"POWELL ST","BEACH ST",0.00,,Y,A,-,N,,,,,,,,,,N,2,0,1,2,A,-,10,21950,A,N,G,B,B,A,H,-,A,A,0,Y,,,,Y,,A,01,1,0,0,0,1,0,0,0,0,"- ","- ",,,"SAN FRANCISCO","SAN FRANCISCO",-122.41232299804688,37.807701110839844
8573893,2018,2018-03-14,3801,2018-02-27,2100,2704,PARK,2,5,7,3801,0,0,0,,0,,"MASONIC ST","GROVE ST",0.00,,Y,A,-,N,,,,,,,,,,N,4,0,1,2,A,-,11,21950,B,N,G,B,B,A,H,-,C,A,0,Y,,,,Y,,N,60,0,0,1,0,1,0,0,0,0,"- ","- ",,,"SAN FRANCISCO","SAN FRANCISCO",-122.4462890625,37.774860382080078
8573906,2018,2018-03-21,3801,2018-02-08,1445,978,TENDE,4,5,7,3801,0,0,0,,0,,"LARKIN ST","GROVE ST",0.00,,Y,A,-,N,,,,,,,,,,N,3,0,1,2,A,-,"- ",,,N,G,B,E,A,H,-,A,A,0,Y,,,,Y,,-,"- ",0,1,0,0,1,0,0,0,0,"- ","- ",,,"SAN FRANCISCO","SAN FRANCISCO",-122.41658782958984,37.778659820556641
8573907,2018,2018-03-15,3801,2018-02-19,0841,893,TARAV,1,5,7,3801,0,0,0,,0,3I1DA,"SERRANO DR","ARELLANO AV",7.00,E,N,A,-,N,,,,,,,,,,N,4,0,1,2,A,-,05,21650,A,N,G,B,B,A,H,-,A,D,0,Y,,,,Y,,A,01,0,0,1,0,1,0,0,0,0,"- ","- ",,,"SAN FRANCISCO","SAN FRANCISCO",-122.47899627685547,37.720119476318359
8573910,2018,2018-03-15,3801,2018-02-08,1130,1519,BAYVI,4,5,7,3801,0,0,0,,0,04C,"SAN BRUNO AV","PAUL AV",20.00,N,N,A,-,N,,,,,,,,,,N,4,0,1,2,A,-,21,22106,,N,G,B,F,A,H,-,A,D,0,Y,,,,Y,,A,08,0,0,1,0,1,0,0,0,0,"- ","- ",,,"SAN FRANCISCO","SAN FRANCISCO",-122.40206909179688,37.723972320556641
8573914,2018,2018-03-15,3801,2018-02-07,1035,1620,BAYVI,3,5,7,3801,0,0,0,,0,3C13A,"NEWCOMB AV","MENDELL ST",294.00,E,N,A,-,N,,,,,,,,,,N,3,0,1,2,B,-,22,,,N,G,B,E,A,H,-,A,D,0,Y,,,,Y,,N,60,0,1,0,0,1,0,0,0,0,"- ","- ",,,"SAN FRANCISCO","SAN FRANCISCO",-122.38895416259766,37.734756469726562
8573915,2018,2018-03-15,3801,2018-02-19,0028,334,MISSI,1,5,7,3801,0,0,0,,0,901,"VALENCIA ST","CESAR CHAVEZ",0.00,,Y,A,-,N,,,,,,,,,,N,3,0,1,2,A,-,10,21950,A,N,G,B,B,A,H,-,C,A,0,Y,,,,Y,,A,01,0,1,0,0,1,0,0,0,0,"- ","- ",,,"SAN FRANCISCO","SAN FRANCISCO",-122.42024993896484,37.748119354248047
8573918,2018,2018-03-15,3801,2018-02-26,2025,A21077,SOUTH,1,5,7,3801,0,0,0,,0,001,"HUBBELL ST","7TH ST",250.00,W,N,C,-,N,,,,,,,,,,N,4,0,1,2,A,-,09,21804,A,N,G,B,D,B,G,-,E,D,0,Y,,,,Y,,N,60,0,0,1,0,1,0,0,0,0,"- ","- ",,,"SAN FRANCISCO","SAN FRANCISCO",-122.39730834960938,37.767337799072266
8574115,2018,2018-03-22,3801,2018-02-05,1445,135,3D11C,1,5,7,3801,0,0,0,,0,MISSIO,"7TH ST","BRYANT ST",0.00,,Y,A,-,N,,,,,,,,,,N,4,0,1,2,A,-,10,21950,A,N,G,B,B,A,H,-,A,A,0,Y,,,,Y,,A,01,0,0,1,0,1,0,0,0,0,"- ","- ",,,"SAN FRANCISCO","SAN FRANCISCO",-122.40484619140625,37.774379730224609
8574129,2018,2018-03-15,3801,2018-01-27,1830,2700,CENTR,6,5,7,3801,0,0,0,,0,3A1C,"FILBERT ST","POLK ST",0.00,,Y,-,-,N,,,,,,,,,,N,4,0,1,2,A,-,12,22450,A,N,-,-,-,-,-,-,-,-,0,Y,,,,Y,,A,01,0,0,1,0,1,0,0,0,0,"- ","- ",,,"SAN FRANCISCO","SAN FRANCISCO",-122.42250823974609,37.799701690673828
8574133,2018,2018-03-15,3801,2018-01-24,1950,2472,SOUTH,3,5,7,3801,0,0,0,,0,3B11D,"MAIN ST","MISSION ST",14.00,N,N,B,C,N,,,,,,,,,,N,4,0,1,2,A,-,10,21950,A,N,G,B,B,B,H,-,C,A,0,Y,,,,Y,,A,01,0,0,1,0,1,0,0,0,0,"- ","- ",,,"SAN FRANCISCO","SAN FRANCISCO",-122.39500427246094,37.791889190673828
8574648,2018,2018-04-25,3801,2018-03-23,0915,737,,5,5,7,3801,0,0,0,,0,3E13A,"MCALLISTER ST","POLK ST",0.00,E,-,A,-,N,,,,,,,,,,N,4,0,1,2,A,-,10,21950,A,F,D,B,B,A,H,-,A,A,0,Y,,,,Y,,A,01,0,0,1,0,1,0,0,0,0,"- ","- ",,,"SAN FRANCISCO","SAN FRANCISCO",-122.41860198974609,37.780269622802734
8574656,2018,2018-04-25,3801,2018-03-26,0708,720,,1,5,7,3801,0,0,0,,0,3J13A,"LEAVENWORTH ST","LEAVENWORTH ST 146",0.00,,-,A,-,N,,,,,,,,,,N,4,0,1,2,A,-,11,21955,,N,G,B,D,A,H,-,A,D,0,Y,,,,Y,,N,60,0,0,1,0,1,0,0,0,0,"- ","- ",,,"SAN FRANCISCO","SAN FRANCISCO",-122.41397600000001,37.782496000000002
8574849,2018,2018-04-23,3801,2018-03-24,1244,2375,TARAV,6,5,7,3801,0,0,0,,0,3G60,"23RD AV","ULLOA ST",0.00,,Y,A,-,N,,,,,,,,,,N,3,0,1,2,A,I,"- ",,,N,D,B,E,A,H,-,A,A,0,Y,,,,Y,,N,60,0,1,0,0,1,0,0,0,0,"- ","- ",,,"SAN FRANCISCO","SAN FRANCISCO",-122.47987365722656,37.740978240966797
8574941,2018,2018-04-18,3801,2018-03-19,1400,86,TARAV,1,5,7,3801,0,0,0,,0,3I13A,"LINCOLN WY","21ST AV",135.00,W,N,A,-,N,,,,,,,,,,N,4,0,1,2,D,-,00,,,N,G,B,E,A,H,-,A,D,0,Y,,,,Y,,-,"- ",0,0,1,0,1,0,0,0,0,"- ","- ",,,"SAN FRANCISCO","SAN FRANCISCO",-122.47988891601562,37.765338897705078
8574949,2018,2018-04-18,3801,2018-03-30,1411,A04978,SOUTH,5,5,7,3801,0,0,0,,0,4B3C,"MARKET ST","MARKET ST 735",0.00,E,-,A,-,N,,,,,,,,,,N,3,0,1,2,A,-,11,21955,,N,G,B,D,A,H,-,A,A,0,Y,,,,Y,,N,60,0,1,0,0,1,0,0,0,0,"- ","- ",,,"SAN FRANCISCO","SAN FRANCISCO",-122.40445709228516,37.786853790283203
8575253,2018,2018-03-13,3801,2018-02-05,1318,127,NORTH,1,5,7,3801,0,0,0,,0,001,"FELL ST","DIVISADERO ST",0.00,,Y,A,-,N,,,,,,,,,,,4,0,1,2,A,-,11,21456,B,N,G,B,B,A,H,-,A,A,0,Y,,,,Y,,N,60,0,0,1,0,1,0,0,0,0,"- ","- ",,,"SAN FRANCISCO","SAN FRANCISCO",-122.43759918212891,37.774059295654297
8575258,2018,2018-03-13,3801,2018-02-03,2325,327,SOUTH,6,5,7,3801,0,0,0,,0,003,"6TH ST","NATOMA ST",15.00,N,N,A,-,N,,,,,,,,,,,3,0,1,2,A,-,11,21950,B,N,G,B,D,A,H,-,C,A,0,Y,,,,Y,,N,60,0,1,0,0,1,0,0,0,0,"- ","- ",,,"SAN FRANCISCO","SAN FRANCISCO",-122.40770721435547,37.780208587646484
8575269,2018,2018-03-13,3801,2018-02-03,2020,898,NORTH,6,5,7,3801,0,0,0,,0,3E13E,"EDDY ST","POLK ST",0.00,,Y,A,-,N,,,,,,,,,,,4,0,1,2,A,-,10,21950,A,N,D,B,B,A,H,-,C,A,0,Y,,,,Y,,A,08,0,0,1,0,1,0,0,0,0,"- ","- ",,,"SAN FRANCISCO","SAN FRANCISCO",-122.41918182373047,37.7830810546875
8575273,2018,2018-03-13,3801,2018-02-15,1435,A22419,CENTR,4,5,7,3801,0,0,0,,0,,"JACKSON ST","LARKIN ST",0.00,,Y,A,-,N,,,,,,,,,,N,4,0,1,2,A,-,10,21950,A,N,D,B,B,A,H,-,A,A,0,Y,,,,Y,Y,A,01,0,0,1,0,1,0,0,0,0,"- ","- ",,,"SAN FRANCISCO","SAN FRANCISCO",-122.41976165771484,37.794349670410156
8586557,2018,2018-04-25,3801,2018-03-14,2000,817,SOUTH,3,5,7,3801,0,0,0,,0,3B90,"VERMONT ST","ALAMEDA ST",0.00,,Y,A,-,N,,,,,,,,,,N,3,0,1,2,A,-,10,21950,,N,G,B,B,A,H,-,C,A,0,Y,,,,Y,,I,11,0,1,0,0,1,0,0,0,0,"- ","- ",,,"SAN FRANCISCO","SAN FRANCISCO",-122.40484619140625,37.768550872802734
8586568,2018,2018-04-25,3801,2018-03-13,0554,405,MISSI,2,5,7,3801,0,0,0,,0,3D11A,"POTRERO AV","16TH ST",114.00,N,N,C,-,N,,,,,,,,,,N,4,0,1,2,A,-,11,21955,,F,G,B,D,B,H,-,C,D,0,Y,,,Y,Y,,N,60,0,0,1,0,1,0,0,0,0,"- ","- ",,,"SAN FRANCISCO","SAN FRANCISCO",-122.40758514404297,37.766082763671875
8593762,2018,2018-04-20,3801,2018-02-02,0810,1171,NORTH,5,5,7,3801,0,0,0,,0,4B1D,"VAN NESS AV","CHESTNUT ST",103.00,N,N,A,-,N,,,,,,,,,,N,3,0,1,2,A,-,11,21956,B,N,G,B,E,A,C,D,A,D,0,Y,,,Y,Y,,N,60,0,1,0,0,1,0,0,0,0,"- ","- ",,,"SAN FRANCISCO","SAN FRANCISCO",-122.42483520507812,37.802539825439453
8593786,2018,2018-04-25,3801,2018-03-03,1522,A22028,MISSI,6,5,7,3801,0,0,0,,0,3B13C,"MISSION ST","20TH ST",0.00,,Y,B,-,N,,,,,,,,,,N,3,0,1,2,A,-,11,21954,A,N,G,B,E,B,H,-,A,A,0,Y,,,,Y,,N,60,0,1,0,0,1,0,0,0,0,"- ","- ",,,"SAN FRANCISCO","SAN FRANCISCO",-122.41903686523438,37.758628845214844
8594283,2018,2018-04-18,3801,2018-03-05,1553,310," TARA",1,5,7,3801,0,0,0,,0,3I15B,"JUNIPERO SERRA BL","WINSTON DR",5.00,S,N,A,-,N,,,,,,,,,,N,3,0,1,2,A,-,10,21950,A,N,D,B,B,A,H,-,A,A,0,Y,,,,Y,,A,01,0,1,0,0,1,0,0,0,0,"- ","- ",,,"SAN FRANCISCO","SAN FRANCISCO",-122.47237396240234,37.726825714111328
8594285,2018,2018-04-24,3801,2018-03-22,0620,2023,PARK,4,5,7,3801,0,0,0,,0,004,"14TH ST","NOE ST",22.00,W,N,B,C,N,,,,,,,,,,N,3,0,1,2,A,-,10,21950,A,N,G,B,B,B,H,-,C,A,0,Y,,,,Y,,D,22,0,1,0,0,1,0,0,0,0,"- ","- ",,,"SAN FRANCISCO","SAN FRANCISCO",-122.43347930908203,37.767463684082031
8594289,2018,2018-04-24,3801,2018-03-27,1118,1100,TENDE,2,5,7,3801,0,0,0,,0,3J50,"FULTON ST","HYDE ST",12.00,E,N,A,-,N,,,,,,,,,,N,3,0,2,3,A,-,10,21950,A,N,G,G,B,-,H,-,A,A,0,Y,Y,,,Y,,D,22,0,2,0,0,1,0,1,0,0,"- ","- ",,,"SAN FRANCISCO","SAN FRANCISCO",-122.41509246826172,37.779815673828125
8594301,2018,2018-04-24,3801,2018-03-26,1104,518,TENDE,1,5,7,3801,0,0,0,,0,4B2H,"MARKET ST","4TH ST",170.00,W,N,A,-,N,,,,,,,,,,N,2,0,1,2,A,-,11,21955,,N,G,B,D,A,H,-,A,D,0,Y,,,,Y,,N,60,1,0,0,0,1,0,0,0,0,"- ","- ",,,"SAN FRANCISCO","SAN FRANCISCO",-122.40630340576172,37.785366058349609
8594480,2018,2018-05-15,3801,2018-03-02,1751,1306,,5,5,7,3801,0,0,0,,0,3D15D,"MISSION ST","15TH ST",0.00,,Y,A,-,N,,,,,,,,,,N,4,0,1,2,A,-,12,21453,A,M,H,-,-,A,H,-,A,A,0,Y,Y,,,Y,,L,04,0,0,1,0,1,0,0,0,0,"- ","- ",,,"SAN FRANCISCO","SAN FRANCISCO",-122.41982269287109,37.766670227050781
8594561,2018,2018-04-20,3801,2018-03-04,2239,1480,MISSI,7,5,7,3801,0,0,0,,0,3D2E,"23RD ST","VALENCIA ST",2.00,E,N,A,-,N,,,,,,,,,,Y,3,0,1,2,A,-,10,21950,A,F,D,B,B,A,H,-,C,A,0,Y,,,,Y,,A,01,0,1,0,0,1,0,0,0,0,"- ","- ",,,"SAN FRANCISCO","SAN FRANCISCO",-122.42080688476562,37.753700256347656
8594566,2018,2018-04-20,3801,2018-03-12,1245,1148,SOUTH,1,5,7,3801,0,0,0,,0,3B13C,"6TH ST","SHIPLEY ST",0.00,,Y,A,-,N,,,,,,,,,,N,3,0,1,2,A,-,11,21954,A,N,G,B,D,A,H,-,A,D,0,Y,,,,Y,,N,60,0,1,0,0,1,0,0,0,0,"- ","- ",,,"SAN FRANCISCO","SAN FRANCISCO",-122.40505218505859,37.778060913085938
8594567,2018,2018-04-26,3801,2018-03-05,1413,A21529,PARK,1,5,7,3801,0,0,0,,0,3F3B,"STANYAN ST","HAYES ST",3.00,S,N,A,-,N,,,,,,,,,,N,3,0,1,2,A,-,10,21950,A,N,G,B,B,A,H,-,A,A,0,Y,,,,Y,,D,22,0,1,0,0,1,0,0,0,0,"- ","- ",,,"SAN FRANCISCO","SAN FRANCISCO",-122.45429992675781,37.772861480712891
8594568,2018,2018-04-20,3801,2018-03-06,1845,677,BAYVI,2,5,7,3801,0,0,0,,0,3C13C,"NEWCOMB AV","SELBY ST",0.00,,Y,A,-,N,,,,,,,,,,Y,4,0,1,2,A,-,12,22450,A,F,G,B,B,A,H,-,C,A,0,Y,,,,Y,,A,01,0,0,1,0,1,0,0,0,0,"- ","- ",,,"SAN FRANCISCO","SAN FRANCISCO",-122.39911651611328,37.74053955078125
8594580,2018,2018-04-20,3801,2018-03-05,1730,2050,NORTH,1,5,7,3801,0,0,0,,0,3E14D,LAGUNA,"SUTTER ST",0.00,,Y,A,-,N,,,,,,,,,,N,4,0,1,2,A,-,10,21950,A,N,G,B,B,A,H,-,A,A,0,Y,,,,Y,,A,01,0,0,1,0,1,0,0,0,0,"- ","- ",,,"SAN FRANCISCO","SAN FRANCISCO",-122.42832946777344,37.786720275878906
8594583,2018,2018-05-08,3801,2018-03-02,0345,455,,5,5,7,3801,0,0,0,,0,901,"6TH ST","STEVENSON ST",0.00,,Y,A,-,N,,,,,,,,,,N,4,0,1,2,A,-,10,21950,A,F,G,B,B,A,H,-,C,D,0,Y,,,,Y,,A,01,0,0,1,0,1,0,0,0,0,"- ","- ",,,"SAN FRANCISCO","SAN FRANCISCO",-122.40966796875,37.781768798828125
8594584,2018,2018-04-20,3801,2018-03-05,1658,2400,TARAV,1,5,7,3801,0,0,0,,0,3I15D,"19TH AV","SARGENT ST",0.00,,Y,A,-,N,,,,,,,,,,N,4,0,1,2,A,-,05,21460,A,N,G,B,D,A,H,-,A,D,0,Y,,,,Y,,A,01,0,0,1,0,1,0,0,0,0,"- ","- ",,,"SAN FRANCISCO","SAN FRANCISCO",-122.47158050537109,37.716110229492188
8594588,2018,2018-04-20,3801,2018-03-05,1654,1787,COE,1,5,7,3801,0,0,0,,0,,"FILBERT ST","GOUGH ST",0.00,,Y,A,-,N,,,,,,,,,,N,3,0,1,2,A,-,10,21950,A,N,D,B,B,A,H,-,A,A,0,Y,,,,Y,,A,01,0,1,0,0,1,0,0,0,0,"- ","- ",,,"SAN FRANCISCO","SAN FRANCISCO",-122.42745971679688,37.799068450927734
8594594,2018,2018-04-20,3801,2018-03-09,1940,283,RICHM,5,5,7,3801,0,0,0,,0,,"CALIFORNIA ST","BAKER ST",0.00,,Y,E,-,N,,,,,,,,,,N,2,0,1,2,A,-,10,21950,A,N,G,B,B,A,H,-,C,A,0,Y,,,,Y,,A,01,1,0,0,0,1,0,0,0,0,"- ","- ",,,"SAN FRANCISCO","SAN FRANCISCO",-122.44374847412109,37.787628173828125
8594605,2018,2018-04-20,3801,2018-03-27,1600,4003,SOUTH,2,5,7,3801,0,0,0,,0,3B12D,"HOWARD ST","5TH ST",0.00,,Y,A,-,N,,,,,,,,,,N,4,0,1,2,A,-,10,21950,A,N,G,B,B,A,-,-,A,A,0,Y,,,,Y,,A,01,0,0,1,0,1,0,0,0,0,"- ","- ",,,"SAN FRANCISCO","SAN FRANCISCO",-122.40493011474609,37.781509399414062
8594608,2018,2018-04-20,3801,2018-03-08,1700,A20688,SOUTH,4,5,7,3801,0,0,0,,0,3B13A,"BRANNAN ST","6TH ST",0.00,,Y,B,F,N,,,,,,,,,,N,4,0,1,2,D,-,00,,,N,G,B,B,A,H,-,A,A,0,Y,,,,Y,,-,"- ",0,0,1,0,1,0,0,0,0,"- ","- ",,,"SAN FRANCISCO","SAN FRANCISCO",-122.40096282958984,37.774829864501953
8594609,2018,2018-04-20,3801,2018-03-29,1309,891,D,4,5,7,3801,0,0,0,,0,3D3C,"POTRERO AV","15TH ST",70.00,S,N,A,-,N,,,,,,,,,,,4,0,1,2,A,-,11,21954,A,N,G,B,E,A,H,-,A,D,0,Y,,,,Y,,N,60,0,0,1,0,1,0,0,0,0,"- ","- ",,,"SAN FRANCISCO","SAN FRANCISCO",-122.40765380859375,37.76690673828125
8594610,2018,2018-04-20,3801,2018-03-03,2048,A20836,INGLE,6,5,7,3801,0,0,0,,0,3H15D,"SICKLES AV","HURON AV",36.00,W,N,C,-,N,,,,,,,,,,N,2,0,1,2,A,-,11,21954,A,N,G,B,D,B,H,-,C,D,0,Y,,,,Y,,N,60,1,0,0,0,1,0,0,0,0,"- ","- ",,,"SAN FRANCISCO","SAN FRANCISCO",-122.45333099365234,37.709251403808594
8594611,2018,2018-04-26,3801,2018-03-03,1926,1179,TENDE,6,5,7,3801,0,0,0,,0,3J14D,"LARKIN ST","ELLIS ST",0.00,,Y,A,-,N,,,,,,,,,,N,4,0,1,2,A,-,11,21456,C,N,G,B,B,A,H,-,C,A,0,Y,,,,Y,,N,60,0,0,1,0,1,0,0,0,0,"- ","- ",,,"SAN FRANCISCO","SAN FRANCISCO",-122.41771697998047,37.784248352050781
8594612,2018,2018-04-20,3801,2018-03-08,1556,386,TENDE,4,5,7,3801,0,0,0,,0,3J12D,"MARKET ST","9TH ST",72.00,E,N,A,-,N,,,,,,,,,,N,4,0,1,2,A,-,11,21955,,N,H,B,D,A,H,-,A,A,0,Y,,Y,,Y,,N,60,0,0,1,0,1,0,0,0,0,"- ","- ",,,"SAN FRANCISCO","SAN FRANCISCO",-122.41615295410156,37.777641296386719
8594614,2018,2018-04-20,3801,2018-03-02,1804,1420,INGLE,5,5,7,3801,0,0,0,,0,,"SAN JOSE AV","RANDALL ST",8.00,S,N,C,-,N,,,,,,,,,,Y,4,0,1,2,A,-,11,21950,B,N,D,B,B,B,H,-,C,A,0,Y,,,,Y,,N,60,0,0,1,0,1,0,0,0,0,"- ","- ",37.739971160888672,-122.42400360107422,"SAN FRANCISCO","SAN FRANCISCO",-122.42426300048828,37.739837646484375
8594618,2018,2018-04-20,3801,2018-03-01,0956,2060,SOUTH,4,5,7,3801,0,0,0,,0,3B1A,"OTIS ST","SOUTH VAN NESS AV",0.00,,Y,C,-,N,,,,,,,,,,N,4,0,1,2,D,-,00,,,N,G,B,B,B,H,-,A,A,0,Y,,,,Y,,-,"- ",0,0,1,0,1,0,0,0,0,"- ","- ",,,"SAN FRANCISCO","SAN FRANCISCO",-122.41863250732422,37.773109436035156
8594631,2018,2018-04-26,3801,2018-03-03,2050,A21149,,6,5,7,3801,0,0,0,,0,,"MISSION ST","OCEAN AV",0.00,,Y,C,-,N,,,,,,,,,,N,4,0,1,2,A,-,10,21950,A,N,G,B,B,B,-,-,C,A,0,Y,,,,Y,,A,01,0,0,1,0,1,0,0,0,0,"- ","- ",,,"SAN FRANCISCO","SAN FRANCISCO",-122.43540954589844,37.723888397216797
8594635,2018,2018-04-26,3801,2018-03-03,1533,310,TARAV,6,5,7,3801,0,0,0,,0,3I15B,"KIRKHAM ST","16TH AV",1.00,E,N,A,-,N,,,,,,,,,,N,2,0,1,2,A,-,10,21950,A,N,D,B,B,A,-,-,A,A,0,Y,,,,Y,,A,01,1,0,0,0,1,0,0,0,0,"- ","- ",,,"SAN FRANCISCO","SAN FRANCISCO",-122.47365570068359,37.759971618652344
8594636,2018,2018-04-20,3801,2018-03-06,1855,2162,SOUTH,2,5,7,3801,0,0,0,,0,3B45,"HARRISON ST","4TH ST",177.00,W,N,A,-,N,,,,,,,,,,N,2,0,1,2,A,-,11,21955,,N,A,B,D,A,H,-,C,A,0,Y,,,,Y,,N,60,1,0,0,0,1,0,0,0,0,"- ","- ",,,"SAN FRANCISCO","SAN FRANCISCO",-122.40007019042969,37.780441284179688
8594802,2018,2018-04-24,3801,2018-03-23,1230,A20952,SOUTH,5,5,7,3801,0,0,0,,0,,"FOLSOM ST","3RD ST",0.00,,Y,A,-,N,,,,,,,,,,N,3,0,1,2,A,-,11,21950,B,N,G,B,E,A,H,-,A,A,0,Y,,,,Y,,N,60,0,1,0,0,1,0,0,0,0,"- ","- ",,,"SAN FRANCISCO","SAN FRANCISCO",-122.39895629882812,37.783779144287109
8594808,2018,2018-05-15,3801,2018-03-15,1230,754,NORTH,4,5,7,3801,0,0,0,,0,3E11D,GOUGH,FELL,0.00,,Y,C,-,N,,,,,,,,,,N,4,0,1,2,A,-,12,21453,A,F,D,B,B,B,H,-,A,A,0,Y,,,,Y,,-,,0,0,1,0,1,0,0,0,0,"- ","- ",,,"SAN FRANCISCO","SAN FRANCISCO",-122.42278289794922,37.77593994140625
8594810,2018,2018-04-23,3801,2018-03-22,1945,386,TENDE,4,5,7,3801,0,0,0,,0,3J12D,"JESSIE ST","6TH ST",4.00,E,N,A,-,N,,,,,,,,,,N,2,0,1,2,A,-,00,20001,A,F,G,B,B,A,H,-,C,D,0,Y,,,,Y,Y,-,,1,0,0,0,1,0,0,0,0,"- ","- ",,,"SAN FRANCISCO","SAN FRANCISCO",-122.40920257568359,37.781406402587891
8594811,2018,2018-04-27,3801,2018-03-26,0853,1242,CENTR,1,5,7,3801,0,0,0,,0,3A72A,BROADWAY,EMBARCADERO,0.00,,Y,A,-,N,,,,,,,,,,N,4,0,1,2,A,-,11,21453,D,N,G,B,B,A,H,-,A,A,0,Y,,,,Y,,N,60,0,0,1,0,1,0,0,0,0,"- ","- ",,,"SAN FRANCISCO","SAN FRANCISCO",-122.39776000000001,37.79918
8594823,2018,2018-04-27,3801,2018-03-12,0800,577,INGLE,1,5,7,3801,0,0,0,,0,0H6,"VISITACION AV","CORA ST",0.00,,Y,A,-,N,,,,,,,,,,N,4,0,2,3,A,-,10,21950,A,N,G,B,B,A,H,-,A,D,0,Y,,,,Y,,A,01,0,0,2,0,2,0,0,0,0,"- ","- ",,,"SAN FRANCISCO","SAN FRANCISCO",-122.40882873535156,37.711708068847656