CASE_ID,ACCIDENT_YEAR,PROC_DATE,JURIS,COLLISION_DATE,COLLISION_TIME,OFFICER_ID,REPORTING_DISTRICT,DAY_OF_WEEK,CHP_SHIFT,POPULATION,CNTY_CITY_LOC,SPECIAL_COND,BEAT_TYPE,CHP_BEAT_TYPE,CITY_DIVISION_LAPD,CHP_BEAT_CLASS,BEAT_NUMBER,PRIMARY_RD,SECONDARY_RD,DISTANCE,DIRECTION,INTERSECTION,WEATHER_1,WEATHER_2,STATE_HWY_IND,CALTRANS_COUNTY,CALTRANS_DISTRICT,STATE_ROUTE,ROUTE_SUFFIX,POSTMILE_PREFIX,POSTMILE,LOCATION_TYPE,RAMP_INTERSECTION,SIDE_OF_HWY,TOW_AWAY,COLLISION_SEVERITY,NUMBER_KILLED,NUMBER_INJURED,PARTY_COUNT,PRIMARY_COLL_FACTOR,PCF_CODE_OF_VIOL,PCF_VIOL_CATEGORY,PCF_VIOLATION,PCF_VIOL_SUBSECTION,HIT_AND_RUN,TYPE_OF_COLLISION,MVIW,PED_ACTION,ROAD_SURFACE,ROAD_COND_1,ROAD_COND_2,LIGHTING,CONTROL_DEVICE,CHP_ROAD_TYPE,PEDESTRIAN_ACCIDENT,BICYCLE_ACCIDENT,MOTORCYCLE_ACCIDENT,TRUCK_ACCIDENT,NOT_PRIVATE_PROPERTY,ALCOHOL_INVOLVED,STWD_VEHTYPE_AT_FAULT,CHP_VEHTYPE_AT_FAULT,COUNT_SEVERE_INJ,COUNT_VISIBLE_INJ,COUNT_COMPLAINT_PAIN,COUNT_PED_KILLED,COUNT_PED_INJURED,COUNT_BICYCLIST_KILLED,COUNT_BICYCLIST_INJURED,COUNT_MC_KILLED,COUNT_MC_INJURED,PRIMARY_RAMP,SECONDARY_RAMP,LATITUDE,LONGITUDE,COUNTY,CITY,POINT_X,POINT_Y
8594831,2018,2018-04-27,3801,2018-03-20,2021,2008,TARAV,2,5,7,3801,0,0,0,,0,3I11D,"LINCOLN WY","9TH AV",0.00,,Y,C,-,N,,,,,,,,,,N,3,0,1,2,A,-,10,21950,A,N,G,B,B,B,H,-,C,A,0,Y,,,,Y,,A,07,0,1,0,0,1,0,0,0,0,"- ","- ",,,"SAN FRANCISCO","SAN FRANCISCO",-122.46643829345703,37.76593017578125
8594834,2018,2018-04-23,3801,2018-03-19,1705,1230,TARAV,1,5,7,3801,0,0,0,,0,3II4D,"TARAVAL ST","20TH AV",57.00,W,N,B,-,N,,,,,,,,,,Y,3,0,1,2,A,-,11,21954,A,N,G,-,E,A,H,-,A,D,0,Y,,,,Y,,N,60,0,1,0,0,1,0,0,0,0,"- ","- ",,,"SAN FRANCISCO","SAN FRANCISCO",-122.47697448730469,37.74298095703125
8594839,2018,2018-05-08,3801,2018-03-17,2323,2744,SOUTH,6,5,7,3801,0,0,0,,0,3B12E,"HARRISON ST","3RD ST",0.00,,Y,B,-,N,,,,,,,,,,,4,0,1,2,A,-,10,21950,A,F,G,B,B,A,H,-,C,A,0,Y,,,,Y,,A,01,0,0,1,0,1,0,0,0,0,"- ","- ",,,"SAN FRANCISCO","SAN FRANCISCO",-122.39739227294922,37.782550811767578
8594843,2018,2018-04-27,3801,2018-03-18,0124,1464,TENDE,7,5,7,3801,0,0,0,,0,3J15E,"ELLIS ST","JONES ST",0.00,,Y,A,-,N,,,,,,,,,,N,4,0,1,2,A,-,00,21955,A,N,G,B,D,A,H,-,C,D,0,Y,,,,Y,,N,60,0,0,1,0,1,0,0,0,0,"- ","- ",,,"SAN FRANCISCO","SAN FRANCISCO",-122.41278076171875,37.784900665283203
8594870,2018,2018-04-24,3801,2018-03-23,1742,417,SOUTH,5,5,7,3801,0,0,0,,0,3B12D,"3RD ST","HOWARD ST",0.00,,Y,A,-,N,,,,,,,,,,N,2,0,1,2,A,-,12,21453,A,N,G,B,B,A,H,-,A,A,0,Y,,,,Y,,A,01,1,0,0,0,1,0,0,0,0,"- ","- ",,,"SAN FRANCISCO","SAN FRANCISCO",-122.40049743652344,37.785011291503906
8594872,2018,2018-05-09,3801,2018-03-07,1855,2059,CENTR,3,5,7,3801,0,0,0,,0,3A3D,"MASON ST","NORTH POINT ST",0.00,,Y,A,-,N,,,,,,,,,,N,2,0,1,2,A,-,00,21955,B,F,G,B,D,A,H,-,C,A,0,Y,,,,Y,,N,60,1,0,0,0,1,0,0,0,0,"- ","- ",,,"SAN FRANCISCO","SAN FRANCISCO",-122.41378021240234,37.80657958984375
8594874,2018,2018-04-23,3801,2018-03-23,1405,2262,BAY,5,5,7,3801,0,0,0,,0,3C11C,"PHELPS ST","EVANS ST",0.00,,Y,A,-,N,,,,,,,,,,N,4,0,1,2,A,-,21,22106,,F,G,B,F,A,H,-,A,D,0,Y,,,,Y,,-,,0,0,1,0,1,0,0,0,0,"- ","- ",,,"SAN FRANCISCO","SAN FRANCISCO",-122.38845062255859,37.74298095703125
8594875,2018,2018-05-01,3801,2018-03-15,2145,0901,BAYVI,4,5,7,3801,0,0,0,,0,901,"SAN BRUNO AV","SWEENY ST",0.00,,Y,B,-,N,,,,,,,,,,N,4,0,2,3,A,-,10,21950,A,F,G,B,B,B,H,-,C,A,0,Y,,,,Y,,A,01,0,0,2,0,2,0,0,0,0,"- ","- ",,,"SAN FRANCISCO","SAN FRANCISCO",-122.40622711181641,37.733509063720703
8594876,2018,2018-05-09,3801,2018-03-07,1450,863,CENTR,3,5,7,3801,0,0,0,,0,3A14B,"UNION ST","GRANT AV",0.00,,Y,A,-,N,,,,,,,,,,N,4,0,1,2,A,-,10,21950,A,N,G,B,B,A,-,-,A,A,0,Y,,,,Y,,A,01,0,0,1,0,1,0,0,0,0,"- ","- ",,,"SAN FRANCISCO","SAN FRANCISCO",-122.40760040283203,37.800628662109375
8594884,2018,2018-04-20,3801,2018-03-26,0946,1043,TARAV,1,5,7,3801,0,0,0,,0,4B2D,"SLOAT BL","19TH AV",2.00,E,N,A,-,N,,,,,,,,,,N,2,0,1,2,A,-,10,21950,A,N,G,B,B,A,H,-,A,A,0,Y,,,,Y,,A,01,1,0,0,0,1,0,0,0,0,"- ","- ",,,"SAN FRANCISCO","SAN FRANCISCO",-122.47512054443359,37.734722137451172
8595033,2018,2018-04-27,3801,2018-03-22,1625,2097,MISSI,4,5,7,3801,0,0,0,,0,MISSIO,"18TH ST","NOE ST",0.00,,Y,A,-,N,,,,,,,,,,N,4,0,1,2,A,-,10,21950,A,N,G,B,B,A,H,-,A,A,0,Y,,,,Y,,A,07,0,0,1,0,1,0,0,0,0,"- ","- ",,,"SAN FRANCISCO","SAN FRANCISCO",-122.43277740478516,37.761009216308594
8595079,2018,2018-04-24,3801,2018-02-01,1605,4132,MISSI,4,5,7,3801,0,0,0,,0,3D14D,"VALENCIA ST","25TH ST",75.00,N,N,A,-,N,,,,,,,,,,N,4,0,1,2,A,-,11,21954,A,N,G,B,D,A,H,-,A,A,0,Y,,,,Y,,N,60,0,0,1,0,1,0,0,0,0,"- ","- ",,,"SAN FRANCISCO","SAN FRANCISCO",-122.42051696777344,37.750717163085938
8597201,2018,2018-04-18,3801,2018-03-20,1404,2356,NORTH,2,5,7,3801,0,0,0,,0,04C,"FILLMORE ST","BUSH ST",0.00,,Y,B,C,N,,,,,,,,,,N,4,0,1,2,A,-,10,21950,A,N,G,B,B,B,-,-,A,A,0,Y,,,,Y,,A,01,0,0,1,0,1,0,0,0,0,"- ","- ",,,"SAN FRANCISCO","SAN FRANCISCO",-122.43344879150391,37.787040710449219
8597208,2018,2018-04-18,3801,2018-03-12,1905,195,NORTH,1,5,7,3801,0,0,0,,0,4CAR,"BROADWAY ST","LAGUNA ST",0.00,,Y,C,-,N,,,,,,,,,,N,2,0,1,2,A,-,10,21950,A,N,G,B,B,B,H,-,B,D,0,Y,,,,Y,,A,01,1,0,0,0,1,0,0,0,0,"- ","- ",,,"SAN FRANCISCO","SAN FRANCISCO",-122.42997741699219,37.794891357421875
8597210,2018,2018-04-19,3801,2018-03-30,1932,1113,MISSI,5,5,7,3801,0,0,0,,0,3D15D,"GUERRERO ST","14TH ST",0.00,,Y,A,-,N,,,,,,,,,,N,2,0,1,2,A,-,11,21950,B,N,G,B,D,A,H,-,B,A,0,Y,,,,Y,,N,60,1,0,0,0,1,0,0,0,0,"- ","- ",,,"SAN FRANCISCO","SAN FRANCISCO",-122.42440795898438,37.768020629882812
8597211,2018,2018-04-23,3801,2018-03-13,1700,2207,CENTR,2,5,7,3801,0,0,0,,0,3A14D,BROADWAY,"KEARNY ST",130.00,E,N,A,-,N,,,,,,,,,,N,4,0,1,2,A,-,11,21956,A,N,G,B,E,A,H,-,A,A,0,Y,,,,Y,,N,60,0,0,1,0,1,0,0,0,0,"- ","- ",,,"SAN FRANCISCO","SAN FRANCISCO",-122.40504455566406,37.798080444335938
8597216,2018,2018-04-18,3801,2018-03-01,1035,4223,INGLE,4,5,7,3801,0,0,0,,0,3H15A,"MISSION ST","LOWELL ST",0.00,,Y,B,-,N,,,,,,,,,,N,4,0,2,3,A,-,10,21950,A,N,G,B,B,B,H,-,A,A,0,Y,,,,Y,,A,01,0,0,2,0,2,0,0,0,0,"- ","- ",,,"SAN FRANCISCO","SAN FRANCISCO",-122.4464111328125,37.711448669433594
8597218,2018,2018-04-18,3801,2018-03-28,2215,A22327,SOUTH,3,5,7,3801,0,0,0,,0,3B12E,"2ND ST","HOWARD ST",0.00,,Y,A,-,N,,,,,,,,,,N,4,0,2,3,A,-,10,21950,A,N,G,B,B,A,H,-,C,A,0,Y,,,,Y,,A,01,0,0,2,0,2,0,0,0,0,"- ","- ",,,"SAN FRANCISCO","SAN FRANCISCO",-122.39824676513672,37.786788940429688
8597221,2018,2018-04-18,3801,2018-03-26,0800,1917,TARAV,1,5,7,3801,0,0,0,,0,3I16A,"HOLLOWAY AV","CARDENAS AV",0.00,,Y,A,-,N,,,,,,,,,,N,4,0,1,2,A,-,10,21950,A,N,G,B,B,A,H,-,A,A,0,Y,,,,Y,,A,01,0,0,1,0,1,0,0,0,0,"- ","- ",,,"SAN FRANCISCO","SAN FRANCISCO",-122.47702789306641,37.720790863037109
8597229,2018,2018-04-18,3801,2018-03-20,1413,2209,,2,5,7,3801,0,0,0,,0,3D11C,"17TH ST","GUERRERO ST",0.00,,Y,B,C,N,,,,,,,,,,N,4,0,1,2,A,-,10,21950,A,N,G,B,B,B,H,-,D,A,0,Y,,,,Y,,A,01,0,0,1,0,1,0,0,0,0,"- ","- ",,,"SAN FRANCISCO","SAN FRANCISCO",-122.42392730712891,37.763168334960938
8597230,2018,2018-04-19,3801,2018-03-28,0842,1340,RICMO,3,5,7,3801,0,0,0,,0,3G12A,"COLLINS ST","GEARY BL",9.00,S,N,A,-,N,,,,,,,,,,N,4,0,1,2,A,-,10,21950,A,N,G,B,B,A,H,-,A,A,0,Y,,,,Y,,D,22,0,0,1,0,1,0,0,0,0,"- ","- ",,,"SAN FRANCISCO","SAN FRANCISCO",-122.45011901855469,37.782154083251953
8597232,2018,2018-04-18,3801,2018-03-14,0815,2239,INGLE,3,5,7,3801,0,0,0,,0,3H12C,"DOLORES ST","27TH ST",0.00,,Y,C,-,N,,,,,,,,,,N,4,0,1,2,A,-,10,21950,A,N,A,B,B,B,H,-,A,A,0,Y,,,,Y,,A,01,0,0,1,0,1,0,0,0,0,"- ","- ",,,"SAN FRANCISCO","SAN FRANCISCO",-122.42474365234375,37.747028350830078
8597234,2018,2018-04-19,3801,2018-03-29,1800,A21529,PARK,4,5,7,3801,0,0,0,,0,3F61,"STEINER ST","WALLER ST",3.00,S,N,A,-,N,,,,,,,,,,N,3,0,1,2,A,-,11,21950,B,N,G,B,B,A,H,-,A,A,0,Y,,,,Y,,N,60,0,1,0,0,1,0,0,0,0,"- ","- ",,,"SAN FRANCISCO","SAN FRANCISCO",-122.43189239501953,37.770973205566406
8597237,2018,2018-04-18,3801,2018-03-20,1924,615,PARK,2,5,7,3801,0,0,0,,0,3F11D,"IRVING ST","2ND AV",0.00,,Y,C,-,N,,,,,,,,,,N,2,0,1,2,A,-,11,21954,A,N,G,B,D,B,H,-,C,A,0,Y,,,,Y,,N,60,1,0,0,0,1,0,0,0,0,"- ","- ",,,"SAN FRANCISCO","SAN FRANCISCO",-122.45883178710938,37.764358520507812
8597239,2018,2018-04-18,3801,2018-03-14,1950,2737,PARK,3,5,7,3801,0,0,0,,0,3F13D,"TURK ST","ROSELYN TER",0.00,,Y,A,-,N,,,,,,,,,,N,4,0,1,2,A,-,10,21950,A,N,A,B,B,A,H,-,A,A,0,Y,,,,Y,,A,07,0,0,1,0,1,0,0,0,0,"- ","- ",,,"SAN FRANCISCO","SAN FRANCISCO",-122.44978332519531,37.77825927734375
8597241,2018,2018-04-18,3801,2018-03-20,2013,1799,TENDE,2,5,7,3801,0,0,0,,0,3J13D,"TURK ST","HYDE ST",12.00,W,N,B,C,N,,,,,,,,,,N,4,0,1,2,A,-,11,21955,,N,G,B,D,B,H,-,C,A,0,Y,,,,Y,,N,60,0,0,1,0,1,0,0,0,0,"- ","- ",,,"SAN FRANCISCO","SAN FRANCISCO",-122.41573333740234,37.782566070556641
8597248,2018,2018-04-18,3801,2018-03-13,2335,2485,CENTR,2,5,7,3801,0,0,0,,0,4CAR,"BATTERY ST","PACIFIC AV",0.00,,Y,C,-,N,,,,,,,,,,N,4,0,1,2,A,-,11,21453,D,N,G,B,B,B,H,-,C,A,0,Y,,,,Y,,N,60,0,0,1,0,1,0,0,0,0,"- ","- ",,,"SAN FRANCISCO","SAN FRANCISCO",-122.40087890625,37.797679901123047
8597252,2018,2018-04-18,3801,2018-03-13,1009,A23240,SOUTH,2,5,7,3801,0,0,0,,0,3B13A,"MISSION ST","8TH ST",0.00,,Y,B,C,N,,,,,,,,,,N,4,0,1,2,A,-,10,21950,A,N,G,B,B,B,H,-,A,A,0,Y,,,,Y,Y,A,01,0,0,1,0,1,0,0,0,0,"- ","- ",,,"SAN FRANCISCO","SAN FRANCISCO",-122.41316223144531,37.777458190917969
8597258,2018,2018-04-18,3801,2018-03-27,0940,1485,3E,2,5,7,3801,0,0,0,,0,12A,"CALIFORNIA ST","VAN NESS AV",85.00,W,N,A,-,N,,,,,,,,,,N,3,0,1,2,A,-,11,21955,,N,G,B,E,A,H,-,A,A,0,Y,,,,Y,,N,60,0,1,0,0,1,0,0,0,0,"- ","- ",,,"SAN FRANCISCO","SAN FRANCISCO",-122.42269897460938,37.790313720703125
8597260,2018,2018-04-18,3801,2018-03-13,2106,1125,NORTH,2,5,7,3801,0,0,0,,0,3E13D,"GEARY ST","POLK ST",0.00,,Y,C,-,N,,,,,,,,,,N,4,0,1,2,A,-,10,21950,A,F,G,B,B,B,H,-,C,A,0,Y,,,,Y,,A,01,0,0,1,0,1,0,0,0,0,"- ","- ",,,"SAN FRANCISCO","SAN FRANCISCO",-122.41973876953125,37.785900115966797
8597265,2018,2018-04-18,3801,2018-03-03,2045,885,INGLE,6,5,7,3801,0,0,0,,0,3H16D,"MISSION ST","PERSIA AV",10.00,S,N,B,-,N,,,,,,,,,,Y,2,0,1,3,A,-,10,21950,A,N,G,B,B,B,H,-,C,A,0,Y,,,,Y,,A,01,1,0,0,0,1,0,0,0,0,"- ","- ",,,"SAN FRANCISCO","SAN FRANCISCO",-122.43598937988281,37.723117828369141
8597266,2018,2018-04-18,3801,2018-03-27,1725,2700,CENTR,2,5,7,3801,0,0,0,,0,3A60,"BAY ST","COLUMBUS AV",146.00,W,N,A,-,N,,,,,,,,,,N,3,0,1,2,A,-,00,21967,,N,G,B,-,A,H,-,A,A,0,Y,,,,Y,,N,60,0,1,0,0,1,0,0,0,0,"- ","- ",,,"SAN FRANCISCO","SAN FRANCISCO",-122.41770172119141,37.805130004882812
8597269,2018,2018-04-19,3801,2018-03-16,1008,374,NORTH,5,5,7,3801,0,0,0,,0,0E4,"OCTAVIA ST","BUSH ST",0.00,,Y,A,-,N,,,,,,,,,,N,4,0,1,2,A,-,10,21950,A,N,G,B,B,B,H,-,A,A,0,Y,,,,Y,,A,01,0,0,1,0,1,0,0,0,0,"- ","- ",,,"SAN FRANCISCO","SAN FRANCISCO",-122.42687225341797,37.787860870361328
8597270,2018,2018-04-18,3801,2018-03-26,1308,4182,SOUTH,1,5,7,3801,0,0,0,,0,3B5A,"BERRY ST","DE HARO ST",240.00,E,N,A,-,N,,,,,,,,,,N,4,0,1,2,A,-,03,22350,,F,G,B,E,A,H,-,A,D,0,Y,,,,Y,,A,01,0,0,1,0,1,0,0,0,0,"- ","- ",,,"SAN FRANCISCO","SAN FRANCISCO",-122.40138244628906,37.769466400146484
8597276,2018,2018-04-18,3801,2018-03-12,2130,2483,BAYVI,1,5,7,3801,0,0,0,,0,4CAR,"SAN BRUNO AV","PAUL AV",0.00,,Y,C,-,N,,,,,,,,,,N,4,0,1,2,A,-,11,21954,A,N,G,B,D,B,H,-,C,A,0,Y,,,,Y,Y,N,60,0,0,1,0,1,0,0,0,0,"- ","- ",,,"SAN FRANCISCO","SAN FRANCISCO",-122.40204620361328,37.723918914794922
8597470,2018,2018-04-26,3801,2018-02-14,1339,1533,BAYVI,3,5,7,3801,0,0,0,,0,3C15C,"WILLIAMS AV","PHELPS ST",190.00,E,N,A,-,N,,,,,,,,,,N,4,0,1,2,A,-,21,22106,,N,G,B,F,A,H,-,A,D,0,Y,,,,Y,,A,01,0,0,1,0,1,0,0,0,0,"- ","- ",,,"SAN FRANCISCO","SAN FRANCISCO",-122.39920043945312,37.730209350585938
8597699,2018,2018-04-30,3801,2018-01-01,1345,1730,TARAV,1,5,7,3801,0,0,0,,0,4BD4,"OCEAN AV","MIRAMAR AV",0.00,,Y,A,-,N,,,,,,,,,,Y,2,0,1,2,A,-,11,21955,,N,G,B,D,A,H,-,A,A,0,Y,,,,Y,,N,60,1,0,0,0,1,0,0,0,0,"- ","- ",37.724231719970703,-122.45812225341797,"SAN FRANCISCO","SAN FRANCISCO",-122.45820617675781,37.724319458007812
8598260,2018,2018-07-06,3801,2018-03-29,1606,A04413,SOUTH,4,5,7,3801,0,0,0,,0,4B3H,"25TH AV","CONNECTICUT ST",132.00,W,N,A,-,N,,,,,,,,,,N,3,0,1,2,A,-,11,21954,A,N,G,B,C,A,G,H,A,D,0,Y,,,,Y,,N,60,0,1,0,0,1,0,0,0,0,"- ","- ",,,"SAN FRANCISCO","SAN FRANCISCO",-122.39696502685547,37.752288818359375
8598269,2018,2018-07-03,3801,2018-03-21,0750,640,MISSI,3,5,7,3801,0,0,0,,0,3D42B,"24TH ST","FAIR OAKS ST",0.00,,Y,B,-,N,,,,,,,,,,N,3,0,3,4,A,-,10,21950,A,N,G,B,B,B,H,-,A,A,0,Y,,,,Y,,A,08,0,2,1,0,3,0,0,0,0,"- ","- ",,,"SAN FRANCISCO","SAN FRANCISCO",-122.42398071289062,37.751918792724609
8599718,2018,2018-04-25,3801,2018-03-04,0029,942,SOUTH,7,5,7,3801,0,0,0,,0,3B13E,"HOWARD ST","FREMONT ST",0.00,,Y,B,C,N,,,,,,,,,,N,4,0,1,2,A,-,10,21950,A,N,G,B,B,B,H,-,C,A,0,Y,,,,Y,,A,01,0,0,1,0,1,0,0,0,0,"- ","- ",,,"SAN FRANCISCO","SAN FRANCISCO",-122.3951416015625,37.789230346679688
8601444,2018,2018-07-03,3801,2018-03-23,1351,829,BAYVI,5,5,7,3801,0,0,0,,0,3C13C,"EVANS AV","SELBY ST",7.00,N,-,A,-,N,,,,,,,,,,N,3,0,1,2,A,-,11,21954,A,N,G,B,D,A,H,-,A,D,0,Y,,,,Y,,N,60,0,1,0,0,1,0,0,0,0,"- ","- ",,,"SAN FRANCISCO","SAN FRANCISCO",-122.39408111572266,37.746181488037109
8602750,2018,2018-05-29,3801,2018-03-24,1723,546,SOUTH,6,5,7,3801,0,0,0,,0,4B4H,"MISSION ST","S VAN NESS AV",92.00,E,N,B,-,N,,,,,,,,,,N,3,0,1,2,A,-,11,21955,,N,G,B,D,A,H,-,A,D,0,Y,,,,Y,Y,N,60,0,1,0,0,1,0,0,0,0,"- ","- ",37.772911071777344,-122.41861724853516,"SAN FRANCISCO","SAN FRANCISCO",-122.41839599609375,37.773284912109375
8602758,2018,2018-05-30,3801,2018-04-13,1532,RAYMOND,CENTR,5,5,7,3801,0,0,0,,0,3A13C,"MARKET ST","FRONT ST",0.00,,Y,A,-,N,,,,,,,,,,N,3,0,1,2,A,-,"- ",,,N,B,C,E,A,H,-,A,A,0,Y,,,,Y,Y,N,60,0,1,0,0,1,0,0,0,0,"- ","- ",,,"SAN FRANCISCO","SAN FRANCISCO",-122.39833831787109,37.791690826416016
8602795,2018,2018-05-22,3801,2018-04-25,1814,702,PARK,3,5,7,3801,0,0,0,,0,3F43B,"HAIGHT ST","CLAYTON ST",150.00,W,N,A,-,N,,,,,,,,,,N,4,0,1,3,A,-,08,22107,,N,B,E,E,A,H,-,B,D,0,Y,,,,Y,,I,20,0,0,1,0,1,0,0,0,0,"- ","- ",,,"SAN FRANCISCO","SAN FRANCISCO",-122.44908905029297,37.769725799560547
8602887,2018,2018-05-22,3801,2018-03-20,0620,1057,INGLE,2,5,7,3801,0,0,0,,0,4B102,GENEVA,"SAN JOSE",6.00,W,N,C,-,N,,,,,,,,,,N,2,0,1,2,A,-,11,21453,D,N,G,B,B,B,H,-,C,A,0,Y,,,,Y,,N,60,1,0,0,0,1,0,0,0,0,"- ","- ",,,"SAN FRANCISCO","SAN FRANCISCO",-122.44664764404297,37.720737457275391
8602968,2018,2018-05-22,3801,2018-04-04,1621,402,3A,3,5,7,3801,0,0,0,,0,3A1,"TAYLOR ST","PACIFIC ST",0.00,,Y,A,-,N,,,,,,,,,,N,3,0,1,2,A,-,12,22450,A,N,D,B,E,A,H,-,A,A,0,Y,,,,Y,,N,60,0,1,0,0,1,0,0,0,0,"- ","- ",,,"SAN FRANCISCO","SAN FRANCISCO",-122.41336059570312,37.796089172363281
8602973,2018,2018-05-22,3801,2018-04-09,1950,A22404,PARK,1,5,7,3801,0,0,0,,0,3F13D,"CHURCH ST","RESERVOIR ST",0.00,,Y,A,-,N,,,,,,,,,,N,4,0,1,2,A,-,10,21950,A,N,A,B,B,A,H,-,C,D,0,Y,,,,Y,Y,A,01,0,0,1,0,1,0,0,0,0,"- ","- ",,,"SAN FRANCISCO","SAN FRANCISCO",-122.42903900146484,37.768669128417969
8602975,2018,2018-05-25,3801,2018-04-28,0127,364,TENDE,6,5,7,3801,0,0,0,,0,3J15E,"HYDE ST","TURK ST",7.00,S,N,A,-,N,,,,,,,,,,N,4,0,1,2,A,-,11,21955,,N,G,B,D,A,H,-,C,A,0,Y,,,,Y,Y,N,60,0,0,1,0,1,0,0,0,0,"- ","- ",,,"SAN FRANCISCO","SAN FRANCISCO",-122.41568756103516,37.782550811767578
8602976,2018,2018-05-22,3801,2018-04-03,0947,143,3A,2,5,7,3801,0,0,0,,0,3A4,"NORTH POINT ST","POWELL ST",0.00,,Y,A,-,N,,,,,,,,,,N,4,0,1,2,A,-,10,21950,A,N,G,B,B,A,H,-,A,A,0,Y,,,,Y,,A,01,0,0,1,0,1,0,0,0,0,"- ","- ",,,"SAN FRANCISCO","SAN FRANCISCO",-122.41213226318359,37.806758880615234
8602979,2018,2018-05-22,3801,2018-04-30,0453,867,SOUTH,1,5,7,3801,0,0,0,,0,002,"5TH ST","HOWARD ST",0.00,,Y,B,-,N,,,,,,,,,,N,4,0,1,2,A,-,10,21950,A,F,G,B,B,A,H,-,A,A,0,Y,,,,Y,,A,01,0,0,1,0,1,0,0,0,0,"- ","- ",,,"SAN FRANCISCO","SAN FRANCISCO",-122.40493011474609,37.781509399414062
8602983,2018,2018-05-22,3801,2018-04-25,1410,A10333,NORTH,3,5,7,3801,0,0,0,,0,3E1C,"TURK ST","PIERCE ST",7.00,E,N,A,-,N,,,,,,,,,,N,4,0,1,2,A,-,10,21950,A,F,G,B,B,A,H,-,A,A,0,Y,,,,Y,,A,01,0,0,1,0,1,0,0,0,0,"- ","- ",,,"SAN FRANCISCO","SAN FRANCISCO",-122.43540954589844,37.780082702636719
8602989,2018,2018-05-22,3801,2018-04-19,2344,A09481,MISSI,4,5,7,3801,0,0,0,,0,3D15E,"DUBOCE AV","MISSION ST",43.00,W,N,A,-,N,,,,,,,,,,N,4,0,1,2,A,-,11,21955,,F,G,B,D,A,H,-,C,A,0,Y,,,,Y,,N,60,0,0,1,0,1,0,0,0,0,"- ","- ",,,"SAN FRANCISCO","SAN FRANCISCO",-122.42032623291016,37.769989013671875
8603000,2018,2018-05-22,3801,2018-04-03,1335,4329,SOUTH,2,5,7,3801,0,0,0,,0,0B3,"6TH ST","HARRISON ST",0.00,,Y,A,-,N,,,,,,,,,,N,3,0,1,2,A,-,10,21950,A,N,G,B,B,A,H,-,A,A,0,Y,,,,Y,,-,"- ",0,1,0,0,1,0,0,0,0,"- ","- ",,,"SAN FRANCISCO","SAN FRANCISCO",-122.40408325195312,37.777309417724609
8603009,2018,2018-05-22,3801,2018-04-17,1500,917,TENDE,2,5,7,3801,0,0,0,,0,4B4E,"LARKIN ST","EDDY ST",0.00,,Y,A,-,N,,,,,,,,,,Y,4,0,1,2,A,-,10,21950,A,F,G,B,B,A,H,-,A,A,0,Y,,,,Y,,A,01,0,0,1,0,1,0,0,0,0,"- ","- ",,,"SAN FRANCISCO","SAN FRANCISCO",-122.41751861572266,37.783298492431641
8603020,2018,2018-05-22,3801,2018-04-04,2039,402,3A,3,5,7,3801,0,0,0,,0,3A1,"TAYLOR ST","POST ST",0.00,,Y,A,-,N,,,,,,,,,,N,4,0,1,2,A,-,10,21950,A,N,G,B,B,A,H,-,C,A,0,Y,,,,Y,,-,,0,0,1,0,1,0,0,0,0,"- ","- ",,,"SAN FRANCISCO","SAN FRANCISCO",-122.41169738769531,37.787860870361328
8603036,2018,2018-05-22,3801,2018-04-06,0219,608,MISSI,5,5,7,3801,0,0,0,,0,0D3,"S VAN NESS AV","22ND ST",8.00,W,N,B,C,N,,,,,,,,,,N,3,0,1,2,A,-,12,21453,A,F,G,B,B,B,H,-,C,A,0,Y,,,,Y,Y,A,01,0,1,0,0,1,0,0,0,0,"- ","- ",,,"SAN FRANCISCO","SAN FRANCISCO",-122.41658782958984,37.755569458007812
8603040,2018,2018-05-22,3801,2018-04-05,2101,1105,PARK,4,5,7,3801,0,0,0,,0,3F1E,"JUDAH ST","5TH AV",0.00,,Y,C,-,N,,,,,,,,,,N,4,0,1,2,A,-,10,21950,A,N,-,B,B,B,H,-,C,D,0,Y,,,,Y,,A,01,0,0,1,0,1,0,0,0,0,"- ","- ",,,"SAN FRANCISCO","SAN FRANCISCO",-122.46190643310547,37.76239013671875
8603056,2018,2018-05-22,3801,2018-04-20,1015,1342,NORTH,5,5,7,3801,0,0,0,,0,0E4,"POST ST","SCOTT ST",0.00,,Y,A,-,N,,,,,,,,,,N,4,0,2,3,A,-,10,21950,A,F,G,B,B,A,-,-,A,A,0,Y,,,,Y,,A,01,0,0,2,0,2,0,0,0,0,"- ","- ",,,"SAN FRANCISCO","SAN FRANCISCO",-122.43800354003906,37.784530639648438
8603088,2018,2018-05-22,3801,2018-04-22,1629,A22572,SOUTH,7,5,7,3801,0,0,0,,0,3B12D,"HARRISON ST","2ND ST",0.00,,Y,A,-,N,,,,,,,,,,N,3,0,1,2,A,-,10,21950,A,N,G,B,B,A,H,-,A,A,0,Y,,,,Y,,A,01,0,1,0,0,1,0,0,0,0,"- ","- ",,,"SAN FRANCISCO","SAN FRANCISCO",-122.39517974853516,37.784328460693359