CASE_ID,ACCIDENT_YEAR,PROC_DATE,JURIS,COLLISION_DATE,COLLISION_TIME,OFFICER_ID,REPORTING_DISTRICT,DAY_OF_WEEK,CHP_SHIFT,POPULATION,CNTY_CITY_LOC,SPECIAL_COND,BEAT_TYPE,CHP_BEAT_TYPE,CITY_DIVISION_LAPD,CHP_BEAT_CLASS,BEAT_NUMBER,PRIMARY_RD,SECONDARY_RD,DISTANCE,DIRECTION,INTERSECTION,WEATHER_1,WEATHER_2,STATE_HWY_IND,CALTRANS_COUNTY,CALTRANS_DISTRICT,STATE_ROUTE,ROUTE_SUFFIX,POSTMILE_PREFIX,POSTMILE,LOCATION_TYPE,RAMP_INTERSECTION,SIDE_OF_HWY,TOW_AWAY,COLLISION_SEVERITY,NUMBER_KILLED,NUMBER_INJURED,PARTY_COUNT,PRIMARY_COLL_FACTOR,PCF_CODE_OF_VIOL,PCF_VIOL_CATEGORY,PCF_VIOLATION,PCF_VIOL_SUBSECTION,HIT_AND_RUN,TYPE_OF_COLLISION,MVIW,PED_ACTION,ROAD_SURFACE,ROAD_COND_1,ROAD_COND_2,LIGHTING,CONTROL_DEVICE,CHP_ROAD_TYPE,PEDESTRIAN_ACCIDENT,BICYCLE_ACCIDENT,MOTORCYCLE_ACCIDENT,TRUCK_ACCIDENT,NOT_PRIVATE_PROPERTY,ALCOHOL_INVOLVED,STWD_VEHTYPE_AT_FAULT,CHP_VEHTYPE_AT_FAULT,COUNT_SEVERE_INJ,COUNT_VISIBLE_INJ,COUNT_COMPLAINT_PAIN,COUNT_PED_KILLED,COUNT_PED_INJURED,COUNT_BICYCLIST_KILLED,COUNT_BICYCLIST_INJURED,COUNT_MC_KILLED,COUNT_MC_INJURED,PRIMARY_RAMP,SECONDARY_RAMP,LATITUDE,LONGITUDE,COUNTY,CITY,POINT_X,POINT_Y
8603111,2018,2018-06-08,3801,2018-04-03,2030,2456,COF,2,5,7,3801,0,0,0,,0,3F62,"11TH ST","11TH ST 466",0.00,,Y,-,-,N,,,,,,,,,,N,4,0,1,2,A,-,21,22106,,N,-,B,F,-,-,-,-,-,0,Y,,,,Y,,A,01,0,0,1,0,1,0,0,0,0,"- ","- ",,,"SAN FRANCISCO","SAN FRANCISCO",-122.411897,37.770180000000003
8606490,2018,2018-07-30,3801,2018-04-10,1301,A21305,"CO A",2,5,7,3801,0,0,0,,0,3A40B,"LEAVENWORTH ST","BEACH ST",0.00,,-,A,-,N,,,,,,,,,,N,4,0,1,2,A,-,11,21954,A,N,A,B,D,A,H,-,A,D,0,Y,,,,Y,,N,60,0,0,1,0,1,0,0,0,0,"- ","- ",,,"SAN FRANCISCO","SAN FRANCISCO",-122.41892242431641,37.806869506835938
8617212,2018,2018-06-29,3801,2018-04-29,1824,1430,MISSI,7,5,7,3801,0,0,0,,0,3D2D,"25TH ST","CHURCH ST",8.00,W,N,A,-,N,,,,,,,,,,N,4,0,1,2,A,-,11,21950,B,N,G,B,B,A,H,-,A,D,0,Y,,,,Y,Y,N,60,0,0,1,0,1,0,0,0,0,"- ","- ",,,"SAN FRANCISCO","SAN FRANCISCO",-122.42730712890625,37.750099182128906
8617520,2018,2018-05-23,3801,2018-04-09,0635,1116,MISSI,1,5,7,3801,0,0,0,,0,3D4A,"16TH ST","POTRERO AV",0.00,,Y,A,-,N,,,,,,,,,,N,3,0,1,2,A,-,11,21456,C,N,G,B,B,A,H,-,C,A,0,Y,,,,Y,Y,N,60,0,1,0,0,1,0,0,0,0,"- ","- ",,,"SAN FRANCISCO","SAN FRANCISCO",-122.40756225585938,37.765769958496094
8618819,2018,2018-05-18,3801,2018-03-28,2048,1423,TENDE,3,5,7,3801,0,0,0,,0,2048,"HYDE ST","OFARRELL ST",0.00,,Y,A,-,N,,,,,,,,,,N,3,0,1,2,A,-,11,21453,D,N,G,B,B,A,H,-,C,A,0,Y,,,,Y,,N,60,0,1,0,0,1,0,0,0,0,"- ","- ",,,"SAN FRANCISCO","SAN FRANCISCO",-122.416259765625,37.785388946533203
8618823,2018,2018-05-21,3801,2018-04-03,2005,A10725,NORTH,2,5,7,3801,0,0,0,,0,001,"WEBSTER ST","PAGE ST",0.00,,Y,A,-,N,,,,,,,,,,N,4,0,1,2,D,-,00,,,N,G,B,B,A,H,-,A,D,0,Y,,,,Y,,-,"- ",0,0,1,0,1,0,0,0,0,"- ","- ",,,"SAN FRANCISCO","SAN FRANCISCO",-122.42897033691406,37.773250579833984
8618831,2018,2018-05-21,3801,2018-04-02,1710,A21280,TARAV,1,5,7,3801,0,0,0,,0,3I11D,"JUDAH ST","9TH AV",70.00,W,N,A,-,N,,,,,,,,,,N,3,0,1,2,A,-,11,21954,A,N,G,B,E,A,H,-,A,D,0,Y,,,,Y,,N,60,0,1,0,0,1,0,0,0,0,"- ","- ",,,"SAN FRANCISCO","SAN FRANCISCO",-122.46640777587891,37.762123107910156
8619112,2018,2018-06-04,3801,2018-02-06,1512,917,INGLE,2,5,7,3801,0,0,0,,0,4B4I,"PERSIA AV","MOSCOW ST",54.00,W,N,A,-,N,,,,,,,,,,N,2,0,1,2,A,-,"- ",,,N,H,B,E,A,H,-,A,D,0,Y,,,,Y,,N,60,1,0,0,0,1,0,0,0,0,"- ","- ",37.719688415527344,-122.42887878417969,"SAN FRANCISCO","SAN FRANCISCO",-122.428955078125,37.719768524169922
8619204,2018,2018-05-21,3801,2018-04-15,1805,738,NORTH,7,5,7,3801,0,0,0,,0,3E15D,"GREENWICH ST","BUCHANAN ST",0.00,,Y,C,-,N,,,,,,,,,,N,4,0,1,2,A,-,10,21950,A,F,G,B,B,B,H,-,C,A,0,Y,,,,Y,,A,01,0,0,1,0,1,0,0,0,0,"- ","- ",,,"SAN FRANCISCO","SAN FRANCISCO",-122.43257904052734,37.799369812011719
8619206,2018,2018-05-21,3801,2018-04-15,1625,713,TARAV,7,5,7,3801,0,0,0,,0,3I16D,"17TH AV","WAWONA ST",91.00,N,N,C,-,N,,,,,,,,,,N,2,0,1,2,A,-,11,21954,A,N,G,B,D,B,H,-,A,D,0,Y,,,,Y,,N,60,1,0,0,0,1,0,0,0,0,"- ","- ",,,"SAN FRANCISCO","SAN FRANCISCO",-122.47318267822266,37.737770080566406
8619215,2018,2018-05-21,3801,2018-04-13,1057,1944,INGLE,5,5,7,3801,0,0,0,,0,0H5,"MISSION ST","ACTON ST",0.00,,Y,A,-,N,,,,,,,,,,N,4,0,1,2,A,-,10,21950,A,N,G,B,B,A,H,-,A,A,0,Y,,,,Y,,A,01,0,0,1,0,1,0,0,0,0,"- ","- ",,,"SAN FRANCISCO","SAN FRANCISCO",-122.4527587890625,37.70880126953125
8619216,2018,2018-05-21,3801,2018-04-12,2144,2093,NORTH,4,5,7,3801,0,0,0,,0,3E13E,"SUTTER ST","FRANKLIN ST",0.00,,Y,A,-,N,,,,,,,,,,N,3,0,1,2,A,-,10,21950,A,N,G,B,B,A,H,-,C,A,0,Y,,,,Y,,A,01,0,1,0,0,1,0,0,0,0,"- ","- ",,,"SAN FRANCISCO","SAN FRANCISCO",-122.42340087890625,37.787349700927734
8619219,2018,2018-05-21,3801,2018-04-13,0846,577,INGLE,5,5,7,3801,0,0,0,,0,0H5,"MISSION ST","NAGLEE AV",0.00,,Y,A,-,N,,,,,,,,,,N,2,0,1,2,A,-,10,21950,A,N,G,B,B,A,H,-,A,A,0,Y,,,,Y,,A,01,1,0,0,0,1,0,0,0,0,"- ","- ",,,"SAN FRANCISCO","SAN FRANCISCO",-122.44612884521484,37.711601257324219
8619220,2018,2018-05-25,3801,2018-04-12,2033,2379,INGLE,4,5,7,3801,0,0,0,,0,3H12D,"SILVER AV","CAMBRIDGE ST",0.00,,Y,A,-,N,,,,,,,,,,N,3,0,1,2,A,-,10,21950,A,F,G,B,B,A,H,-,B,A,0,Y,,,,Y,Y,-,99,0,1,0,0,1,0,0,0,0,"- ","- ",,,"SAN FRANCISCO","SAN FRANCISCO",-122.41951751708984,37.729038238525391
8619228,2018,2018-05-21,3801,2018-04-11,1730,9,SOUTH,3,5,7,3801,0,0,0,,0,3B61,"BRYANT ST","4TH ST",0.00,,Y,C,-,N,,,,,,,,,,N,3,0,1,2,A,-,10,21950,A,F,G,B,B,B,H,-,C,A,0,Y,,,,Y,,A,01,0,1,0,0,1,0,0,0,0,"- ","- ",,,"SAN FRANCISCO","SAN FRANCISCO",-122.3980712890625,37.779571533203125
8619234,2018,2018-05-21,3801,2018-04-30,0755,1944,INGLE,1,5,7,3801,0,0,0,,0,006,"BAYSHORE BL","ARLETA AV",0.00,,Y,A,-,N,,,,,,,,,,N,3,0,1,2,A,-,10,21950,A,F,G,B,B,A,H,-,A,A,0,Y,,,,Y,Y,A,01,0,1,0,0,1,0,0,0,0,"- ","- ",,,"SAN FRANCISCO","SAN FRANCISCO",-122.40261077880859,37.712268829345703
8619235,2018,2018-05-21,3801,2018-04-24,1830,1182,TENDE,2,5,7,3801,0,0,0,,0,3J13D,"TAYLOR ST","EDDY ST",5.00,N,N,A,-,N,,,,,,,,,,N,2,0,2,3,A,-,10,21950,A,N,G,B,B,A,H,-,B,A,0,Y,,,,Y,,A,01,2,0,0,0,2,0,0,0,0,"- ","- ",,,"SAN FRANCISCO","SAN FRANCISCO",-122.41094970703125,37.784172058105469
8619240,2018,2018-05-22,3801,2018-04-10,2003,268,RICHM,2,5,7,3801,0,0,0,,0,3G13D,"GEARY BL","COLLINS ST",0.00,,Y,A,-,N,,,,,,,,,,N,4,0,1,2,A,-,10,21950,A,N,G,B,B,A,H,-,B,-,0,Y,,,,Y,,A,01,0,0,1,0,1,0,0,0,0,"- ","- ",,,"SAN FRANCISCO","SAN FRANCISCO",-122.45011901855469,37.782180786132812
8619242,2018,2018-05-21,3801,2018-04-30,0758,310,TARAV,1,5,7,3801,0,0,0,,0,3I15A,"LAKE MERCED BL","JOHN MUIR DR",5.00,N,N,A,-,N,,,,,,,,,,N,3,0,1,2,A,-,10,21950,A,N,G,B,B,A,H,-,A,A,0,Y,,,,Y,,A,01,0,1,0,0,1,0,0,0,0,"- ","- ",,,"SAN FRANCISCO","SAN FRANCISCO",-122.48573303222656,37.708122253417969
8619244,2018,2018-05-22,3801,2018-04-09,2100,A20304,INGLE,1,5,7,3801,0,0,0,,0,3H1,"MISSION ST","VIRGINIA AV",0.00,,Y,B,-,N,,,,,,,,,,,4,0,1,2,A,-,11,21954,A,N,G,B,D,A,H,-,C,A,0,Y,,,,Y,,N,60,0,0,1,0,1,0,0,0,0,"- ","- ",,,"SAN FRANCISCO","SAN FRANCISCO",-122.42150115966797,37.743148803710938
8619247,2018,2018-05-21,3801,2018-04-24,0734,871,SOUTH,2,5,7,3801,0,0,0,,0,4M1G,"STEUART ST","MISSION ST",141.00,N,N,B,-,N,,,,,,,,,,N,4,0,1,2,A,-,03,22350,,M,H,B,E,A,H,-,A,D,0,Y,Y,,,Y,,L,04,0,0,1,0,1,0,0,0,0,"- ","- ",,,"SAN FRANCISCO","SAN FRANCISCO",-122.39352416992188,37.793529510498047
8619248,2018,2018-05-22,3801,2018-04-07,1839,1157,INGLE,6,5,7,3801,0,0,0,,0,3H14D,"PORTOLA DR","FOWLER AV",0.00,,Y,A,-,N,,,,,,,,,,N,3,0,1,2,A,-,10,21950,A,N,G,B,B,A,H,-,A,A,0,Y,,,,Y,,A,01,0,1,0,0,1,0,0,0,0,"- ","- ",,,"SAN FRANCISCO","SAN FRANCISCO",-122.453369140625,37.744518280029297
8619249,2018,2018-05-21,3801,2018-04-24,2149,A22138,TARAV,2,5,7,3801,0,0,0,,0,3I16E,"ALEMANY BL","SAN JOSE AV",0.00,,Y,A,-,N,,,,,,,,,,N,2,0,1,2,A,-,11,21456,B,N,G,B,B,A,H,-,C,A,0,Y,,,,Y,Y,N,60,1,0,0,0,1,0,0,0,0,"- ","- ",,,"SAN FRANCISCO","SAN FRANCISCO",-122.45709991455078,37.710071563720703
8619252,2018,2018-05-22,3801,2018-04-06,2223,334,NORTH,5,5,7,3801,0,0,0,,0,901,"TURK ST","POLK ST",0.00,,Y,C,-,N,,,,,,,,,,N,4,0,1,2,A,-,10,21950,A,N,G,B,B,B,H,-,C,A,0,Y,,,,Y,,A,01,0,0,1,0,1,0,0,0,0,"- ","- ",,,"SAN FRANCISCO","SAN FRANCISCO",-122.41899871826172,37.782169342041016
8619256,2018,2018-05-22,3801,2018-04-06,2240,2373,MISSI,5,5,7,3801,0,0,0,,0,3D15E,"22ND ST","S VAN NESS AV",0.00,,Y,C,-,N,,,,,,,,,,Y,4,0,1,2,A,-,10,21950,A,F,G,B,B,B,H,-,C,A,0,Y,,,,Y,,-,99,0,0,1,0,1,0,0,0,0,"- ","- ",,,"SAN FRANCISCO","SAN FRANCISCO",-122.41658782958984,37.755569458007812
8619257,2018,2018-05-24,3801,2018-04-17,0812,2376,SOUTH,2,5,7,3801,0,0,0,,0,3B1A,"MISSION ST","1ST ST",200.00,E,N,A,-,N,,,,,,,,,,N,2,0,1,2,A,-,11,21955,,N,D,B,D,A,H,-,A,D,0,Y,,,,Y,,N,60,1,0,0,0,1,0,0,0,0,"- ","- ",,,"SAN FRANCISCO","SAN FRANCISCO",-122.39707183837891,37.790164947509766
8619259,2018,2018-05-21,3801,2018-04-22,1424,1336,"CO J",7,5,7,3801,0,0,0,,0,3J11A,"MARKET ST","7TH ST",0.00,,Y,A,-,N,,,,,,,,,,N,3,0,1,2,A,-,11,21453,D,N,G,B,B,A,H,-,A,A,0,Y,,,,Y,,N,60,0,1,0,0,1,0,0,0,0,"- ","- ",,,"SAN FRANCISCO","SAN FRANCISCO",-122.41250610351562,37.780479431152344
8619260,2018,2018-05-22,3801,2018-04-07,1554,1039,MISSI,6,5,7,3801,0,0,0,,0,003,"MISSION ST","23RD ST",150.00,N,N,A,-,N,,,,,,,,,,N,3,0,1,2,A,-,21,22106,,N,G,B,D,A,H,-,A,D,0,Y,,,,Y,,A,07,0,1,0,0,1,0,0,0,0,"- ","- ",,,"SAN FRANCISCO","SAN FRANCISCO",-122.41863250732422,37.754241943359375
8619263,2018,2018-05-23,3801,2018-04-21,2235,1499,MISSI,6,5,7,3801,0,0,0,,0,3D13E,"19TH ST","MISSION ST",0.00,,Y,A,-,N,,,,,,,,,,Y,2,0,7,7,A,-,12,21453,A,F,D,C,B,A,H,-,C,A,0,Y,,,,Y,,A,01,1,3,3,0,3,0,0,0,0,"- ","- ",,,"SAN FRANCISCO","SAN FRANCISCO",-122.41921997070312,37.760219573974609
8619264,2018,2018-05-22,3801,2018-04-07,0200,1745,BAYVI,6,5,7,3801,0,0,0,,0,3C12E,"5TH ST","MARKET ST",0.00,,Y,C,-,N,,,,,,,,,,N,4,0,1,2,A,-,11,21954,A,N,G,B,E,B,H,-,C,A,0,Y,,,,Y,,N,60,0,0,1,0,1,0,0,0,0,"- ","- ",,,"SAN FRANCISCO","SAN FRANCISCO",-122.40805816650391,37.784000396728516
8619265,2018,2018-05-21,3801,2018-04-16,1750,2443,CENTR,1,5,7,3801,0,0,0,,0,901,"HALLECK ST","LEIDESDORFF ST",25.00,E,N,A,-,N,,,,,,,,,,N,4,0,1,2,A,-,11,21956,A,N,G,G,D,A,H,-,A,A,0,Y,,,,Y,,A,01,0,0,1,0,1,0,0,0,0,"- ","- ",,,"SAN FRANCISCO","SAN FRANCISCO",-122.40198516845703,37.793441772460938
8619271,2018,2018-05-21,3801,2018-04-16,1935,276,MISSI,1,5,7,3801,0,0,0,,0,3D14D,"24TH ST","SHOTWELL ST",0.00,,Y,B,G,N,,,,,,,,,,N,3,0,1,2,A,-,05,21650,1,N,G,B,B,A,H,-,A,A,0,Y,Y,,,Y,,L,04,0,1,0,0,1,0,0,0,0,"- ","- ",,,"SAN FRANCISCO","SAN FRANCISCO",-122.41517639160156,37.752449035644531
8619272,2018,2018-05-22,3801,2018-04-08,2150,916,BAYVI,7,5,7,3801,0,0,0,,0,3C14E,"SAN BRUNO AV","WOOLSEY ST",0.00,,Y,A,-,N,,,,,,,,,,N,2,0,1,2,A,-,10,21950,A,F,D,B,B,A,H,-,C,A,0,Y,,,,Y,,A,01,1,0,0,0,1,0,0,0,0,"- ","- ",,,"SAN FRANCISCO","SAN FRANCISCO",-122.40261077880859,37.725238800048828
8619276,2018,2018-05-22,3801,2018-04-11,2125,233,MISSI,3,5,7,3801,0,0,0,,0,0D4,"25TH ST","ORANGE ALY",0.00,,Y,A,-,N,,,,,,,,,,N,3,0,1,2,A,-,21,22106,,N,G,B,B,A,H,-,C,D,0,Y,,,,Y,Y,A,01,0,1,0,0,1,0,0,0,0,"- ","- ",,,"SAN FRANCISCO","SAN FRANCISCO",-122.41995239257812,37.75054931640625
8619279,2018,2018-05-21,3801,2018-04-12,1641,A22200,MISSI,4,5,7,3801,0,0,0,,0,3D15D,"16TH ST","S VAN NESS AV",145.00,E,N,A,-,N,,,,,,,,,,N,3,0,1,2,A,-,10,21952,,F,G,B,F,A,H,-,A,D,0,Y,,,,Y,Y,A,01,0,1,0,0,1,0,0,0,0,"- ","- ",,,"SAN FRANCISCO","SAN FRANCISCO",-122.4169921875,37.765213012695312
8619680,2018,2018-06-06,3801,2018-04-11,1915,488,INGEL,3,5,7,3801,0,0,0,,0,3H16E,"SILVER AV","CAMELLIA AV",10.00,N,N,C,-,N,,,,,,,,,,N,3,0,1,2,A,-,10,21950,A,N,G,B,B,B,H,-,C,D,0,Y,,,,Y,,A,01,0,1,0,0,1,0,0,0,0,"- ","- ",,,"SAN FRANCISCO","SAN FRANCISCO",-122.43232727050781,37.729274749755859
8620643,2018,2018-05-29,3801,2018-04-02,0947,887,CENTR,1,5,7,3801,0,0,0,,0,3A14A,"POST ST","POWELL ST",135.00,W,N,A,-,N,,,,,,,,,,N,4,0,1,2,A,-,11,21950,B,N,A,B,D,A,H,-,A,A,0,Y,,,,Y,,N,60,0,0,1,0,1,0,0,0,0,"- ","- ",,,"SAN FRANCISCO","SAN FRANCISCO",-122.40885925292969,37.788223266601562
8620645,2018,2018-05-23,3801,2018-04-28,0844,1764,TENDE,6,5,7,3801,0,0,0,,0,4B1F,"EDDY ST","LARKIN ST",4.00,W,N,A,-,N,,,,,,,,,,N,3,0,1,2,A,-,10,21950,A,N,G,B,B,A,H,-,A,A,0,Y,,,,Y,,A,01,0,1,0,0,1,0,0,0,0,"- ","- ",,,"SAN FRANCISCO","SAN FRANCISCO",-122.41753387451172,37.783298492431641
8620655,2018,2018-05-22,3801,2018-04-07,0722,1182,TENDE,6,5,7,3801,0,0,0,,0,3J13A,"TURK ST","HYDE ST",0.00,,Y,B,-,N,,,,,,,,,,N,4,0,1,2,A,-,10,21950,A,N,A,B,B,B,H,-,A,A,0,Y,,,,Y,,D,22,0,0,1,0,1,0,0,0,0,"- ","- ",,,"SAN FRANCISCO","SAN FRANCISCO",-122.41568756103516,37.782569885253906
8620666,2018,2018-05-21,3801,2018-04-21,0922,737,NORTH,6,5,7,3801,0,0,0,,0,3E3A,"MCALLISTER ST","FRANKLIN ST",5.00,W,N,A,-,N,,,,,,,,,,N,4,0,1,2,A,-,10,21950,A,N,G,B,B,A,H,-,A,A,0,Y,,,,Y,,A,01,0,0,1,0,1,0,0,0,0,"- ","- ",,,"SAN FRANCISCO","SAN FRANCISCO",-122.42190551757812,37.779876708984375
8620669,2018,2018-05-23,3801,2018-04-22,1507,A08210,CENTR,7,5,7,3801,0,0,0,,0,03A,WASHINGTON,MONTGOMERY,0.00,,Y,A,-,N,,,,,,,,,,,4,0,2,2,A,-,00,21461,1,N,H,-,B,A,H,-,A,A,0,Y,Y,,,Y,,N,60,0,0,2,0,1,0,1,0,0,"- ","- ",,,"SAN FRANCISCO","SAN FRANCISCO",-122.40329742431641,37.795528411865234
8620686,2018,2018-05-21,3801,2018-04-19,1942,A22572,SOUTH,4,5,7,3801,0,0,0,,0,3B13D,"7TH ST",MINNA,0.00,,Y,A,-,N,,,,,,,,,,N,3,0,1,2,A,-,10,21950,A,N,G,B,D,A,H,-,B,D,0,Y,,,,Y,,A,01,0,1,0,0,1,0,0,0,0,"- ","- ",,,"SAN FRANCISCO","SAN FRANCISCO",-122.41037750244141,37.778789520263672
8620698,2018,2018-05-29,3801,2018-04-18,1708,207,CENTR,3,5,7,3801,0,0,0,,0,3A12D,"POWELL ST","PINE ST",5.00,S,N,A,-,N,,,,,,,,,,N,4,0,1,2,A,-,10,21950,A,N,G,B,B,A,H,-,A,A,0,Y,,,,Y,,A,01,0,0,1,0,1,0,0,0,0,"- ","- ",,,"SAN FRANCISCO","SAN FRANCISCO",-122.40896606445312,37.791095733642578
8620714,2018,2018-05-21,3801,2018-04-02,1133,2439,CENTR,1,5,7,3801,0,0,0,,0,3A11A,"GRANT AV","BROADWAY AV",0.00,,Y,A,-,N,,,,,,,,,,N,2,0,1,2,A,-,10,21950,C,F,G,B,B,A,D,-,A,A,0,Y,,,,Y,,-,,1,0,0,0,1,0,0,0,0,"- ","- ",,,"SAN FRANCISCO","SAN FRANCISCO",-122.40699005126953,37.797859191894531
8620766,2018,2018-06-14,3801,2018-04-25,1403,1290,MISSI,3,5,7,3801,0,0,0,,0,03D,"FOLSOM ST","14TH ST",138.00,S,N,A,-,N,,,,,,,,,,Y,3,0,3,6,A,-,03,22350,,N,B,B,F,A,H,-,A,A,0,Y,,,,Y,,A,01,0,1,2,0,2,0,0,0,0,"- ","- ",,,"SAN FRANCISCO","SAN FRANCISCO",-122.41557312011719,37.768161773681641
8620929,2018,2018-06-07,3801,2018-04-07,2355,200,NORTH,6,5,7,3801,0,0,0,,0,3E14E,"DIVISADERO ST","MCALLISTER ST",6.00,N,N,A,-,N,,,,,,,,,,N,4,0,1,2,A,-,10,21950,A,N,G,B,B,A,H,-,C,A,0,Y,,,,Y,,A,01,0,0,1,0,1,0,0,0,0,"- ","- ",,,"SAN FRANCISCO","SAN FRANCISCO",-122.43836212158203,37.777805328369141
8621046,2018,2018-05-22,3801,2018-04-25,1730,754,NORTH,3,5,7,3801,0,0,0,,0,3E15D,"GREEN ST",LAGUNA,0.00,,Y,A,-,N,,,,,,,,,,N,4,0,1,2,A,-,10,21950,A,F,G,B,B,A,H,-,A,D,0,Y,,,,Y,,-,99,0,0,1,0,1,0,0,0,0,"- ","- ",,,"SAN FRANCISCO","SAN FRANCISCO",-122.43035125732422,37.796791076660156
8621065,2018,2018-05-23,3801,2018-04-21,2010,A10725,NORTH,6,5,7,3801,0,0,0,,0,003,"POLK ST","GROVE ST",0.00,,Y,A,-,N,,,,,,,,,,N,4,0,1,2,A,-,10,21950,A,N,G,B,B,A,H,-,C,A,0,Y,,,,Y,,A,01,0,0,1,0,1,0,0,0,0,"- ","- ",,,"SAN FRANCISCO","SAN FRANCISCO",-122.41822052001953,37.778480529785156
8621113,2018,2018-05-25,3801,2018-04-05,1612,713,TARAV,4,5,7,3801,0,0,0,,0,3I15D,"TAPIA DR","FONT BL",0.00,,-,A,-,N,,,,,,,,,,N,4,0,1,2,A,-,10,21950,A,N,G,B,B,A,H,-,A,D,0,Y,,,,Y,,A,01,0,0,1,0,1,0,0,0,0,"- ","- ",,,"SAN FRANCISCO","SAN FRANCISCO",-122.48108499999999,37.720550000000003
8623573,2018,2018-05-31,3801,2018-03-20,1803,441,TARAV,2,5,7,3801,0,0,0,,0,4B4C,"SUNSET BL","IRVING ST",0.00,,Y,C,-,N,,,,,,,,,,Y,2,0,2,2,D,-,00,,,N,D,B,B,B,H,-,A,D,0,Y,,Y,,Y,,-,"- ",1,0,1,0,1,0,0,0,1,"- ","- ",,,"SAN FRANCISCO","SAN FRANCISCO",-122.4959716796875,37.762748718261719
8623882,2018,2018-08-23,3801,2018-04-13,1724,A11196,3I14D,5,5,7,3801,0,0,0,,0,03I,"19TH AV","MORAGA ST",0.00,,Y,A,-,Y,SF,4,1,-,-,3.400,I,5,S,N,3,0,1,2,A,-,10,21950,A,N,G,B,B,A,H,-,A,A,0,Y,,,,Y,,D,22,0,1,0,0,1,0,0,0,0,"- ","- ",,,"SAN FRANCISCO","SAN FRANCISCO",-122.47664642333984,37.756111145019531
8623891,2018,2018-07-30,3801,2018-04-27,1809,"BOWKER 2",TENDE,5,5,7,3801,0,0,0,,0,002,"STEVENSON ST","6TH ST",0.00,,Y,A,-,N,,,,,,,,,,N,3,0,1,2,A,-,10,21950,A,F,G,B,E,A,H,-,B,D,0,Y,,,,Y,Y,A,01,0,1,0,0,1,0,0,0,0,"- ","- ",,,"SAN FRANCISCO","SAN FRANCISCO",-122.40966796875,37.781768798828125
8624016,2018,2018-05-22,3801,2018-04-12,0934,299,RICHM,4,5,7,3801,0,0,0,,0,3G13A,"9TH AV","FULTON ST",98.00,N,N,A,-,N,,,,,,,,,,N,4,0,1,2,A,-,11,21954,A,N,G,B,D,A,H,-,A,D,0,Y,,,,Y,,N,60,0,0,1,0,1,0,0,0,0,"- ","- ",,,"SAN FRANCISCO","SAN FRANCISCO",-122.46697998046875,37.77362060546875
8630659,2018,2018-06-04,3801,2018-02-13,1330,1420,TARAV,2,5,7,3801,0,0,0,,0,,"SUNSET BL","WAWONA ST",9.00,N,N,A,-,N,,,,,,,,,,N,2,0,1,2,A,-,10,21950,A,N,G,B,B,A,H,-,A,A,0,Y,,Y,,Y,,C,06,1,0,0,0,1,0,0,0,0,"- ","- ",37.736438751220703,-122.49411010742188,"SAN FRANCISCO","SAN FRANCISCO",-122.49413299560547,37.736656188964844
8636166,2018,2018-07-03,3801,2018-05-24,1458,204,TENDE,4,5,7,3801,0,0,0,,0,3J52D,"MARKET ST","5TH ST",31.00,W,N,A,-,N,,,,,,,,,,N,3,0,1,2,A,-,11,21456,B,N,G,B,B,A,H,-,A,A,0,Y,,,,Y,,N,60,0,1,0,0,1,0,0,0,0,"- ","- ",,,"SAN FRANCISCO","SAN FRANCISCO",-122.40813446044922,37.783939361572266
8636206,2018,2018-06-26,3801,2018-05-18,0029,1471,TENDE,5,5,7,3801,0,0,0,,0,001,"STEVENSON ST","7TH ST",50.00,W,N,A,-,N,,,,,,,,,,N,4,0,1,2,A,-,11,21954,A,N,D,B,E,A,H,-,C,D,0,Y,,,,Y,,N,60,0,0,1,0,1,0,0,0,0,"- ","- ",,,"SAN FRANCISCO","SAN FRANCISCO",-122.41201782226562,37.779895782470703
8636215,2018,2018-07-03,3801,2018-05-10,0915,1272,SOUTH,4,5,7,3801,0,0,0,,0,3B60,"HARRISON ST","1ST ST",0.00,,Y,A,-,N,,,,,,,,,,N,3,0,1,2,A,-,10,21950,A,N,G,B,B,A,H,-,A,A,0,Y,,,,Y,,-,,0,1,0,0,1,0,0,0,0,"- ","- ",,,"SAN FRANCISCO","SAN FRANCISCO",-122.39295959472656,37.786090850830078
8636764,2018,2018-07-18,3801,2018-05-07,1730,2100,,1,5,7,3801,0,0,0,,0,3G13D,"BALBOA ST","43RD AV",0.00,,Y,A,-,N,,,,,,,,,,N,3,0,1,2,A,-,11,21954,A,N,D,B,E,A,H,-,A,A,0,Y,,,,Y,,N,60,0,1,0,0,1,0,0,0,0,"- ","- ",,,"SAN FRANCISCO","SAN FRANCISCO",-122.50376892089844,37.775428771972656
8636783,2018,2018-07-18,3801,2018-05-31,2315,4115,,4,5,7,3801,0,0,0,,0,3D13E,"CESAR CHAVEZ","FOLSOM ST",0.00,,Y,A,-,N,,,,,,,,,,N,4,0,1,2,A,-,10,21950,A,N,G,B,B,A,H,-,C,A,0,Y,,,,Y,,A,07,0,0,1,0,1,0,0,0,0,"- ","- ",,,"SAN FRANCISCO","SAN FRANCISCO",-122.41368103027344,37.748268127441406