CASE_ID,ACCIDENT_YEAR,PROC_DATE,JURIS,COLLISION_DATE,COLLISION_TIME,OFFICER_ID,REPORTING_DISTRICT,DAY_OF_WEEK,CHP_SHIFT,POPULATION,CNTY_CITY_LOC,SPECIAL_COND,BEAT_TYPE,CHP_BEAT_TYPE,CITY_DIVISION_LAPD,CHP_BEAT_CLASS,BEAT_NUMBER,PRIMARY_RD,SECONDARY_RD,DISTANCE,DIRECTION,INTERSECTION,WEATHER_1,WEATHER_2,STATE_HWY_IND,CALTRANS_COUNTY,CALTRANS_DISTRICT,STATE_ROUTE,ROUTE_SUFFIX,POSTMILE_PREFIX,POSTMILE,LOCATION_TYPE,RAMP_INTERSECTION,SIDE_OF_HWY,TOW_AWAY,COLLISION_SEVERITY,NUMBER_KILLED,NUMBER_INJURED,PARTY_COUNT,PRIMARY_COLL_FACTOR,PCF_CODE_OF_VIOL,PCF_VIOL_CATEGORY,PCF_VIOLATION,PCF_VIOL_SUBSECTION,HIT_AND_RUN,TYPE_OF_COLLISION,MVIW,PED_ACTION,ROAD_SURFACE,ROAD_COND_1,ROAD_COND_2,LIGHTING,CONTROL_DEVICE,CHP_ROAD_TYPE,PEDESTRIAN_ACCIDENT,BICYCLE_ACCIDENT,MOTORCYCLE_ACCIDENT,TRUCK_ACCIDENT,NOT_PRIVATE_PROPERTY,ALCOHOL_INVOLVED,STWD_VEHTYPE_AT_FAULT,CHP_VEHTYPE_AT_FAULT,COUNT_SEVERE_INJ,COUNT_VISIBLE_INJ,COUNT_COMPLAINT_PAIN,COUNT_PED_KILLED,COUNT_PED_INJURED,COUNT_BICYCLIST_KILLED,COUNT_BICYCLIST_INJURED,COUNT_MC_KILLED,COUNT_MC_INJURED,PRIMARY_RAMP,SECONDARY_RAMP,LATITUDE,LONGITUDE,COUNTY,CITY,POINT_X,POINT_Y
8636801,2018,2018-06-22,3801,2018-05-13,1606,335,CENTR,7,5,7,3801,0,0,0,,0,3A12D,"GRANT AV","CALIFORNIA ST",0.00,,Y,A,-,N,,,,,,,,,,N,3,0,1,2,A,-,10,21950,C,F,G,B,B,A,H,-,A,A,0,Y,,,,Y,,A,01,0,1,0,0,1,0,0,0,0,"- ","- ",,,"SAN FRANCISCO","SAN FRANCISCO",-122.40589141845703,37.792461395263672
8636805,2018,2018-06-26,3801,2018-05-02,2100,334,NORTH,3,5,7,3801,0,0,0,,0,901,"PIERCE ST","FILBERT ST",0.00,,Y,A,-,N,,,,,,,,,,N,4,0,1,2,A,-,10,21950,A,N,G,B,B,A,H,-,B,A,0,Y,,,,Y,,A,01,0,0,1,0,1,0,0,0,0,"- ","- ",,,"SAN FRANCISCO","SAN FRANCISCO",-122.43894958496094,37.797588348388672
8636809,2018,2018-06-26,3801,2018-05-17,2225,4047,RICHM,4,5,7,3801,0,0,0,,0,3G12D,"MARTIN LUTHER KING JR DR","MUSIC CONCOURSE DR",0.00,N,Y,A,-,N,,,,,,,,,,N,2,0,2,3,A,-,10,21950,A,N,G,B,B,A,H,-,C,D,0,Y,,,,Y,Y,A,01,1,0,1,0,2,0,0,0,0,"- ","- ",,,"SAN FRANCISCO","SAN FRANCISCO",-122.46836853027344,37.768791198730469
8636817,2018,2018-06-22,3801,2018-05-12,2211,1364,NORTH,6,5,7,3801,0,0,0,,0,3E14E,"POST ST","BUCHANAN ST",64.00,W,N,A,-,N,,,,,,,,,,N,2,0,2,3,A,-,11,21955,,N,G,B,D,A,H,-,C,D,0,Y,,,,Y,Y,N,60,2,0,0,0,2,0,0,0,0,"- ","- ",,,"SAN FRANCISCO","SAN FRANCISCO",-122.42997741699219,37.785552978515625
8636821,2018,2018-06-22,3801,2018-05-11,1644,302,NORTH,5,5,7,3801,0,0,0,,0,3E14D,"VAN NESS AV","PACIFIC AV",25.00,S,N,A,-,N,,,,,,,,,,N,3,0,1,2,A,-,17,21235,G,N,A,B,F,A,H,-,A,D,0,Y,,Y,,Y,,C,03,0,1,0,0,1,0,0,0,0,"- ","- ",,,"SAN FRANCISCO","SAN FRANCISCO",-122.42330932617188,37.794750213623047
8636826,2018,2018-06-22,3801,2018-05-21,1511,2132,MISSI,1,5,7,3801,0,0,0,,0,3D65,"23RD ST","SAN BRUNO AV",50.00,W,N,A,-,N,,,,,,,,,,N,3,0,1,2,A,-,10,21950,A,N,G,B,B,A,H,-,A,D,0,Y,,,,Y,,A,01,0,1,0,0,1,0,0,0,0,"- ","- ",,,"SAN FRANCISCO","SAN FRANCISCO",-122.40465545654297,37.754402160644531
8636835,2018,2018-06-22,3801,2018-05-29,1034,466,TENDE,2,5,7,3801,0,0,0,,0,003,"HYDE ST","TURK ST",0.00,,Y,A,-,N,,,,,,,,,,N,4,0,1,2,A,-,11,21954,A,N,G,B,D,A,H,-,A,D,0,Y,,,,Y,,N,60,0,0,1,0,1,0,0,0,0,"- ","- ",,,"SAN FRANCISCO","SAN FRANCISCO",-122.41568756103516,37.782569885253906
8636836,2018,2018-06-21,3801,2018-05-05,2150,4347,TARAB,6,5,7,3801,0,0,0,,0,3I11E,"18TH AV","SANTIAGO ST",20.00,N,N,A,-,N,,,,,,,,,,N,4,0,1,2,A,-,10,21950,A,N,G,B,B,A,H,-,C,A,0,Y,,,,Y,,A,01,0,0,1,0,1,0,0,0,0,"- ","- ",,,"SAN FRANCISCO","SAN FRANCISCO",-122.47474670410156,37.745014190673828
8636837,2018,2018-08-22,3801,2018-05-11,0800,4223,INGLE,5,5,7,3801,0,0,0,,0,3H3A,"GENEVA AV","RT 280",0.00,,Y,A,-,Y,SF,4,280,-,R,1.556,R,4,N,N,4,0,1,2,A,-,10,21950,A,N,G,B,B,B,H,-,A,A,0,Y,,,,Y,,A,07,0,0,1,0,1,0,0,0,0,"- ",NF,,,"SAN FRANCISCO","SAN FRANCISCO",-122.44822692871094,37.719928741455078
8636842,2018,2018-06-22,3801,2018-05-10,1925,1994,CENTR,4,5,7,3801,0,0,0,,0,4B3G,"3RD ST","MARKET ST",2.00,S,N,A,-,N,,,,,,,,,,N,3,0,1,2,A,-,11,21456,B,N,-,B,B,A,H,-,A,A,0,Y,,,,Y,,N,60,0,1,0,0,1,0,0,0,0,"- ","- ",,,"SAN FRANCISCO","SAN FRANCISCO",-122.40345764160156,37.787654876708984
8636850,2018,2018-06-22,3801,2018-05-16,1637,386,TENDE,3,5,7,3801,0,0,0,,0,3J11D,"MARKET ST","8TH ST",50.00,W,N,A,-,N,,,,,,,,,,N,3,0,1,2,A,-,11,21954,A,N,G,B,D,A,H,-,A,A,0,Y,,,,Y,,N,60,0,1,0,0,1,0,0,0,0,"- ","- ",,,"SAN FRANCISCO","SAN FRANCISCO",-122.41488647460938,37.778614044189453
8636852,2018,2018-06-21,3801,2018-05-31,1945,621,INGLE,4,5,7,3801,0,0,0,,0,3H15D,"SENECA AV","DELANO AV",0.00,,Y,A,-,N,,,,,,,,,,N,4,0,1,2,A,-,12,22450,A,N,G,B,B,A,H,-,A,A,0,Y,,,,Y,,A,01,0,0,1,0,1,0,0,0,0,"- ","- ",,,"SAN FRANCISCO","SAN FRANCISCO",-122.44448852539062,37.721080780029297
8636861,2018,2018-06-22,3801,2018-05-12,1536,2470,CENTR,6,5,7,3801,0,0,0,,0,3A11E,"POLK ST","PINE ST",0.00,,Y,F,-,N,,,,,,,,,,N,4,0,1,2,D,-,00,,,M,G,B,B,-,-,-,A,A,0,Y,,,,Y,,-,"- ",0,0,1,0,1,0,0,0,0,"- ","- ",,,"SAN FRANCISCO","SAN FRANCISCO",-122.42050170898438,37.789638519287109
8636866,2018,2018-06-22,3801,2018-05-19,2345,141,INGLE,6,5,7,3801,0,0,0,,0,3H11E,"SAN JOSE AV","COTTER ST",0.00,,Y,A,G,N,,,,,,,,,,N,3,0,1,2,A,-,11,21950,B,F,G,B,D,A,H,-,C,A,0,Y,,,,Y,Y,N,60,0,1,0,0,1,0,0,0,0,"- ","- ",,,"SAN FRANCISCO","SAN FRANCISCO",-122.43746185302734,37.730281829833984
8636868,2018,2018-06-21,3801,2018-05-28,0800,777,TARAV,1,5,7,3801,0,0,0,,0,3I28,"ULLOA ST","25TH ST",0.00,,Y,B,-,N,,,,,,,,,,N,4,0,1,2,A,-,10,21950,A,F,G,B,B,A,H,-,A,A,0,Y,,,,Y,,A,01,0,0,1,0,1,0,0,0,0,"- ","- ",,,"SAN FRANCISCO","SAN FRANCISCO",-122.48200225830078,37.740890502929688
8636873,2018,2018-06-22,3801,2018-05-12,0721,143,TRAFF,6,5,7,3801,0,0,0,,0,,"BATTERY ST","CALIFORNIA ST",38.00,S,N,A,-,N,,,,,,,,,,N,4,0,1,2,A,-,00,21958,A,N,A,B,D,A,H,-,A,A,0,Y,,,,Y,,N,60,0,0,1,0,1,0,0,0,0,"- ","- ",,,"SAN FRANCISCO","SAN FRANCISCO",-122.39995574951172,37.793128967285156
8636876,2018,2018-06-21,3801,2018-05-22,1810,4294,SOUTH,2,5,7,3801,0,0,0,,0,0B1,"1ST ST","MISSION ST",0.00,,Y,A,-,N,,,,,,,,,,N,4,0,1,2,A,-,08,22107,,F,G,B,E,A,H,-,A,A,0,Y,,,,Y,,A,01,0,0,1,0,1,0,0,0,0,"- ","- ",,,"SAN FRANCISCO","SAN FRANCISCO",-122.39756774902344,37.789779663085938
8636882,2018,2018-06-21,3801,2018-05-07,2045,A21168,TENDE,1,5,7,3801,0,0,0,,0,3JI4D,"TAYLOR ST","ELLIS ST",0.00,,Y,A,-,N,,,,,,,,,,N,4,0,1,2,A,-,10,21950,A,N,G,B,B,-,H,-,C,A,0,Y,,,,Y,,A,01,0,0,1,0,1,0,0,0,0,"- ","- ",,,"SAN FRANCISCO","SAN FRANCISCO",-122.4111328125,37.785099029541016
8636889,2018,2018-06-25,3801,2018-05-01,0001,460,CENTR,2,5,7,3801,0,0,0,,0,3A15E,"UNION ST","STOCKTON ST",9.00,W,N,A,-,N,,,,,,,,,,N,4,0,1,2,A,-,10,21950,A,N,G,B,B,A,H,-,C,-,0,Y,,,,Y,,B,01,0,0,1,0,1,0,0,0,0,"- ","- ",,,"SAN FRANCISCO","SAN FRANCISCO",-122.40920257568359,37.800426483154297
8636890,2018,2018-06-21,3801,2018-05-07,1035,A22708,CENTR,1,5,7,3801,0,0,0,,0,3A14A,"WASHINGTON ST","DRUMM ST",0.00,,Y,A,-,N,,,,,,,,,,N,2,0,1,2,A,-,10,21950,A,N,G,B,B,A,H,-,A,A,0,Y,,,,Y,,A,01,1,0,0,0,1,0,0,0,0,"- ","- ",,,"SAN FRANCISCO","SAN FRANCISCO",-122.39698028564453,37.796371459960938
8636893,2018,2018-06-25,3801,2018-05-23,2050,A2126,CENTR,3,5,7,3801,0,0,0,,0,3A14D,"COLUMBUS ST","PACIFIC AV",140.00,N,N,A,-,N,,,,,,,,,,N,4,0,1,2,A,-,11,21954,A,N,G,B,D,A,H,-,C,D,0,Y,,,,Y,Y,N,60,0,0,1,0,1,0,0,0,0,"- ","- ",,,"SAN FRANCISCO","SAN FRANCISCO",-122.40576934814453,37.797298431396484
8636895,2018,2018-06-22,3801,2018-05-02,1729,A09968,PARK,3,5,7,3801,0,0,0,,0,3F62,"CARL ST","COLE ST",0.00,,Y,A,-,N,,,,,,,,,,N,4,0,1,2,A,-,10,21950,A,F,G,B,B,A,H,-,A,A,0,Y,,,,Y,,A,01,0,0,1,0,1,0,0,0,0,"- ","- ",,,"SAN FRANCISCO","SAN FRANCISCO",-122.44996643066406,37.765781402587891
8636899,2018,2018-06-22,3801,2018-05-01,1724,1626,BAYVI,2,5,7,3801,0,0,0,,0,3C15D,"PALOU AV","PHELPS ST",0.00,,Y,A,-,N,,,,,,,,,,N,4,0,1,2,A,-,11,21950,B,N,G,B,B,A,H,-,A,D,0,Y,,,,Y,,N,60,0,0,1,0,1,0,0,0,0,"- ","- ",,,"SAN FRANCISCO","SAN FRANCISCO",-122.3946533203125,37.736099243164062
8636900,2018,2018-06-22,3801,2018-05-09,0910,2365,NORTH,3,5,7,3801,0,0,0,,0,"3 CAR","FRANKLIN ST","OFARRELL ST",0.00,,Y,B,-,N,,,,,,,,,,N,4,0,1,2,A,-,10,21950,A,N,G,B,B,A,H,-,A,A,0,Y,,,,Y,,A,01,0,0,1,0,1,0,0,0,0,"- ","- ",,,"SAN FRANCISCO","SAN FRANCISCO",-122.42282867431641,37.784549713134766
8636907,2018,2018-06-22,3801,2018-05-17,1640,1148,SOUTH,4,5,7,3801,0,0,0,,0,3B15D,"TOWNSEND ST","7TH ST",0.00,,Y,A,-,N,,,,,,,,,,N,3,0,1,2,A,-,10,21950,A,N,D,B,B,A,H,-,A,A,0,Y,,,,Y,,A,01,0,1,0,0,1,0,0,0,0,"- ","- ",,,"SAN FRANCISCO","SAN FRANCISCO",-122.40165710449219,37.771831512451172
8636914,2018,2018-06-21,3801,2018-05-09,1542,1148,SOUTH,3,5,7,3801,0,0,0,,0,3B13D,"FEDERAL ST","2ND ST",69.00,E,N,A,-,N,,,,,,,,,,N,3,0,1,2,A,-,03,22350,,N,G,B,D,A,H,-,A,D,0,Y,,,,Y,,A,01,0,1,0,0,1,0,0,0,0,"- ","- ",,,"SAN FRANCISCO","SAN FRANCISCO",-122.39292144775391,37.782791137695312
8636916,2018,2018-06-22,3801,2018-05-06,0928,1125,NORTH,7,5,7,3801,0,0,0,,0,3E13A,"LAGUNA ST","FELL ST",0.00,,Y,A,-,N,,,,,,,,,,N,3,0,2,2,A,-,10,21950,A,N,G,B,B,A,H,-,A,A,0,Y,,,,Y,,A,01,0,1,1,0,1,0,0,0,0,"- ","- ",,,"SAN FRANCISCO","SAN FRANCISCO",-122.42604827880859,37.775539398193359
8636918,2018,2018-06-21,3801,2018-05-10,0721,2375,RICHM,4,5,7,3801,0,0,0,,0,3G60,"ARGUELLO BL","TURK ST",2.00,N,N,A,-,N,,,,,,,,,,N,4,0,1,2,A,-,10,21950,A,N,G,B,B,A,H,-,A,A,0,Y,,,,Y,,A,07,0,0,1,0,1,0,0,0,0,"- ","- ",,,"SAN FRANCISCO","SAN FRANCISCO",-122.45858764648438,37.777256011962891
8636926,2018,2018-06-21,3801,2018-05-08,2330,27,TARAV,2,5,7,3801,0,0,0,,0,3I1B,"MORAGA ST","GREAT HWY",4.00,E,N,E,-,N,,,,,,,,,,N,3,0,1,2,A,-,10,21950,A,F,G,B,B,B,H,-,C,D,0,Y,,,,Y,,-,99,0,1,0,0,1,0,0,0,0,"- ","- ",,,"SAN FRANCISCO","SAN FRANCISCO",-122.50865936279297,37.754680633544922
8636929,2018,2018-06-25,3801,2018-05-21,1458,231,BAYVI,1,5,7,3801,0,0,0,,0,3C44D,"GIRARD ST","BACON ST",0.00,,Y,A,-,N,,,,,,,,,,N,3,0,1,2,A,-,10,21950,A,N,A,B,B,A,H,-,A,A,0,Y,,,,Y,,A,08,0,1,0,0,1,0,0,0,0,"- ","- ",,,"SAN FRANCISCO","SAN FRANCISCO",-122.40458679199219,37.727378845214844
8636933,2018,2018-06-25,3801,2018-05-20,2200,2354,TARAV,7,5,7,3801,0,0,0,,0,3CAR,"KIRKHAM ST","46TH AV",12.00,E,N,A,-,N,,,,,,,,,,N,4,0,1,2,A,-,03,22350,,N,G,B,B,A,H,-,C,D,0,Y,,,,Y,,A,01,0,0,1,0,1,0,0,0,0,"- ","- ",,,"SAN FRANCISCO","SAN FRANCISCO",-122.50576782226562,37.758571624755859
8636940,2018,2018-06-22,3801,2018-05-16,0830,1194,INGLE,3,5,7,3801,0,0,0,,0,0H1,"AMAZON AV","LONDON ST",102.00,W,N,B,-,N,,,,,,,,,,N,3,0,1,2,A,-,11,21954,A,N,H,J,E,A,H,-,A,D,0,Y,,,,Y,,N,60,0,1,0,0,1,0,0,0,0,"- ","- ",,,"SAN FRANCISCO","SAN FRANCISCO",-122.43994903564453,37.717060089111328
8636942,2018,2018-06-21,3801,2018-05-21,1541,1523,NORTH,1,5,7,3801,0,0,0,,0,5CAR,"CHESTNUT ST","STEINER ST",0.00,,Y,A,-,N,,,,,,,,,,N,3,0,1,2,A,-,11,21950,B,N,G,B,B,A,H,-,A,A,0,Y,,,,Y,,N,60,0,1,0,0,1,0,0,0,0,"- ","- ",,,"SAN FRANCISCO","SAN FRANCISCO",-122.4378662109375,37.80059814453125
8636943,2018,2018-06-22,3801,2018-05-06,1257,390,PARK,7,5,7,3801,0,0,0,,0,004,"SCOTT ST","LLOYD ST",15.00,S,N,A,-,N,,,,,,,,,,N,4,0,1,2,A,-,21,22106,,N,G,B,F,A,H,-,A,D,0,Y,,,,Y,,A,01,0,0,1,0,1,0,0,0,0,"- ","- ",,,"SAN FRANCISCO","SAN FRANCISCO",-122.43505096435547,37.769859313964844
8636947,2018,2018-06-25,3801,2018-05-03,0751,A22881,MISSI,4,5,7,3801,0,0,0,,0,3D13A,"DIVISION ST","SAN BRUNO AV",0.00,,Y,B,-,N,,,,,,,,,,N,4,0,2,4,A,-,03,22350,,N,C,B,B,A,H,-,A,A,0,Y,,,,Y,,A,01,0,0,2,0,2,0,0,0,0,"- ","- ",,,"SAN FRANCISCO","SAN FRANCISCO",-122.40619659423828,37.769451141357422
8636950,2018,2018-06-21,3801,2018-05-21,1310,2209,3801,1,5,7,3801,0,0,0,,0,3D11C,"MARKET ST","MARKET ST 2143",0.00,,N,A,-,N,,,,,,,,,,N,2,0,1,2,A,-,17,21235,G,N,A,J,F,A,H,-,A,D,0,Y,,,,Y,,-,,1,0,0,0,1,0,0,0,0,"- ","- ",,,"SAN FRANCISCO","SAN FRANCISCO",-122.42878,37.767543000000003
8636953,2018,2018-06-25,3801,2018-05-18,2307,33,RICHM,5,5,7,3801,0,0,0,,0,003,"FULTON ST","7TH AV",21.00,W,N,A,-,N,,,,,,,,,,N,2,0,1,2,A,-,11,21950,B,N,G,B,E,A,H,-,C,D,0,Y,,,,Y,Y,N,60,1,0,0,0,1,0,0,0,0,"- ","- ",,,"SAN FRANCISCO","SAN FRANCISCO",-122.46490478515625,37.773483276367188
8636956,2018,2018-06-22,3801,2018-05-09,1910,417,SOUTH,3,5,7,3801,0,0,0,,0,3B12D,"BEALE ST","HOWARD ST",0.00,,Y,A,G,N,,,,,,,,,,N,4,0,1,2,A,-,11,21453,D,N,G,B,B,A,H,-,B,A,0,Y,,,,Y,,N,60,0,0,1,0,1,0,0,0,0,"- ","- ",,,"SAN FRANCISCO","SAN FRANCISCO",-122.39427947998047,37.789920806884766
8636968,2018,2018-06-25,3801,2018-05-17,1700,837,CENTR,4,5,7,3801,0,0,0,,0,3A3D,"STOCKTON ST","SUTTER ST",0.00,,Y,-,-,N,,,,,,,,,,N,4,0,1,2,A,-,10,21950,A,N,G,B,B,-,-,-,B,A,0,Y,,,,Y,,A,01,0,0,1,0,1,0,0,0,0,"- ","- ",,,"SAN FRANCISCO","SAN FRANCISCO",-122.40693664550781,37.789421081542969
8636972,2018,2018-08-06,3801,2018-05-17,0940,86,TARAV,4,5,7,3801,0,0,0,,0,3I2,"VICENTE ST","21ST AV",5.00,E,N,A,-,N,,,,,,,,,,N,3,0,1,2,A,-,11,21950,B,F,G,B,B,A,H,-,A,A,0,Y,,,,Y,,N,60,0,1,0,0,1,0,0,0,0,"- ","- ",,,"SAN FRANCISCO","SAN FRANCISCO",-122.47756195068359,37.739219665527344
8636976,2018,2018-06-25,3801,2018-05-16,1630,459,RICHM,3,5,7,3801,0,0,0,,0,RICHMO,"GEARY BL","7TH AV",0.00,,Y,A,-,N,,,,,,,,,,N,3,0,1,2,A,-,11,21453,D,N,B,B,B,A,H,-,A,A,0,Y,,,,Y,,N,60,0,1,0,0,1,0,0,0,0,"- ","- ",,,"SAN FRANCISCO","SAN FRANCISCO",-122.46537017822266,37.781028747558594
8636994,2018,2018-06-21,3801,2018-05-27,1340,143,CENTR,7,5,7,3801,0,0,0,,0,03A,"NORTHPOINT ST","MASON ST",142.00,W,N,A,-,N,,,,,,,,,,N,4,0,1,2,A,-,11,21954,A,F,G,B,E,A,H,-,A,A,0,Y,,,,Y,,N,60,0,0,1,0,1,0,0,0,0,"- ","- ",,,"SAN FRANCISCO","SAN FRANCISCO",-122.41429138183594,37.806510925292969
8636995,2018,2018-06-22,3801,2018-05-30,1526,1157,INGLE,3,5,7,3801,0,0,0,,0,8H12C,"GENEVA AV","SAN JOSE AV",335.00,W,N,A,-,N,,,,,,,,,,N,4,0,1,2,A,-,10,21950,A,M,G,B,B,A,H,-,A,A,0,Y,,,,Y,,-,,0,0,1,0,1,0,0,0,0,"- ","- ",,,"SAN FRANCISCO","SAN FRANCISCO",-122.44766235351562,37.721145629882812
8637002,2018,2018-06-28,3801,2018-05-25,1058,4301,NORTH,5,5,7,3801,0,0,0,,0,3E43C,"OLIVE ST","POLK ST",0.00,,Y,A,-,N,,,,,,,,,,N,4,0,1,2,A,-,21,22106,,F,G,B,-,A,-,-,A,D,0,Y,,,,Y,,-,"- ",0,0,1,0,1,0,0,0,0,"- ","- ",,,"SAN FRANCISCO","SAN FRANCISCO",-122.41944885253906,37.784488677978516
8637014,2018,2018-06-21,3801,2018-05-24,1736,2334,SOUTH,4,5,7,3801,0,0,0,,0,0B1,"HOWARD ST","MAIN ST",0.00,,Y,B,-,N,,,,,,,,,,N,3,0,1,2,A,-,10,21950,A,N,G,B,B,A,H,-,A,A,0,Y,,,,Y,,A,01,0,1,0,0,1,0,0,0,0,"- ","- ",,,"SAN FRANCISCO","SAN FRANCISCO",-122.39340209960938,37.790618896484375
8637018,2018,2018-06-21,3801,2018-05-26,2324,460,CENTR,6,5,7,3801,0,0,0,,0,3A15E,"JONES ST","SUTTER ST",13.00,S,N,A,-,N,,,,,,,,,,N,4,0,1,2,A,-,10,21950,A,N,G,B,B,A,H,-,C,A,0,Y,,,,Y,,A,01,0,0,1,0,1,0,0,0,0,"- ","- ",,,"SAN FRANCISCO","SAN FRANCISCO",-122.41351318359375,37.788566589355469
8637026,2018,2018-06-21,3801,2018-05-26,2000,2300,TENDE,6,5,7,3801,0,0,0,,0,3J12D,"HYDE ST","ELLIS ST",70.00,S,N,A,-,N,,,,,,,,,,N,3,0,1,2,A,-,11,21955,,N,A,B,D,A,H,-,C,D,0,Y,,,,Y,,N,60,0,1,0,0,1,0,0,0,0,"- ","- ",,,"SAN FRANCISCO","SAN FRANCISCO",-122.41602325439453,37.784259796142578
8639078,2018,2018-07-27,3801,2018-05-19,1515,1613,MISSI,6,5,7,3801,0,0,0,,0,003,"POTRERO AV","25TH ST",0.00,,Y,A,-,N,,,,,,,,,,N,4,0,1,2,A,-,08,22107,,F,G,B,-,A,H,-,A,D,0,Y,,,,Y,,A,01,0,0,1,0,1,0,0,0,0,"- ","- ",,,"SAN FRANCISCO","SAN FRANCISCO",-122.40619659423828,37.751739501953125
8639082,2018,2018-08-15,3801,2018-05-05,0110,2084,NORTH,6,5,7,3801,0,0,0,,0,3E15E,"LOMBARD ST","BUCHANAN ST",0.00,,Y,A,-,Y,SF,4,101,-,-,7.156,I,5,N,N,2,0,1,2,A,-,11,21453,D,N,G,B,-,A,H,-,C,A,0,Y,,,,Y,Y,N,60,1,0,0,0,1,0,0,0,0,"- ","- ",,,"SAN FRANCISCO","SAN FRANCISCO",-122.43280029296875,37.800327301025391
8639098,2018,2018-07-27,3801,2018-05-24,2220,1198,CENTR,4,5,7,3801,0,0,0,,0,,"KEARNY ST","POST ST",10.00,N,N,A,-,N,,,,,,,,,,N,4,0,1,2,A,-,11,21453,D,N,G,B,D,A,H,-,C,A,0,Y,,,,Y,,N,60,0,0,1,0,1,0,0,0,0,"- ","- ",,,"SAN FRANCISCO","SAN FRANCISCO",-122.40366363525391,37.788928985595703
8640336,2018,2018-06-28,3801,2018-04-12,0701,1603,NORTH,4,5,7,3801,0,0,0,,0,3E13A,"BUSH ST","FRANKLIN ST",0.00,,Y,A,-,N,,,,,,,,,,N,4,0,1,2,A,-,10,21950,A,N,B,B,B,A,H,-,A,A,0,Y,,,,Y,,A,01,0,0,1,0,1,0,0,0,0,"- ","- ",,,"SAN FRANCISCO","SAN FRANCISCO",-122.42357635498047,37.788280487060547
8640352,2018,2018-07-16,3801,2018-04-28,1032,1603,NORTH,6,5,7,3801,0,0,0,,0,3E12A,"GOUGH ST","GROVE ST",0.00,,Y,A,-,N,,,,,,,,,,N,4,0,1,2,A,-,12,21453,A,N,H,J,B,A,H,-,A,A,0,Y,Y,,,Y,,-,"- ",0,0,1,0,0,0,1,0,0,"- ","- ",,,"SAN FRANCISCO","SAN FRANCISCO",-122.42315673828125,37.777809143066406
8640364,2018,2018-06-28,3801,2018-04-03,1122,1515,NORTH,2,5,7,3801,0,0,0,,0,3E41C,"OAK ST","GOUGH ST",0.00,,Y,A,-,N,,,,,,,,,,N,3,0,1,2,A,-,10,21950,A,N,G,B,B,A,H,-,A,A,0,Y,,,,Y,,A,01,0,1,0,0,1,0,0,0,0,"- ","- ",,,"SAN FRANCISCO","SAN FRANCISCO",-122.42259216308594,37.775020599365234
8640388,2018,2018-06-25,3801,2018-04-21,0019,1330,MISSI,6,5,7,3801,0,0,0,,0,3D11E,"DOLORES ST","16TH ST",0.00,,Y,A,-,N,,,,,,,,,,N,4,0,2,2,A,-,00,21952,B,N,G,B,B,A,H,-,C,A,0,Y,,Y,,Y,,N,60,0,0,2,0,1,0,0,0,1,"- ","- ",,,"SAN FRANCISCO","SAN FRANCISCO",-122.42643737792969,37.764640808105469
8644569,2018,2018-06-26,3801,2018-03-26,0836,219,"CO C",1,5,7,3801,0,0,0,,0,3C11A,"3RD ST","20TH ST",0.00,,Y,A,-,N,,,,,,,,,,N,2,0,1,2,D,-,00,,,N,G,B,E,A,H,-,A,A,0,Y,,,,Y,,-,"- ",1,0,0,0,1,0,0,0,0,"- ","- ",,,"SAN FRANCISCO","SAN FRANCISCO",-122.388671875,37.760459899902344
8644574,2018,2018-06-26,3801,2018-02-06,1714,373,PARK,2,5,7,3801,0,0,0,,0,0F1,"KIRKHAM ST","5TH AV",6.00,W,N,A,-,N,,,,,,,,,,N,3,0,1,2,A,-,10,21950,A,N,G,B,B,A,H,-,A,A,0,Y,,,,Y,,A,01,0,1,0,0,1,0,0,0,0,"- ","- ",37.760631561279297,-122.46196746826172,"SAN FRANCISCO","SAN FRANCISCO",-122.46179962158203,37.760490417480469
8644668,2018,2018-06-26,3801,2018-02-21,1645,472,3E13C,3,5,7,3801,0,0,0,,0,"3 CAR","HAYES ST","POLK ST",0.00,,Y,A,-,N,,,,,,,,,,N,4,0,1,2,A,-,10,21950,A,N,G,B,B,A,H,-,A,A,0,Y,,,,Y,,-,,0,0,1,0,1,0,0,0,0,"- ","- ",,,"SAN FRANCISCO","SAN FRANCISCO",-122.41803741455078,37.777511596679688
8644724,2018,2018-07-31,3801,2018-05-26,1900,1421,RICHM,6,5,7,3801,0,0,0,,0,3G4D,"GEARY BL","25TH AV",0.00,,Y,A,F,N,,,,,,,,,,N,4,0,1,2,A,-,10,21950,A,N,G,B,B,A,H,-,A,A,0,Y,,,,Y,,-,,0,0,1,0,1,0,0,0,0,"- ","- ",,,"SAN FRANCISCO","SAN FRANCISCO",-122.4847412109375,37.780158996582031
8644736,2018,2018-06-27,3801,2018-05-19,1305,426,CENTR,6,5,7,3801,0,0,0,,0,3A15C,"BAY ST","POLK ST",0.00,,Y,A,-,N,,,,,,,,,,N,3,0,1,2,A,-,10,21950,A,N,G,B,B,A,H,-,A,A,0,Y,,,,Y,,A,01,0,1,0,0,1,0,0,0,0,"- ","- ",,,"SAN FRANCISCO","SAN FRANCISCO",-122.42344665527344,37.804359436035156