CASE_ID,ACCIDENT_YEAR,PROC_DATE,JURIS,COLLISION_DATE,COLLISION_TIME,OFFICER_ID,REPORTING_DISTRICT,DAY_OF_WEEK,CHP_SHIFT,POPULATION,CNTY_CITY_LOC,SPECIAL_COND,BEAT_TYPE,CHP_BEAT_TYPE,CITY_DIVISION_LAPD,CHP_BEAT_CLASS,BEAT_NUMBER,PRIMARY_RD,SECONDARY_RD,DISTANCE,DIRECTION,INTERSECTION,WEATHER_1,WEATHER_2,STATE_HWY_IND,CALTRANS_COUNTY,CALTRANS_DISTRICT,STATE_ROUTE,ROUTE_SUFFIX,POSTMILE_PREFIX,POSTMILE,LOCATION_TYPE,RAMP_INTERSECTION,SIDE_OF_HWY,TOW_AWAY,COLLISION_SEVERITY,NUMBER_KILLED,NUMBER_INJURED,PARTY_COUNT,PRIMARY_COLL_FACTOR,PCF_CODE_OF_VIOL,PCF_VIOL_CATEGORY,PCF_VIOLATION,PCF_VIOL_SUBSECTION,HIT_AND_RUN,TYPE_OF_COLLISION,MVIW,PED_ACTION,ROAD_SURFACE,ROAD_COND_1,ROAD_COND_2,LIGHTING,CONTROL_DEVICE,CHP_ROAD_TYPE,PEDESTRIAN_ACCIDENT,BICYCLE_ACCIDENT,MOTORCYCLE_ACCIDENT,TRUCK_ACCIDENT,NOT_PRIVATE_PROPERTY,ALCOHOL_INVOLVED,STWD_VEHTYPE_AT_FAULT,CHP_VEHTYPE_AT_FAULT,COUNT_SEVERE_INJ,COUNT_VISIBLE_INJ,COUNT_COMPLAINT_PAIN,COUNT_PED_KILLED,COUNT_PED_INJURED,COUNT_BICYCLIST_KILLED,COUNT_BICYCLIST_INJURED,COUNT_MC_KILLED,COUNT_MC_INJURED,PRIMARY_RAMP,SECONDARY_RAMP,LATITUDE,LONGITUDE,COUNTY,CITY,POINT_X,POINT_Y
8648283,2018,2018-10-25,3801,2018-09-18,2343,1114,SOUTH,2,5,7,3801,0,0,0,,0,4C3,"HOWARD ST","9TH ST",12.00,W,N,A,-,N,,,,,,,,,,Y,1,1,0,2,A,-,01,23152,A,F,G,B,D,A,H,-,C,A,0,Y,,,,Y,Y,A,01,0,0,0,1,0,0,0,0,0,"- ","- ",,,"SAN FRANCISCO","SAN FRANCISCO",-122.41319274902344,37.774978637695312
8648402,2018,2018-12-10,3801,2018-09-19,1449,1766,INGLE,3,5,7,3801,0,0,0,,0,4B3C,"CORTLAND AV","ELLSWORTH ST",5.00,W,N,A,-,N,,,,,,,,,,Y,1,1,0,2,A,-,10,21950,A,N,G,B,B,A,H,-,A,A,0,Y,,,Y,Y,,F,26,0,0,0,1,0,0,0,0,0,"- ","- ",,,"SAN FRANCISCO","SAN FRANCISCO",-122.41468811035156,37.7388916015625
8648648,2019,2019-02-28,3801,2019-01-01,1805,917,TRAFF,2,5,7,3801,0,0,0,,0,4B4E,"HAIGHT ST","STANYAN ST",124.00,E,N,A,-,N,,,,,,,,,,N,1,1,0,2,A,-,11,21955,,N,G,B,D,A,H,-,C,D,0,Y,,,,Y,,N,60,0,0,0,1,0,0,0,0,0,"- ","- ",,,"SAN FRANCISCO","SAN FRANCISCO",-122.45310974121094,37.769203186035156
8649556,2018,2018-08-28,3801,2018-06-18,1754,1291,TENDE,1,5,7,3801,0,0,0,,0,3J13D,"6TH ST","JESSIE ST",0.00,,N,A,-,N,,,,,,,,,,N,3,0,1,2,A,-,11,21954,A,N,G,B,D,A,H,-,A,A,0,Y,,,,Y,,N,60,0,1,0,0,1,0,0,0,0,"- ","- ",,,"SAN FRANCISCO","SAN FRANCISCO",-122.40921020507812,37.781398773193359
8649581,2018,2018-08-27,3801,2018-06-20,1326,244,NORTH,3,5,7,3801,0,0,0,,0,3E1C,"VAN NESS AV","UNION ST",14.00,S,N,A,-,N,,,,,,,,,,N,4,0,1,2,A,-,11,21456,C,N,G,B,D,A,D,-,A,A,0,Y,,,,Y,,N,60,0,0,1,0,1,0,0,0,0,"- ","- ",,,"SAN FRANCISCO","SAN FRANCISCO",-122.42404937744141,37.798503875732422
8649620,2018,2018-08-20,3801,2018-06-02,1035,A22051,CENTR,6,5,7,3801,0,0,0,,0,3A12A,"POST ST","KEARNY ST",0.00,,Y,A,-,N,,,,,,,,,,N,4,0,1,2,A,-,10,21950,A,N,B,B,B,A,H,-,A,A,0,Y,,,,Y,,A,01,0,0,1,0,1,0,0,0,0,"- ","- ",,,"SAN FRANCISCO","SAN FRANCISCO",-122.40366363525391,37.788898468017578
8649656,2018,2018-08-20,3801,2018-06-16,0930,298,PARKD,6,5,7,3801,0,0,0,,0,3F43A,"HAIGHT ST","MASONIC AV",225.00,E,N,A,-,N,,,,,,,,,,,4,0,1,2,A,-,00,20001,A,F,B,B,E,A,H,-,A,D,0,Y,,,,Y,,A,07,0,0,1,0,1,0,0,0,0,"- ","- ",,,"SAN FRANCISCO","SAN FRANCISCO",-122.444580078125,37.770305633544922
8649802,2018,2018-09-10,3801,2018-07-12,1638,2443,CENTR,4,5,7,3801,0,0,0,,0,2CAR,"MONTGOMERY ST","SUTTER ST",104.00,N,N,A,-,N,,,,,,,,,,N,3,0,1,2,A,-,11,21954,A,N,G,B,D,A,H,-,A,A,0,Y,,,,Y,,N,60,0,1,0,0,1,0,0,0,0,"- ","- ",,,"SAN FRANCISCO","SAN FRANCISCO",-122.40223693847656,37.790290832519531
8649810,2018,2018-09-06,3801,2018-07-12,1740,2244,CENTR,4,5,7,3801,0,0,0,,0,3A15D,"BATTERY ST","CLAY ST",127.00,S,N,A,-,N,,,,,,,,,,N,4,0,1,2,A,-,11,21954,A,N,G,B,D,A,H,-,A,D,0,Y,,,,Y,,N,60,0,0,1,0,1,0,0,0,0,"- ","- ",,,"SAN FRANCISCO","SAN FRANCISCO",-122.4002685546875,37.794654846191406
8650378,2018,2018-09-13,3801,2018-07-14,1847,546,MISSI,6,5,7,3801,0,0,0,,0,4B4H,"VALENCIA ST","25TH ST",0.00,,Y,A,-,N,,,,,,,,,,N,4,0,1,2,A,-,10,21950,A,N,G,B,B,A,H,-,A,A,0,Y,,,,Y,,J,48,0,0,1,0,1,0,0,0,0,"- ","- ",,,"SAN FRANCISCO","SAN FRANCISCO",-122.42050170898438,37.750511169433594
8650540,2018,2018-09-10,3801,2018-07-12,1718,1666,PARK,4,5,7,3801,0,0,0,,0,4CAR,"HERMANN ST","CHURCH ST",0.00,,Y,A,-,N,,,,,,,,,,N,4,0,1,2,A,-,10,21950,A,N,G,B,B,A,H,-,A,A,0,Y,,,,Y,,A,01,0,0,1,0,1,0,0,0,0,"- ","- ",,,"SAN FRANCISCO","SAN FRANCISCO",-122.42922210693359,37.770351409912109
8650558,2018,2020-05-22,3801,2018-07-07,1944,1669,MISSI,6,5,7,3801,0,0,0,,0,3DE16D,"MISSION ST","16TH ST",70.00,S,N,A,-,N,,,,,,,,,,Y,1,1,0,2,A,-,11,21955,,N,G,B,D,A,H,-,A,A,0,Y,,,,Y,,N,60,0,0,0,1,0,0,0,0,0,"- ","- ",,,"SAN FRANCISCO","SAN FRANCISCO",-122.41964721679688,37.764858245849609
8651104,2018,2018-09-10,3801,2018-04-10,1910,917,,2,5,7,3801,0,0,0,,0,4B4E,"IRVING ST","8TH ST",0.00,,Y,A,-,N,,,,,,,,,,N,2,0,1,2,A,-,10,21950,A,N,G,B,B,A,H,-,B,D,0,Y,,,,Y,,A,01,1,0,0,0,1,0,0,0,0,"- ","- ",,,"SAN FRANCISCO","SAN FRANCISCO",-122.46524810791016,37.764091491699219
8651559,2018,2018-10-02,3801,2018-08-14,1000,A22148,CENTR,2,5,7,3801,0,0,0,,0,002,"CALIFORNIA ST","MONTGOMERY ST",0.00,,Y,A,-,N,,,,,,,,,,N,3,0,1,2,A,-,11,21956,,N,H,A,E,A,H,-,A,A,0,Y,Y,,,Y,,N,60,0,1,0,0,0,0,1,0,0,"- ","- ",,,"SAN FRANCISCO","SAN FRANCISCO",-122.40277099609375,37.792888641357422
8651803,2018,2018-10-08,3801,2018-08-21,1450,306,TENDE,2,5,7,3801,0,0,0,,0,3J14A,"GOLDEN GATE AV","MARKET ST",0.00,W,N,A,-,N,,,,,,,,,,,4,0,1,2,A,-,11,21954,A,N,G,B,E,A,H,-,A,A,0,Y,,,,Y,,N,60,0,0,1,0,1,0,0,0,0,"- ","- ",,,"SAN FRANCISCO","SAN FRANCISCO",-122.41030120849609,37.782238006591797
8651807,2018,2018-10-08,3801,2018-08-24,1105,993,SOUTH,5,5,7,3801,0,0,0,,0,SECT3,"6TH ST","HOWARD ST",0.00,,-,A,-,N,,,,,,,,,,N,3,0,1,2,A,-,10,21950,A,N,G,B,B,A,H,-,A,A,0,Y,,,,Y,,A,01,0,1,0,0,1,0,0,0,0,"- ","- ",,,"SAN FRANCISCO","SAN FRANCISCO",-122.40714263916016,37.779750823974609
8652636,2018,2018-08-28,3801,2018-06-13,1909,2116,NORTH,3,5,7,3801,0,0,0,,0,005,"LOMBARD ST","DIVISADERO ST",35.00,N,N,A,-,Y,SF,4,101,-,-,7.696,I,5,S,N,4,0,1,2,A,-,03,22350,,F,-,B,B,A,H,-,A,A,0,Y,,,,Y,,-,,0,0,1,0,1,0,0,0,0,"- ","- ",,,"SAN FRANCISCO","SAN FRANCISCO",-122.44268035888672,37.798954010009766
8656242,2018,2018-07-26,3801,2018-06-12,1330,4095,MISSI,2,5,7,3801,0,0,0,,0,004,"FOLSOM ST","25TH ST",11.00,S,N,A,-,N,,,,,,,,,,N,4,0,1,2,A,-,10,21950,A,N,G,B,-,A,H,-,A,A,0,Y,,,,Y,,A,01,0,0,1,0,1,0,0,0,0,"- ","- ",,,"SAN FRANCISCO","SAN FRANCISCO",-122.4139404296875,37.750888824462891
8656244,2018,2018-07-30,3801,2018-06-28,1100,127,NORTH,4,5,7,3801,0,0,0,,0,004,"CALIFORNIA ST","DIVISADERO ST",94.00,W,N,A,-,N,,,,,,,,,,N,3,0,1,2,A,-,11,21955,,N,G,B,D,A,H,-,A,D,0,Y,,,,Y,,N,60,0,1,0,0,1,0,0,0,0,"- ","- ",,,"SAN FRANCISCO","SAN FRANCISCO",-122.44077301025391,37.788036346435547
8656245,2018,2018-07-30,3801,2018-06-15,0804,2266,INGLE,5,5,7,3801,0,0,0,,0,3H11A,"MISSION ST","30TH ST",0.00,,Y,A,-,N,,,,,,,,,,N,4,0,1,2,A,-,10,21950,A,N,G,B,B,A,H,-,A,A,0,Y,,,,Y,,-,"- ",0,0,1,0,1,0,0,0,0,"- ","- ",,,"SAN FRANCISCO","SAN FRANCISCO",-122.42195892333984,37.742389678955078
8656248,2018,2018-07-30,3801,2018-06-30,1820,172,RICHM,6,5,7,3801,0,0,0,,0,001,"JOHN F KENNEDY DR","8TH AV",0.00,,Y,A,-,N,,,,,,,,,,N,3,0,1,2,A,-,10,21950,A,N,D,B,B,A,H,-,A,A,0,Y,,,,Y,,A,01,0,1,0,0,1,0,0,0,0,"- ","- ",,,"SAN FRANCISCO","SAN FRANCISCO",-122.46581268310547,37.772598266601562
8656252,2018,2018-07-30,3801,2018-06-11,1445,1469,MISSI,1,5,7,3801,0,0,0,,0,3D11D,"SAN JOSE AV","GENEVA AV",0.00,,Y,-,-,N,,,,,,,,,,N,4,0,1,2,D,-,00,,,N,-,-,-,-,-,-,-,-,0,Y,,,,Y,,-,"- ",0,0,1,0,1,0,0,0,0,"- ","- ",,,"SAN FRANCISCO","SAN FRANCISCO",-122.44663238525391,37.720729827880859
8656254,2018,2018-07-26,3801,2018-06-11,1425,127,NORTH,1,5,7,3801,0,0,0,,0,006,"FRANKLIN ST","BROADWAY ST",30.00,S,N,A,-,N,,,,,,,,,,N,4,0,1,2,A,-,11,21950,B,N,D,B,E,A,H,-,A,D,0,Y,,,,Y,,N,60,0,0,1,0,1,0,0,0,0,"- ","- ",,,"SAN FRANCISCO","SAN FRANCISCO",-122.42501831054688,37.795448303222656
8656263,2018,2018-07-26,3801,2018-06-27,1852,1350,INGLE,3,5,7,3801,0,0,0,,0,3H13D,"LAWRENCE AV","SEARS ST",25.00,E,N,B,-,N,,,,,,,,,,N,3,0,1,3,A,-,17,21663,,N,G,B,F,A,H,-,A,D,0,Y,,,,Y,,A,01,0,1,0,0,1,0,0,0,0,"- ","- ",,,"SAN FRANCISCO","SAN FRANCISCO",-122.45244598388672,37.710670471191406
8656269,2018,2018-07-30,3801,2018-06-21,1800,4047,RICHM,4,5,7,3801,0,0,0,,0,,"SUTTER ST","KEARNY ST",30.00,E,N,F,-,N,,,,,,,,,,N,4,0,1,2,A,-,21,22106,,F,H,B,E,-,G,-,A,-,0,Y,,,,Y,,-,,0,0,1,0,1,0,0,0,0,"- ","- ",,,"SAN FRANCISCO","SAN FRANCISCO",-122.40373992919922,37.789840698242188
8656270,2018,2018-07-25,3801,2018-06-12,1215,1485,3E,2,5,7,3801,0,0,0,,0,12A,"CALIFORNIA ST","VAN NESS AV",65.00,W,N,A,-,N,,,,,,,,,,N,4,0,1,2,A,-,11,21955,,N,G,B,D,A,H,-,A,D,0,Y,,,,Y,,N,60,0,0,1,0,1,0,0,0,0,"- ","- ",,,"SAN FRANCISCO","SAN FRANCISCO",-122.42263031005859,37.790321350097656
8656278,2018,2018-07-25,3801,2018-06-13,1845,4041,TARAV,3,5,7,3801,0,0,0,,0,3I16D,"19TH AV","JUNIPERO SERRA BL",0.00,,Y,A,-,N,,,,,,,,,,N,4,0,1,2,A,-,00,21758,A,N,G,B,E,A,H,-,A,A,0,Y,,,,Y,,A,01,0,0,1,0,1,0,0,0,0,"- ","- ",,,"SAN FRANCISCO","SAN FRANCISCO",-122.47271728515625,37.717178344726562
8656280,2018,2018-07-30,3801,2018-06-19,1650,796,NORTH,2,5,7,3801,0,0,0,,0,CENTRA,"CALIFORNIA ST","MONTGOMERY ST",0.00,,Y,F,-,N,,,,,,,,,,N,2,0,1,2,A,-,10,21950,C,N,G,B,B,-,G,-,A,A,0,Y,,,,Y,,A,01,1,0,0,0,1,0,0,0,0,"- ","- ",,,"SAN FRANCISCO","SAN FRANCISCO",-122.40277099609375,37.792888641357422
8656283,2018,2018-07-26,3801,2018-06-05,0900,1693,BAYVI,2,5,7,3801,0,0,0,,0,001,"ARKANSAS ST","MADERA ST",468.00,N,N,A,-,N,,,,,,,,,,N,3,0,1,2,A,-,11,21950,B,N,G,-,D,A,H,-,A,D,0,Y,Y,,,Y,,N,60,0,1,0,0,1,0,0,0,0,"- ","- ",,,"SAN FRANCISCO","SAN FRANCISCO",-122.39800262451172,37.757171630859375
8656285,2018,2018-07-30,3801,2018-06-21,2211,830,SOUTH,4,5,7,3801,0,0,0,,0,3B47,"HOWARD ST","10TH ST",0.00,,Y,A,-,N,,,,,,,,,,N,4,0,2,3,A,-,10,21950,A,F,G,B,B,A,H,-,C,A,0,Y,,,,Y,,A,01,0,0,2,0,2,0,0,0,0,"- ","- ",,,"SAN FRANCISCO","SAN FRANCISCO",-122.41436767578125,37.774028778076172
8656291,2018,2018-07-26,3801,2018-06-04,2130,4132,MISSI,1,5,7,3801,0,0,0,,0,6CAR,"16TH ST","POTRERO AV",180.00,N,N,A,-,N,,,,,,,,,,N,3,0,1,2,A,-,11,21954,A,N,A,B,D,A,H,-,B,A,0,Y,,,,Y,,N,60,0,1,0,0,1,0,0,0,0,"- ","- ",,,"SAN FRANCISCO","SAN FRANCISCO",-122.40693664550781,37.765811920166016
8656303,2018,2018-07-26,3801,2018-06-05,1458,1316,CENTR,2,5,7,3801,0,0,0,,0,3A44C,"PACIFIC AV","STOCKTON ST",0.00,,Y,A,-,N,,,,,,,,,,N,4,0,1,2,A,-,11,21453,D,N,G,B,B,A,H,-,A,A,0,Y,,,,Y,,N,60,0,0,1,0,1,0,0,0,0,"- ","- ",,,"SAN FRANCISCO","SAN FRANCISCO",-122.40840911865234,37.796718597412109
8656304,2018,2018-07-30,3801,2018-06-20,0811,2710,CENTR,3,5,7,3801,0,0,0,,0,3A12A,"SUTTER ST","TRINITY ST",16.00,W,N,B,-,N,,,,,,,,,,N,3,0,1,2,A,-,11,21955,,N,D,B,D,A,H,-,A,D,0,Y,,,,Y,,N,60,0,1,0,0,1,0,0,0,0,"- ","- ",,,"SAN FRANCISCO","SAN FRANCISCO",-122.40269470214844,37.789955139160156
8656306,2018,2018-07-25,3801,2018-06-04,1508,4229,CENTR,1,5,7,3801,0,0,0,,0,03A,"CHESTNUT ST","MASON ST",0.00,,Y,A,-,N,,,,,,,,,,N,4,0,1,2,A,-,10,21950,A,N,G,B,B,A,H,-,A,D,0,Y,,,,Y,,A,01,0,0,1,0,1,0,0,0,0,"- ","- ",,,"SAN FRANCISCO","SAN FRANCISCO",-122.41320037841797,37.803741455078125
8656307,2018,2018-07-26,3801,2018-06-05,2010,4005,MISSI,2,5,7,3801,0,0,0,,0,003,"MISSION ST","26TH ST",0.00,,Y,A,-,N,,,,,,,,,,,4,0,1,2,A,-,11,21954,A,N,G,B,D,A,H,-,B,A,0,Y,,,,Y,,N,60,0,0,1,0,1,0,0,0,0,"- ","- ",,,"SAN FRANCISCO","SAN FRANCISCO",-122.41813659667969,37.749061584472656
8656312,2018,2018-07-30,3801,2018-06-28,1814,207,CENTR,4,5,7,3801,0,0,0,,0,3A12D,"PINE ST","MONTGOMERY ST",50.00,E,N,A,-,N,,,,,,,,,,N,2,0,2,2,A,-,11,21955,,N,D,B,D,A,H,-,A,A,0,Y,,Y,,Y,,N,60,1,0,1,0,1,0,0,0,1,"- ","- ",,,"SAN FRANCISCO","SAN FRANCISCO",-122.40238189697266,37.791938781738281
8656313,2018,2018-07-26,3801,2018-06-25,1313,1122,SOUTH,1,5,7,3801,0,0,0,,0,3B11C,"HOWARD ST","3RD ST",0.00,,Y,A,-,N,,,,,,,,,,N,4,0,1,2,A,-,10,21950,A,N,G,B,B,A,D,-,A,A,0,Y,,,,Y,,-,,0,0,1,0,1,0,0,0,0,"- ","- ",,,"SAN FRANCISCO","SAN FRANCISCO",-122.40049743652344,37.785011291503906
8656315,2018,2018-07-26,3801,2018-06-05,1448,4292,BAYVI,2,5,7,3801,0,0,0,,0,3C77,"WOOLSEY ST","BOWDOIN ST",188.00,W,N,A,-,N,,,,,,,,,,N,2,0,1,2,A,-,11,21955,,N,G,B,D,A,H,-,A,A,0,Y,,,,Y,,N,60,1,0,0,0,1,0,0,0,0,"- ","- ",,,"SAN FRANCISCO","SAN FRANCISCO",-122.41015625,37.723270416259766
8656317,2018,2018-12-20,3801,2018-06-26,1209,00309,TENDE,2,5,7,3801,0,0,0,,0,3J51A,"MARKET ST","4TH ST",327.00,E,N,A,-,N,,,,,,,,,,N,3,0,2,3,A,-,17,21235,G,F,G,B,F,A,H,-,A,D,0,Y,,,,Y,,M,94,0,2,0,0,2,0,0,0,0,"- ","- ",,,"SAN FRANCISCO","SAN FRANCISCO",-122.40510559082031,37.786346435546875
8656362,2018,2018-07-27,3801,2018-06-14,0952,1159,BAYVI,4,5,7,3801,0,0,0,,0,3C72,"KIRKWOOD AV","EARL ST",0.00,,Y,A,-,N,,,,,,,,,,N,4,0,1,2,A,-,04,21703,,N,G,B,D,A,H,-,A,A,0,Y,,,,Y,,A,01,0,0,1,0,1,0,0,0,0,"- ","- ",,,"SAN FRANCISCO","SAN FRANCISCO",-122.37317657470703,37.728630065917969
8656374,2018,2018-07-27,3801,2018-06-17,2206,2470,CENTR,7,5,7,3801,0,0,0,,0,3A60,"COLUMBUS AV",BROADWAY,104.00,S,N,A,-,N,,,,,,,,,,N,4,0,1,2,A,-,11,21956,,N,G,B,D,A,H,-,C,D,0,Y,,,,Y,,N,60,0,0,1,0,1,0,0,0,0,"- ","- ",,,"SAN FRANCISCO","SAN FRANCISCO",-122.4063720703125,37.797695159912109
8656468,2018,2018-07-20,3801,2018-06-03,2050,2300,TENDE,7,5,7,3801,0,0,0,,0,3J14D,"ELLIS ST","TAYLOR ST",0.00,,Y,A,-,N,,,,,,,,,,N,3,0,1,2,A,-,10,21950,A,N,G,B,B,A,H,-,C,A,0,Y,,,,Y,,A,01,0,1,0,0,1,0,0,0,0,"- ","- ",,,"SAN FRANCISCO","SAN FRANCISCO",-122.4111328125,37.785099029541016
8656480,2018,2018-07-20,3801,2018-06-24,0227,1254,CENTR,7,5,7,3801,0,0,0,,0,3A15E,EMBARCADERO,"DON CHEE WY",386.00,N,N,A,-,N,,,,,,,,,,N,4,0,1,2,A,-,03,22350,,F,G,B,D,A,H,-,C,A,0,Y,,,,Y,,A,01,0,0,1,0,1,0,0,0,0,"- ","- ",,,"SAN FRANCISCO","SAN FRANCISCO",-122.39427947998047,37.794940948486328
8661232,2018,2018-07-30,3801,2018-06-26,0745,982,INGLE,2,5,7,3801,0,0,0,,0,AH1014,"GENEVA AV","MISSION ST",0.00,,Y,A,-,N,,,,,,,,,,N,3,0,1,2,A,-,10,21950,A,N,G,B,B,A,H,-,A,A,0,Y,,,,Y,,D,22,0,1,0,0,1,0,0,0,0,"- ","- ",,,"SAN FRANCISCO","SAN FRANCISCO",-122.44100189208984,37.716388702392578
8661239,2018,2018-07-27,3801,2018-06-08,0757,4115,MISSI,5,5,7,3801,0,0,0,,0,3D14A,"DIVISION ST","POTRERO AV",0.00,,Y,A,-,N,,,,,,,,,,N,2,0,1,2,A,-,10,21950,A,N,G,B,B,A,H,-,A,A,0,Y,,,,Y,,I,11,1,0,0,0,1,0,0,0,0,"- ","- ",,,"SAN FRANCISCO","SAN FRANCISCO",-122.40788269042969,37.769218444824219
8661240,2018,2018-07-30,3801,2018-06-27,1612,4249,RICHM,3,5,7,3801,0,0,0,,0,0G5,"42ND AV","ANZA ST",40.00,S,N,B,-,N,,,,,,,,,,Y,4,0,1,3,C,-,18,,,N,C,E,-,A,H,-,A,D,0,Y,,,,Y,,-,"- ",0,0,1,0,1,0,0,0,0,"- ","- ",37.777011871337891,-122.50299835205078,"SAN FRANCISCO","SAN FRANCISCO",-122.50275421142578,37.7772216796875
8661244,2018,2018-07-30,3801,2018-06-28,1025,203,SOUTH,4,5,7,3801,0,0,0,,0,904,"2ND ST","HARRISON ST",39.00,N,N,A,-,N,,,,,,,,,,N,2,0,1,3,A,-,11,21950,B,N,B,B,E,A,H,-,A,A,0,Y,,,Y,Y,,N,60,1,0,0,0,1,0,0,0,0,"- ","- ",,,"SAN FRANCISCO","SAN FRANCISCO",-122.39527893066406,37.784404754638672
8661256,2018,2018-07-27,3801,2018-06-04,0747,1693,BAYVI,1,5,7,3801,0,0,0,,0,005,"3RD ST","CARROLL AV",0.00,,Y,A,-,N,,,,,,,,,,N,4,0,1,2,A,-,11,21950,B,N,G,B,B,A,H,-,A,A,0,Y,,,Y,Y,,N,60,0,0,1,0,1,0,0,0,0,"- ","- ",,,"SAN FRANCISCO","SAN FRANCISCO",-122.39436340332031,37.725490570068359
8661264,2018,2018-08-16,3801,2018-06-04,1849,328,CENTR,1,5,7,3801,0,0,0,,0,3A12C,"3RD ST","MARKET ST",0.00,,Y,-,-,N,,,,,,,,,,,3,0,1,2,A,-,10,21950,A,N,G,B,B,A,H,-,A,A,0,Y,,,,Y,,I,10,0,1,0,0,1,0,0,0,0,"- ","- ",,,"SAN FRANCISCO","SAN FRANCISCO",-122.40345764160156,37.78765869140625
8661484,2018,2018-07-27,3801,2018-06-15,0715,924,MISSI,5,5,7,3801,0,0,0,,0,3D16A,"ALABAMA ST","24TH ST",45.00,S,N,A,-,N,,,,,,,,,,N,3,0,1,2,A,-,02,21654,A,F,G,B,E,A,H,-,A,A,0,Y,,,Y,Y,,N,60,0,1,0,0,1,0,0,0,0,"- ","- ",,,"SAN FRANCISCO","SAN FRANCISCO",-122.41092681884766,37.752586364746094
8662373,2018,2018-07-25,3801,2018-06-21,1055,702,PARK,4,5,7,3801,0,0,0,,0,3F44B,"14TH ST","WALTER ST",74.00,E,-,A,-,N,,,,,,,,,,N,4,0,1,2,A,-,21,22106,,F,G,B,D,A,H,-,A,D,0,Y,,,,Y,,A,01,0,0,1,0,1,0,0,0,0,"- ","- ",,,"SAN FRANCISCO","SAN FRANCISCO",-122.43203735351562,37.767555236816406
8663325,2018,2018-07-17,3801,2018-05-20,1401,1125,NORTH,7,5,7,3801,0,0,0,,0,3E15A,"MARINA BL","LAGUNA ST",0.00,,Y,A,-,N,,,,,,,,,,N,3,0,1,2,A,-,21,22106,,N,G,B,E,A,H,-,A,D,0,Y,,,,Y,,A,01,0,1,0,0,1,0,0,0,0,"- ","- ",,,"SAN FRANCISCO","SAN FRANCISCO",-122.43206787109375,37.805210113525391
8663904,2018,2018-07-30,3801,2018-05-30,1356,171,CENTR,3,5,7,3801,0,0,0,,0,3CAR,COLUMBUS,FILBERT,0.00,,Y,A,-,N,,,,,,,,,,N,4,0,1,2,A,-,10,21950,A,N,G,B,B,A,H,-,A,A,0,Y,,,,Y,,-,,0,0,1,0,1,0,0,0,0,"- ","- ",,,"SAN FRANCISCO","SAN FRANCISCO",-122.41136169433594,37.801120758056641
8663916,2018,2018-07-23,3801,2018-05-09,0953,773,RICHM,3,5,7,3801,0,0,0,,0,3G13A,"9TH AV","CLEMENT ST",0.00,,Y,A,-,N,,,,,,,,,,N,4,0,1,2,D,-,00,,,N,G,B,E,A,H,-,A,D,0,Y,,,,Y,,-,"- ",0,0,1,0,1,0,0,0,0,"- ","- ",,,"SAN FRANCISCO","SAN FRANCISCO",-122.46762847900391,37.782779693603516
8664171,2018,2018-07-24,3801,2018-05-30,1205,306,SOUTH,3,5,7,3801,0,0,0,,0,3B14C,"2ND ST","HOWARD ST",0.00,,Y,A,-,N,,,,,,,,,,,4,0,1,2,A,-,10,21950,A,N,G,B,B,A,H,-,A,A,0,Y,,,,Y,,A,01,0,0,1,0,1,0,0,0,0,"- ","- ",,,"SAN FRANCISCO","SAN FRANCISCO",-122.39824676513672,37.786788940429688
8664175,2018,2018-07-24,3801,2018-05-21,0749,1796,RICHM,1,5,7,3801,0,0,0,,0,0R4,"PARK PRESIDIO","FULTON ST",0.00,,Y,A,-,N,,,,,,,,,,N,4,0,1,2,A,-,11,21456,B,N,G,B,B,A,-,-,A,A,0,Y,,,,Y,,N,60,0,0,1,0,1,0,0,0,0,"- ","- ",,,"SAN FRANCISCO","SAN FRANCISCO",-122.47177886962891,37.773128509521484
8666742,2018,2018-07-25,3801,2018-06-26,1247,2274,TENDE,2,5,7,3801,0,0,0,,0,3J53A,"UN PLAZA","MARKET ST",0.00,,Y,A,-,N,,,,,,,,,,Y,4,0,1,2,A,-,17,21663,,N,G,B,F,A,H,-,A,D,0,Y,,,,Y,Y,A,01,0,0,1,0,1,0,0,0,0,"- ","- ",,,"SAN FRANCISCO","SAN FRANCISCO",-122.41306,37.780050000000003
8667373,2018,2018-07-23,3801,2018-06-01,0800,189,NORTH,5,5,7,3801,0,0,0,,0,002,"OAK ST","STEINER ST",0.00,,Y,A,-,N,,,,,,,,,,N,4,0,1,2,A,-,11,21453,D,N,G,B,B,A,H,-,A,A,0,Y,,,,Y,,N,60,0,0,1,0,1,0,0,0,0,"- ","- ",,,"SAN FRANCISCO","SAN FRANCISCO",-122.43245697021484,37.773750305175781
8667389,2018,2018-07-23,3801,2018-06-08,1557,2709,COF,5,5,7,3801,0,0,0,,0,3F13D,"GROVE ST","LYON ST",0.00,,Y,A,-,N,,,,,,,,,,N,4,0,1,2,A,-,10,21950,A,N,G,B,B,A,H,-,A,A,0,Y,,,,Y,,A,01,0,0,1,0,1,0,0,0,0,"- ","- ",,,"SAN FRANCISCO","SAN FRANCISCO",-122.44294738769531,37.775279998779297