CASE_ID,ACCIDENT_YEAR,PROC_DATE,JURIS,COLLISION_DATE,COLLISION_TIME,OFFICER_ID,REPORTING_DISTRICT,DAY_OF_WEEK,CHP_SHIFT,POPULATION,CNTY_CITY_LOC,SPECIAL_COND,BEAT_TYPE,CHP_BEAT_TYPE,CITY_DIVISION_LAPD,CHP_BEAT_CLASS,BEAT_NUMBER,PRIMARY_RD,SECONDARY_RD,DISTANCE,DIRECTION,INTERSECTION,WEATHER_1,WEATHER_2,STATE_HWY_IND,CALTRANS_COUNTY,CALTRANS_DISTRICT,STATE_ROUTE,ROUTE_SUFFIX,POSTMILE_PREFIX,POSTMILE,LOCATION_TYPE,RAMP_INTERSECTION,SIDE_OF_HWY,TOW_AWAY,COLLISION_SEVERITY,NUMBER_KILLED,NUMBER_INJURED,PARTY_COUNT,PRIMARY_COLL_FACTOR,PCF_CODE_OF_VIOL,PCF_VIOL_CATEGORY,PCF_VIOLATION,PCF_VIOL_SUBSECTION,HIT_AND_RUN,TYPE_OF_COLLISION,MVIW,PED_ACTION,ROAD_SURFACE,ROAD_COND_1,ROAD_COND_2,LIGHTING,CONTROL_DEVICE,CHP_ROAD_TYPE,PEDESTRIAN_ACCIDENT,BICYCLE_ACCIDENT,MOTORCYCLE_ACCIDENT,TRUCK_ACCIDENT,NOT_PRIVATE_PROPERTY,ALCOHOL_INVOLVED,STWD_VEHTYPE_AT_FAULT,CHP_VEHTYPE_AT_FAULT,COUNT_SEVERE_INJ,COUNT_VISIBLE_INJ,COUNT_COMPLAINT_PAIN,COUNT_PED_KILLED,COUNT_PED_INJURED,COUNT_BICYCLIST_KILLED,COUNT_BICYCLIST_INJURED,COUNT_MC_KILLED,COUNT_MC_INJURED,PRIMARY_RAMP,SECONDARY_RAMP,LATITUDE,LONGITUDE,COUNTY,CITY,POINT_X,POINT_Y
8667406,2018,2018-07-27,3801,2018-06-02,1016,936,BAYVI,6,5,7,3801,0,0,0,,0,03C,"3RD ST","BANCROFT AV",0.00,,Y,A,-,N,,,,,,,,,,N,4,0,1,2,A,-,11,21453,D,N,G,B,B,A,H,-,A,A,0,Y,,,,Y,,N,60,0,0,1,0,1,0,0,0,0,"- ","- ",,,"SAN FRANCISCO","SAN FRANCISCO",-122.39399719238281,37.726268768310547
8667421,2018,2018-07-23,3801,2018-06-24,0324,863,NORTH,7,5,7,3801,0,0,0,,0,3E11E,"OCTAVIA ST","HAIGHT ST",0.00,,Y,A,-,N,,,,,,,,,,N,2,0,1,2,A,-,11,21453,D,N,G,B,D,A,-,-,C,A,0,Y,,,,Y,,N,60,1,0,0,0,1,0,0,0,0,"- ","- ",,,"SAN FRANCISCO","SAN FRANCISCO",-122.42392730712891,37.772960662841797
8667438,2018,2018-07-27,3801,2018-06-01,1848,301,MISSI,5,5,7,3801,0,0,0,,0,,"15TH ST","JULIAN AV",0.00,,Y,A,-,N,,,,,,,,,,N,4,0,1,2,A,-,10,21950,A,F,G,B,B,A,H,-,A,A,0,Y,,,,Y,,A,01,0,0,1,0,1,0,0,0,0,"- ","- ",,,"SAN FRANCISCO","SAN FRANCISCO",-122.4210205078125,37.766609191894531
8667444,2018,2018-07-25,3801,2018-06-19,1521,4301,NORTH,2,5,7,3801,0,0,0,,0,3E43C,"POLK ST","EDDY ST",0.00,,Y,A,-,N,,,,,,,,,,N,3,0,1,2,A,-,10,21950,A,N,G,B,B,A,H,-,A,A,0,Y,,,,Y,,-,,0,1,0,0,1,0,0,0,0,"- ","- ",,,"SAN FRANCISCO","SAN FRANCISCO",-122.41918182373047,37.7830810546875
8667454,2018,2018-07-31,3801,2018-06-26,2017,195,NORTH,2,5,7,3801,0,0,0,,0,3E12D,"TURK ST","WEBSTER ST",0.00,,Y,A,-,N,,,,,,,,,,N,4,0,1,2,A,-,10,21950,A,N,G,B,B,A,H,-,C,A,0,Y,,,,Y,,A,01,0,0,1,0,1,0,0,0,0,"- ","- ",,,"SAN FRANCISCO","SAN FRANCISCO",-122.43048858642578,37.780689239501953
8667455,2018,2018-07-24,3801,2018-06-19,1720,195,NORTH,2,5,7,3801,0,0,0,,0,CENTRA,"MONTGOMERY ST","CALIFORNIA ST",0.00,,Y,-,-,N,,,,,,,,,,N,3,0,1,2,A,-,10,21950,A,F,B,-,C,-,-,-,-,-,0,Y,,,,Y,,-,,0,1,0,0,1,0,0,0,0,"- ","- ",,,"SAN FRANCISCO","SAN FRANCISCO",-122.40277099609375,37.792888641357422
8667456,2018,2018-07-25,3801,2018-06-14,2344,1696,NORTH,4,5,7,3801,0,0,0,,0,3E11E,"HAYES ST","OCTAVIA ST",0.00,,Y,A,-,N,,,,,,,,,,N,4,0,1,2,A,-,11,21956,A,N,G,B,E,A,H,-,C,D,0,Y,,,,Y,,-,"- ",0,0,1,0,1,0,0,0,0,"- ","- ",,,"SAN FRANCISCO","SAN FRANCISCO",-122.42466735839844,37.776660919189453
8667490,2018,2018-07-24,3801,2018-06-14,1622,2100,RICHM,4,5,7,3801,0,0,0,,0,3G14D,"MARTIN LUTHER KING JR DR","9TH AV",0.00,,Y,A,-,N,,,,,,,,,,N,2,0,1,2,A,-,11,21954,A,N,G,B,D,A,H,-,A,D,0,Y,,,,Y,,N,60,1,0,0,0,1,0,0,0,0,"- ","- ",,,"SAN FRANCISCO","SAN FRANCISCO",-122.46643829345703,37.766380310058594
8667504,2018,2018-07-25,3801,2018-06-28,1452,642,SOUTH,4,5,7,3801,0,0,0,,0,002,"HOWARD ST","4TH ST",210.00,W,N,A,-,N,,,,,,,,,,N,3,0,2,2,A,-,11,21955,,N,G,B,D,A,H,-,A,A,0,Y,Y,,,Y,,N,60,0,1,1,0,1,0,1,0,0,"- ","- ",,,"SAN FRANCISCO","SAN FRANCISCO",-122.40321350097656,37.782863616943359
8667517,2018,2018-07-23,3801,2018-06-22,2316,2739,CENTR,5,5,7,3801,0,0,0,,0,3A14E,BROADWAY,"POWELL ST",155.00,E,N,A,-,N,,,,,,,,,,N,3,0,1,2,A,-,"- ",,,N,G,B,D,A,H,-,C,D,0,Y,,,,Y,,N,60,0,1,0,0,1,0,0,0,0,"- ","- ",,,"SAN FRANCISCO","SAN FRANCISCO",-122.40972137451172,37.797515869140625
8667532,2018,2018-07-30,3801,2018-06-25,0611,2402,TARAV,1,5,7,3801,0,0,0,,0,3I13A,"GREAT HWY","TARAVAL ST",0.00,,Y,B,-,N,,,,,,,,,,N,3,0,1,2,A,-,12,21453,A,N,G,B,B,A,H,-,A,A,0,Y,,,,Y,,A,07,0,1,0,0,1,0,0,0,0,"- ","- ",,,"SAN FRANCISCO","SAN FRANCISCO",-122.50753021240234,37.741649627685547
8667556,2018,2018-07-27,3801,2018-06-22,1918,1148,MISSI,5,5,7,3801,0,0,0,,0,3D11E,"JERSEY ST","DIAMOND ST",0.00,,Y,A,-,N,,,,,,,,,,N,4,0,1,2,A,-,10,21950,A,N,G,B,B,A,H,-,A,A,0,Y,,,,Y,,A,01,0,0,1,0,1,0,0,0,0,"- ","- ",,,"SAN FRANCISCO","SAN FRANCISCO",-122.43623352050781,37.750358581542969
8673712,2018,2018-10-17,3801,2018-06-02,0930,1796,RICHM,6,5,7,3801,0,0,0,,0,3G4A,"GEARY BL","29TH AV",0.00,,Y,A,-,N,,,,,,,,,,N,4,0,1,2,A,-,21,22106,,N,G,B,D,A,H,-,A,D,0,Y,,,,Y,,A,01,0,0,1,0,1,0,0,0,0,"- ","- ",,,"SAN FRANCISCO","SAN FRANCISCO",-122.48902130126953,37.77996826171875
8679340,2018,2019-02-07,3801,2018-09-23,0100,677,,7,5,7,3801,0,0,0,,0,3B7A,"MARINER DR","GATEVIEW AV",150.00,E,N,A,-,N,,,,,,,,,,N,3,0,1,2,A,-,11,21950,B,F,G,B,E,A,-,-,D,D,0,Y,,,,Y,,N,60,0,1,0,0,1,0,0,0,0,"- ","- ",,,"SAN FRANCISCO","SAN FRANCISCO",-122.37532043457031,37.829303741455078
8683332,2018,2018-08-30,3801,2018-07-09,1430,1460,SOUTH,1,5,7,3801,0,0,0,,0,3B5C,"6TH ST","HOWARD ST",105.00,N,N,A,-,N,,,,,,,,,,,4,0,1,2,A,-,11,21954,A,N,G,B,D,A,H,-,A,D,0,Y,,,,Y,,N,60,0,0,1,0,1,0,0,0,0,"- ","- ",,,"SAN FRANCISCO","SAN FRANCISCO",-122.40739440917969,37.779956817626953
8683410,2018,2018-09-04,3801,2018-07-29,0550,4314,RICHM,7,5,7,3801,0,0,0,,0,0G3,"CABRILLO ST","7TH AV",14.00,W,N,B,-,N,,,,,,,,,,N,4,0,1,2,A,-,10,21950,A,N,G,B,B,A,H,-,A,A,0,Y,,,,Y,,H,17,0,0,1,0,1,0,0,0,0,"- ","- ",,,"SAN FRANCISCO","SAN FRANCISCO",-122.46501159667969,37.775318145751953
8683683,2018,2018-09-17,3801,2018-07-24,1310,203,SOUTH,2,5,7,3801,0,0,0,,0,,"6TH ST","BRYANT ST",6.00,S,N,A,-,N,,,,,,,,,,N,4,0,1,2,A,-,21,22106,,N,G,B,B,A,H,-,A,A,0,Y,,,,Y,,A,01,0,0,1,0,1,0,0,0,0,"- ","- ",,,"SAN FRANCISCO","SAN FRANCISCO",-122.40248870849609,37.776046752929688
8683692,2018,2018-08-29,3801,2018-07-13,0837,1452,TENDE,5,5,7,3801,0,0,0,,0,001,"9TH ST","MISSION ST",48.00,N,N,A,-,N,,,,,,,,,,N,2,0,1,2,A,-,11,21950,B,N,-,B,D,A,H,-,A,A,0,Y,,Y,,Y,,N,60,1,0,0,0,1,0,0,0,0,"- ","- ",,,"SAN FRANCISCO","SAN FRANCISCO",-122.41484069824219,37.776332855224609
8683711,2018,2018-09-12,3801,2018-07-25,2120,2429,COG,3,5,7,3801,0,0,0,,0,3G14E,"FULTON ST","26TH AV",3.00,E,N,A,-,N,,,,,,,,,,N,2,0,1,2,A,-,10,21950,A,F,G,B,B,A,H,-,C,D,0,Y,,,,Y,,A,01,1,0,0,0,1,0,0,0,0,"- ","- ",,,"SAN FRANCISCO","SAN FRANCISCO",-122.48525238037109,37.77252197265625
8683723,2018,2018-08-31,3801,2018-07-21,2347,182,CENTR,6,5,7,3801,0,0,0,,0,3A14E,"UNION ST","COLUMBUS AV",0.00,,Y,B,-,N,,,,,,,,,,N,2,0,1,2,A,-,11,21453,D,N,A,B,B,A,H,-,C,A,0,Y,,,,Y,Y,N,60,1,0,0,0,1,0,0,0,0,"- ","- ",,,"SAN FRANCISCO","SAN FRANCISCO",-122.41017150878906,37.800308227539062
8683724,2018,2018-08-29,3801,2018-07-08,1927,2207,CENTR,7,5,7,3801,0,0,0,,0,3A14D,"NORTH POINT ST","STOCKTON ST",0.00,,Y,A,-,N,,,,,,,,,,N,4,0,1,2,A,-,10,21950,A,N,G,B,B,A,H,-,A,A,0,Y,,,,Y,,A,01,0,0,1,0,1,0,0,0,0,"- ","- ",,,"SAN FRANCISCO","SAN FRANCISCO",-122.41049957275391,37.806968688964844
8683728,2018,2018-08-29,3801,2018-07-18,0043,93,NORTH,3,5,7,3801,0,0,0,,0,3E12E,"SCOTT ST","GROVE ST",100.00,S,N,B,-,N,,,,,,,,,,N,4,0,1,2,A,-,00,20002,A,F,G,B,E,-,H,-,C,A,0,Y,,,,Y,,A,01,0,0,1,0,1,0,0,0,0,"- ","- ",,,"SAN FRANCISCO","SAN FRANCISCO",-122.43627166748047,37.775867462158203
8683735,2018,2018-09-12,3801,2018-07-20,2301,1061,SOUTH,5,5,7,3801,0,0,0,,0,3B15E,"TOWNSEND ST","6TH ST",210.00,W,N,A,-,N,,,,,,,,,,N,2,0,1,2,A,-,00,20001,A,F,G,B,D,A,H,-,C,D,0,Y,,Y,,Y,,C,06,1,0,0,0,1,0,0,0,0,"- ","- ",,,"SAN FRANCISCO","SAN FRANCISCO",-122.39991760253906,37.773818969726562
8683752,2018,2018-08-29,3801,2018-07-10,1011,219,COC,2,5,7,3801,0,0,0,,0,0C2,"BAYSHORE BL","CORTLAND AV",52.00,E,N,A,-,N,,,,,,,,,,N,4,0,1,2,A,-,10,21950,A,N,G,B,B,A,H,-,A,A,0,Y,,,,Y,,A,01,0,0,1,0,1,0,0,0,0,"- ","- ",,,"SAN FRANCISCO","SAN FRANCISCO",-122.40697479248047,37.739723205566406
8683773,2018,2018-09-06,3801,2018-07-12,1540,2700,TENDE,4,5,7,3801,0,0,0,,0,3A90,"MARKET ST","6TH ST",0.00,,Y,A,-,N,,,,,,,,,,N,3,0,1,2,A,-,11,21453,D,N,G,B,B,A,H,-,A,A,0,Y,,,,Y,,N,60,0,1,0,0,1,0,0,0,0,"- ","- ",,,"SAN FRANCISCO","SAN FRANCISCO",-122.41030120849609,37.782238006591797
8683777,2018,2018-09-06,3801,2018-07-11,2023,1179,TENDE,3,5,7,3801,0,0,0,,0,3J14D,"JONES ST","TURK ST",0.00,,Y,A,B,N,,,,,,,,,,N,4,0,1,2,A,-,10,21950,A,N,H,B,B,A,H,-,B,A,0,Y,,,,Y,,A,01,0,0,1,0,1,0,0,0,0,"- ","- ",,,"SAN FRANCISCO","SAN FRANCISCO",-122.41240692138672,37.783000946044922
8683782,2018,2018-08-28,3801,2018-07-09,1856,71,RICHM,1,5,7,3801,0,0,0,,0,0G5,"BALBOA ST","37TH AV",7.00,W,N,A,-,N,,,,,,,,,,N,3,0,1,2,A,-,01,23152,A,N,G,B,B,A,H,-,A,D,0,Y,,,,Y,Y,A,07,0,1,0,0,1,0,0,0,0,"- ","- ",37.775711059570312,-122.49736785888672,"SAN FRANCISCO","SAN FRANCISCO",-122.49735260009766,37.775718688964844
8683813,2018,2018-09-05,3801,2018-07-09,0821,2214,MISSI,1,5,7,3801,0,0,0,,0,3D14A,"FLORIDA ST","24TH ST",254.00,S,N,A,-,N,,,,,,,,,,N,2,0,1,2,A,-,11,21954,A,N,G,J,E,A,H,-,A,D,0,Y,Y,,,Y,,N,60,1,0,0,0,1,0,0,0,0,"- ","- ",,,"SAN FRANCISCO","SAN FRANCISCO",-122.40997314453125,37.752063751220703
8683817,2018,2018-09-05,3801,2018-07-06,0100,2162,SOUTH,5,5,7,3801,0,0,0,,0,3B12E,"3RD ST","MISSION ST",321.00,S,N,A,-,N,,,,,,,,,,N,4,0,1,2,A,-,21,22106,,F,G,B,E,A,H,-,C,D,0,Y,,,,Y,Y,A,01,0,0,1,0,1,0,0,0,0,"- ","- ",,,"SAN FRANCISCO","SAN FRANCISCO",-122.40122985839844,37.785633087158203
8683895,2018,2018-08-30,3801,2018-07-21,2146,4067,NORTH,6,5,7,3801,0,0,0,,0,3E16D,"PACIFIC ST","GOUGH ST",0.00,,Y,A,-,N,,,,,,,,,,Y,4,0,1,2,A,-,00,21801,D,N,G,B,B,A,H,-,C,A,0,Y,,,,Y,,A,07,0,0,1,0,1,0,0,0,0,"- ","- ",,,"SAN FRANCISCO","SAN FRANCISCO",-122.42649841308594,37.794391632080078
8685737,2018,2018-09-04,3801,2018-07-11,0936,299,CENTR,3,5,7,3801,0,0,0,,0,3A11A,"MASON ST","SACRAMENTO ST",0.00,,Y,A,-,N,,,,,,,,,,N,4,0,1,2,A,-,10,21950,A,N,G,B,B,A,H,-,A,A,0,Y,,,,Y,,D,22,0,0,1,0,1,0,0,0,0,"- ","- ",,,"SAN FRANCISCO","SAN FRANCISCO",-122.41098785400391,37.792758941650391
8685768,2018,2018-08-30,3801,2018-06-16,2321,93,NORTH,6,5,7,3801,0,0,0,,0,3E15E,"VAN NESS AV","UNION ST",10.00,S,N,A,-,N,,,,,,,,,,N,4,0,1,2,A,-,11,21954,A,N,A,B,-,A,H,-,C,A,0,Y,,,,Y,Y,N,60,0,0,1,0,1,0,0,0,0,"- ","- ",,,"SAN FRANCISCO","SAN FRANCISCO",-122.42405700683594,37.798511505126953
8685831,2018,2018-08-30,3801,2018-06-24,0149,483,MISSI,7,5,7,3801,0,0,0,,0,3D15E,"LEXINGTON ST","SYCAMORE ST",0.00,,Y,A,-,N,,,,,,,,,,,3,0,1,2,A,-,10,21950,A,F,G,B,D,A,-,-,C,D,0,Y,,,,Y,Y,N,60,0,1,0,0,1,0,0,0,0,"- ","- ",,,"SAN FRANCISCO","SAN FRANCISCO",-122.42086791992188,37.762619018554688
8685835,2018,2018-08-30,3801,2018-06-19,1400,4084,MISSI,2,5,7,3801,0,0,0,,0,4B4B,"15TH ST","VALENCIA ST",8.00,W,N,A,-,N,,,,,,,,,,N,4,0,1,2,B,-,22,,,N,D,B,B,A,H,-,A,A,0,Y,,,,Y,,-,,0,0,1,0,1,0,0,0,0,"- ","- ",,,"SAN FRANCISCO","SAN FRANCISCO",-122.42205810546875,37.766529083251953
8685846,2018,2018-08-30,3801,2018-07-02,1520,A09968,PARK,1,5,7,3801,0,0,0,,0,3F62,"KEZAR DR","MARTIN LUTHER KING JR DR",27.00,E,N,A,-,N,,,,,,,,,,N,4,0,1,2,A,-,11,21950,B,N,G,B,D,A,H,-,A,A,0,Y,,,,Y,,N,60,0,0,1,0,1,0,0,0,0,"- ","- ",,,"SAN FRANCISCO","SAN FRANCISCO",-122.45859527587891,37.767219543457031
8685853,2018,2018-09-06,3801,2018-07-21,2301,2091,NORTH,6,5,7,3801,0,0,0,,0,3E13E,"VAN NESS AV","BAY ST",0.00,,Y,A,-,N,,,,,,,,,,N,4,0,1,2,A,-,11,21453,D,N,G,B,D,A,H,-,C,A,0,Y,,,,Y,,N,60,0,0,1,0,1,0,0,0,0,"- ","- ",,,"SAN FRANCISCO","SAN FRANCISCO",-122.42514801025391,37.804130554199219
8685856,2018,2018-08-30,3801,2018-07-23,2020,546,CENTR,1,5,7,3801,0,0,0,,0,4B4H,"BAY ST","POLK ST",0.00,,Y,A,-,N,,,,,,,,,,Y,3,0,1,2,A,-,01,23153,A,N,G,B,B,A,H,-,C,A,0,Y,,,,Y,Y,A,01,0,1,0,0,1,0,0,0,0,"- ","- ",,,"SAN FRANCISCO","SAN FRANCISCO",-122.42344665527344,37.804359436035156
8685859,2018,2018-08-29,3801,2018-07-10,1201,8,TARAV,2,5,7,3801,0,0,0,,0,3I44,"WEST PORTAL AV","15TH AV",0.00,,Y,A,-,N,,,,,,,,,,N,3,0,1,2,A,-,10,21950,A,N,-,B,B,A,H,-,A,A,0,Y,,,,Y,,A,01,0,1,0,0,1,0,0,0,0,"- ","- ",,,"SAN FRANCISCO","SAN FRANCISCO",-122.4705810546875,37.736591339111328
8685881,2018,2018-09-06,3801,2018-07-30,1650,4043,TARAV,1,5,7,3801,0,0,0,,0,3I11D,"JUDAH ST","FUNSTON AV",50.00,W,N,A,-,N,,,,,,,,,,N,4,0,1,2,A,-,06,21756,A,F,G,B,D,A,H,-,A,D,0,Y,,,,Y,,A,01,0,0,1,0,1,0,0,0,0,"- ","- ",,,"SAN FRANCISCO","SAN FRANCISCO",-122.47064971923828,37.762031555175781
8685886,2018,2018-08-29,3801,2018-07-02,0730,4067,NORHT,1,5,7,3801,0,0,0,,0,3E12D,"VAN NESS AV","FERN ST",0.00,,Y,A,-,N,,,,,,,,,,N,4,0,1,2,A,-,17,21663,,F,H,B,F,A,H,-,A,D,0,Y,,,,Y,,-,,0,0,1,0,1,0,0,0,0,"- ","- ",,,"SAN FRANCISCO","SAN FRANCISCO",-122.42192840576172,37.788009643554688
8685899,2018,2018-08-29,3801,2018-07-19,1305,1237,NORTH,4,5,7,3801,0,0,0,,0,3E13C,"GEARY BL","CLEARY CT",0.00,,Y,A,-,N,,,,,,,,,,N,3,0,1,2,A,-,17,21235,G,N,G,B,F,A,H,-,A,D,0,Y,,Y,,Y,,C,03,0,1,0,0,1,0,0,0,0,"- ","- ",,,"SAN FRANCISCO","SAN FRANCISCO",-122.42640686035156,37.785079956054688
8685906,2018,2018-08-30,3801,2018-07-14,1816,4214,SOUTH,6,5,7,3801,0,0,0,,0,4B46,"4TH ST","BERRY ST",248.00,S,N,B,-,N,,,,,,,,,,N,2,0,1,2,A,-,11,21955,,N,G,B,D,A,G,-,A,D,0,Y,,,,Y,,N,60,1,0,0,0,1,0,0,0,0,"- ","- ",,,"SAN FRANCISCO","SAN FRANCISCO",-122.39273071289062,37.775299072265625
8685913,2018,2018-09-06,3801,2018-07-01,0213,1347,MISSI,7,5,7,3801,0,0,0,,0,3D14E,"SOUTH VAN NESS AV","26TH ST",0.00,,Y,A,-,N,,,,,,,,,,N,2,0,1,2,A,-,11,21453,D,F,G,B,B,A,H,-,C,A,0,Y,,,,Y,Y,N,60,1,0,0,0,1,0,0,0,0,"- ","- ",,,"SAN FRANCISCO","SAN FRANCISCO",-122.41600036621094,37.749168395996094
8685918,2018,2018-08-30,3801,2018-07-01,1208,1198,BAYVI,7,5,7,3801,0,0,0,,0,,"SAN BRUNO AV","FELTON ST",15.00,S,N,A,-,N,,,,,,,,,,N,4,0,1,2,A,-,21,22106,,F,G,B,D,A,H,-,A,-,0,Y,,,,Y,,A,01,0,0,1,0,1,0,0,0,0,"- ","- ",,,"SAN FRANCISCO","SAN FRANCISCO",-122.40460205078125,37.729991912841797
8685919,2018,2018-08-29,3801,2018-07-13,2047,1113,MISIS,5,5,7,3801,0,0,0,,0,3D16D,"DOLORES ST","14TH ST",0.00,,Y,A,-,N,,,,,,,,,,N,3,0,1,2,A,-,11,21954,A,N,G,B,E,A,H,-,C,A,0,Y,,,,Y,,N,60,0,1,0,0,1,0,0,0,0,"- ","- ",,,"SAN FRANCISCO","SAN FRANCISCO",-122.42677307128906,37.767879486083984
8685929,2018,2018-09-06,3801,2018-07-22,1344,891,D,7,5,7,3801,0,0,0,,0,3D13C,"BRYANT ST","15TH ST",0.00,,Y,A,-,N,,,,,,,,,,N,4,0,1,2,A,-,10,21950,A,N,G,B,B,A,H,-,A,D,0,Y,,,,Y,,A,01,0,0,1,0,1,0,0,0,0,"- ","- ",,,"SAN FRANCISCO","SAN FRANCISCO",-122.41062164306641,37.766899108886719
8685933,2018,2018-09-06,3801,2018-07-22,1602,1224,MISSI,7,5,7,3801,0,0,0,,0,001,"DOLORES ST","16TH ST",12.00,S,N,A,-,N,,,,,,,,,,N,3,0,1,2,A,-,10,21950,A,N,G,B,B,A,H,-,A,A,0,Y,,,,Y,,A,01,0,1,0,0,1,0,0,0,0,"- ","- ",,,"SAN FRANCISCO","SAN FRANCISCO",-122.42643737792969,37.764606475830078
8685937,2018,2018-09-06,3801,2018-07-22,1859,1039,MISSI,7,5,7,3801,0,0,0,,0,003,"20TH ST","VALENCIA ST",320.00,W,N,A,-,N,,,,,,,,,,Y,2,0,1,2,A,-,11,21955,,N,G,B,E,A,H,-,A,D,0,Y,,,,Y,,N,60,1,0,0,0,0,0,0,0,0,"- ","- ",,,"SAN FRANCISCO","SAN FRANCISCO",-122.42236328125,37.758434295654297
8688805,2018,2018-10-18,3801,2018-07-24,0933,2376,SOUIT,2,5,7,3801,0,0,0,,0,3B5A,"TOWNSEND ST","STANFORD ST",0.00,,Y,A,-,N,,,,,,,,,,N,3,0,1,2,A,-,10,21950,A,N,G,B,D,A,H,-,A,D,0,Y,Y,,,Y,,N,60,0,1,0,0,1,0,0,0,0,"- ","- ",,,"SAN FRANCISCO","SAN FRANCISCO",-122.39108276367188,37.780200958251953
8692658,2018,2018-10-01,3801,2018-08-14,0840,1538,COJ,2,5,7,3801,0,0,0,,0,3J13A,"MARKET ST","5TH ST",330.00,E,N,B,-,N,,,,,,,,,,N,3,0,1,2,D,-,00,,,M,G,B,F,-,G,-,A,A,0,Y,,,,Y,,-,"- ",0,1,0,0,1,0,0,0,0,"- ","- ",,,"SAN FRANCISCO","SAN FRANCISCO",-122.40724182128906,37.784633636474609
8693145,2018,2018-09-27,3801,2018-08-03,0621,887,CENTR,5,5,7,3801,0,0,0,,0,3A12A,"POWELL ST","GEARY ST",0.00,,Y,B,-,N,,,,,,,,,,N,4,0,1,2,A,-,10,21950,A,N,G,B,B,A,H,-,A,A,0,Y,,,,Y,,A,01,0,0,1,0,1,0,0,0,0,"- ","- ",,,"SAN FRANCISCO","SAN FRANCISCO",-122.40821075439453,37.787361145019531
8693154,2018,2018-09-27,3801,2018-08-05,2212,1263,TENDO,7,5,7,3801,0,0,0,,0,3J11E,"ELLIS ST","JONES ST",20.00,W,N,A,-,N,,,,,,,,,,N,4,0,1,2,A,-,12,21453,A,F,-,B,D,A,H,-,C,A,0,Y,,,,Y,,-,99,0,0,1,0,1,0,0,0,0,"- ","- ",,,"SAN FRANCISCO","SAN FRANCISCO",-122.41284942626953,37.784889221191406
8693158,2018,2018-09-27,3801,2018-08-14,1102,812,MISSI,2,5,7,3801,0,0,0,,0,3D13A,"24TH ST","ALABAMA ST",0.00,,Y,B,-,N,,,,,,,,,,N,4,0,1,2,A,-,21,22106,,N,G,B,E,A,H,-,A,D,0,Y,,,,Y,,A,01,0,0,1,0,1,0,0,0,0,"- ","- ",,,"SAN FRANCISCO","SAN FRANCISCO",-122.41094207763672,37.752708435058594
8693170,2018,2018-10-02,3801,2018-08-14,1612,1605,NORTH,2,5,7,3801,0,0,0,,0,3E11D,"FRANKLIN ST","WILLOW ST",27.00,N,N,A,-,N,,,,,,,,,,Y,4,0,1,3,A,-,03,22350,,F,G,B,E,A,H,-,A,D,0,Y,,,,Y,,A,01,0,0,1,0,1,0,0,0,0,"- ","- ",,,"SAN FRANCISCO","SAN FRANCISCO",-122.42254638671875,37.783214569091797
8693177,2018,2018-10-15,3801,2018-08-04,1933,#311,PARK,6,5,7,3801,0,0,0,,0,3F13D,"HAIGHT ST","ASHBURY ST",0.00,,Y,A,-,N,,,,,,,,,,N,4,0,1,2,A,-,10,21950,A,N,G,B,B,A,H,-,A,A,0,Y,,,,Y,,A,01,0,0,1,0,1,0,0,0,0,"- ","- ",,,"SAN FRANCISCO","SAN FRANCISCO",-122.44692230224609,37.770000457763672
8693185,2018,2018-09-28,3801,2018-08-04,0043,761,MISSI,6,5,7,3801,0,0,0,,0,3D13E,"22ND ST","FOLSOM ST",0.00,,Y,A,-,N,,,,,,,,,,Y,4,0,4,3,A,-,01,23153,B,F,H,C,F,A,H,-,C,A,0,Y,,,,Y,Y,-,"- ",0,0,4,0,1,0,0,0,0,"- ","- ",,,"SAN FRANCISCO","SAN FRANCISCO",-122.41439056396484,37.755718231201172
8693198,2018,2018-09-27,3801,2018-08-02,1845,986,TARAV,4,5,7,3801,0,0,0,,0,3I16D,"PLYMOUTH AV","BROAD ST",0.00,,Y,A,-,N,,,,,,,,,,N,3,0,1,2,A,-,10,21954,,N,G,B,D,A,H,-,A,D,0,Y,,,,Y,,N,60,0,1,0,0,1,0,0,0,0,"- ","- ",,,"SAN FRANCISCO","SAN FRANCISCO",-122.45607757568359,37.713180541992188
8693348,2018,2018-09-26,3801,2018-07-01,1303,719,CENTR,7,5,7,3801,0,0,0,,0,2CAR,"BUSH ST","POWELL ST",0.00,,Y,A,-,N,,,,,,,,,,N,4,0,1,5,A,-,03,22350,A,N,C,E,B,A,H,-,A,A,0,Y,,,,Y,,-,,0,0,1,0,1,0,0,0,0,"- ","- ",,,"SAN FRANCISCO","SAN FRANCISCO",-122.40879058837891,37.790168762207031
8694051,2018,2018-09-10,3801,2018-07-08,1720,1398,NORTH,7,5,7,3801,0,0,0,,0,3E41B,"LAGUNA ST","HAYES ST",6.00,,N,A,-,N,,,,,,,,,,N,4,0,1,2,A,-,10,21950,A,N,G,B,B,A,A,-,A,D,0,Y,,,,Y,,A,01,0,0,1,0,1,0,0,0,0,"- ","- ",37.776229858398438,-122.42604827880859,"SAN FRANCISCO","SAN FRANCISCO",-122.42626190185547,37.776470184326172