CASE_ID,ACCIDENT_YEAR,PROC_DATE,JURIS,COLLISION_DATE,COLLISION_TIME,OFFICER_ID,REPORTING_DISTRICT,DAY_OF_WEEK,CHP_SHIFT,POPULATION,CNTY_CITY_LOC,SPECIAL_COND,BEAT_TYPE,CHP_BEAT_TYPE,CITY_DIVISION_LAPD,CHP_BEAT_CLASS,BEAT_NUMBER,PRIMARY_RD,SECONDARY_RD,DISTANCE,DIRECTION,INTERSECTION,WEATHER_1,WEATHER_2,STATE_HWY_IND,CALTRANS_COUNTY,CALTRANS_DISTRICT,STATE_ROUTE,ROUTE_SUFFIX,POSTMILE_PREFIX,POSTMILE,LOCATION_TYPE,RAMP_INTERSECTION,SIDE_OF_HWY,TOW_AWAY,COLLISION_SEVERITY,NUMBER_KILLED,NUMBER_INJURED,PARTY_COUNT,PRIMARY_COLL_FACTOR,PCF_CODE_OF_VIOL,PCF_VIOL_CATEGORY,PCF_VIOLATION,PCF_VIOL_SUBSECTION,HIT_AND_RUN,TYPE_OF_COLLISION,MVIW,PED_ACTION,ROAD_SURFACE,ROAD_COND_1,ROAD_COND_2,LIGHTING,CONTROL_DEVICE,CHP_ROAD_TYPE,PEDESTRIAN_ACCIDENT,BICYCLE_ACCIDENT,MOTORCYCLE_ACCIDENT,TRUCK_ACCIDENT,NOT_PRIVATE_PROPERTY,ALCOHOL_INVOLVED,STWD_VEHTYPE_AT_FAULT,CHP_VEHTYPE_AT_FAULT,COUNT_SEVERE_INJ,COUNT_VISIBLE_INJ,COUNT_COMPLAINT_PAIN,COUNT_PED_KILLED,COUNT_PED_INJURED,COUNT_BICYCLIST_KILLED,COUNT_BICYCLIST_INJURED,COUNT_MC_KILLED,COUNT_MC_INJURED,PRIMARY_RAMP,SECONDARY_RAMP,LATITUDE,LONGITUDE,COUNTY,CITY,POINT_X,POINT_Y
8697455,2018,2019-01-15,3801,2018-08-21,1226,2174,TENDE,2,5,7,3801,0,0,0,,0,003,"LARKIN ST","GOLDEN GATE AV",0.00,,Y,B,-,N,,,,,,,,,,N,4,0,1,2,A,-,11,21955,,N,G,B,D,A,H,-,A,A,0,Y,,,,Y,,N,60,0,0,1,0,1,0,0,0,0,"- ","- ",,,"SAN FRANCISCO","SAN FRANCISCO",-122.41715240478516,37.781440734863281
8697864,2018,2018-10-03,3801,2018-08-21,2008,1331,SOUTH,2,5,7,3801,0,0,0,,0,3B90,"TERRY A FRANCOIS BL","MISSION ROCK ST",350.00,N,N,A,-,N,,,,,,,,,,N,4,0,1,2,D,-,00,,,N,G,B,E,A,H,-,C,A,0,Y,,,,Y,,-,"- ",0,0,1,0,1,0,0,0,0,"- ","- ",,,"SAN FRANCISCO","SAN FRANCISCO",-122.38749694824219,37.774032592773438
8697868,2018,2018-10-03,3801,2018-08-20,2123,2158,CENTR,1,5,7,3801,0,0,0,,0,3A11E,"GEARY ST","LARKIN ST",0.00,,Y,A,-,N,,,,,,,,,,N,3,0,1,2,A,-,11,21453,D,N,G,B,E,A,H,-,C,A,0,Y,,,,Y,,N,60,0,1,0,0,1,0,0,0,0,"- ","- ",,,"SAN FRANCISCO","SAN FRANCISCO",-122.41811370849609,37.786109924316406
8697883,2018,2018-10-15,3801,2018-08-29,0830,1059,CENTR,3,5,7,3801,0,0,0,,0,3A14B,"VALLEJO ST","BATTERY ST",10.00,S,N,A,-,N,,,,,,,,,,N,4,0,1,2,A,-,12,22450,A,M,G,B,B,A,H,-,A,A,0,Y,,,,Y,,N,60,0,0,1,0,1,0,0,0,0,"- ","- ",,,"SAN FRANCISCO","SAN FRANCISCO",-122.40125274658203,37.799526214599609
8697884,2018,2018-10-02,3801,2018-08-23,2035,4043,TARAV,4,5,7,3801,0,0,0,,0,3I16D,"MOUNT VERNON AV","LOUISBURG ST",0.00,,Y,A,-,N,,,,,,,,,,N,4,0,1,2,A,-,10,21950,A,N,G,B,B,A,H,-,C,A,0,Y,,,,Y,,A,01,0,0,1,0,1,0,0,0,0,"- ","- ",,,"SAN FRANCISCO","SAN FRANCISCO",-122.45082855224609,37.719341278076172
8697899,2018,2018-10-02,3801,2018-08-31,1731,1347,MISSI,5,5,7,3801,0,0,0,,0,3D13D,"COLLINGWOOD ST","18TH ST",166.00,S,N,A,-,N,,,,,,,,,,N,4,0,1,3,A,-,15,26451,B,N,G,B,E,A,H,-,A,D,0,Y,,,,Y,,A,08,0,0,1,0,1,0,0,0,0,"- ","- ",,,"SAN FRANCISCO","SAN FRANCISCO",-122.43605804443359,37.760364532470703
8697903,2018,2018-10-02,3801,2018-08-31,1430,817,MISSI,5,5,7,3801,0,0,0,,0,3D11A,"CASTRO ST","18TH ST",0.00,,Y,A,-,N,,,,,,,,,,N,4,0,1,2,A,-,12,21453,A,N,G,B,D,A,H,-,A,A,0,Y,,,,Y,,N,60,0,0,1,0,1,0,0,0,0,"- ","- ",,,"SAN FRANCISCO","SAN FRANCISCO",-122.43499755859375,37.760890960693359
8697915,2018,2018-10-02,3801,2018-08-31,1752,1837,BAYVI,5,5,7,3801,0,0,0,,0,3C14D,"MANSELL ST","SOMERSET ST",0.00,,Y,A,-,N,,,,,,,,,,N,4,0,1,2,A,-,10,21950,A,F,G,B,B,A,H,-,A,B,0,Y,,,,Y,,A,01,0,0,1,0,1,0,0,0,0,"- ","- ",,,"SAN FRANCISCO","SAN FRANCISCO",-122.40505981445312,37.720611572265625
8697919,2018,2018-10-02,3801,2018-08-31,1311,A22037,CENTR,5,5,7,3801,0,0,0,,0,0A5,"MARKET ST","MONTGOMERY ST",0.00,,Y,A,-,N,,,,,,,,,,N,2,0,1,2,A,-,10,21950,A,N,G,B,B,A,H,-,A,A,0,Y,,,,Y,,A,01,1,0,0,0,1,0,0,0,0,"- ","- ",,,"SAN FRANCISCO","SAN FRANCISCO",-122.40199279785156,37.788768768310547
8697920,2018,2018-10-02,3801,2018-08-23,1650,4175,TRAFF,4,5,7,3801,0,0,0,,0,B4CAR,"MISSION ST","10TH ST",0.00,,Y,A,-,N,,,,,,,,,,N,4,0,1,2,A,-,10,21950,A,N,G,B,B,A,H,-,A,A,0,Y,,,,Y,,A,01,0,0,1,0,1,0,0,0,0,"- ","- ",,,"SAN FRANCISCO","SAN FRANCISCO",-122.41590881347656,37.775279998779297
8698082,2018,2018-10-04,3801,2018-08-12,1430,1427,TENDE,7,5,7,3801,0,0,0,,0,03J,"MCALLISTER ST","CHARLES J BRENHAM",0.00,,Y,A,-,N,,,,,,,,,,N,4,0,1,2,A,-,00,22016,,F,G,B,B,A,H,-,A,A,0,Y,,,,Y,,A,01,0,0,1,0,1,0,0,0,0,"- ","- ",,,"SAN FRANCISCO","SAN FRANCISCO",-122.41309356689453,37.780998229980469
8698086,2018,2018-10-04,3801,2018-08-12,1749,1006,3801,7,5,7,3801,0,0,0,,0,BAYVIE,"VAN DYKE AV","JENNINGS ST",30.00,W,N,A,-,N,,,,,,,,,,N,3,0,3,3,A,-,05,21650,,N,A,C,F,A,H,-,A,D,0,Y,,,,Y,,A,01,0,1,2,0,1,0,0,0,0,"- ","- ",,,"SAN FRANCISCO","SAN FRANCISCO",-122.38876342773438,37.727088928222656
8698088,2018,2018-10-05,3801,2018-08-15,1725,4020,RRAVA,3,5,7,3801,0,0,0,,0,3O13D,"43RD AV","JUDAH ST",201.00,S,N,A,-,N,,,,,,,,,,N,4,0,1,2,A,-,11,21954,A,N,G,B,E,A,H,-,A,D,0,Y,,,,Y,,N,60,0,0,1,0,1,0,0,0,0,"- ","- ",,,"SAN FRANCISCO","SAN FRANCISCO",-122.502685546875,37.760017395019531
8698096,2018,2018-10-05,3801,2018-08-16,1944,1046,CENTR,4,5,7,3801,0,0,0,,0,3A11D,"HYDE ST","HYDE ST 628",0.00,,-,A,-,N,,,,,,,,,,N,3,0,1,2,A,-,11,21954,A,N,G,B,D,A,-,-,A,A,0,Y,,,,Y,,N,60,0,1,0,0,1,0,0,0,0,"- ","- ",,,"SAN FRANCISCO","SAN FRANCISCO",-122.41653700000001,37.786759000000004
8698124,2018,2018-10-23,3801,2018-08-23,0120,628,BAYVI,4,5,7,3801,0,0,0,,0,0C2,"JERROLD AV","RANKIN ST",225.00,E,N,A,-,N,,,,,,,,,,Y,2,0,2,2,A,-,03,22350,,N,G,C,D,A,H,-,C,D,0,Y,,,,Y,,-,"- ",1,0,1,0,1,0,0,0,0,"- ","- ",,,"SAN FRANCISCO","SAN FRANCISCO",-122.39453125,37.741706848144531
8698128,2018,2018-10-05,3801,2018-08-21,0551,933,BAYVI,2,5,7,3801,0,0,0,,0,3C11A,"KANSAS ST","24TH ST",0.00,,Y,A,-,N,,,,,,,,,,N,4,0,1,2,A,-,05,21651,B,F,G,B,E,A,H,-,C,D,0,Y,,,,Y,,A,01,0,0,1,0,1,0,0,0,0,"- ","- ",,,"SAN FRANCISCO","SAN FRANCISCO",-122.40242004394531,37.753261566162109
8698129,2018,2018-10-04,3801,2018-08-09,2028,2099,NORTH,4,5,7,3801,0,0,0,,0,3E13D,"TURK ST","VAN NESS AV",25.00,E,N,A,-,N,,,,,,,,,,Y,4,0,1,4,A,-,01,23153,,F,G,B,E,A,H,-,C,D,0,Y,,,,Y,,A,01,0,0,1,0,1,0,0,0,0,"- ","- ",,,"SAN FRANCISCO","SAN FRANCISCO",-122.42061614990234,37.781936645507812
8698132,2018,2018-10-05,3801,2018-08-17,1540,1059,CENTR,5,5,7,3801,0,0,0,,0,3A60,"MARKET ST","NEW MONTGOMERY ST",20.00,N,N,A,-,N,,,,,,,,,,N,3,0,1,2,A,-,12,21453,A,F,H,-,B,A,H,-,A,A,0,Y,Y,,,Y,,-,"- ",0,1,0,0,1,0,0,0,0,"- ","- ",,,"SAN FRANCISCO","SAN FRANCISCO",-122.40193939208984,37.788810729980469
8698133,2018,2018-10-26,3801,2018-08-09,2058,4294,SOUTH,4,5,7,3801,0,0,0,,0,0B5,"KING ST","3RD ST",140.00,W,N,A,-,N,,,,,,,,,,N,4,0,1,2,A,-,17,21461,A,N,G,B,E,A,H,-,C,A,0,Y,,,,Y,,A,01,0,0,1,0,1,0,0,0,0,"- ","- ",,,"SAN FRANCISCO","SAN FRANCISCO",-122.39228820800781,37.777927398681641
8698136,2018,2018-10-05,3801,2018-08-20,0800,460,RICHM,1,5,7,3801,0,0,0,,0,3G12A,"CALIFORNIA ST","JORDAN AV",0.00,,Y,B,-,N,,,,,,,,,,N,4,0,1,2,A,-,10,21950,A,N,G,B,B,A,H,-,A,A,0,Y,,,,Y,,A,01,0,0,1,0,1,0,0,0,0,"- ","- ",,,"SAN FRANCISCO","SAN FRANCISCO",-122.45696258544922,37.785961151123047
8698141,2018,2018-10-04,3801,2018-08-10,1535,2442,SOUTH,5,5,7,3801,0,0,0,,0,3B11C,"HOWARD ST","FREMONT ST",0.00,,Y,A,-,N,,,,,,,,,,N,4,0,1,2,A,-,10,21950,A,N,G,B,B,A,H,-,A,A,0,Y,,,,Y,,A,01,0,0,1,0,1,0,0,0,0,"- ","- ",,,"SAN FRANCISCO","SAN FRANCISCO",-122.3951416015625,37.789230346679688
8698155,2018,2018-10-04,3801,2018-08-14,1515,1900,TARAV,2,5,7,3801,0,0,0,,0,3I91,"LINCOLN WY","28TH AV",10.00,W,N,A,-,N,,,,,,,,,,Y,3,0,1,3,A,-,07,21658,A,F,B,D,E,A,H,-,A,D,0,Y,,Y,,Y,,A,08,0,1,0,0,0,0,0,0,1,"- ","- ",,,"SAN FRANCISCO","SAN FRANCISCO",-122.48691558837891,37.765029907226562
8698182,2018,2018-10-01,3801,2018-08-06,1500,1396,SOUTH,1,5,7,3801,0,0,0,,0,3B1C,"1ST ST","MISSION ST",210.00,N,N,A,-,N,,,,,,,,,,N,4,0,1,2,A,-,17,21100,3,N,G,B,E,A,H,-,A,A,0,Y,,Y,,Y,Y,C,03,0,0,1,0,1,0,0,0,0,"- ","- ",,,"SAN FRANCISCO","SAN FRANCISCO",-122.39808654785156,37.790184020996094
8698190,2018,2018-12-03,3801,2018-08-07,1740,1046,CENTR,2,5,7,3801,0,0,0,,0,3A12D,"CALIFORNIA ST","CALIFORNIA ST  464",0.00,,N,A,-,N,,,,,,,,,,N,3,0,1,2,A,-,11,21954,A,N,G,B,E,A,-,-,A,A,0,Y,,,,Y,,N,60,0,1,0,0,1,0,0,0,0,"- ","- ",,,"SAN FRANCISCO","SAN FRANCISCO",-122.402143,37.792985000000002
8698222,2018,2018-09-27,3801,2018-08-02,1206,2305,MISSI,4,5,7,3801,0,0,0,,0,4B1A,"17TH ST","VALENCIA ST",0.00,,Y,A,-,N,,,,,,,,,,Y,2,0,2,5,A,-,07,21658,A,N,A,B,E,A,H,-,A,A,0,Y,,,,Y,,A,01,1,0,1,0,1,0,0,0,0,"- ","- ",,,"SAN FRANCISCO","SAN FRANCISCO",-122.42173767089844,37.763298034667969
8698237,2018,2018-10-01,3801,2018-08-22,1735,969,INGLE,3,5,7,3801,0,0,0,,0,3H15D,"SAN JOSE AV","RANDALL ST",0.00,,Y,A,-,N,,,,,,,,,,N,4,0,1,2,A,-,10,21950,A,N,G,B,B,A,H,-,A,A,0,Y,,,,Y,,A,01,0,0,1,0,1,0,0,0,0,"- ","- ",,,"SAN FRANCISCO","SAN FRANCISCO",-122.42426300048828,37.739860534667969
8698269,2018,2018-10-02,3801,2018-08-10,0133,4370,INGLE,5,5,7,3801,0,0,0,,0,3H15E,"SAN JOSE AV","GENEVA AV",0.00,,Y,A,-,N,,,,,,,,,,N,3,0,1,2,A,-,10,21950,A,N,G,B,B,A,H,-,C,A,0,Y,,,,Y,,A,01,0,1,0,0,1,0,0,0,0,"- ","- ",,,"SAN FRANCISCO","SAN FRANCISCO",-122.44663238525391,37.720729827880859
8698521,2018,2018-10-01,3801,2018-07-27,1655,1994,TENDE,5,5,7,3801,0,0,0,,0,4B3G,"HYDE ST","MCCALLISTER ST",9.00,S,N,B,-,N,,,,,,,,,,N,3,0,1,2,A,-,17,21208,A,N,D,-,B,A,H,-,A,A,0,Y,Y,,,Y,,L,04,0,1,0,0,1,0,0,0,0,"- ","- ",,,"SAN FRANCISCO","SAN FRANCISCO",-122.41531372070312,37.780715942382812
8698538,2018,2018-10-01,3801,2018-07-17,2219,812,MISSI,2,5,7,3801,0,0,0,,0,3D13E,"VALENCIA ST","15TH ST",0.00,,Y,A,-,N,,,,,,,,,,N,4,0,1,2,A,-,10,21950,A,N,G,B,B,A,H,-,C,A,0,Y,,,,Y,,A,01,0,0,1,0,1,0,0,0,0,"- ","- ",,,"SAN FRANCISCO","SAN FRANCISCO",-122.42202758789062,37.766529083251953
8699688,2018,2018-10-08,3801,2018-08-30,2110,1817,CENTR,4,5,7,3801,0,0,0,,0,3A13D,"JEFFERSON ST","POWELL ST",70.00,W,N,A,-,N,,,,,,,,,,N,4,0,1,2,A,-,11,21955,,N,G,B,D,A,H,-,C,D,0,Y,,Y,,Y,,N,60,0,0,1,0,1,0,0,0,0,"- ","- ",,,"SAN FRANCISCO","SAN FRANCISCO",-122.41274261474609,37.808574676513672
8699700,2018,2018-10-08,3801,2018-08-20,2110,1588,INGLE,1,5,7,3801,0,0,0,,0,3H4D,"OCEAN AV","HOWTH ST",200.00,E,N,A,-,N,,,,,,,,,,N,4,0,1,2,A,-,10,21950,A,N,G,B,C,A,H,-,C,A,0,Y,,,,Y,,A,01,0,0,1,0,1,0,0,0,0,"- ","- ",,,"SAN FRANCISCO","SAN FRANCISCO",-122.44889068603516,37.72296142578125
8699707,2018,2018-10-04,3801,2018-08-28,0030,926,CENTR,2,5,7,3801,0,0,0,,0,3A12E,"ELLIS ST","POWELL ST",0.00,,Y,A,-,N,,,,,,,,,,N,3,0,1,2,A,-,10,21950,A,N,G,B,B,B,H,-,C,A,0,Y,,,,Y,,A,01,0,1,0,0,1,0,0,0,0,"- ","- ",,,"SAN FRANCISCO","SAN FRANCISCO",-122.40782928466797,37.785499572753906
8699732,2018,2018-10-08,3801,2018-08-30,1813,2017,MISSI,4,5,7,3801,0,0,0,,0,3D41D,"DUBOCE AV","ELGIN PARK",15.00,E,N,A,-,N,,,,,,,,,,Y,3,0,1,2,A,-,11,21955,,N,G,B,D,A,H,-,A,A,0,Y,,,,Y,,N,60,0,1,0,0,1,0,0,0,0,"- ","- ",,,"SAN FRANCISCO","SAN FRANCISCO",-122.423095703125,37.769832611083984
8699912,2018,2018-10-02,3801,2018-08-23,1432,875,BAYVI,4,5,7,3801,0,0,0,,0,3C13C,"JENNINGS ST","FITZGERALD AV",65.00,S,N,A,-,N,,,,,,,,,,N,4,0,1,2,A,-,11,21954,A,N,G,B,D,A,H,-,A,A,0,Y,,,,Y,,N,60,0,0,1,0,1,0,0,0,0,"- ","- ",,,"SAN FRANCISCO","SAN FRANCISCO",-122.39332580566406,37.72186279296875
8699997,2018,2018-10-02,3801,2018-08-17,1713,1849,TENDE,5,5,7,3801,0,0,0,,0,3J13D,"JONES ST","EDDY ST",0.00,,Y,A,-,N,,,,,,,,,,N,4,0,1,2,A,-,17,21200,,N,H,-,F,A,H,-,A,A,0,Y,Y,,,Y,,L,04,0,0,1,0,1,0,0,0,0,"- ","- ",,,"SAN FRANCISCO","SAN FRANCISCO",-122.41259002685547,37.783939361572266
8700806,2018,2018-10-18,3801,2018-08-23,1322,2216,HAYVI,4,5,7,3801,0,0,0,,0,,"JERROLD ST","NAPOLEON ST",0.00,,Y,A,-,N,,,,,,,,,,Y,4,0,1,2,A,-,03,22350,,F,G,B,E,A,D,-,A,D,0,Y,,,,Y,,A,07,0,0,1,0,1,0,0,0,0,"- ","- ",,,"SAN FRANCISCO","SAN FRANCISCO",-122.40200805664062,37.7459716796875
8700833,2018,2018-10-23,3801,2018-07-28,1113,807,TARAV,6,5,7,3801,0,0,0,,0,3111A,"SKYLINE BL","LAKE MERCED BL",0.00,,Y,A,-,Y,SF,4,35,-,-,1.730,I,6,S,Y,4,0,1,2,A,-,10,21950,A,F,G,B,B,A,H,-,A,A,0,Y,,,,Y,,A,01,0,0,1,0,1,0,0,0,0,"- ","- ",,,"SAN FRANCISCO","SAN FRANCISCO",-122.50032806396484,37.730335235595703
8700866,2018,2018-10-05,3801,2018-08-07,0730,242,NORTH,2,5,7,3801,0,0,0,,0,004,"WEBSTER ST","CLAY ST",5.00,S,N,E,-,N,,,,,,,,,,N,3,0,1,2,A,-,10,21950,A,N,G,B,B,A,H,-,B,A,0,Y,,,,Y,,A,01,0,1,0,0,1,0,0,0,0,"- ","- ",,,"SAN FRANCISCO","SAN FRANCISCO",-122.43256378173828,37.790916442871094
8704029,2018,2018-10-01,3801,2018-07-25,1728,342,COJ,3,5,7,3801,0,0,0,,0,52D,"MARKET ST","5TH ST",298.00,E,N,A,-,N,,,,,,,,,,N,2,0,1,2,A,-,11,21456,B,N,G,-,D,A,H,-,A,A,0,Y,Y,,,Y,,N,60,1,0,0,0,1,0,0,0,0,"- ","- ",,,"SAN FRANCISCO","SAN FRANCISCO",-122.40731811523438,37.784572601318359
8704033,2018,2018-10-01,3801,2018-07-23,1350,2334,SOUTH,1,5,7,3801,0,0,0,,0,0B2,"FOLSOM ST","5TH ST",0.00,,Y,A,-,N,,,,,,,,,,N,4,0,1,2,A,-,10,21950,A,N,G,B,B,A,H,-,A,A,0,Y,,,,Y,,A,01,0,0,1,0,1,0,0,0,0,"- ","- ",,,"SAN FRANCISCO","SAN FRANCISCO",-122.40339660644531,37.780269622802734
8704066,2018,2018-10-02,3801,2018-08-09,2216,276,NORTH,4,5,7,3801,0,0,0,,0,3E15E,"POLK ST","PINE ST",0.00,,Y,A,-,N,,,,,,,,,,N,4,0,1,2,A,-,10,21950,A,F,G,B,B,A,H,-,C,A,0,Y,,,,Y,,-,,0,0,1,0,1,0,0,0,0,"- ","- ",,,"SAN FRANCISCO","SAN FRANCISCO",-122.42050170898438,37.789638519287109
8704074,2018,2019-02-08,3801,2018-08-04,0122,198,RICHM,6,5,7,3801,0,0,0,,0,0G3,"GEARY BL","2ND AV",0.00,,Y,A,-,N,,,,,,,,,,,1,1,0,2,A,-,11,21954,A,F,G,B,D,A,H,-,C,A,0,Y,,,,Y,,N,60,0,0,0,1,0,0,0,0,0,"- ","- ",,,"SAN FRANCISCO","SAN FRANCISCO",-122.46002197265625,37.781280517578125
8708133,2018,2018-10-09,3801,2018-08-27,2125,2330,TARAV,1,5,7,3801,0,0,0,,0,3I13E,"48TH AV","QUINTARA ST",128.00,N,N,B,-,N,,,,,,,,,,N,2,0,1,3,A,-,11,21954,A,N,G,B,D,A,H,-,C,D,0,Y,,,,Y,,N,60,1,0,0,0,1,0,0,0,0,"- ","- ",,,"SAN FRANCISCO","SAN FRANCISCO",-122.50717926025391,37.747631072998047
8708224,2018,2018-10-17,3801,2018-08-17,1319,796,NORTH,5,5,7,3801,0,0,0,,0,NORTHE,"SUTTER ST","BUCHANAN ST",0.00,,Y,A,-,N,,,,,,,,,,Y,3,0,2,3,A,-,11,21950,B,N,G,B,B,A,H,-,A,A,0,Y,,Y,,Y,,N,60,0,1,1,0,1,0,0,0,1,"- ","- ",,,"SAN FRANCISCO","SAN FRANCISCO",-122.42997741699219,37.786510467529297
8708481,2018,2018-10-24,3801,2018-09-06,0708,306,TENDE,4,5,7,3801,0,0,0,,0,3J15A,"OFARRELL ST","HYDE ST",126.00,W,N,A,-,N,,,,,,,,,,N,3,0,1,2,A,-,11,21954,A,N,B,B,E,A,H,-,A,A,0,Y,,,,Y,,N,60,0,1,0,0,1,0,0,0,0,"- ","- ",,,"SAN FRANCISCO","SAN FRANCISCO",-122.41668701171875,37.785331726074219
8708486,2018,2018-10-24,3801,2018-09-04,1134,1478,NORTH,2,5,7,3801,0,0,0,,0,3E44C,"FILLMORE ST","EDDY ST",0.00,,Y,A,-,N,,,,,,,,,,N,3,0,1,2,D,-,00,,,N,G,B,B,A,H,-,A,A,0,Y,,,,Y,,-,"- ",0,1,0,0,1,0,0,0,0,"- ","- ",,,"SAN FRANCISCO","SAN FRANCISCO",-122.43231964111328,37.781421661376953
8708511,2018,2018-10-24,3801,2018-09-23,1416,891,D,7,5,7,3801,0,0,0,,0,,"18TH ST","LEXINGTON ST",0.00,,Y,A,-,N,,,,,,,,,,N,4,0,1,2,A,-,21,22106,,N,G,B,B,A,H,-,A,D,0,Y,,,,Y,,J,48,0,0,1,0,1,0,0,0,0,"- ","- ",,,"SAN FRANCISCO","SAN FRANCISCO",-122.4207763671875,37.761749267578125
8708530,2018,2018-10-23,3801,2018-09-20,1257,417,CENTR,4,5,7,3801,0,0,0,,0,3A12C,"MARKET ST","2ND ST",0.00,,Y,A,-,N,,,,,,,,,,N,4,0,1,2,A,-,11,21956,,N,G,B,E,A,H,-,A,A,0,Y,,,,Y,,N,60,0,0,1,0,1,0,0,0,0,"- ","- ",,,"SAN FRANCISCO","SAN FRANCISCO",-122.40139770507812,37.789241790771484
8708624,2018,2018-10-29,3801,2018-09-08,1120,4279,SOUTH,6,5,7,3801,0,0,0,,0,,"HOWARD ST","6TH ST",0.00,,Y,A,-,N,,,,,,,,,,N,4,0,1,2,A,-,08,22101,D,F,B,B,E,A,H,-,A,A,0,Y,,,,Y,,A,01,0,0,1,0,1,0,0,0,0,"- ","- ",,,"SAN FRANCISCO","SAN FRANCISCO",-122.40714263916016,37.779750823974609
8708662,2018,2018-10-24,3801,2018-09-18,1523,1531,TENDE,2,5,7,3801,0,0,0,,0,3J13D,"TURK ST","HYDE ST",0.00,,Y,A,-,N,,,,,,,,,,N,4,0,1,2,A,-,10,21950,A,F,G,B,B,A,H,-,A,A,0,Y,,,,Y,,A,01,0,0,1,0,1,0,0,0,0,"- ","- ",,,"SAN FRANCISCO","SAN FRANCISCO",-122.41568756103516,37.782569885253906
8708667,2018,2018-10-24,3801,2018-09-02,1547,4301,NORTH,7,5,7,3801,0,0,0,,0,3E43C,"CALIFORNIA ST","LARKIN ST",0.00,,Y,A,-,N,,,,,,,,,,N,4,0,1,2,A,-,00,20002,,F,G,B,B,A,H,-,A,A,0,Y,,,,Y,,-,,0,0,1,0,1,0,0,0,0,"- ","- ",,,"SAN FRANCISCO","SAN FRANCISCO",-122.41903686523438,37.790790557861328
8708671,2018,2018-10-24,3801,2018-09-11,1245,1147,SOUTH,2,5,7,3801,0,0,0,,0,3B14A,"9TH ST","BRANNAN ST",0.00,,Y,A,-,N,,,,,,,,,,N,3,0,1,2,A,-,08,22100,A,N,G,B,B,A,H,-,A,A,0,Y,,,,Y,,A,01,0,1,0,0,1,0,0,0,0,"- ","- ",,,"SAN FRANCISCO","SAN FRANCISCO",-122.40699005126953,37.770061492919922
8708672,2018,2018-10-24,3801,2018-09-12,0935,2455,COA,3,5,7,3801,0,0,0,,0,002,"CALIFORNIA ST","SABIN PL",0.00,,Y,A,-,N,,,,,,,,,,N,4,0,1,3,A,-,21,22106,,N,B,C,D,A,H,-,A,D,0,Y,,,,Y,,A,01,0,0,1,0,1,0,0,0,0,"- ","- ",,,"SAN FRANCISCO","SAN FRANCISCO",-122.40670776367188,37.7923583984375
8708772,2018,2018-10-25,3801,2018-09-21,1820,1331,SOUTH,5,5,7,3801,0,0,0,,0,3B15D,TOWNSEND,"TOWNSEND ST 340",0.00,,Y,A,-,N,,,,,,,,,,N,4,0,1,2,A,-,11,21955,,N,G,B,D,A,H,-,A,A,0,Y,,,,Y,,N,60,0,0,1,0,1,0,0,0,0,"- ","- ",,,"SAN FRANCISCO","SAN FRANCISCO",-122.396024,37.776285999999999
8708788,2018,2018-10-25,3801,2018-09-16,1627,615,MISSI,7,5,7,3801,0,0,0,,0,3D13D,"23RD ST","GUERRERO ST",27.00,W,N,A,-,N,,,,,,,,,,N,4,0,1,2,A,-,10,21950,A,N,G,B,B,A,H,-,A,A,0,Y,,,,Y,,A,07,0,0,1,0,1,0,0,0,0,"- ","- ",,,"SAN FRANCISCO","SAN FRANCISCO",-122.42312622070312,37.753555297851562
8708800,2018,2018-10-25,3801,2018-09-27,1530,510,CENTR,4,5,7,3801,0,0,0,,0,3A15C,"CLAY ST","CLAY ST 419",0.00,,Y,A,-,N,,,,,,,,,,N,4,0,1,2,A,-,10,21950,A,M,G,B,E,A,H,-,A,-,0,Y,,Y,,Y,,C,02,0,0,1,0,1,0,0,0,0,"- ","- ",,,"SAN FRANCISCO","SAN FRANCISCO",-122.40076000000001,37.79495
8709362,2018,2018-10-10,3801,2018-08-28,0815,829,CENTR,2,5,7,3801,0,0,0,,0,3A12A,"KEARNY ST","PINE ST",0.00,,Y,A,-,N,,,,,,,,,,N,4,0,1,2,A,-,10,21950,A,N,G,B,B,D,H,-,A,A,0,Y,,,,Y,,A,01,0,0,1,0,1,0,0,0,0,"- ","- ",,,"SAN FRANCISCO","SAN FRANCISCO",-122.40421295166016,37.791690826416016
8709382,2018,2018-10-10,3801,2018-08-12,0428,1123,NORTH,7,5,7,3801,0,0,0,,0,3E13E,"GEARY BL","POLK ST",0.00,,Y,A,-,N,,,,,,,,,,N,3,0,1,2,A,-,10,21950,A,F,B,J,B,A,D,-,C,A,0,Y,,,,Y,,-,,0,1,0,0,1,0,0,0,0,"- ","- ",,,"SAN FRANCISCO","SAN FRANCISCO",-122.41973876953125,37.785900115966797
8709386,2018,2018-10-10,3801,2018-08-14,0803,766,CENTR,2,5,7,3801,0,0,0,,0,3A12A,"STOCKTON ST","STOCKTON ST 1041",0.00,,Y,B,-,N,,,,,,,,,,N,3,0,1,2,A,-,11,21955,,N,G,B,D,A,H,-,A,D,0,Y,,,,Y,,N,60,0,1,0,0,1,0,0,0,0,"- ","- ",,,"SAN FRANCISCO","SAN FRANCISCO",-122.40816100000001,37.795554000000003