CASE_ID,ACCIDENT_YEAR,PROC_DATE,JURIS,COLLISION_DATE,COLLISION_TIME,OFFICER_ID,REPORTING_DISTRICT,DAY_OF_WEEK,CHP_SHIFT,POPULATION,CNTY_CITY_LOC,SPECIAL_COND,BEAT_TYPE,CHP_BEAT_TYPE,CITY_DIVISION_LAPD,CHP_BEAT_CLASS,BEAT_NUMBER,PRIMARY_RD,SECONDARY_RD,DISTANCE,DIRECTION,INTERSECTION,WEATHER_1,WEATHER_2,STATE_HWY_IND,CALTRANS_COUNTY,CALTRANS_DISTRICT,STATE_ROUTE,ROUTE_SUFFIX,POSTMILE_PREFIX,POSTMILE,LOCATION_TYPE,RAMP_INTERSECTION,SIDE_OF_HWY,TOW_AWAY,COLLISION_SEVERITY,NUMBER_KILLED,NUMBER_INJURED,PARTY_COUNT,PRIMARY_COLL_FACTOR,PCF_CODE_OF_VIOL,PCF_VIOL_CATEGORY,PCF_VIOLATION,PCF_VIOL_SUBSECTION,HIT_AND_RUN,TYPE_OF_COLLISION,MVIW,PED_ACTION,ROAD_SURFACE,ROAD_COND_1,ROAD_COND_2,LIGHTING,CONTROL_DEVICE,CHP_ROAD_TYPE,PEDESTRIAN_ACCIDENT,BICYCLE_ACCIDENT,MOTORCYCLE_ACCIDENT,TRUCK_ACCIDENT,NOT_PRIVATE_PROPERTY,ALCOHOL_INVOLVED,STWD_VEHTYPE_AT_FAULT,CHP_VEHTYPE_AT_FAULT,COUNT_SEVERE_INJ,COUNT_VISIBLE_INJ,COUNT_COMPLAINT_PAIN,COUNT_PED_KILLED,COUNT_PED_INJURED,COUNT_BICYCLIST_KILLED,COUNT_BICYCLIST_INJURED,COUNT_MC_KILLED,COUNT_MC_INJURED,PRIMARY_RAMP,SECONDARY_RAMP,LATITUDE,LONGITUDE,COUNTY,CITY,POINT_X,POINT_Y
8710008,2018,2018-10-17,3801,2018-08-29,0716,1350,INGLE,3,5,7,3801,0,0,0,,0,3H11A,"VIENNA ST","PERSIA AV",0.00,,Y,A,-,N,,,,,,,,,,N,4,0,1,2,A,-,10,21950,A,N,G,B,B,A,H,-,A,A,0,Y,,,,Y,,A,01,0,0,1,0,1,0,0,0,0,"- ","- ",,,"SAN FRANCISCO","SAN FRANCISCO",-122.43038177490234,37.720470428466797
8716161,2018,2018-10-16,3801,2018-05-07,1258,1730,INGLE,1,5,7,3801,0,0,0,,0,4B4D,"MISSION ST","CORTLAND AV",0.00,,Y,A,-,N,,,,,,,,,,Y,2,0,1,2,A,-,03,22350,,N,G,B,B,A,H,-,A,A,0,Y,,,,Y,,A,01,1,0,0,0,1,0,0,0,0,"- ","- ",,,"SAN FRANCISCO","SAN FRANCISCO",-122.42283630371094,37.741008758544922
8716326,2018,2018-10-26,3801,2018-09-14,1350,A22703,SOUTH,5,5,7,3801,0,0,0,,0,002,"4TH ST","HARRISON ST",0.00,,Y,A,-,N,,,,,,,,,,Y,4,0,2,3,A,-,09,21801,A,N,D,C,F,A,H,-,A,A,0,Y,,,,Y,,A,01,0,0,2,0,1,0,0,0,0,"- ","- ",,,"SAN FRANCISCO","SAN FRANCISCO",-122.39962768554688,37.780780792236328
8716367,2018,2018-10-23,3801,2018-09-22,1126,1350,INGLE,6,5,7,3801,0,0,0,,0,3H15C,"ALEMANY BL","OCEAN AV",0.00,,Y,A,-,N,,,,,,,,,,,4,0,1,2,A,-,10,21950,,N,G,B,B,A,H,-,A,A,0,Y,,,,Y,,D,22,0,0,1,0,1,0,0,0,0,"- ","- ",,,"SAN FRANCISCO","SAN FRANCISCO",-122.43753814697266,37.723701477050781
8716379,2018,2018-10-23,3801,2018-09-07,1148,73,INGLE,5,5,7,3801,0,0,0,,0,4B1D,"GENEVA AV","MISSION ST",5.00,E,N,A,-,N,,,,,,,,,,N,2,0,1,2,A,-,10,21950,A,N,G,B,B,A,H,-,A,A,0,Y,,,,Y,,D,22,1,0,0,0,1,0,0,0,0,"- ","- ",,,"SAN FRANCISCO","SAN FRANCISCO",-122.44098663330078,37.716384887695312
8716399,2018,2019-01-09,3801,2018-09-07,0841,1870,,5,5,7,3801,0,0,0,,0,003,"KEITH ST","PALOU AV",0.00,,Y,A,-,N,,,,,,,,,,N,4,0,1,2,A,-,10,21950,A,N,G,B,B,A,H,-,A,D,0,Y,,,,Y,,I,11,0,0,1,0,1,0,0,0,0,"- ","- ",,,"SAN FRANCISCO","SAN FRANCISCO",-122.38715362548828,37.731868743896484
8716402,2018,2018-10-19,3801,2018-09-18,1555,3801,INGLE,2,5,7,3801,0,0,0,,0,3H15C,"MISSION ST","OTTAWA AV",0.00,,Y,A,-,N,,,,,,,,,,N,4,0,1,2,A,-,10,21950,A,N,G,B,B,A,H,-,A,A,0,Y,,,,Y,,A,01,0,0,1,0,1,0,0,0,0,"- ","- ",,,"SAN FRANCISCO","SAN FRANCISCO",-122.44373321533203,37.713611602783203
8716403,2018,2018-10-22,3801,2018-09-08,1820,1787,E,6,5,7,3801,0,0,0,,0,05E,"FILLMORE ST","GREENWICH ST",0.00,,Y,A,-,N,,,,,,,,,,N,4,0,1,2,A,-,10,21950,A,N,B,B,B,A,H,-,A,D,0,Y,,,,Y,,A,01,0,0,1,0,1,0,0,0,0,"- ","- ",,,"SAN FRANCISCO","SAN FRANCISCO",-122.43588256835938,37.798961639404297
8716404,2018,2018-10-22,3801,2018-09-17,1805,1505,TENDE,1,5,7,3801,0,0,0,,0,3J11D,"STEVENSON ST","7TH ST",100.00,E,N,A,B,N,,,,,,,,,,N,4,0,1,2,A,-,17,21663,,N,G,B,F,A,H,-,A,D,0,Y,,,,Y,,A,01,0,0,1,0,1,0,0,0,0,"- ","- ",,,"SAN FRANCISCO","SAN FRANCISCO",-122.41165161132812,37.780189514160156
8716407,2018,2018-10-22,3801,2018-09-09,0042,196,CENTR,7,5,7,3801,0,0,0,,0,3A00,"UNION ST","POWELL ST",0.00,,Y,F,-,N,,,,,,,,,,N,3,0,1,2,A,-,12,22450,A,N,G,B,B,-,G,-,-,-,0,Y,,,,Y,,A,01,0,1,0,0,1,0,0,0,0,"- ","- ",,,"SAN FRANCISCO","SAN FRANCISCO",-122.41082763671875,37.800239562988281
8716412,2018,2018-10-22,3801,2018-09-17,2102,576,TENDE,1,5,7,3801,0,0,0,,0,001,"MARKET ST","HYDE ST",198.00,W,N,A,-,N,,,,,,,,,,N,3,0,1,2,A,-,11,21955,,N,G,B,D,A,H,-,C,A,0,Y,Y,,,Y,,N,60,0,1,0,0,1,0,0,0,0,"- ","- ",,,"SAN FRANCISCO","SAN FRANCISCO",-122.41526031494141,37.778335571289062
8716414,2018,2018-10-19,3801,2018-09-20,0800,184,COJ,4,5,7,3801,0,0,0,,0,3J51A,"MARKET ST","CHARLES J BRENHAM",0.00,,Y,A,-,N,,,,,,,,,,N,4,0,1,2,A,-,10,21950,,N,D,G,B,A,H,-,A,A,0,Y,Y,,,Y,,L,04,0,0,1,0,1,0,0,0,0,"- ","- ",,,"SAN FRANCISCO","SAN FRANCISCO",-122.41250610351562,37.780479431152344
8716419,2018,2018-10-22,3801,2018-09-13,2107,820,NORTH,4,5,7,3801,0,0,0,,0,,"VAN NESS AV","PINE ST",50.00,S,N,A,-,N,,,,,,,,,,N,3,0,1,2,A,-,11,21955,,N,G,B,D,A,H,-,C,A,0,Y,,,,Y,,N,60,0,1,0,0,1,0,0,0,0,"- ","- ",,,"SAN FRANCISCO","SAN FRANCISCO",-122.42221069335938,37.789264678955078
8716427,2018,2018-10-22,3801,2018-09-14,1844,993,SOUTH,5,5,7,3801,0,0,0,,0,SECTOR,"MISSION ST","8TH ST",0.00,,Y,A,-,N,,,,,,,,,,N,3,0,1,2,A,-,10,21950,A,N,G,B,B,A,D,-,A,A,0,Y,,,,Y,,-,,0,1,0,0,1,0,0,0,0,"- ","- ",,,"SAN FRANCISCO","SAN FRANCISCO",-122.41316223144531,37.777458190917969
8716431,2018,2018-10-22,3801,2018-09-11,1049,472,SOUTH,2,5,7,3801,0,0,0,,0,3B13A,"7TH ST","BRANNAN ST",0.00,,Y,A,-,N,,,,,,,,,,N,4,0,1,2,D,-,00,,,N,G,B,B,A,H,-,A,A,0,Y,,Y,,Y,,-,"- ",0,0,1,0,1,0,0,0,0,"- ","- ",,,"SAN FRANCISCO","SAN FRANCISCO",-122.40321350097656,37.773048400878906
8716434,2018,2018-10-19,3801,2018-09-08,1551,1430,MISIO,6,5,7,3801,0,0,0,,0,3D14D,"VALENCIA ST","26TH ST",5.00,S,N,A,-,N,,,,,,,,,,Y,3,0,1,2,A,-,10,21950,A,N,D,B,B,A,H,-,A,A,0,Y,,,,Y,,A,01,0,1,0,0,1,0,0,0,0,"- ","- ",,,"SAN FRANCISCO","SAN FRANCISCO",-122.42034912109375,37.748897552490234
8716435,2018,2018-10-22,3801,2018-09-07,1056,299,CENTR,5,5,7,3801,0,0,0,,0,3A11A,"POST ST","POWELL ST",149.00,W,N,A,-,N,,,,,,,,,,N,4,0,1,2,A,-,03,22350,,N,A,B,E,A,H,-,A,D,0,Y,,,,Y,,A,08,0,0,1,0,1,0,0,0,0,"- ","- ",,,"SAN FRANCISCO","SAN FRANCISCO",-122.40890502929688,37.788215637207031
8716439,2018,2018-10-22,3801,2018-09-11,1620,4041,TARAV,2,5,7,3801,0,0,0,,0,3I12D,"35TH AV","QUINTARA ST",0.00,,Y,A,-,N,,,,,,,,,,N,3,0,1,2,A,-,10,21950,A,N,G,B,B,A,H,-,A,A,0,Y,,,,Y,,A,01,0,1,0,0,1,0,0,0,0,"- ","- ",,,"SAN FRANCISCO","SAN FRANCISCO",-122.49320983886719,37.747890472412109
8716443,2018,2018-10-22,3801,2018-09-13,1406,3G3A,RICHM,4,5,7,3801,0,0,0,,0,003,"6TH AV","GEARY BL",0.00,,Y,A,-,N,,,,,,,,,,N,3,0,1,2,A,-,10,21950,A,N,G,B,B,A,H,-,A,A,0,Y,,,,Y,,A,01,0,1,0,0,1,0,0,0,0,"- ","- ",,,"SAN FRANCISCO","SAN FRANCISCO",-122.46428680419922,37.781089782714844
8716444,2018,2018-10-22,3801,2018-09-11,0757,1511,BAYVI,2,5,7,3801,0,0,0,,0,3C3C,"MANSELL ST","SOMERSET ST",0.00,,Y,A,-,N,,,,,,,,,,N,4,0,1,2,A,-,10,21950,A,N,G,B,B,A,H,-,A,D,0,Y,,,,Y,,-,,0,0,1,0,1,0,0,0,0,"- ","- ",,,"SAN FRANCISCO","SAN FRANCISCO",-122.40505981445312,37.720611572265625
8716448,2018,2018-10-22,3801,2018-09-13,0620,4067,NORTH,4,5,7,3801,0,0,0,,0,,"POLK ST","WASHINGTON ST",0.00,,Y,A,-,N,,,,,,,,,,N,4,0,1,2,A,-,10,21950,A,N,G,B,B,A,H,-,C,A,0,Y,,,,Y,,A,01,0,0,1,0,1,0,0,0,0,"- ","- ",,,"SAN FRANCISCO","SAN FRANCISCO",-122.42121887207031,37.793258666992188
8716456,2018,2018-10-22,3801,2018-09-17,1225,1345,SOUTE,1,5,7,3801,0,0,0,,0,0B3,"MISSION ST","JULIA ST",155.00,E,N,A,-,N,,,,,,,,,,N,4,0,1,2,A,-,11,21955,,N,G,B,D,A,H,-,A,A,0,Y,,,,Y,,N,60,0,0,1,0,1,0,0,0,0,"- ","- ",,,"SAN FRANCISCO","SAN FRANCISCO",-122.41202545166016,37.778347015380859
8716458,2018,2020-05-26,3801,2018-09-22,2057,546,NORTH,6,5,7,3801,0,0,0,,0,4B4H,"VAN NESS AV","FERN ST",27.00,N,N,A,-,N,,,,,,,,,,N,1,1,0,2,A,-,11,21954,A,N,G,B,D,A,D,-,C,D,0,Y,,,,Y,Y,N,60,0,0,0,1,0,0,0,0,0,"- ","- ",,,"SAN FRANCISCO","SAN FRANCISCO",-122.42194366455078,37.788082122802734
8716462,2018,2018-11-09,3801,2018-09-24,1956,713,CENTR,1,5,7,3801,0,0,0,,0,3A14D,"BROADWAY ST","COLUMBUS AV",75.00,E,N,A,-,N,,,,,,,,,,N,2,0,1,2,A,-,11,21954,A,N,G,B,D,A,H,-,C,D,0,Y,,,,Y,,N,60,1,0,0,0,1,0,0,0,0,"- ","- ",,,"SAN FRANCISCO","SAN FRANCISCO",-122.40637969970703,37.797920227050781
8716480,2018,2018-10-22,3801,2018-09-14,2025,738,NORTH,5,5,7,3801,0,0,0,,0,3E15D,"BUCHANAN ST","UNION ST",0.00,,Y,A,-,N,,,,,,,,,,N,3,0,1,2,A,-,11,21950,B,N,G,B,B,A,H,-,C,A,0,Y,,,,Y,,N,60,0,1,0,0,1,0,0,0,0,"- ","- ",,,"SAN FRANCISCO","SAN FRANCISCO",-122.43219757080078,37.797508239746094
8716482,2018,2018-10-19,3801,2018-09-06,1957,82,TENDE,4,5,7,3801,0,0,0,,0,3J13D,"HYDE ST","TURK ST",27.00,S,N,A,-,N,,,,,,,,,,N,4,0,1,2,A,-,10,21950,A,N,G,B,B,A,H,-,C,A,0,Y,,,,Y,,A,01,0,0,1,0,0,0,0,0,0,"- ","- ",,,"SAN FRANCISCO","SAN FRANCISCO",-122.41567230224609,37.782497406005859
8716483,2018,2018-10-19,3801,2018-09-18,1951,1190,TARAV,2,5,7,3801,0,0,0,,0,3I11D,"19TH AV","LAWTON ST",10.00,S,N,A,-,N,,,,,,,,,,N,4,0,1,2,A,-,10,21950,A,N,G,B,B,A,H,-,C,A,0,Y,,,,Y,,A,01,0,0,1,0,1,0,0,0,0,"- ","- ",,,"SAN FRANCISCO","SAN FRANCISCO",-122.47669982910156,37.757911682128906
8716485,2018,2018-10-18,3801,2018-09-16,0856,1518,BAYVI,7,5,7,3801,0,0,0,,0,0C5,"VAN DYKE AV","JENNINGS ST",64.00,E,N,A,-,N,,,,,,,,,,N,4,0,1,2,A,-,11,21954,A,N,A,B,D,A,H,-,A,A,0,Y,,,,Y,,N,60,0,0,1,0,1,0,0,0,0,"- ","- ",,,"SAN FRANCISCO","SAN FRANCISCO",-122.38849639892578,37.726940155029297
8716487,2018,2018-10-19,3801,2018-09-19,0215,4020,TARAV,3,5,7,3801,0,0,0,,0,3I12E,"BROTHERHOOD WY","CHUMASERO DR",0.00,,Y,A,-,N,,,,,,,,,,N,2,0,1,2,A,-,11,21954,A,F,G,B,D,A,H,-,C,A,0,Y,,,,Y,,N,60,1,0,0,0,1,0,0,0,0,"- ","- ",,,"SAN FRANCISCO","SAN FRANCISCO",-122.47271728515625,37.712978363037109
8716488,2018,2018-10-19,3801,2018-09-20,1802,1276,INGLE,4,5,7,3801,0,0,0,,0,3H15D,"BRUNSWICK ST","OLIVER ST",0.00,,Y,A,-,N,,,,,,,,,,N,3,0,1,2,A,-,10,21950,A,N,G,B,B,A,H,-,A,A,0,Y,,,,Y,,A,08,0,1,0,0,1,0,0,0,0,"- ","- ",,,"SAN FRANCISCO","SAN FRANCISCO",-122.44985961914062,37.708328247070312
8716491,2018,2018-12-05,3801,2018-09-18,1455,1250,COD,2,5,7,3801,0,0,0,,0,,"GUERRERO ST","20TH ST",20.00,S,N,A,-,N,,,,,,,,,,N,4,0,1,2,A,-,11,21955,,N,G,B,D,A,H,-,A,A,0,Y,,,,Y,,N,60,0,0,1,0,1,0,0,0,0,"- ","- ",,,"SAN FRANCISCO","SAN FRANCISCO",-122.4234619140625,37.758304595947266
8716493,2018,2018-10-18,3801,2018-09-10,1728,195,NROTH,1,5,7,3801,0,0,0,,0,3E1D,"FRANKLIN ST","BUSH ST",0.00,,Y,A,-,N,,,,,,,,,,N,3,0,1,2,A,-,10,21950,A,N,G,B,B,A,H,-,A,A,0,Y,,,,Y,,-,,0,1,0,0,1,0,0,0,0,"- ","- ",,,"SAN FRANCISCO","SAN FRANCISCO",-122.42357635498047,37.788280487060547
8716495,2018,2018-10-19,3801,2018-09-19,0240,1148,MISIS,3,5,7,3801,0,0,0,,0,3D16E,"SOUTH VAN NESS ST","16TH ST",0.00,,Y,A,-,N,,,,,,,,,,N,3,0,1,2,A,-,11,21954,A,N,C,B,D,A,H,-,C,A,0,Y,,,,Y,,N,60,0,1,0,0,1,0,0,0,0,"- ","- ",,,"SAN FRANCISCO","SAN FRANCISCO",-122.41748809814453,37.765178680419922
8716500,2018,2018-10-19,3801,2018-09-21,0811,1628,RICHM,5,5,7,3801,0,0,0,,0,3G13A,"FULTON ST","46TH AV",0.00,,Y,A,-,N,,,,,,,,,,N,4,0,1,2,A,-,10,21950,A,F,G,B,B,A,H,-,A,A,0,Y,,,,Y,,A,01,0,0,1,0,1,0,0,0,0,"- ","- ",,,"SAN FRANCISCO","SAN FRANCISCO",-122.50669097900391,37.771541595458984
8716503,2018,2018-10-19,3801,2018-09-09,1103,242,NORTH,7,5,7,3801,0,0,0,,0,001,"POLK ST","GROVE ST",19.00,S,N,A,-,N,,,,,,,,,,N,4,0,1,2,A,-,10,21950,A,N,G,B,B,A,H,-,A,A,0,Y,,,,Y,,A,01,0,0,1,0,1,0,0,0,0,"- ","- ",,,"SAN FRANCISCO","SAN FRANCISCO",-122.418212890625,37.778427124023438
8716507,2018,2018-11-09,3801,2018-09-09,1644,1524,TENDE,7,5,7,3801,0,0,0,,0,3J11D,"MARKET ST","HYDE ST",0.00,,Y,A,-,N,,,,,,,,,,N,4,0,1,2,A,-,12,21453,A,N,G,B,B,A,H,-,A,A,0,Y,,,,Y,Y,-,,0,0,1,0,1,0,0,0,0,"- ","- ",,,"SAN FRANCISCO","SAN FRANCISCO",-122.41475677490234,37.778709411621094
8716515,2018,2018-10-19,3801,2018-09-12,1140,4352,SOUTH,3,5,7,3801,0,0,0,,0,0B2,"MISSION ST","4TH ST",0.00,,Y,A,-,N,,,,,,,,,,N,4,0,1,2,A,-,10,21950,A,F,G,B,B,A,H,-,A,A,0,Y,,,,Y,,A,01,0,0,1,0,1,0,0,0,0,"- ","- ",,,"SAN FRANCISCO","SAN FRANCISCO",-122.40425872802734,37.784519195556641
8716517,2018,2018-10-18,3801,2018-09-14,2021,2377,TENDE,5,5,7,3801,0,0,0,,0,3J14D,"CYRIL MAGNIN ST","EDDY ST",0.00,,Y,A,-,N,,,,,,,,,,N,3,0,1,2,A,-,10,21950,A,N,G,-,B,A,H,-,C,A,0,Y,,,,Y,,A,01,0,1,0,0,1,0,0,0,0,"- ","- ",,,"SAN FRANCISCO","SAN FRANCISCO",-122.40852355957031,37.784500122070312
8716518,2018,2018-10-18,3801,2018-09-04,1458,1350,INGLE,2,5,7,3801,0,0,0,,0,3H16C,"GENEVA AV","RT 280",0.00,,Y,B,-,Y,,,,,,,,,,N,4,0,1,2,A,-,10,21950,A,N,G,B,B,A,H,-,A,A,0,Y,,,,Y,,A,01,0,0,1,0,1,0,0,0,0,"- ",NF,,,"SAN FRANCISCO","SAN FRANCISCO",-122.44821929931641,37.721351623535156
8716521,2018,2018-10-18,3801,2018-09-15,0755,1347,,6,5,7,3801,0,0,0,,0,3D13A,"GUERRERO ST","15TH ST",0.00,,Y,A,-,N,,,,,,,,,,N,4,0,1,2,A,-,10,21950,A,N,G,B,B,A,H,-,-,-,0,Y,,,,Y,,A,01,0,0,1,0,1,0,0,0,0,"- ","- ",,,"SAN FRANCISCO","SAN FRANCISCO",-122.42424011230469,37.766399383544922
8716529,2018,2018-10-18,3801,2018-09-15,1934,4326,SOUTH,6,5,7,3801,0,0,0,,0,001,"2ND ST","BRYANT ST",0.00,,Y,A,-,N,,,,,,,,,,N,4,0,2,3,A,-,10,21950,A,F,G,B,B,A,H,-,C,A,0,Y,,,,Y,,-,,0,0,2,0,2,0,0,0,0,"- ","- ",,,"SAN FRANCISCO","SAN FRANCISCO",-122.39363098144531,37.7830810546875
8716532,2018,2018-10-19,3801,2018-09-16,1444,RAYMOND,CENTR,7,5,7,3801,0,0,0,,0,3A14C,"BAY ST","STOCKTON ST",0.00,,Y,A,-,N,,,,,,,,,,N,4,0,1,2,A,-,11,21954,A,N,-,B,D,A,H,-,A,D,0,Y,,,,Y,Y,N,60,0,0,1,0,1,0,0,0,0,"- ","- ",,,"SAN FRANCISCO","SAN FRANCISCO",-122.41030120849609,37.806041717529297
8716536,2018,2018-10-19,3801,2018-09-17,1112,1512,SOUTH,1,5,7,3801,0,0,0,,0,3B1B,"HOWARD ST","1ST ST",0.00,,Y,A,-,N,,,,,,,,,,N,3,0,1,2,A,-,10,21950,A,N,G,B,B,A,H,-,A,A,0,Y,,,,Y,,A,01,0,1,0,0,1,0,0,0,0,"- ","- ",,,"SAN FRANCISCO","SAN FRANCISCO",-122.39604187011719,37.788551330566406
8716537,2018,2018-10-18,3801,2018-09-23,2040,340,INGLE,7,5,7,3801,0,0,0,,0,3H11D,"SAN JOSE AV","29TH ST",0.00,,Y,A,-,N,,,,,,,,,,Y,2,0,3,6,A,-,09,21801,A,N,G,E,B,A,H,-,C,A,0,Y,,,,Y,,A,01,2,0,1,0,2,0,0,0,0,"- ","- ",,,"SAN FRANCISCO","SAN FRANCISCO",-122.42275238037109,37.743930816650391
8716541,2018,2018-10-18,3801,2018-09-30,0921,4286,RICHM,7,5,7,3801,0,0,0,,0,0G3,"GEARY BL","4TH AV",25.00,N,N,A,-,N,,,,,,,,,,N,3,0,1,2,A,-,10,21950,A,N,D,B,B,A,H,-,A,A,0,Y,,,,Y,,A,01,0,1,0,0,1,0,0,0,0,"- ","- ",,,"SAN FRANCISCO","SAN FRANCISCO",-122.46215057373047,37.78118896484375
8716558,2018,2018-10-18,3801,2018-09-04,1657,4124,INGLE,2,5,7,3801,0,0,0,,0,6CAR,"VISITACION AV","BAYSHORE BL",13.00,W,N,A,-,N,,,,,,,,,,N,4,0,1,2,A,-,10,21950,A,N,D,B,B,A,H,-,A,A,0,Y,,,,Y,,A,01,0,0,1,0,1,0,0,0,0,"- ","- ",,,"SAN FRANCISCO","SAN FRANCISCO",-122.40437316894531,37.710453033447266
8716559,2018,2018-10-19,3801,2018-09-21,0810,126,RICHA,5,5,7,3801,0,0,0,,0,3G68,"CABRILLO ST","46TH AV",67.00,E,N,A,-,N,,,,,,,,,,N,4,0,1,2,A,-,10,21950,A,N,D,B,B,A,H,-,A,D,0,Y,,,,Y,,-,,0,0,1,0,1,0,0,0,0,"- ","- ",,,"SAN FRANCISCO","SAN FRANCISCO",-122.50659942626953,37.773406982421875
8716565,2018,2018-10-31,3801,2018-09-28,1754,4200,TARAV,5,5,7,3801,0,0,0,,0,3I1D,"KIRKHAM ST","12TH AV",0.00,,Y,A,-,N,,,,,,,,,,N,4,0,1,2,A,-,10,21950,,N,G,B,B,A,H,-,A,A,0,Y,,,,Y,,A,01,0,0,1,0,1,0,0,0,0,"- ","- ",,,"SAN FRANCISCO","SAN FRANCISCO",-122.46926879882812,37.760158538818359
8716589,2018,2018-10-19,3801,2018-09-16,1354,1766,SOUTH,7,5,7,3801,0,0,0,,0,4B3C,"KING ST","3RD ST",0.00,E,N,A,-,N,,,,,,,,,,N,4,0,1,2,A,-,11,21456,C,N,G,B,B,A,H,-,A,A,0,Y,,Y,,Y,,N,60,0,0,1,0,1,0,0,0,0,"- ","- ",,,"SAN FRANCISCO","SAN FRANCISCO",-122.39195251464844,37.7781982421875
8716593,2018,2018-10-19,3801,2018-09-23,1555,2209,MISSI,7,5,7,3801,0,0,0,,0,3D11C,"SOUTH VAN NESS AVE","13TH ST",0.00,,Y,A,-,N,,,,,,,,,,N,3,0,1,2,A,-,11,21950,B,N,G,B,B,A,H,-,A,A,0,Y,,,,Y,,N,60,0,1,0,0,1,0,0,0,0,"- ","- ",,,"SAN FRANCISCO","SAN FRANCISCO",-122.41777038574219,37.769718170166016
8716613,2018,2018-10-19,3801,2018-09-05,1553,938,TENDE,3,5,7,3801,0,0,0,,0,3J13D,"LEAVENWORTH ST","TURK ST",8.00,W,N,A,-,N,,,,,,,,,,N,4,0,1,3,A,-,10,21950,A,N,B,J,B,A,H,-,A,A,0,Y,,,,Y,,A,01,0,0,1,0,1,0,0,0,0,"- ","- ",,,"SAN FRANCISCO","SAN FRANCISCO",-122.41404724121094,37.782821655273438
8716621,2018,2018-10-19,3801,2018-09-21,1918,820,NORTH,5,5,7,3801,0,0,0,,0,3E14D,FILLMORE,"POST ST",0.00,,Y,A,-,Y,,,,,,,,,,N,4,0,1,2,A,-,12,21453,A,F,G,B,B,A,H,-,C,A,0,Y,,,,Y,,A,01,0,0,1,0,1,0,0,0,0,"- ","- ",,,"SAN FRANCISCO","SAN FRANCISCO",-122.43308258056641,37.785160064697266
8716637,2018,2018-10-19,3801,2018-09-23,1240,196,CENTR,7,5,7,3801,0,0,0,,0,3A12A,"CALIFORNIA ST","GRANT AV",103.00,W,N,A,-,N,,,,,,,,,,Y,2,0,2,2,A,-,21,22106,,N,G,B,F,A,H,-,A,A,0,Y,,,,Y,,A,01,1,1,0,0,1,0,0,0,0,"- ","- ",,,"SAN FRANCISCO","SAN FRANCISCO",-122.40624237060547,37.792415618896484
8718567,2018,2018-10-30,3801,2018-09-10,2057,195,3E11D,1,5,7,3801,0,0,0,,0,NORTHE,"VAN NESS AV","SUTTER ST",0.00,,Y,A,-,Y,SF,4,101,-,-,5.740,I,5,N,Y,3,0,1,2,A,-,10,21950,A,N,G,B,B,A,H,-,C,A,0,Y,,,,Y,,A,01,0,1,0,0,1,0,0,0,0,"- ","- ",,,"SAN FRANCISCO","SAN FRANCISCO",-122.42167663574219,37.787590026855469
8718571,2018,2018-11-09,3801,2018-09-01,2250,1355,TARAV,6,5,7,3801,0,0,0,,0,3I12E,"GREAT HWY","TARAVAL ST",0.00,,Y,A,-,N,,,,,,,,,,N,4,0,1,2,A,-,11,21456,B,N,G,B,B,A,H,-,C,A,0,Y,,,,Y,,N,60,0,0,1,0,1,0,0,0,0,"- ","- ",,,"SAN FRANCISCO","SAN FRANCISCO",-122.50753021240234,37.741649627685547
8718579,2018,2018-12-03,3801,2018-09-13,1635,790,BAYVI,4,5,7,3801,0,0,0,,0,,SILVER,"SAN BRUNO AV",0.00,,Y,A,-,N,,,,,,,,,,N,4,0,1,2,A,-,11,21955,,N,-,B,D,A,H,-,A,A,0,Y,,,,Y,,N,60,0,0,1,0,1,0,0,0,0,"- ","- ",,,"SAN FRANCISCO","SAN FRANCISCO",-122.40561676025391,37.732448577880859
8718746,2018,2018-11-09,3801,2018-09-03,2004,1230,INGLE,1,5,7,3801,0,0,0,,0,3H11D,"FOLSOM ST","PRECITA AV",158.00,S,N,A,-,N,,,,,,,,,,N,3,0,1,2,A,-,11,21954,A,N,G,B,D,A,H,-,C,D,0,Y,,,,Y,,N,60,0,1,0,0,1,0,0,0,0,"- ","- ",,,"SAN FRANCISCO","SAN FRANCISCO",-122.41354370117188,37.746757507324219
8721540,2018,2018-11-05,3801,2018-09-19,0030,4254,BAYVI,3,5,7,3801,0,0,0,,0,3C4C,"GEARY ST","POLK ST",0.00,,Y,A,-,N,,,,,,,,,,N,4,0,1,2,A,-,08,22107,,N,G,B,B,A,H,-,C,A,0,Y,,,,Y,Y,A,01,0,0,1,0,1,0,0,0,0,"- ","- ",,,"SAN FRANCISCO","SAN FRANCISCO",-122.41973876953125,37.785900115966797
8724483,2018,2018-10-30,3801,2018-09-02,0014,253,TENDE,7,5,7,3801,0,0,0,,0,3J13E,"LEAVENWORTH ST","EDDY ST",29.00,N,N,A,-,N,,,,,,,,,,Y,4,0,1,4,A,-,01,23153,A,N,G,B,E,A,H,-,C,A,0,Y,,,,Y,Y,A,01,0,0,1,0,1,0,0,0,0,"- ","- ",,,"SAN FRANCISCO","SAN FRANCISCO",-122.41425323486328,37.783809661865234