CASE_ID,ACCIDENT_YEAR,PROC_DATE,JURIS,COLLISION_DATE,COLLISION_TIME,OFFICER_ID,REPORTING_DISTRICT,DAY_OF_WEEK,CHP_SHIFT,POPULATION,CNTY_CITY_LOC,SPECIAL_COND,BEAT_TYPE,CHP_BEAT_TYPE,CITY_DIVISION_LAPD,CHP_BEAT_CLASS,BEAT_NUMBER,PRIMARY_RD,SECONDARY_RD,DISTANCE,DIRECTION,INTERSECTION,WEATHER_1,WEATHER_2,STATE_HWY_IND,CALTRANS_COUNTY,CALTRANS_DISTRICT,STATE_ROUTE,ROUTE_SUFFIX,POSTMILE_PREFIX,POSTMILE,LOCATION_TYPE,RAMP_INTERSECTION,SIDE_OF_HWY,TOW_AWAY,COLLISION_SEVERITY,NUMBER_KILLED,NUMBER_INJURED,PARTY_COUNT,PRIMARY_COLL_FACTOR,PCF_CODE_OF_VIOL,PCF_VIOL_CATEGORY,PCF_VIOLATION,PCF_VIOL_SUBSECTION,HIT_AND_RUN,TYPE_OF_COLLISION,MVIW,PED_ACTION,ROAD_SURFACE,ROAD_COND_1,ROAD_COND_2,LIGHTING,CONTROL_DEVICE,CHP_ROAD_TYPE,PEDESTRIAN_ACCIDENT,BICYCLE_ACCIDENT,MOTORCYCLE_ACCIDENT,TRUCK_ACCIDENT,NOT_PRIVATE_PROPERTY,ALCOHOL_INVOLVED,STWD_VEHTYPE_AT_FAULT,CHP_VEHTYPE_AT_FAULT,COUNT_SEVERE_INJ,COUNT_VISIBLE_INJ,COUNT_COMPLAINT_PAIN,COUNT_PED_KILLED,COUNT_PED_INJURED,COUNT_BICYCLIST_KILLED,COUNT_BICYCLIST_INJURED,COUNT_MC_KILLED,COUNT_MC_INJURED,PRIMARY_RAMP,SECONDARY_RAMP,LATITUDE,LONGITUDE,COUNTY,CITY,POINT_X,POINT_Y
8724491,2018,2018-10-30,3801,2018-09-06,2145,2287,NORTH,4,5,7,3801,0,0,0,,0,E60,"WEBSTER ST","SUTTER ST",0.00,,Y,A,-,N,,,,,,,,,,N,3,0,1,2,A,-,10,21950,A,N,-,B,B,A,H,-,C,A,0,Y,,,,Y,,A,01,0,1,0,0,1,0,0,0,0,"- ","- ",,,"SAN FRANCISCO","SAN FRANCISCO",-122.43161773681641,37.786300659179688
8724511,2018,2018-10-30,3801,2018-09-10,0734,1518,BAYVI,1,5,7,3801,0,0,0,,0,,"OAKDALE AV","SELBY ST",69.00,W,N,A,-,N,,,,,,,,,,N,4,0,1,2,A,-,11,21954,A,N,D,B,D,A,H,-,A,A,0,Y,,,,Y,,N,60,0,0,1,0,1,0,0,0,0,"- ","- ",,,"SAN FRANCISCO","SAN FRANCISCO",-122.39989471435547,37.740039825439453
8724527,2018,2018-10-30,3801,2018-09-01,0306,658,MISSI,6,5,7,3801,0,0,0,,0,3D15E,"14TH ST","MISSION ST",84.00,E,N,B,-,N,,,,,,,,,,N,4,0,1,2,A,-,11,21950,B,N,G,B,E,A,D,-,C,D,0,Y,,,,Y,,N,60,0,0,1,0,1,0,0,0,0,"- ","- ",,,"SAN FRANCISCO","SAN FRANCISCO",-122.419677734375,37.768306732177734
8724531,2018,2018-10-30,3801,2018-09-05,0450,2334,SOUTH,3,5,7,3801,0,0,0,,0,0B1,"1ST ST","TEHAMA ST",0.00,,Y,F,-,N,,,,,,,,,,N,4,0,1,2,-,-,"- ",,,F,G,B,B,A,H,-,C,D,0,Y,,,,Y,,-,"- ",0,0,1,0,1,0,0,0,0,"- ","- ",,,"SAN FRANCISCO","SAN FRANCISCO",-122.39549255371094,37.788131713867188
8724535,2018,2018-10-30,3801,2018-09-10,0753,2456,COF,1,5,7,3801,0,0,0,,0,3F4A,"DUBOCE ST","CASTRO ST",0.00,,Y,A,-,N,,,,,,,,,,N,4,0,1,2,A,-,10,21950,A,N,-,B,B,A,H,-,A,A,0,Y,,,,Y,,A,01,0,0,1,0,1,0,0,0,0,"- ","- ",,,"SAN FRANCISCO","SAN FRANCISCO",-122.43582153320312,37.769050598144531
8724540,2018,2018-10-23,3801,2018-09-05,1254,2334,SOUTH,3,5,7,3801,0,0,0,,0,0B2,"MISSION ST","4TH ST",0.00,,Y,A,-,N,,,,,,,,,,N,4,0,1,2,A,-,21,22106,,N,-,G,B,A,H,-,A,A,0,Y,,,,Y,,A,01,0,0,1,0,1,0,0,0,0,"- ","- ",,,"SAN FRANCISCO","SAN FRANCISCO",-122.40425872802734,37.784519195556641
8724559,2018,2018-10-30,3801,2018-09-08,1500,658,MISSI,6,5,7,3801,0,0,0,,0,3D14E,"22ND ST","MISSION ST",5.00,W,N,A,-,N,,,,,,,,,,N,4,0,1,2,A,-,10,21950,A,N,G,B,B,A,H,-,A,A,0,Y,,,,Y,,D,22,0,0,1,0,1,0,0,0,0,"- ","- ",,,"SAN FRANCISCO","SAN FRANCISCO",-122.41875457763672,37.755447387695312
8726989,2018,2018-11-08,3801,2018-08-09,2110,380,CENTR,4,5,7,3801,0,0,0,,0,1CAR,"GEARY ST","MASON ST",0.00,,Y,A,-,N,,,,,,,,,,N,3,0,1,2,A,-,10,21950,A,N,G,B,B,A,H,-,C,A,0,Y,,,,Y,,A,01,0,1,0,0,1,0,0,0,0,"- ","- ",,,"SAN FRANCISCO","SAN FRANCISCO",-122.40985870361328,37.78717041015625
8742303,2018,2018-12-07,3801,2018-10-21,1400,4033,CENTR,7,5,7,3801,0,0,0,,0,3A12C,"TAYLOR ST","BAY ST",0.00,,Y,A,-,N,,,,,,,,,,N,4,0,1,2,A,-,"- ",,,N,H,-,F,-,H,-,A,D,0,Y,Y,,,Y,,L,04,0,0,1,0,1,0,0,0,0,"- ","- ",,,"SAN FRANCISCO","SAN FRANCISCO",-122.41525268554688,37.805408477783203
8744765,2018,2018-12-10,3801,2018-10-14,1523,4035,MISSI,7,5,7,3801,0,0,0,,0,3D13D,"DOLORES ST","20TH ST",6.00,S,N,A,-,N,,,,,,,,,,N,4,0,1,2,A,-,10,21950,A,N,G,B,B,A,H,-,A,D,0,Y,,,,Y,,A,01,0,0,1,0,1,0,0,0,0,"- ","- ",,,"SAN FRANCISCO","SAN FRANCISCO",-122.42582702636719,37.758193969726562
8744766,2018,2018-12-07,3801,2018-09-26,0921,4286,RICHM,3,5,7,3801,0,0,0,,0,0G3,"FULTON ST","ARGUELLO BL",150.00,W,N,A,-,N,,,,,,,,,,N,4,0,1,2,A,-,21,22106,,N,G,B,E,A,H,-,A,D,0,Y,,,,Y,,A,01,0,0,1,0,1,0,0,0,0,"- ","- ",,,"SAN FRANCISCO","SAN FRANCISCO",-122.4588623046875,37.774234771728516
8744774,2018,2018-12-07,3801,2018-09-05,0810,887,,3,5,7,3801,0,0,0,,0,,"MARKET ST","3RD ST",0.00,,Y,B,-,N,,,,,,,,,,,3,0,2,2,A,-,10,21950,A,N,H,B,B,A,H,-,A,A,0,Y,Y,,,Y,,L,04,0,1,1,0,1,0,1,0,0,"- ","- ",,,"SAN FRANCISCO","SAN FRANCISCO",-122.40345764160156,37.78765869140625
8744789,2018,2018-12-10,3801,2018-10-15,1029,1144,NORTH,1,5,7,3801,0,0,0,,0,3E12A,"SACRAMENTO ST","STEINER ST",0.00,,Y,A,-,N,,,,,,,,,,N,2,0,1,2,A,-,10,21950,A,N,G,B,B,A,H,-,A,A,0,Y,,,,Y,,A,01,1,0,0,0,1,0,0,0,0,"- ","- ",,,"SAN FRANCISCO","SAN FRANCISCO",-122.43566131591797,37.789619445800781
8744794,2018,2018-12-10,3801,2018-10-01,2000,820,NORTH,1,5,7,3801,0,0,0,,0,3E16D,"CALIFORNIA ST","HYDE ST",0.00,,Y,A,-,N,,,,,,,,,,N,4,0,1,2,B,-,22,,,N,G,B,E,A,H,-,C,A,0,Y,,,,Y,,A,01,0,0,1,0,1,0,0,0,0,"- ","- ",,,"SAN FRANCISCO","SAN FRANCISCO",-122.41739654541016,37.790988922119141
8744798,2018,2018-12-10,3801,2018-10-02,1624,215,BAYVI,2,5,7,3801,0,0,0,,0,"4 CAR","SILLIMAN ST","DARTMOUTH ST",0.00,,Y,A,-,N,,,,,,,,,,N,4,0,1,2,A,-,10,21950,A,N,G,B,B,A,H,-,A,A,0,Y,,,,Y,,A,01,0,0,1,0,1,0,0,0,0,"- ","- ",,,"SAN FRANCISCO","SAN FRANCISCO",-122.41297912597656,37.729171752929688
8745146,2018,2018-12-10,3801,2018-10-03,0737,1944,INGLE,3,5,7,3801,0,0,0,,0,005,"OCEAN AV","CAYUGA AV",24.00,E,N,B,-,N,,,,,,,,,,N,3,0,1,2,B,-,22,,,N,G,B,E,A,H,-,A,A,0,Y,,,,Y,,N,60,0,1,0,0,1,0,0,0,0,"- ","- ",,,"SAN FRANCISCO","SAN FRANCISCO",-122.43870544433594,37.723636627197266
8747069,2018,2018-12-17,3801,2018-10-25,0030,1642,,4,5,7,3801,0,0,0,,0,3B13E,"CLEMENTINA ST","1ST ST",117.00,W,N,A,-,N,,,,,,,,,,N,4,0,1,2,A,-,11,21956,A,N,G,B,E,A,H,-,C,D,0,Y,,,,Y,Y,N,60,0,0,1,0,1,0,0,0,0,"- ","- ",,,"SAN FRANCISCO","SAN FRANCISCO",-122.39528656005859,37.787517547607422
8747119,2018,2018-12-07,3801,2018-10-19,1305,001460,SOUTH,5,5,7,3801,0,0,0,,0,3B15C,"BRANNAN ST","8TH ST",180.00,E,N,A,-,N,,,,,,,,,,N,4,0,1,2,A,-,11,21955,,N,G,B,D,A,H,-,A,D,0,Y,,,,Y,,N,60,0,0,1,0,1,0,0,0,0,"- ","- ",,,"SAN FRANCISCO","SAN FRANCISCO",-122.40499114990234,37.771640777587891
8749780,2018,2019-01-10,3801,2018-10-18,2225,1642,SOUTH,4,5,7,3801,0,0,0,,0,3B12E,"MARKET ST","VAN NESS AV",0.00,,Y,A,-,Y,SF,4,101,-,T,4.860,I,5,S,N,4,0,1,2,A,-,11,21954,A,N,G,B,D,A,H,-,C,A,0,Y,,,,Y,,N,60,0,0,1,0,1,0,0,0,0,"- ","- ",,,"SAN FRANCISCO","SAN FRANCISCO",-122.41934204101562,37.775146484375
8749804,2018,2018-12-05,3801,2018-10-20,2251,627,MISSI,6,5,7,3801,0,0,0,,0,3D13E,"22ND ST","BARTLETT ST",0.00,,Y,A,-,N,,,,,,,,,,N,4,0,1,2,A,-,11,21955,,N,G,B,D,A,H,-,C,D,0,Y,,,,Y,,N,60,0,0,1,0,1,0,0,0,0,"- ","- ",,,"SAN FRANCISCO","SAN FRANCISCO",-122.41985321044922,37.75537109375
8750479,2018,2018-12-07,3801,2018-10-18,1125,1242,CENTR,4,5,7,3801,0,0,0,,0,3A15A,"MONTGOMERY ST","BUSH ST",0.00,,Y,A,-,N,,,,,,,,,,N,3,0,1,2,A,-,12,21453,A,N,G,J,B,A,H,-,A,A,0,Y,Y,,,Y,,L,04,0,1,0,0,1,0,0,0,0,"- ","- ",,,"SAN FRANCISCO","SAN FRANCISCO",-122.40235900878906,37.790969848632812
8754651,2018,2018-12-06,3801,2018-10-10,0918,4286,RICHM,3,5,7,3801,0,0,0,,0,0G3,"BALBOA ST","8TH AV",5.00,E,N,A,-,N,,,,,,,,,,N,3,0,1,2,A,-,10,21950,A,N,G,B,B,A,H,-,A,D,0,Y,,,,Y,,A,01,0,1,0,0,1,0,0,0,0,"- ","- ",,,"SAN FRANCISCO","SAN FRANCISCO",-122.46615600585938,37.777141571044922
8754652,2018,2018-12-07,3801,2018-10-20,1829,738,NORTH,6,5,7,3801,0,0,0,,0,3E15D,"ELLIS ST10TH AV","VAN NESS AV",0.00,,Y,A,-,N,,,,,,,,,,N,4,0,1,2,A,-,10,21950,A,N,G,B,B,A,H,-,A,A,0,Y,,,,Y,Y,A,01,0,0,1,0,1,0,0,0,0,"- ","- ",,,"SAN FRANCISCO","SAN FRANCISCO",-122.42095,37.783830000000002
8754655,2018,2018-12-07,3801,2018-10-11,0729,912,BAYVI,4,5,7,3801,0,0,0,,0,3C4A,"SAN BRUNO AV","WOOLSEY ST",0.00,,Y,A,-,N,,,,,,,,,,N,3,0,2,4,A,-,04,21703,,N,H,C,B,A,H,-,A,D,0,Y,,,,Y,,A,07,0,1,1,0,1,0,0,0,0,"- ","- ",,,"SAN FRANCISCO","SAN FRANCISCO",-122.40261077880859,37.725238800048828
8754664,2018,2018-12-07,3801,2018-10-21,1706,2116,E,7,5,7,3801,0,0,0,,0,004,"WEBSTER ST","SUTTER ST",9.00,E,N,A,-,N,,,,,,,,,,N,4,0,1,2,A,-,10,21950,A,N,G,B,B,A,H,-,A,A,0,Y,,,,Y,,-,,0,0,1,0,1,0,0,0,0,"- ","- ",,,"SAN FRANCISCO","SAN FRANCISCO",-122.43161773681641,37.786273956298828
8754667,2018,2018-12-07,3801,2018-10-12,0922,4286,RICHM,5,5,7,3801,0,0,0,,0,0G4,"GEARY BL","24TH AV",5.00,E,N,A,-,N,,,,,,,,,,N,4,0,1,2,A,-,10,21950,A,N,G,B,B,A,H,-,A,D,0,Y,,,,Y,,A,08,0,0,1,0,1,0,0,0,0,"- ","- ",,,"SAN FRANCISCO","SAN FRANCISCO",-122.48365020751953,37.780208587646484
8754668,2018,2018-12-07,3801,2018-10-22,0812,4333,TARAV,1,5,7,3801,0,0,0,,0,002,"34TH AV","NORIEGA ST",0.00,,Y,-,-,N,,,,,,,,,,,2,0,1,2,A,-,10,21950,A,N,A,B,B,A,H,-,A,A,0,Y,,,,Y,,A,08,1,0,0,0,1,0,0,0,0,"- ","- ",,,"SAN FRANCISCO","SAN FRANCISCO",-122.49253845214844,37.753551483154297
8754671,2018,2018-12-07,3801,2018-10-13,1505,4035,MISIS,6,5,7,3801,0,0,0,,0,3D11D,"DOLORES ST","15TH ST",0.00,,Y,A,-,N,,,,,,,,,,N,4,0,1,2,A,-,10,21950,A,N,G,B,B,A,H,-,A,D,0,Y,,,,Y,,A,01,0,0,1,0,1,0,0,0,0,"- ","- ",,,"SAN FRANCISCO","SAN FRANCISCO",-122.42659759521484,37.766258239746094
8754672,2018,2018-12-07,3801,2018-10-16,1216,2111,,2,5,7,3801,0,0,0,,0,,"19TH ST","FOLSOM ST",0.00,,Y,A,-,N,,,,,,,,,,,4,0,1,2,A,-,10,21950,A,N,G,B,B,A,H,-,A,A,0,Y,,,,Y,,-,"- ",0,0,1,0,1,0,0,0,0,"- ","- ",,,"SAN FRANCISCO","SAN FRANCISCO",-122.41481781005859,37.760490417480469
8754683,2018,2018-12-06,3801,2018-10-09,0930,1342,NORTH,2,5,7,3801,0,0,0,,0,3E14A,"BUSH ST","OCTAVIA BL",0.00,,Y,A,-,N,,,,,,,,,,N,4,0,1,2,A,-,10,21950,A,N,G,B,B,A,H,-,A,A,0,Y,,,,Y,,-,,0,0,1,0,1,0,0,0,0,"- ","- ",,,"SAN FRANCISCO","SAN FRANCISCO",-122.42687225341797,37.787860870361328
8754703,2018,2018-12-06,3801,2018-10-22,1031,293,MISSI,1,5,7,3801,0,0,0,,0,3D11A,"TREAT AV","15TH ST",237.00,S,N,A,-,N,,,,,,,,,,N,4,0,1,2,D,-,00,,,N,G,B,E,A,H,-,A,D,0,Y,,,,Y,,-,"- ",0,0,1,0,1,0,0,0,0,"- ","- ",,,"SAN FRANCISCO","SAN FRANCISCO",-122.41299438476562,37.76611328125
8754708,2018,2018-12-07,3801,2018-10-13,1442,4026,MISSI,6,5,7,3801,0,0,0,,0,3D6C,"HARRISON ST","18TH ST",0.00,,Y,A,-,N,,,,,,,,,,N,3,0,1,2,A,-,10,21950,A,N,G,B,D,A,H,-,A,D,0,Y,,,,Y,,A,01,0,1,0,0,1,0,0,0,0,"- ","- ",,,"SAN FRANCISCO","SAN FRANCISCO",-122.41284942626953,37.762248992919922
8754721,2018,2018-12-11,3801,2018-10-03,0801,1042,CENTR,3,5,7,3801,0,0,0,,0,03A,EMBARCADERO,"WASHINGTON ST",10.00,S,N,A,-,N,,,,,,,,,,N,4,0,1,2,A,-,10,21950,,F,G,B,-,A,H,-,A,A,0,Y,,,,Y,,A,01,0,0,1,0,1,0,0,0,0,"- ","- ",,,"SAN FRANCISCO","SAN FRANCISCO",-122.39554595947266,37.796600341796875
8754725,2018,2018-12-11,3801,2018-10-28,1449,4352,SOUTH,7,5,7,3801,0,0,0,,0,0B2,"FOLSOM ST","4TH ST",110.00,E,N,A,-,N,,,,,,,,,,N,4,0,1,2,A,-,11,21955,,N,G,-,E,A,C,-,A,D,0,Y,Y,,,Y,,N,60,0,0,1,0,0,0,1,0,0,"- ","- ",,,"SAN FRANCISCO","SAN FRANCISCO",-122.40089416503906,37.782253265380859
8754726,2018,2018-12-11,3801,2018-10-06,1533,2737,PARK,6,5,7,3801,0,0,0,,0,3F13D,"CLAYTON ST","GROVE ST",0.00,,Y,A,-,N,,,,,,,,,,N,4,0,1,2,A,-,11,21955,,N,G,B,D,A,H,-,A,A,0,Y,,,,Y,,N,60,0,0,1,0,1,0,0,0,0,"- ","- ",,,"SAN FRANCISCO","SAN FRANCISCO",-122.44954681396484,37.774459838867188
8754730,2018,2018-12-11,3801,2018-10-06,1906,1331,SOUTH,6,5,7,3801,0,0,0,,0,3B13D,"6TH ST","HARRISON ST",0.00,,Y,A,-,N,,,,,,,,,,N,4,0,1,2,A,-,10,21950,A,N,D,B,B,A,H,-,C,A,0,Y,,,,Y,Y,A,01,0,0,1,0,1,0,0,0,0,"- ","- ",,,"SAN FRANCISCO","SAN FRANCISCO",-122.40408325195312,37.777309417724609
8754746,2018,2018-12-11,3801,2018-10-03,0030,2038,"CO F",3,5,7,3801,0,0,0,,0,3F14E,"PORTOLA ST","CORBETT AV",0.00,,Y,A,-,N,,,,,,,,,,,4,0,1,2,A,-,03,22350,,F,G,B,E,A,H,-,C,A,0,Y,,,,Y,,-,,0,0,1,0,1,0,0,0,0,"- ","- ",,,"SAN FRANCISCO","SAN FRANCISCO",-122.44391632080078,37.750389099121094
8754748,2018,2018-12-10,3801,2018-10-08,1127,2059,CENTR,1,5,7,3801,0,0,0,,0,3A15A,"MARKET ST","2ND ST",0.00,,Y,A,-,N,,,,,,,,,,N,4,0,1,2,A,-,11,21950,B,N,D,B,B,A,H,-,A,A,0,Y,,,,Y,,N,60,0,0,1,0,1,0,0,0,0,"- ","- ",,,"SAN FRANCISCO","SAN FRANCISCO",-122.40139770507812,37.789241790771484
8754750,2018,2018-12-11,3801,2018-10-02,1715,582,CENTR,2,5,7,3801,0,0,0,,0,3A13D,"FRANCISCO ST","TAYLOR ST",0.00,,Y,A,-,N,,,,,,,,,,Y,4,0,1,2,A,-,10,21950,A,N,G,B,B,A,H,-,A,A,0,Y,,,,Y,,A,01,0,0,1,0,1,0,0,0,0,"- ","- ",,,"SAN FRANCISCO","SAN FRANCISCO",-122.41506958007812,37.804470062255859
8754759,2018,2018-12-11,3801,2018-10-08,1335,1263,TENDE,1,5,7,3801,0,0,0,,0,3J5C,"ELLIS ST","JONES ST",0.00,,Y,A,-,N,,,,,,,,,,N,4,0,1,2,-,-,"- ",,,N,G,B,C,A,H,-,A,A,0,Y,,,,Y,,-,"- ",0,0,1,0,1,0,0,0,0,"- ","- ",,,"SAN FRANCISCO","SAN FRANCISCO",-122.41278076171875,37.784900665283203
8754768,2018,2018-12-10,3801,2018-10-05,1133,2108,TENDE,5,5,7,3801,0,0,0,,0,3J5C,"EDDY ST","MASON ST",25.00,E,N,A,-,N,,,,,,,,,,N,4,0,1,2,A,-,10,21950,A,N,G,B,D,A,H,-,A,A,0,Y,,,,Y,,A,01,0,0,1,0,1,0,0,0,0,"- ","- ",,,"SAN FRANCISCO","SAN FRANCISCO",-122.40921783447266,37.784393310546875
8754772,2018,2018-12-10,3801,2018-10-05,1130,1950,BAYVI,5,5,7,3801,0,0,0,,0,,"NEWHALL AV","WILLIAMS AV",0.00,,Y,A,-,N,,,,,,,,,,N,4,0,1,2,A,-,00,20001,,F,G,B,E,A,H,-,A,D,0,Y,,,,Y,,-,,0,0,1,0,1,0,0,0,0,"- ","- ",,,"SAN FRANCISCO","SAN FRANCISCO",-122.39726257324219,37.729938507080078
8754779,2018,2019-01-18,3801,2018-10-11,1045,2439,CENTR,4,5,7,3801,0,0,0,,0,3A15A,"MARKET ST","BATTERY ST",103.00,E,N,A,-,N,,,,,,,,,,Y,4,0,1,2,A,-,11,21954,A,N,G,B,D,A,H,-,A,A,0,Y,,,,Y,,N,60,0,0,1,0,1,0,0,0,0,"- ","- ",,,"SAN FRANCISCO","SAN FRANCISCO",-122.39925384521484,37.790966033935547
8754780,2018,2018-12-10,3801,2018-10-07,0829,1147,SOUTH,7,5,7,3801,0,0,0,,0,3B11A,"MISSION ST","4TH ST",0.00,,Y,A,-,N,,,,,,,,,,N,4,0,1,2,A,-,11,21950,B,N,G,B,B,A,H,-,A,A,0,Y,,,,Y,,N,60,0,0,1,0,1,0,0,0,0,"- ","- ",,,"SAN FRANCISCO","SAN FRANCISCO",-122.40425872802734,37.784519195556641
8754784,2018,2018-12-10,3801,2018-10-27,1145,677,SOUTH,6,5,7,3801,0,0,0,,0,3B13,"HARRISON ST","HARRIET ST",0.00,,Y,A,-,N,,,,,,,,,,N,4,0,1,2,A,-,08,22107,,N,G,B,B,A,-,-,A,A,0,Y,,,,Y,,A,01,0,0,1,0,1,0,0,0,0,"- ","- ",,,"SAN FRANCISCO","SAN FRANCISCO",-122.40464019775391,37.776859283447266
8754790,2018,2018-12-10,3801,2018-10-03,1951,1849,TENDE,3,5,7,3801,0,0,0,,0,3J13D,"TURK ST","HYDE ST",0.00,,Y,A,-,N,,,,,,,,,,Y,4,0,1,2,A,-,10,21950,A,N,A,B,B,A,H,-,C,A,0,Y,,,,Y,,-,,0,0,1,0,1,0,0,0,0,"- ","- ",,,"SAN FRANCISCO","SAN FRANCISCO",-122.41568756103516,37.782569885253906
8754791,2018,2018-12-11,3801,2018-10-02,1709,271,INGLE,2,5,7,3801,0,0,0,,0,3H6,"GENEVA AV","PARIS ST",0.00,,Y,A,-,N,,,,,,,,,,N,4,0,1,2,A,-,10,21950,A,N,G,B,B,A,H,-,A,A,0,Y,,,,Y,,A,01,0,0,1,0,1,0,0,0,0,"- ","- ",,,"SAN FRANCISCO","SAN FRANCISCO",-122.43943023681641,37.715679168701172
8754801,2018,2018-12-07,3801,2018-10-18,1816,2200,NORTH,4,5,7,3801,0,0,0,,0,001,"FRANKLIN ST","PAGE ST",0.00,,Y,A,-,N,,,,,,,,,,Y,4,0,1,3,A,-,10,21950,A,N,G,B,B,A,H,-,A,A,0,Y,,,,Y,,A,01,0,0,1,0,1,0,0,0,0,"- ","- ",,,"SAN FRANCISCO","SAN FRANCISCO",-122.42076873779297,37.774288177490234
8754803,2018,2019-01-04,3801,2018-10-31,0907,4375,TARAV,3,5,7,3801,0,0,0,,0,3I27,"NORIEGA ST","24TH AV",0.00,,Y,A,-,N,,,,,,,,,,N,4,0,1,2,A,-,10,21950,A,N,G,B,B,-,H,-,B,A,0,Y,,,,Y,,A,08,0,0,1,0,1,0,0,0,0,"- ","- ",,,"SAN FRANCISCO","SAN FRANCISCO",-122.48184204101562,37.754009246826172
8754804,2018,2018-12-10,3801,2018-10-24,1940,2256,INGLE,3,5,7,3801,0,0,0,,0,3H13D,"PERSIA AV","MOSCOW ST",0.00,,Y,A,-,N,,,,,,,,,,N,4,0,2,3,A,-,10,21950,A,N,G,B,B,A,H,-,C,A,0,Y,,,,Y,,A,01,0,0,2,0,2,0,0,0,0,"- ","- ",,,"SAN FRANCISCO","SAN FRANCISCO",-122.42880249023438,37.719688415527344
8754814,2018,2018-12-07,3801,2018-10-23,1544,245,SOUTH,2,5,7,3801,0,0,0,,0,0B3,"SHERMAN ST","HARRISON ST",0.00,,Y,A,-,N,,,,,,,,,,N,4,0,1,2,A,-,10,21950,A,F,G,B,B,A,H,-,A,A,0,Y,,,,Y,,A,01,0,0,1,0,1,0,0,0,0,"- ","- ",,,"SAN FRANCISCO","SAN FRANCISCO",-122.40547180175781,37.776199340820312
8754817,2018,2018-12-07,3801,2018-10-18,2036,1588,INGLE,4,5,7,3801,0,0,0,,0,3H16D,"BAYSHORE BL","ARLETA AV",0.00,,Y,A,-,N,,,,,,,,,,N,4,0,1,2,A,-,11,21456,C,N,G,B,B,A,H,-,A,A,0,Y,,,,Y,,N,60,0,0,1,0,1,0,0,0,0,"- ","- ",,,"SAN FRANCISCO","SAN FRANCISCO",-122.40261077880859,37.712268829345703
8754820,2018,2018-12-10,3801,2018-10-05,0840,4039,TARAV,5,5,7,3801,0,0,0,,0,3I16A,"TARAVAL ST","32ND AV",0.00,,Y,A,-,N,,,,,,,,,,N,3,0,1,2,A,-,10,21950,A,N,G,B,B,A,H,-,A,D,0,Y,,,,Y,,A,01,0,1,0,0,1,0,0,0,0,"- ","- ",,,"SAN FRANCISCO","SAN FRANCISCO",-122.48963165283203,37.742431640625
8754825,2018,2018-12-07,3801,2018-10-21,1807,4140,TARAV,7,5,7,3801,0,0,0,,0,3I4D,"SAN BENITO WY","DARIEN WY",0.00,,Y,A,-,N,,,,,,,,,,N,4,0,1,2,A,-,11,21954,A,N,D,B,D,A,H,-,A,A,0,Y,,,,Y,,N,60,0,0,1,0,1,0,0,0,0,"- ","- ",,,"SAN FRANCISCO","SAN FRANCISCO",-122.46694183349609,37.731788635253906
8754826,2018,2018-12-17,3801,2018-10-16,1325,807,TARAV,2,5,7,3801,0,0,0,,0,3I1A,"10TH AV","JUDAH ST",0.00,,Y,A,-,N,,,,,,,,,,N,4,0,1,2,A,-,10,21950,A,N,D,B,B,A,H,-,A,A,0,Y,,,,Y,,A,01,0,0,1,0,0,0,0,0,0,"- ","- ",,,"SAN FRANCISCO","SAN FRANCISCO",-122.46726226806641,37.762191772460938
8754834,2018,2018-12-07,3801,2018-10-20,0957,1951,INGLE,6,5,7,3801,0,0,0,,0,3H15A,"GENEVA AV","BROOKDALE AV",50.00,W,N,A,-,N,,,,,,,,,,N,3,0,1,2,A,-,21,22106,,N,G,B,-,A,H,-,A,A,0,Y,,,,Y,,A,01,0,1,0,0,1,0,0,0,0,"- ","- ",,,"SAN FRANCISCO","SAN FRANCISCO",-122.42465209960938,37.710170745849609
8754835,2018,2018-12-07,3801,2018-10-17,1035,642,SOTHE,3,5,7,3801,0,0,0,,0,002,"HARRISON ST","3RD ST",5.00,W,N,A,-,N,,,,,,,,,,N,3,0,1,2,A,-,08,22107,,N,G,B,B,A,H,-,A,A,0,Y,,,,Y,,A,01,0,1,0,0,1,0,0,0,0,"- ","- ",,,"SAN FRANCISCO","SAN FRANCISCO",-122.39739990234375,37.782539367675781
8754838,2018,2019-01-17,3801,2018-10-26,1534,2398,INGLE,5,5,7,3801,0,0,0,,0,3H13C,"CHENERY ST","MATEO ST",0.00,,Y,A,-,N,,,,,,,,,,,3,0,1,2,A,-,11,21950,B,N,A,B,E,A,H,-,A,A,0,Y,,,,Y,,N,60,0,1,0,0,1,0,0,0,0,"- ","- ",37.736301422119141,-122.42900085449219,"SAN FRANCISCO","SAN FRANCISCO",-122.42894744873047,37.736400604248047
8754846,2018,2018-12-07,3801,2018-10-26,1140,2238,INGLE,5,5,7,3801,0,0,0,,0,3H1C,"GENEVA AV","LONDON ST",0.00,,Y,A,-,N,,,,,,,,,,N,3,0,1,2,A,-,10,21950,A,N,G,B,B,A,H,-,A,D,0,Y,,,,Y,,A,01,0,1,0,0,1,0,0,0,0,"- ","- ",,,"SAN FRANCISCO","SAN FRANCISCO",-122.44023895263672,37.716049194335938
8754849,2018,2018-12-17,3801,2018-10-18,1904,1023,INGLE,4,5,7,3801,0,0,0,,0,3H15D,"MISSION ST","EXCELSIOR AV",0.00,,Y,A,-,N,,,,,,,,,,N,4,0,1,2,A,-,10,21950,A,N,G,B,B,A,H,-,C,A,0,Y,,,,Y,,A,01,0,0,1,0,1,0,0,0,0,"- ","- ",,,"SAN FRANCISCO","SAN FRANCISCO",-122.43363952636719,37.726238250732422