CASE_ID,ACCIDENT_YEAR,PROC_DATE,JURIS,COLLISION_DATE,COLLISION_TIME,OFFICER_ID,REPORTING_DISTRICT,DAY_OF_WEEK,CHP_SHIFT,POPULATION,CNTY_CITY_LOC,SPECIAL_COND,BEAT_TYPE,CHP_BEAT_TYPE,CITY_DIVISION_LAPD,CHP_BEAT_CLASS,BEAT_NUMBER,PRIMARY_RD,SECONDARY_RD,DISTANCE,DIRECTION,INTERSECTION,WEATHER_1,WEATHER_2,STATE_HWY_IND,CALTRANS_COUNTY,CALTRANS_DISTRICT,STATE_ROUTE,ROUTE_SUFFIX,POSTMILE_PREFIX,POSTMILE,LOCATION_TYPE,RAMP_INTERSECTION,SIDE_OF_HWY,TOW_AWAY,COLLISION_SEVERITY,NUMBER_KILLED,NUMBER_INJURED,PARTY_COUNT,PRIMARY_COLL_FACTOR,PCF_CODE_OF_VIOL,PCF_VIOL_CATEGORY,PCF_VIOLATION,PCF_VIOL_SUBSECTION,HIT_AND_RUN,TYPE_OF_COLLISION,MVIW,PED_ACTION,ROAD_SURFACE,ROAD_COND_1,ROAD_COND_2,LIGHTING,CONTROL_DEVICE,CHP_ROAD_TYPE,PEDESTRIAN_ACCIDENT,BICYCLE_ACCIDENT,MOTORCYCLE_ACCIDENT,TRUCK_ACCIDENT,NOT_PRIVATE_PROPERTY,ALCOHOL_INVOLVED,STWD_VEHTYPE_AT_FAULT,CHP_VEHTYPE_AT_FAULT,COUNT_SEVERE_INJ,COUNT_VISIBLE_INJ,COUNT_COMPLAINT_PAIN,COUNT_PED_KILLED,COUNT_PED_INJURED,COUNT_BICYCLIST_KILLED,COUNT_BICYCLIST_INJURED,COUNT_MC_KILLED,COUNT_MC_INJURED,PRIMARY_RAMP,SECONDARY_RAMP,LATITUDE,LONGITUDE,COUNTY,CITY,POINT_X,POINT_Y
8754852,2018,2018-12-10,3801,2018-10-31,1717,1042,TARAA,3,5,7,3801,0,0,0,,0,3I15D,"KIRKHAM ST","8TH AV",0.00,,Y,A,-,N,,,,,,,,,,Y,4,0,1,2,A,-,10,21950,A,N,A,B,B,A,H,-,A,A,0,Y,,,,Y,,A,01,0,0,1,0,1,0,0,0,0,"- ","- ",,,"SAN FRANCISCO","SAN FRANCISCO",-122.46498107910156,37.760341644287109
8754854,2018,2018-12-07,3801,2018-10-27,0843,564,,6,5,7,3801,0,0,0,,0,,"VERNON ST","HOLLOWAY AV",0.00,,Y,E,-,N,,,,,,,,,,N,4,0,1,2,A,-,10,21950,A,N,G,B,B,B,H,-,A,A,0,Y,,,,Y,,A,01,0,0,1,0,1,0,0,0,0,"- ","- ",,,"SAN FRANCISCO","SAN FRANCISCO",-122.46808624267578,37.721649169921875
8754859,2018,2018-12-07,3801,2018-10-24,0812,807,TARAV,3,5,7,3801,0,0,0,,0,3I11A,"JUDAH ST","19TH AV",0.00,W,N,A,-,N,,,,,,,,,,N,3,0,1,2,A,-,11,21954,A,N,G,B,D,A,H,-,A,A,0,Y,,,,Y,,N,60,0,1,0,0,1,0,0,0,0,"- ","- ",,,"SAN FRANCISCO","SAN FRANCISCO",-122.47702789306641,37.761699676513672
8754875,2018,2018-12-07,3801,2018-10-28,0205,867,SOUTH,7,5,7,3801,0,0,0,,0,004,"MARKET ST","LAGUNA ST",75.00,E,N,A,-,N,,,,,,,,,,Y,3,0,1,2,A,-,11,21955,,F,G,B,D,A,H,-,C,A,0,Y,,,,Y,Y,N,60,0,1,0,0,1,0,0,0,0,"- ","- ",,,"SAN FRANCISCO","SAN FRANCISCO",-122.4246826171875,37.770896911621094
8754878,2018,2018-12-07,3801,2018-10-26,0815,2117,BAYVE,5,5,7,3801,0,0,0,,0,3C1A,"23RD ST","WISCONSIN ST",0.00,,Y,A,-,N,,,,,,,,,,N,3,0,1,2,A,-,10,21950,A,N,G,B,B,A,H,-,A,A,0,Y,,,,Y,,A,01,0,1,0,0,1,0,0,0,0,"- ","- ",,,"SAN FRANCISCO","SAN FRANCISCO",-122.39871215820312,37.7547607421875
8754879,2018,2018-12-07,3801,2018-10-28,0730,728,,7,5,7,3801,0,0,0,,0,3B42,"S VAN NESS AV","MISSION ST",0.00,,Y,A,-,N,,,,,,,,,,,4,0,1,2,A,-,10,21950,A,F,D,B,B,A,H,-,A,A,0,Y,,,,Y,,-,,0,0,1,0,1,0,0,0,0,"- ","- ",,,"SAN FRANCISCO","SAN FRANCISCO",-122.41863250732422,37.773109436035156
8754974,2018,2018-12-07,3801,2018-10-13,1604,4178,BAYVI,6,5,7,3801,0,0,0,,0,4B3A,"GIANTS DR","EGBERT AV",88.00,N,N,A,-,N,,,,,,,,,,N,3,0,1,2,A,-,11,21954,A,N,G,B,D,A,H,-,A,A,0,Y,,,,Y,,N,60,0,1,0,0,1,0,0,0,0,"- ","- ",,,"SAN FRANCISCO","SAN FRANCISCO",-122.38587188720703,37.719322204589844
8755038,2018,2018-12-06,3801,2018-10-28,1122,4095,MISSI,7,5,7,3801,0,0,0,,0,004,"CESAR CHAVEZ ST","FOLSOM ST",7.00,E,N,A,-,N,,,,,,,,,,N,3,0,1,2,A,-,10,21950,A,N,G,B,B,A,H,-,A,A,0,Y,,,,Y,,A,01,0,1,0,0,1,0,0,0,0,"- ","- ",,,"SAN FRANCISCO","SAN FRANCISCO",-122.41365814208984,37.748268127441406
8756603,2018,2019-02-01,3801,2018-10-02,1608,993,SOUTH,2,5,7,3801,0,0,0,,0,SECTOR,"MISSION ST","MISSION ST 833",0.00,,Y,A,-,N,,,,,,,,,,N,3,0,1,2,A,-,11,21954,A,N,G,B,E,A,H,-,A,D,0,Y,Y,,,Y,,N,60,0,1,0,0,1,0,0,0,0,"- ","- ",,,"SAN FRANCISCO","SAN FRANCISCO",-122.405384,37.783596000000003
8756609,2018,2018-12-11,3801,2018-10-05,0922,2719,,5,5,7,3801,0,0,0,,0,,"GEARY BL","8TH AV",0.00,,Y,A,-,N,,,,,,,,,,N,2,0,1,2,A,-,10,21950,A,N,G,B,B,A,H,-,A,A,0,Y,,,,Y,,-,,1,0,0,0,1,0,0,0,0,"- ","- ",,,"SAN FRANCISCO","SAN FRANCISCO",-122.4664306640625,37.780979156494141
8756619,2018,2018-12-11,3801,2018-10-05,0056,1042,SOUTH,5,5,7,3801,0,0,0,,0,3B13E,"FOLSOM ST","FOLSOM ST 1190",0.00,,Y,A,-,N,,,,,,,,,,,4,0,1,2,D,-,00,,,N,B,B,E,A,H,-,C,A,0,Y,,,,Y,Y,-,"- ",0,0,1,0,1,0,0,0,0,"- ","- ",,,"SAN FRANCISCO","SAN FRANCISCO",-122.40975,37.775233
8756622,2018,2018-12-11,3801,2018-10-22,1932,556,SOUTH,1,5,7,3801,0,0,0,,0,3B12D,"5TH ST","FOLSOM ST",14.00,N,N,A,-,N,,,,,,,,,,N,4,0,1,2,A,-,10,21950,A,N,G,B,B,A,H,-,C,A,0,Y,,,,Y,Y,A,01,0,0,1,0,1,0,0,0,0,"- ","- ",,,"SAN FRANCISCO","SAN FRANCISCO",-122.40343475341797,37.780300140380859
8756633,2018,2018-12-11,3801,2018-10-29,1209,221,TENDE,1,5,7,3801,0,0,0,,0,3J51B,"HYDE (SB)","GOLDEN GATE (EB)",0.00,,Y,A,-,N,,,,,,,,,,Y,3,0,2,3,A,-,10,21950,A,F,G,B,B,A,H,-,A,A,0,Y,,,,Y,,A,01,0,1,1,0,2,0,0,0,0,TO,"- ",,,"SAN FRANCISCO","SAN FRANCISCO",-122.41549682617188,37.781650543212891
8756696,2018,2019-01-02,3801,2018-11-07,1130,2210,,3,5,7,3801,0,0,0,,0,3H13C,"MISSION ST","BRAZIL AV",0.00,,Y,A,-,N,,,,,,,,,,N,4,0,1,2,A,-,10,21950,A,N,G,B,B,A,H,-,A,A,0,Y,,Y,,Y,,C,06,0,0,1,0,1,0,0,0,0,"- ","- ",37.724578857421875,-122.43485260009766,"SAN FRANCISCO","SAN FRANCISCO",-122.43482971191406,37.724700927734375
8756707,2018,2018-12-31,3801,2018-11-08,1445,2375,,4,5,7,3801,0,0,0,,0,,"GEARY BL","6TH AV",39.00,W,N,A,-,N,,,,,,,,,,,4,0,1,2,A,-,11,21954,A,N,G,B,E,A,H,-,A,D,0,Y,,,,Y,,N,60,0,0,1,0,1,0,0,0,0,"- ","- ",,,"SAN FRANCISCO","SAN FRANCISCO",-122.46442413330078,37.781082153320312
8756711,2018,2018-12-31,3801,2018-11-08,2201,2334,,4,5,7,3801,0,0,0,,0,0B1,"BEALE ST","FOLSOM ST",81.00,N,N,A,-,N,,,,,,,,,,N,4,0,1,2,D,-,00,,,N,G,B,E,-,H,-,C,D,0,Y,,,,Y,,-,"- ",0,0,1,0,1,0,0,0,0,"- ","- ",,,"SAN FRANCISCO","SAN FRANCISCO",-122.39292144775391,37.788864135742188
8756979,2018,2018-12-11,3801,2018-08-08,2145,340,INGLE,3,5,7,3801,0,0,0,,0,3H11D,"CAPP ST","18TH ST",0.00,,Y,A,-,N,,,,,,,,,,N,4,0,1,2,D,-,00,,,F,G,B,B,A,G,-,C,A,0,Y,,,,Y,,-,"- ",0,0,1,0,1,0,0,0,0,"- ","- ",,,"SAN FRANCISCO","SAN FRANCISCO",-122.41826629638672,37.761890411376953
8757937,2018,2018-12-27,3801,2018-11-27,1300,964,NORTH,2,5,7,3801,0,0,0,,0,3E42C,"FRANCISCO ST","VAN NESS AV",0.00,,Y,B,C,N,,,,,,,,,,N,4,0,1,2,A,-,11,21950,B,M,G,B,D,B,H,-,A,A,0,Y,,,,Y,,N,60,0,0,1,0,1,0,0,0,0,"- ","- ",,,"SAN FRANCISCO","SAN FRANCISCO",-122.42495727539062,37.803199768066406
8758059,2018,2018-12-28,3801,2018-11-05,0754,1944,INGLE,1,5,7,3801,0,0,0,,0,002,"SAN JOSE AV","BOSWORTH ST",0.00,,Y,A,-,N,,,,,,,,,,N,4,0,2,3,A,-,10,21950,A,N,G,B,B,A,H,-,B,D,0,Y,,,,Y,,D,22,0,0,2,0,2,0,0,0,0,"- ","- ",,,"SAN FRANCISCO","SAN FRANCISCO",-122.43247222900391,37.733158111572266
8758063,2018,2018-12-28,3801,2018-11-05,1848,302,NORTH,1,5,7,3801,0,0,0,,0,3E4D,"POLK ST","PINE ST",4.00,N,N,A,-,N,,,,,,,,,,N,3,0,1,2,D,-,00,,,N,G,B,B,A,H,-,C,A,0,Y,,,,Y,,-,"- ",0,1,0,0,1,0,0,0,0,"- ","- ",,,"SAN FRANCISCO","SAN FRANCISCO",-122.42050170898438,37.789649963378906
8758085,2018,2019-01-18,3801,2018-11-02,0927,1951,INGLE,5,5,7,3801,0,0,0,,0,3H13A,"SAN JUAN AV","MISSION ST",5.00,W,N,A,-,N,,,,,,,,,,N,4,0,1,2,A,-,10,21950,A,N,G,B,B,A,H,-,A,A,0,Y,,,,Y,,A,01,0,0,1,0,1,0,0,0,0,"- ","- ",,,"SAN FRANCISCO","SAN FRANCISCO",-122.43533325195312,37.724018096923828
8758089,2018,2019-01-18,3801,2018-11-05,0800,1620,BAYVI,1,5,7,3801,0,0,0,,0,3C13A,"CARROL AV","3RD ST",0.00,,Y,A,-,N,,,,,,,,,,N,4,0,1,2,A,-,10,21950,A,N,G,B,B,A,H,-,A,A,0,Y,,,,Y,,A,07,0,0,1,0,1,0,0,0,0,"- ","- ",,,"SAN FRANCISCO","SAN FRANCISCO",-122.39436340332031,37.725490570068359
8758090,2018,2019-01-18,3801,2018-11-08,1810,4140,TARAV,4,5,7,3801,0,0,0,,0,3I11D,"IRVING ST","25TH AV",100.00,E,N,A,-,N,,,,,,,,,,N,3,0,1,2,A,-,11,21950,B,N,G,B,D,A,H,-,C,D,0,Y,,,,Y,,N,60,0,1,0,0,1,0,0,0,0,"- ","- ",,,"SAN FRANCISCO","SAN FRANCISCO",-122.48321533203125,37.763298034667969
8758093,2018,2019-01-18,3801,2018-11-03,1005,1713,SOUTH,6,5,7,3801,0,0,0,,0,3B12A,"HOWARD ST","STEUART ST",0.00,,Y,A,-,N,,,,,,,,,,N,4,0,1,2,A,-,10,21950,A,F,G,B,B,A,H,-,A,A,0,Y,,,,Y,,-,,0,0,1,0,1,0,0,0,0,"- ","- ",,,"SAN FRANCISCO","SAN FRANCISCO",-122.39163970947266,37.792018890380859
8758098,2018,2019-01-18,3801,2018-11-08,0838,4333,TARAV,4,5,7,3801,0,0,0,,0,3I5A,"VICENTE ST","18TH AV",0.00,,Y,A,-,N,,,,,,,,,,N,3,0,1,2,A,-,10,21950,A,N,G,B,B,A,H,-,A,A,0,Y,,,,Y,,-,,0,1,0,0,1,0,0,0,0,"- ","- ",,,"SAN FRANCISCO","SAN FRANCISCO",-122.47434997558594,37.739360809326172
8758109,2018,2019-01-29,3801,2018-11-11,1747,1023,CENTR,7,5,7,3801,0,0,0,,0,3A15D,"THE EMBARCADERO","DON CHEE WY",523.00,N,N,A,-,N,,,,,,,,,,N,4,0,1,2,A,-,"- ",,,F,E,J,-,A,H,-,C,D,0,Y,Y,,,Y,,N,60,0,0,1,0,0,0,1,0,0,"- ","- ",,,"SAN FRANCISCO","SAN FRANCISCO",-122.39451599121094,37.795253753662109
8758113,2018,2019-01-18,3801,2018-11-02,0710,2374,INGLE,5,5,7,3801,0,0,0,,0,0H6,"SCHWERIN ST","GARRISON AV",0.00,,Y,A,-,N,,,,,,,,,,N,3,0,1,2,A,-,10,21950,A,N,G,B,B,A,H,-,A,D,0,Y,,,,Y,,A,01,0,1,0,0,1,0,0,0,0,"- ","- ",,,"SAN FRANCISCO","SAN FRANCISCO",-122.41195678710938,37.709178924560547
8758114,2018,2019-01-18,3801,2018-11-06,1430,494,CENTR,2,5,7,3801,0,0,0,,0,3A12A,"GEARY ST","TAYLOR ST",16.00,N,N,A,-,N,,,,,,,,,,N,4,0,1,2,A,-,10,21950,A,N,G,B,B,A,H,-,A,A,0,Y,,,,Y,,A,01,0,0,1,0,1,0,0,0,0,"- ","- ",,,"SAN FRANCISCO","SAN FRANCISCO",-122.41145324707031,37.786956787109375
8758118,2018,2019-01-18,3801,2018-11-06,0930,1157,TARAV,2,5,7,3801,0,0,0,,0,3I13D,"LINCOLN BL","41ST AV",0.00,,Y,A,-,N,,,,,,,,,,N,3,0,1,2,A,-,10,21950,A,N,G,B,B,A,H,-,A,D,0,Y,,,,Y,,A,01,0,1,0,0,1,0,0,0,0,"- ","- ",,,"SAN FRANCISCO","SAN FRANCISCO",-122.50084686279297,37.764408111572266
8758121,2018,2019-01-18,3801,2018-11-12,2238,1499,MISSI,1,5,7,3801,0,0,0,,0,3D00,"POTRERO AV","25TH ST",5.00,N,N,A,-,N,,,,,,,,,,N,4,0,1,2,A,-,21,22106,,F,-,B,E,A,H,-,C,A,0,Y,,,,Y,,A,01,0,0,1,0,1,0,0,0,0,"- ","- ",,,"SAN FRANCISCO","SAN FRANCISCO",-122.40620422363281,37.751754760742188
8758129,2018,2019-01-18,3801,2018-11-11,1125,798,INGLE,7,5,7,3801,0,0,0,,0,3H112A,"GENEVA AV","MISSION ST",5.00,E,N,A,-,N,,,,,,,,,,N,2,0,1,2,A,-,10,21950,A,F,G,B,B,A,H,-,A,A,0,Y,,,,Y,,A,01,1,0,0,0,1,0,0,0,0,"- ","- ",,,"SAN FRANCISCO","SAN FRANCISCO",-122.44098663330078,37.716384887695312
8758134,2018,2019-01-18,3801,2018-11-06,1340,4026,MISSI,2,5,7,3801,0,0,0,,0,3D93,"S VAN NESS AV","20TH ST",0.00,,Y,A,-,N,,,,,,,,,,N,4,0,1,2,A,-,11,21954,A,N,G,B,D,A,H,-,A,A,0,Y,,,,Y,,N,60,0,0,1,0,1,0,0,0,0,"- ","- ",,,"SAN FRANCISCO","SAN FRANCISCO",-122.41690826416016,37.758758544921875
8758145,2018,2019-01-18,3801,2018-11-09,0045,334,,5,5,7,3801,0,0,0,,0,,"CHESTNUT ST","POLK ST",0.00,,Y,A,-,N,,,,,,,,,,N,3,0,1,2,A,-,10,21950,A,F,G,B,B,A,H,-,C,A,0,Y,,,,Y,Y,A,01,0,1,0,0,1,0,0,0,0,"- ","- ",,,"SAN FRANCISCO","SAN FRANCISCO",-122.42308044433594,37.802490234375
8758146,2018,2019-01-18,3801,2018-11-05,1915,2716,PARK,1,5,7,3801,0,0,0,,0,3F2D,"MARKET ST","NOE ST",0.00,,Y,A,-,N,,,,,,,,,,N,4,0,1,2,A,-,10,21950,A,N,-,B,B,A,G,-,B,A,0,Y,,,,Y,,A,01,0,0,1,0,1,0,0,0,0,"- ","- ",,,"SAN FRANCISCO","SAN FRANCISCO",-122.43314361572266,37.764240264892578
8758149,2018,2019-01-18,3801,2018-11-10,1131,2398,INGLE,6,5,7,3801,0,0,0,,0,3H13C,"MISSION ST","SENECA AV",0.00,,Y,A,-,N,,,,,,,,,,N,2,0,1,2,A,-,10,21950,A,N,G,B,B,A,H,-,A,A,0,Y,,,,Y,,A,01,1,0,0,0,1,0,0,0,0,"- ","- ",,,"SAN FRANCISCO","SAN FRANCISCO",-122.44013214111328,37.717658996582031
8758158,2018,2019-01-18,3801,2018-11-06,0834,1944,INGLE,2,5,7,3801,0,0,0,,0,003,"MADRID ST","AVALON AV",0.00,,Y,A,-,N,,,,,,,,,,N,4,0,1,2,A,-,10,21950,A,N,G,B,B,A,H,-,B,A,0,Y,,,,Y,,A,07,0,0,1,0,1,0,0,0,0,"- ","- ",,,"SAN FRANCISCO","SAN FRANCISCO",-122.42926025390625,37.726268768310547
8758174,2018,2019-02-08,3801,2018-11-16,1338,1482,TENDE,5,5,7,3801,0,0,0,,0,3J14A,"JONES ST","TURK ST",0.00,,Y,F,-,N,,,,,,,,,,N,4,0,1,2,A,-,11,21453,D,N,G,B,B,A,H,-,A,A,0,Y,,Y,,Y,,N,60,0,0,1,0,1,0,0,0,0,"- ","- ",,,"SAN FRANCISCO","SAN FRANCISCO",-122.41240692138672,37.783000946044922
8758178,2018,2019-01-24,3801,2018-11-14,0830,719,CENTR,3,5,7,3801,0,0,0,,0,5CAR,"JONES ST","SUTTER ST",0.00,,Y,A,-,N,,,,,,,,,,,4,0,1,2,A,-,10,21950,A,M,G,B,B,A,H,-,A,A,0,Y,,,,Y,,-,"- ",0,0,1,0,1,0,0,0,0,"- ","- ",,,"SAN FRANCISCO","SAN FRANCISCO",-122.41352081298828,37.788600921630859
8758179,2018,2019-01-24,3801,2018-11-25,1528,2207,CENTR,7,5,7,3801,0,0,0,,0,3A60,"CLAY ST","WALTER U LUM PL",0.00,,Y,A,-,N,,,,,,,,,,N,4,0,1,2,A,-,21,22106,,N,G,B,D,A,H,-,A,D,0,Y,,,,Y,,A,01,0,0,1,0,1,0,0,0,0,"- ","- ",,,"SAN FRANCISCO","SAN FRANCISCO",-122.40564727783203,37.794361114501953
8758181,2018,2019-01-23,3801,2018-11-05,0057,2093,NORTH,1,5,7,3801,0,0,0,,0,3E13E,"POLK ST","FERN ST",0.00,,Y,A,-,N,,,,,,,,,,N,4,0,1,2,A,-,11,21954,A,N,H,J,D,A,H,-,C,D,0,Y,,,,Y,,N,60,0,0,1,0,1,0,0,0,0,"- ","- ",,,"SAN FRANCISCO","SAN FRANCISCO",-122.42018890380859,37.7882080078125
8758185,2018,2019-01-23,3801,2018-11-02,0905,915,COJ,5,5,7,3801,0,0,0,,0,3J12A,"MARKET ST","OFARRELL ST",0.00,,Y,A,-,N,,,,,,,,,,N,3,0,1,2,A,-,12,21453,A,N,H,-,-,A,H,-,A,A,0,Y,Y,,,Y,,L,04,0,1,0,0,1,0,0,0,0,"- ","- ",,,"SAN FRANCISCO","SAN FRANCISCO",-122.40458,37.786769999999997
8758187,2018,2019-01-24,3801,2018-11-27,1410,2262,BAYVI,2,5,7,3801,0,0,0,,0,01C,"3RD ST","23RD ST",5.00,N,N,C,-,N,,,,,,,,,,N,2,0,1,2,A,-,10,21950,A,F,G,B,B,B,H,-,A,A,0,Y,,,,Y,,-,,1,0,0,0,1,0,0,0,0,"- ","- ",,,"SAN FRANCISCO","SAN FRANCISCO",-122.38811492919922,37.755405426025391
8758193,2018,2019-01-23,3801,2018-11-02,0915,563,PARK,5,5,7,3801,0,0,0,,0,003,"TURK ST","TAMALPAIS TER",0.00,,Y,A,-,N,,,,,,,,,,N,4,0,1,2,A,-,10,21950,A,N,G,B,B,A,H,-,A,A,0,Y,,,,Y,,A,01,0,0,1,0,1,0,0,0,0,"- ","- ",,,"SAN FRANCISCO","SAN FRANCISCO",-122.44886016845703,37.778388977050781
8758198,2018,2019-01-24,3801,2018-11-19,1813,4294,SOUTH,1,5,7,3801,0,0,0,,0,0B4,"HOWARD ST","DORE ST",2.00,E,N,A,-,N,,,,,,,,,,N,4,0,1,2,A,-,11,21950,B,N,G,B,D,A,H,-,C,D,0,Y,,,,Y,,N,60,0,0,1,0,1,0,0,0,0,"- ","- ",,,"SAN FRANCISCO","SAN FRANCISCO",-122.41377258300781,37.774524688720703
8758199,2018,2019-01-24,3801,2018-11-27,0550,196,CENTR,2,5,7,3801,0,0,0,,0,3A12A,"POST ST","STOCKTON ST",0.00,,Y,A,-,N,,,,,,,,,,N,3,0,1,2,A,-,10,21950,A,N,G,B,B,A,H,-,C,A,0,Y,,,,Y,,A,01,0,1,0,0,1,0,0,0,0,"- ","- ",,,"SAN FRANCISCO","SAN FRANCISCO",-122.40676879882812,37.788509368896484
8758214,2018,2019-01-24,3801,2018-11-15,1903,1066,SOUTH,4,5,7,3801,0,0,0,,0,0B5,"BRANNAN ST","7TH ST",0.00,,Y,A,-,N,,,,,,,,,,N,4,0,1,2,A,-,10,21950,A,N,G,B,B,A,H,-,C,A,0,Y,,,,Y,,A,01,0,0,1,0,1,0,0,0,0,"- ","- ",,,"SAN FRANCISCO","SAN FRANCISCO",-122.40321350097656,37.773048400878906
8758221,2018,2019-01-23,3801,2018-11-01,1315,1978,BAYVI,4,5,7,3801,0,0,0,,0,002,"YOSEMITE AV","MENDELL ST",120.00,E,N,A,-,N,,,,,,,,,,N,4,0,1,2,A,-,11,21954,A,N,-,B,E,-,H,-,A,A,0,Y,,,,Y,,N,60,0,0,1,0,1,0,0,0,0,"- ","- ",,,"SAN FRANCISCO","SAN FRANCISCO",-122.39508056640625,37.728778839111328
8758227,2018,2019-01-24,3801,2018-11-21,0850,385,NORTH,3,5,7,3801,0,0,0,,0,3E60,"FILLMORE ST","JACKSON ST",0.00,,Y,C,-,N,,,,,,,,,,N,4,0,1,2,A,-,10,21950,A,N,G,B,B,B,H,-,A,D,0,Y,,,,Y,,A,01,0,0,1,0,1,0,0,0,0,"- ","- ",,,"SAN FRANCISCO","SAN FRANCISCO",-122.43454742431641,37.792469024658203
8758229,2018,2019-01-23,3801,2018-11-03,2300,334,NORTH,6,5,7,3801,0,0,0,,0,,"VAN NESS AV","CALIFORNIA ST",0.00,,Y,A,-,N,,,,,,,,,,N,2,0,1,2,A,-,11,21453,D,N,G,B,B,A,H,-,C,A,0,Y,,,,Y,,N,60,1,0,0,0,1,0,0,0,0,"- ","- ",,,"SAN FRANCISCO","SAN FRANCISCO",-122.42240905761719,37.790348052978516
8758245,2018,2019-01-18,3801,2018-11-28,2135,740,MISSI,3,5,7,3801,0,0,0,,0,3D13E,"POTRERO AV","17TH ST",0.00,,Y,C,-,N,,,,,,,,,,N,3,0,1,2,A,-,10,21950,,F,G,B,B,B,H,-,C,A,0,Y,,,,Y,,A,01,0,1,0,0,1,0,0,0,0,"- ","- ",,,"SAN FRANCISCO","SAN FRANCISCO",-122.40743255615234,37.764488220214844
8758246,2018,2019-01-23,3801,2018-11-19,0707,564,TARA,1,5,7,3801,0,0,0,,0,3I11A,"IRVING ST","FUNSTON AV",55.00,W,N,A,-,N,,,,,,,,,,Y,4,0,3,4,A,-,03,22350,,N,G,B,E,A,D,-,A,D,0,Y,,,,Y,,A,01,0,0,3,0,3,0,0,0,0,"- ","- ",,,"SAN FRANCISCO","SAN FRANCISCO",-122.47078704833984,37.763839721679688
8758248,2018,2019-01-22,3801,2018-11-15,0910,4022,MISSI,4,5,7,3801,0,0,0,,0,3D16D,SHOTWELL,"19TH ST",0.00,,Y,A,-,N,,,,,,,,,,N,4,0,1,2,A,-,10,21950,A,N,G,B,B,A,H,-,A,-,0,Y,,,,Y,,A,01,0,0,1,0,1,0,0,0,0,"- ","- ",,,"SAN FRANCISCO","SAN FRANCISCO",-122.41590118408203,37.760421752929688
8758249,2018,2019-01-18,3801,2018-11-30,1600,1133,TARAV,5,5,7,3801,0,0,0,,0,,"CRESPI DR","CARDENAS AV",0.00,,Y,A,-,N,,,,,,,,,,N,2,0,1,2,A,-,10,21950,A,N,G,B,B,A,H,-,A,D,0,Y,,,,Y,,A,01,1,0,0,0,1,0,0,0,0,"- ","- ",,,"SAN FRANCISCO","SAN FRANCISCO",-122.47646331787109,37.719509124755859
8758252,2018,2019-01-22,3801,2018-11-07,1515,1994,SOUTH,3,5,7,3801,0,0,0,,0,4B3G,"NATOMA ST","7TH ST",4.00,E,N,A,-,N,,,,,,,,,,Y,2,0,1,2,A,-,03,22350,,F,G,B,E,A,H,-,A,D,0,Y,,,,Y,,A,01,1,0,0,0,1,0,0,0,0,"- ","- ",,,"SAN FRANCISCO","SAN FRANCISCO",-122.40988922119141,37.778408050537109
8758258,2018,2019-01-23,3801,2018-11-21,1123,2089,CENTR,3,5,7,3801,0,0,0,,0,001,"HYDE ST","PINE ST",0.00,,Y,B,C,N,,,,,,,,,,N,4,0,1,2,A,-,10,21950,A,N,G,B,B,B,H,-,A,A,0,Y,,,,Y,,A,08,0,0,1,0,1,0,0,0,0,"- ","- ",,,"SAN FRANCISCO","SAN FRANCISCO",-122.41719818115234,37.7900390625
8758262,2018,2019-04-02,3801,2018-11-13,1136,2714,BAYVI,2,5,7,3801,0,0,0,,0,3C12A,"ARMSTRONG AV","3RD ST",0.00,,Y,A,-,N,,,,,,,,,,N,1,1,0,2,A,-,21,22106,,N,G,B,E,A,H,-,A,D,0,Y,,,,Y,,A,01,0,0,0,1,0,0,0,0,0,"- ","- ",,,"SAN FRANCISCO","SAN FRANCISCO",-122.39366912841797,37.727039337158203
8758263,2018,2019-02-14,3801,2018-11-23,2016,2146,CENTR,5,5,7,3801,0,0,0,,0,3A12D,"GEARY ST","KEARNY ST",0.00,,Y,C,-,N,,,,,,,,,,N,4,0,1,2,A,-,10,21950,A,N,G,B,B,B,H,-,C,A,0,Y,,,,Y,,A,07,0,0,1,0,1,0,0,0,0,"- ","- ",,,"SAN FRANCISCO","SAN FRANCISCO",-122.40351104736328,37.787948608398438
8758264,2018,2019-01-22,3801,2018-11-06,1501,4249,NORTH,2,5,7,3801,0,0,0,,0,0E4,"GEARY BL","DIVISADERO ST",18.00,W,N,A,-,N,,,,,,,,,,N,4,0,1,2,A,-,10,21950,A,N,-,B,B,A,H,-,A,A,0,Y,,,,Y,,A,01,0,0,1,0,1,0,0,0,0,"- ","- ",37.783390045166016,-122.43946075439453,"SAN FRANCISCO","SAN FRANCISCO",-122.43954467773438,37.783351898193359
8758267,2018,2019-01-24,3801,2018-11-22,1811,2311,PARK,4,5,7,3801,0,0,0,,0,3F13D,"PARKER AV","TURK BL",0.00,,Y,C,-,N,,,,,,,,,,N,2,0,1,2,A,-,08,22107,,N,G,B,B,B,H,-,C,A,0,Y,,,,Y,,A,01,1,0,0,0,1,0,0,0,0,"- ","- ",,,"SAN FRANCISCO","SAN FRANCISCO",-122.45339202880859,37.777809143066406