CASE_ID,ACCIDENT_YEAR,PROC_DATE,JURIS,COLLISION_DATE,COLLISION_TIME,OFFICER_ID,REPORTING_DISTRICT,DAY_OF_WEEK,CHP_SHIFT,POPULATION,CNTY_CITY_LOC,SPECIAL_COND,BEAT_TYPE,CHP_BEAT_TYPE,CITY_DIVISION_LAPD,CHP_BEAT_CLASS,BEAT_NUMBER,PRIMARY_RD,SECONDARY_RD,DISTANCE,DIRECTION,INTERSECTION,WEATHER_1,WEATHER_2,STATE_HWY_IND,CALTRANS_COUNTY,CALTRANS_DISTRICT,STATE_ROUTE,ROUTE_SUFFIX,POSTMILE_PREFIX,POSTMILE,LOCATION_TYPE,RAMP_INTERSECTION,SIDE_OF_HWY,TOW_AWAY,COLLISION_SEVERITY,NUMBER_KILLED,NUMBER_INJURED,PARTY_COUNT,PRIMARY_COLL_FACTOR,PCF_CODE_OF_VIOL,PCF_VIOL_CATEGORY,PCF_VIOLATION,PCF_VIOL_SUBSECTION,HIT_AND_RUN,TYPE_OF_COLLISION,MVIW,PED_ACTION,ROAD_SURFACE,ROAD_COND_1,ROAD_COND_2,LIGHTING,CONTROL_DEVICE,CHP_ROAD_TYPE,PEDESTRIAN_ACCIDENT,BICYCLE_ACCIDENT,MOTORCYCLE_ACCIDENT,TRUCK_ACCIDENT,NOT_PRIVATE_PROPERTY,ALCOHOL_INVOLVED,STWD_VEHTYPE_AT_FAULT,CHP_VEHTYPE_AT_FAULT,COUNT_SEVERE_INJ,COUNT_VISIBLE_INJ,COUNT_COMPLAINT_PAIN,COUNT_PED_KILLED,COUNT_PED_INJURED,COUNT_BICYCLIST_KILLED,COUNT_BICYCLIST_INJURED,COUNT_MC_KILLED,COUNT_MC_INJURED,PRIMARY_RAMP,SECONDARY_RAMP,LATITUDE,LONGITUDE,COUNTY,CITY,POINT_X,POINT_Y
8758271,2018,2019-02-14,3801,2018-11-22,2301,1184,NORTH,4,5,7,3801,0,0,0,,0,3E11E,"FRANKLIN ST","EDDY ST",0.00,,Y,B,-,N,,,,,,,,,,N,4,0,1,3,A,-,11,21456,C,N,G,B,B,B,H,-,C,A,0,Y,,,,Y,,-,"- ",0,0,1,0,1,0,0,0,0,"- ","- ",,,"SAN FRANCISCO","SAN FRANCISCO",-122.42243957519531,37.782669067382812
8758275,2018,2019-02-14,3801,2018-11-22,1800,1279,BAYVI,4,5,7,3801,0,0,0,,0,3C14D,"GAVEN ST","BOWDOIN ST",0.00,,Y,C,-,N,,,,,,,,,,N,4,0,1,2,A,-,10,21950,A,F,B,B,E,B,H,-,C,A,0,Y,,,,Y,,-,"- ",0,0,1,0,1,0,0,0,0,"- ","- ",,,"SAN FRANCISCO","SAN FRANCISCO",-122.41325378417969,37.732089996337891
8758280,2018,2019-01-22,3801,2018-11-04,2009,970,SOUTH,7,5,7,3801,0,0,0,,0,04B,"10TH ST","HOWARD ST",0.00,,Y,A,-,N,,,,,,,,,,N,4,0,1,2,D,-,00,,,N,-,B,B,A,H,-,C,A,0,Y,,,,Y,,-,"- ",0,0,1,0,1,0,0,0,0,"- ","- ",,,"SAN FRANCISCO","SAN FRANCISCO",-122.41436767578125,37.774028778076172
8758281,2018,2019-01-18,3801,2018-11-17,1516,2132,MISSI,6,5,7,3801,0,0,0,,0,3D62,"VALENCIA ST","15TH ST",125.00,N,N,A,-,N,,,,,,,,,,N,4,0,1,2,A,-,17,21209,A,F,G,B,D,A,H,-,A,A,0,Y,,Y,,Y,,C,02,0,0,1,0,1,0,0,0,0,"- ","- ",,,"SAN FRANCISCO","SAN FRANCISCO",-122.42205810546875,37.766872406005859
8758289,2018,2019-02-06,3801,2018-11-08,1645,2419,RICHM,4,5,7,3801,0,0,0,,0,0G3,"FULTON ST","2ND AV",15.00,E,N,A,-,N,,,,,,,,,,Y,4,0,1,3,A,-,01,23152,A,N,F,E,-,A,H,-,A,A,0,Y,,,,Y,Y,A,07,0,0,1,0,1,0,0,0,0,"- ","- ",,,"SAN FRANCISCO","SAN FRANCISCO",-122.45944213867188,37.774173736572266
8758298,2018,2019-01-23,3801,2018-11-23,0117,2718,BAYVI,5,5,7,3801,0,0,0,,0,3C13E,"3RD ST","MCKINNON AV",0.00,,Y,C,-,N,,,,,,,,,,N,3,0,1,2,A,-,10,21950,A,M,G,B,B,B,H,-,C,A,0,Y,,,,Y,,A,01,0,1,0,0,1,0,0,0,0,"- ","- ",,,"SAN FRANCISCO","SAN FRANCISCO",-122.39021301269531,37.736419677734375
8758303,2018,2019-01-23,3801,2018-11-24,1859,885,SOUTH,6,5,7,3801,0,0,0,,0,3B14C,"6TH ST","MISSION ST",0.00,,Y,A,-,N,,,,,,,,,,N,2,0,1,2,A,-,10,21950,A,F,B,B,B,A,H,-,C,A,0,Y,,,,Y,,A,01,1,0,0,0,1,0,0,0,0,"- ","- ",,,"SAN FRANCISCO","SAN FRANCISCO",-122.40869140625,37.780979156494141
8758306,2018,2019-01-23,3801,2018-11-30,1715,71,RICHM,5,5,7,3801,0,0,0,,0,901,"FULTON ST","ARGUELLO BL",0.00,,Y,A,-,N,,,,,,,,,,N,3,0,1,3,D,-,00,,,F,G,B,B,A,H,-,C,A,0,Y,,,,Y,,-,"- ",0,1,0,0,1,0,0,0,0,"- ","- ",,,"SAN FRANCISCO","SAN FRANCISCO",-122.45835113525391,37.774288177490234
8758311,2018,2019-02-14,3801,2018-11-24,2206,1017,MISSI,6,5,7,3801,0,0,0,,0,3D15E,"VALENCIA ST","CESAR CHAVEZ ST",0.00,,Y,A,-,N,,,,,,,,,,Y,4,0,1,2,A,-,01,23153,A,N,A,B,B,A,H,-,C,A,0,Y,,,,Y,Y,A,01,0,0,1,0,1,0,0,0,0,"- ","- ",,,"SAN FRANCISCO","SAN FRANCISCO",-122.42024993896484,37.748119354248047
8758324,2018,2019-01-18,3801,2018-11-30,1327,1601,PARK,5,5,7,3801,0,0,0,,0,3F3B,"STANYAN ST","PARNASSUS AV",107.00,S,N,A,-,N,,,,,,,,,,N,4,0,1,2,A,-,11,21955,,N,G,B,D,A,H,-,A,D,0,Y,,,,Y,,N,60,0,0,1,0,1,0,0,0,0,"- ","- ",,,"SAN FRANCISCO","SAN FRANCISCO",-122.4525146484375,37.764198303222656
8758340,2018,2019-01-18,3801,2018-11-27,1838,1166,SOUTH,2,5,7,3801,0,0,0,,0,3B16D,"9TH ST","AVENUE H",0.00,,Y,C,-,N,,,,,,,,,,N,3,0,1,2,A,-,12,22450,A,F,G,B,B,B,H,-,C,A,0,Y,,,,Y,Y,A,01,0,1,0,0,1,0,0,0,0,"- ","- ",,,"SAN FRANCISCO","SAN FRANCISCO",-122.36994171142578,37.825241088867188
8758360,2018,2019-01-17,3801,2018-11-29,1430,1666,PARK,4,5,7,3801,0,0,0,,0,4CAR,"3RD ST","TOWNSEND ST",0.00,,Y,C,-,N,,,,,,,,,,N,4,0,1,2,A,-,10,21950,A,N,A,B,B,B,H,-,A,A,0,Y,,,,Y,,A,01,0,0,1,0,1,0,0,0,0,"- ","- ",,,"SAN FRANCISCO","SAN FRANCISCO",-122.39275360107422,37.778858184814453
8758368,2018,2019-01-17,3801,2018-11-14,1727,969,MISSI,3,5,7,3801,0,0,0,,0,3D12D,"DOUGLASS ST","ELIZABETH ST",130.00,N,N,A,-,N,,,,,,,,,,N,3,0,1,2,B,-,22,,,N,G,B,F,A,H,-,C,A,0,Y,,,,Y,,A,01,0,1,0,0,1,0,0,0,0,"- ","- ",,,"SAN FRANCISCO","SAN FRANCISCO",-122.43857574462891,37.752185821533203
8758372,2018,2019-01-17,3801,2018-11-29,0815,317,SOUTH,4,5,7,3801,0,0,0,,0,3B12A,"MISSION ST","3RD ST",0.00,,Y,C,-,N,,,,,,,,,,N,4,0,1,2,A,-,10,21950,A,N,D,B,B,B,H,-,A,A,0,Y,,,,Y,,A,01,0,0,1,0,1,0,0,0,0,"- ","- ",,,"SAN FRANCISCO","SAN FRANCISCO",-122.40200042724609,37.786270141601562
8760270,2018,2018-12-21,3801,2018-11-26,0852,976,CENT,1,5,7,3801,0,0,0,,0,3A61,"GEARY ST","TAYLOR ST",0.00,,Y,A,-,N,,,,,,,,,,N,4,0,1,2,A,-,10,21950,A,N,G,B,B,A,H,-,A,A,0,Y,,,,Y,,A,07,0,0,1,0,1,0,0,0,0,"- ","- ",,,"SAN FRANCISCO","SAN FRANCISCO",-122.41150665283203,37.786949157714844
8760428,2018,2018-12-27,3801,2018-10-21,0630,WANG4095,MISSI,7,5,7,3801,0,0,0,,0,006,"17TH ST","BRYANT ST",7.00,W,N,A,-,N,,,,,,,,,,N,4,0,1,2,A,-,10,21950,A,F,G,B,B,A,H,-,B,D,0,Y,,,,Y,,-,99,0,0,1,0,1,0,0,0,0,"- ","- ",,,"SAN FRANCISCO","SAN FRANCISCO",-122.410400390625,37.764316558837891
8760505,2018,2018-12-24,3801,2018-11-18,0910,1503,TENDE,7,5,7,3801,0,0,0,,0,3J51A,"EDDY ST","MASON ST",3.00,E,N,B,-,N,,,,,,,,,,N,4,0,1,2,A,-,10,21950,A,N,G,B,B,A,H,-,-,A,0,Y,,,,Y,,A,01,0,0,1,0,1,0,0,0,0,"- ","- ",,,"SAN FRANCISCO","SAN FRANCISCO",-122.40928649902344,37.784381866455078
8760513,2018,2018-12-24,3801,2018-11-12,0400,740,MISSI,1,5,7,3801,0,0,0,,0,0D1,"CASTRO ST","MARKET ST",6.00,S,N,A,-,N,,,,,,,,,,N,4,0,1,2,A,-,21,22106,,F,G,B,E,A,H,-,C,D,0,Y,,,,Y,Y,A,01,0,0,1,0,1,0,0,0,0,"- ","- ",,,"SAN FRANCISCO","SAN FRANCISCO",-122.43515777587891,37.762622833251953
8760517,2018,2018-12-24,3801,2018-11-12,1639,1799,TENDI,1,5,7,3801,0,0,0,,0,3J12D,"4TH ST","JESSIE ST",0.00,,Y,A,-,N,,,,,,,,,,N,4,0,1,2,A,-,10,21950,A,N,G,B,B,A,H,-,A,A,0,Y,,,,Y,,A,01,0,0,1,0,1,0,0,0,0,"- ","- ",,,"SAN FRANCISCO","SAN FRANCISCO",-122.40476989746094,37.784938812255859
8760537,2018,2018-12-24,3801,2018-11-22,1022,2466,RICHM,4,5,7,3801,0,0,0,,0,TWO,"BUSH ST","BRODERICK ST",0.00,,Y,B,C,N,,,,,,,,,,N,4,0,1,2,A,-,11,21950,B,N,-,B,B,B,H,-,A,A,0,Y,,,,Y,,N,60,0,0,1,0,1,0,0,0,0,"- ","- ",,,"SAN FRANCISCO","SAN FRANCISCO",-122.44172668457031,37.785961151123047
8763977,2018,2018-12-26,3801,2018-11-06,0938,242,NORTH,2,5,7,3801,0,0,0,,0,004,"STEINER ST","SACRAMENTO ST",8.00,S,N,A,-,N,,,,,,,,,,N,4,0,1,2,A,-,10,21950,A,N,G,B,B,A,H,-,A,A,0,Y,,,,Y,,A,01,0,0,1,0,1,0,0,0,0,"- ","- ",,,"SAN FRANCISCO","SAN FRANCISCO",-122.43565368652344,37.789596557617188
8763981,2018,2018-12-26,3801,2018-11-12,1713,624,"CO F",1,5,7,3801,0,0,0,,0,003,"MASONIC AV","FELL ST",0.00,,Y,A,-,N,,,,,,,,,,N,3,0,1,2,A,-,12,21453,A,F,G,B,B,A,H,-,A,A,0,Y,,,,Y,,A,01,0,1,0,0,1,0,0,0,0,"- ","- ",,,"SAN FRANCISCO","SAN FRANCISCO",-122.4459228515625,37.772979736328125
8763985,2018,2018-12-26,3801,2018-11-19,0830,1122,MISSI,1,5,7,3801,0,0,0,,0,0B1,"CHURCH ST","17TH ST",0.00,,Y,B,-,N,,,,,,,,,,N,4,0,1,2,A,-,10,21950,A,F,G,B,D,A,-,-,A,A,0,Y,,,,Y,,-,99,0,0,1,0,1,0,0,0,0,"- ","- ",,,"SAN FRANCISCO","SAN FRANCISCO",-122.42851257324219,37.76287841796875
8764359,2018,2019-01-03,3801,2018-11-01,1800,801,SOUTH,4,5,7,3801,0,0,0,,0,0B1,"HARRISON ST","MAIN ST",0.00,,Y,A,-,N,,,,,,,,,,Y,3,0,4,3,A,-,09,21801,A,N,D,C,F,A,H,-,A,A,0,Y,,,,Y,,A,01,0,1,3,0,1,0,0,0,0,"- ","- ",,,"SAN FRANCISCO","SAN FRANCISCO",-122.39031982421875,37.788150787353516
8764680,2018,2018-12-21,3801,2018-10-26,1555,427,BAYVI,5,5,7,3801,0,0,0,,0,3C13D,"3RD ST","PAUL AV",0.00,,Y,A,-,N,,,,,,,,,,N,2,0,1,2,A,-,11,21453,D,N,G,B,B,A,H,-,A,A,0,Y,,,,Y,,N,60,1,0,0,0,1,0,0,0,0,"- ","- ",,,"SAN FRANCISCO","SAN FRANCISCO",-122.395751953125,37.722408294677734
8776884,2018,2019-01-24,3801,2018-12-28,1100,893,TARAV,5,5,7,3801,0,0,0,,0,3I13A,"39TH AV","KIRKHAM ST",18.00,W,N,A,-,N,,,,,,,,,,N,3,0,1,2,A,-,10,21950,A,N,G,B,B,A,H,-,A,D,0,Y,,,,Y,Y,D,22,0,1,0,0,1,0,0,0,0,"- ","- ",,,"SAN FRANCISCO","SAN FRANCISCO",-122.498291015625,37.758899688720703
8776900,2018,2019-01-25,3801,2018-12-11,1730,1462,CENTR,2,5,7,3801,0,0,0,,0,3A14D,"POWELL ST","PACIFIC AV",0.00,,Y,A,-,N,,,,,,,,,,N,4,0,1,2,A,-,10,21950,A,N,G,B,B,A,H,-,C,A,0,Y,,,,Y,,D,22,0,0,1,0,1,0,0,0,0,"- ","- ",,,"SAN FRANCISCO","SAN FRANCISCO",-122.41005706787109,37.7965087890625
8776902,2018,2019-03-19,3801,2018-12-24,1120,4258,NORTH,1,5,7,3801,0,0,0,,0,3CAR,"VAN NESS AV","HAYES ST",0.00,,Y,C,-,Y,SF,4,101,-,T,5.010,I,5,S,N,4,0,1,2,A,-,11,21453,D,N,-,B,B,B,D,-,A,A,0,Y,,,Y,Y,,N,60,0,0,1,0,1,0,0,0,0,"- ","- ",,,"SAN FRANCISCO","SAN FRANCISCO",-122.41978454589844,37.777305603027344
8776915,2018,2019-01-28,3801,2018-12-21,1245,310,TARAV,5,5,7,3801,0,0,0,,0,3I4B,"TARAVAL ST","17TH ST",33.00,E,N,B,-,N,,,,,,,,,,N,2,0,1,2,A,-,11,21954,A,N,G,B,D,B,H,-,A,D,0,Y,,,,Y,,N,60,1,0,0,0,1,0,0,0,0,"- ","- ",,,"SAN FRANCISCO","SAN FRANCISCO",-122.47344970703125,37.743152618408203
8776922,2018,2019-01-24,3801,2018-11-29,1500,A22028,SOUTH,4,5,7,3801,0,0,0,,0,3B1C,"2ND ST","HOWARD ST",0.00,,Y,A,-,N,,,,,,,,,,N,4,0,1,2,A,-,10,21950,A,N,G,B,B,B,H,-,A,A,0,Y,,,,Y,,D,22,0,0,1,0,1,0,0,0,0,"- ","- ",,,"SAN FRANCISCO","SAN FRANCISCO",-122.39824676513672,37.786788940429688
8776923,2018,2019-01-28,3801,2018-12-21,1713,2228,CENTR,5,5,7,3801,0,0,0,,0,3A60,"CLAY ST","DAVIS ST",0.00,,Y,A,-,N,,,,,,,,,,N,4,0,1,2,A,-,10,21950,A,N,G,B,B,A,H,-,C,A,0,Y,,,,Y,,I,09,0,0,1,0,1,0,0,0,0,"- ","- ",,,"SAN FRANCISCO","SAN FRANCISCO",-122.39797973632812,37.7952880859375
8776950,2018,2019-01-24,3801,2018-12-01,1500,893,,6,5,7,3801,0,0,0,,0,3I13A,"VICENTE ST","37TH AV",10.00,W,N,A,-,N,,,,,,,,,,N,3,0,1,2,A,-,11,21954,A,N,G,B,D,A,H,-,A,D,0,Y,,,,Y,,N,60,0,1,0,0,1,0,0,0,0,"- ","- ",,,"SAN FRANCISCO","SAN FRANCISCO",-122.49474334716797,37.738479614257812
8777024,2018,2019-01-25,3801,2018-10-21,1540,2097,MISSI,7,5,7,3801,0,0,0,,0,1CAR,"24TH ST","NOE ST",0.00,,Y,A,-,N,,,,,,,,,,N,4,0,1,2,A,-,10,21950,A,N,G,B,B,A,H,-,A,A,0,Y,,,,Y,,A,01,0,0,1,0,1,0,0,0,0,"- ","- ",,,"SAN FRANCISCO","SAN FRANCISCO",-122.43186950683594,37.751430511474609
8777026,2018,2019-01-31,3801,2018-12-17,1137,1165,SOUTH,1,5,7,3801,0,0,0,,0,1CAR,"HARRISON ST","1ST ST",0.00,,Y,A,-,N,,,,,,,,,,N,4,0,1,2,A,-,10,21950,A,N,G,B,B,A,H,-,A,A,0,Y,,,,Y,,A,01,0,0,1,0,1,0,0,0,0,"- ","- ",,,"SAN FRANCISCO","SAN FRANCISCO",-122.39295959472656,37.786090850830078
8777060,2018,2019-01-25,3801,2018-12-05,1438,1006,BAYVI,3,5,7,3801,0,0,0,,0,3C48,"3RD ST","SHAFTER AV",0.00,,Y,B,-,N,,,,,,,,,,N,4,0,1,2,A,-,10,21950,A,F,G,B,B,A,H,-,A,A,0,Y,,,,Y,Y,A,01,0,0,1,0,1,0,0,0,0,"- ","- ",,,"SAN FRANCISCO","SAN FRANCISCO",-122.39189147949219,37.731639862060547
8777068,2018,2019-01-25,3801,2018-12-05,0855,1917,TARAV,3,5,7,3801,0,0,0,,0,3I16A,"CAPITOL AV","SAGAMORE ST",0.00,,Y,C,-,N,,,,,,,,,,N,3,0,1,2,A,-,10,21950,A,N,G,B,B,B,H,-,A,A,0,Y,,,,Y,,A,07,0,1,0,0,1,0,0,0,0,"- ","- ",,,"SAN FRANCISCO","SAN FRANCISCO",-122.45902252197266,37.711391448974609
8777088,2018,2019-01-25,3801,2018-12-07,1348,385,NROTH,5,5,7,3801,0,0,0,,0,3E11A,"CALIFORNIA ST","STEINER ST",0.00,E,-,A,-,N,,,,,,,,,,,3,0,1,3,A,-,11,21954,A,N,C,C,D,A,H,-,A,D,0,Y,,Y,,Y,,-,,0,1,0,0,0,0,0,0,1,"- ","- ",,,"SAN FRANCISCO","SAN FRANCISCO",-122.43549346923828,37.788711547851562
8777092,2018,2019-01-25,3801,2018-12-07,1303,1420,NORTH,5,5,7,3801,0,0,0,,0,,"SACRAMENTO ST","FRANKLIN ST",10.00,,N,A,-,N,,,,,,,,,,N,4,0,2,2,A,-,00,21456,1,N,D,B,B,A,H,-,A,A,0,Y,,Y,,Y,,N,60,0,0,2,0,1,0,0,0,1,"- ","- ",,,"SAN FRANCISCO","SAN FRANCISCO",-122.42415618896484,37.791088104248047
8777112,2018,2019-01-25,3801,2018-12-14,1738,459,RICHM,5,5,7,3801,0,0,0,,0,3G12D,"BUSH ST","LYON ST",0.00,,Y,B,-,N,,,,,,,,,,N,3,0,1,2,A,-,10,21950,A,N,D,B,B,B,H,-,C,A,0,Y,,,,Y,,A,01,0,1,0,0,1,0,0,0,0,"- ","- ",,,"SAN FRANCISCO","SAN FRANCISCO",-122.44502258300781,37.785541534423828
8777209,2018,2019-01-24,3801,2018-12-30,2050,145,CENTR,7,5,7,3801,0,0,0,,0,3A14E,"BROADWAY ST","KEARNY ST",0.00,,Y,A,-,N,,,,,,,,,,N,3,0,1,2,A,-,10,21950,A,N,A,B,B,A,H,-,C,A,0,Y,,,,Y,,A,01,0,1,0,0,1,0,0,0,0,"- ","- ",,,"SAN FRANCISCO","SAN FRANCISCO",-122.40548706054688,37.798019409179688
8777210,2018,2019-01-25,3801,2018-12-11,1722,2132,MISSO,2,5,7,3801,0,0,0,,0,3D62,"CASTRO ST","18TH ST",67.00,N,N,A,-,N,,,,,,,,,,N,4,0,1,2,A,-,11,21954,A,N,G,B,E,A,H,-,C,A,0,Y,,,,Y,,-,"- ",0,0,1,0,1,0,0,0,0,"- ","- ",,,"SAN FRANCISCO","SAN FRANCISCO",-122.43502044677734,37.761074066162109
8777212,2018,2019-02-07,3801,2018-12-04,1842,2146,CENTR,2,5,7,3801,0,0,0,,0,3A14D,"OFARRELL ST","STOCKTON ST",0.00,,-,C,-,N,,,,,,,,,,N,4,0,1,2,A,-,11,21954,A,F,G,B,E,B,H,-,C,D,0,Y,,,,Y,Y,N,60,0,0,1,0,1,0,0,0,0,"- ","- ",,,"SAN FRANCISCO","SAN FRANCISCO",-122.40638732910156,37.786628723144531
8777214,2018,2019-01-25,3801,2018-12-11,1500,1682,TARAV,2,5,7,3801,0,0,0,,0,"5 CAR","20TH AV","WINSTON DR",153.00,N,N,A,-,N,,,,,,,,,,N,4,0,1,2,A,-,10,21950,A,N,G,B,C,A,H,-,A,D,0,Y,,,,Y,,A,01,0,0,1,0,1,0,0,0,0,"- ","- ",,,"SAN FRANCISCO","SAN FRANCISCO",-122.47601318359375,37.727371215820312
8777226,2018,2019-02-12,3801,2018-12-17,0200,916,SOUTH,1,5,7,3801,0,0,0,,0,3B14E,"5TH ST","BRYANT ST",0.00,,Y,A,-,N,,,,,,,,,,N,4,0,1,2,A,-,08,22107,,F,G,B,D,A,H,-,C,A,0,Y,,,,Y,,-,,0,0,1,0,1,0,0,0,0,"- ","- ",,,"SAN FRANCISCO","SAN FRANCISCO",-122.40029144287109,37.777801513671875
8777230,2018,2019-02-12,3801,2018-12-16,2220,2457,SOUTH,7,5,7,3801,0,0,0,,0,3B14E,"10TH ST","HOWARD ST",0.00,,Y,A,-,N,,,,,,,,,,N,4,0,1,2,A,-,10,21950,A,F,G,B,B,B,H,-,C,A,0,Y,,,,Y,,A,01,0,0,1,0,1,0,0,0,0,"- ","- ",,,"SAN FRANCISCO","SAN FRANCISCO",-122.41436767578125,37.774028778076172
8777231,2018,2019-01-29,3801,2018-12-16,2030,2210,INGLE,7,5,7,3801,0,0,0,,0,3H16D,"GENEVA AV","DELANO AV",0.00,,Y,C,-,N,,,,,,,,,,N,4,0,1,2,A,-,10,21950,A,N,G,B,B,B,H,-,C,A,0,Y,,,,Y,,A,01,0,0,1,0,1,0,0,0,0,"- ","- ",37.720058441162109,-122.44519805908203,"SAN FRANCISCO","SAN FRANCISCO",-122.44512939453125,37.720100402832031
8777233,2018,2019-01-24,3801,2018-12-24,2241,1244,CENTR,1,5,7,3801,0,0,0,,0,005,"SACRAMENTO ST","BATTERY ST",0.00,,Y,A,-,N,,,,,,,,,,N,4,0,1,2,A,-,10,21950,A,N,G,B,B,A,H,-,C,A,0,Y,,,,Y,,A,01,0,0,1,0,1,0,0,0,0,"- ","- ",,,"SAN FRANCISCO","SAN FRANCISCO",-122.40016174316406,37.794181823730469
8777241,2018,2019-01-25,3801,2018-12-26,1841,4012,TENDE,3,5,7,3801,0,0,0,,0,3JIID,"MISSION ST","8TH ST",0.00,,Y,A,-,N,,,,,,,,,,N,4,0,1,2,A,-,03,22350,,F,G,B,B,A,H,-,C,A,0,Y,,,,Y,,A,01,0,0,1,0,1,0,0,0,0,"- ","- ",,,"SAN FRANCISCO","SAN FRANCISCO",-122.41316223144531,37.777458190917969
8777245,2018,2019-02-12,3801,2018-12-25,1910,1279,BAYVI,2,5,7,3801,0,0,0,,0,3C15D,"ARMSTRONG AV","KEITH ST",256.00,E,N,A,-,N,,,,,,,,,,N,3,0,1,2,A,-,03,22350,A,F,G,B,D,A,H,-,C,D,0,Y,,,,Y,,A,01,0,1,0,0,1,0,0,0,0,"- ","- ",,,"SAN FRANCISCO","SAN FRANCISCO",-122.39151000976562,37.725814819335938
8777255,2018,2019-02-07,3801,2018-12-11,1600,1696,NORTH,2,5,7,3801,0,0,0,,0,3E13D,"MCALLISTER ST","VAN NESS AV",56.00,W,N,A,-,N,,,,,,,,,,N,4,0,1,2,A,-,11,21954,A,F,G,B,E,A,H,-,A,A,0,Y,,,,Y,,N,60,0,0,1,0,1,0,0,0,0,"- ","- ",,,"SAN FRANCISCO","SAN FRANCISCO",-122.42052459716797,37.780029296875
8777257,2018,2019-01-25,3801,2018-12-28,1149,708,TENDE,5,5,7,3801,0,0,0,,0,3J46C,"LARKIN ST","ELLIS ST",0.00,,Y,A,-,N,,,,,,,,,,N,3,0,1,2,A,-,10,21950,A,N,G,B,B,A,H,-,A,A,0,Y,,Y,,Y,,C,03,0,1,0,0,1,0,0,0,0,"- ","- ",,,"SAN FRANCISCO","SAN FRANCISCO",-122.41771697998047,37.784248352050781
8777271,2018,2019-01-29,3801,2018-12-07,2344,311,PARK,5,5,7,3801,0,0,0,,0,3F13E,"FELL ST","MASONIC AV",0.00,,Y,A,-,N,,,,,,,,,,N,4,0,1,2,D,-,00,,,F,G,B,B,A,H,-,C,A,0,Y,,,,Y,,-,"- ",0,0,1,0,1,0,0,0,0,"- ","- ",,,"SAN FRANCISCO","SAN FRANCISCO",-122.4459228515625,37.772979736328125
8777273,2018,2019-01-25,3801,2018-12-24,2221,993,CENTR,1,5,7,3801,0,0,0,,0,001,"CALIFORNIA ST","JONES ST",0.00,,Y,C,G,N,,,,,,,,,,N,3,0,1,2,A,-,10,21950,A,N,G,B,B,B,H,-,C,A,0,Y,,,,Y,Y,A,01,0,1,0,0,1,0,0,0,0,"- ","- ",,,"SAN FRANCISCO","SAN FRANCISCO",-122.41410827636719,37.791419982910156
8777280,2018,2019-01-30,3801,2018-12-03,1310,1355,TARAV,1,5,7,3801,0,0,0,,0,3I16B,"OCEAN AV","PLYMOUTH AV",0.00,,Y,A,-,N,,,,,,,,,,N,4,0,1,2,A,-,03,22350,,N,D,G,-,A,H,-,-,A,0,Y,,,,Y,,N,60,0,0,1,0,1,0,0,0,0,"- ","- ",,,"SAN FRANCISCO","SAN FRANCISCO",-122.45654296875,37.723979949951172
8777285,2018,2019-01-30,3801,2018-12-05,2238,2398,INGLE,3,5,7,3801,0,0,0,,0,0H5,"MISSION ST","ALLISION ST",0.00,,Y,A,-,N,,,,,,,,,,N,4,0,1,2,A,-,10,21950,A,N,G,B,B,A,H,-,C,A,0,Y,,,,Y,Y,A,01,0,0,1,0,1,0,0,0,0,"- ","- ",,,"SAN FRANCISCO","SAN FRANCISCO",-122.44264984130859,37.714611053466797
8777286,2018,2019-01-30,3801,2018-12-05,1340,A22028,SOUTH,3,5,7,3801,0,0,0,,0,3B2C,"HARRIET LN","HARRISON ST",0.00,,Y,B,-,N,,,,,,,,,,N,3,0,1,2,A,-,10,21950,A,F,G,B,-,B,H,-,A,D,0,Y,,,,Y,,A,01,0,1,0,0,1,0,0,0,0,"- ","- ",,,"SAN FRANCISCO","SAN FRANCISCO",-122.40464019775391,37.776859283447266
8777287,2018,2019-02-08,3801,2018-12-28,1545,397,BAYIE,5,5,7,3801,0,0,0,,0,3C1,"CONNECTICUT ST","CESAR CHAVEZ ST",0.00,,Y,A,-,N,,,,,,,,,,Y,4,0,1,2,A,-,03,22350,,M,G,B,D,A,H,-,A,D,0,Y,,,,Y,Y,A,01,0,0,1,0,1,0,0,0,0,"- ","- ",,,"SAN FRANCISCO","SAN FRANCISCO",-122.39627075195312,37.749748229980469
8777288,2018,2019-01-29,3801,2018-12-05,0021,1184,NORTH,3,5,7,3801,0,0,0,,0,3E11E,"VAN NESS AV","HAYES ST",0.00,,Y,A,-,N,,,,,,,,,,N,4,0,1,2,A,-,11,21453,D,N,G,B,D,A,D,-,C,A,0,Y,,,,Y,,N,60,0,0,1,0,1,0,0,0,0,"- ","- ",,,"SAN FRANCISCO","SAN FRANCISCO",-122.419677734375,37.777290344238281
8777289,2018,2019-01-30,3801,2018-12-05,2209,2710,CENTR,3,5,7,3801,0,0,0,,0,3A14E,BROADWAY,"MONTGOMERY ST",0.00,,Y,A,-,N,,,,,,,,,,N,4,0,1,2,A,-,10,21950,A,N,G,B,B,A,H,-,C,A,0,Y,,,,Y,,A,01,0,0,1,0,1,0,0,0,0,"- ","- ",,,"SAN FRANCISCO","SAN FRANCISCO",-122.40383911132812,37.798240661621094