CASE_ID,ACCIDENT_YEAR,PROC_DATE,JURIS,COLLISION_DATE,COLLISION_TIME,OFFICER_ID,REPORTING_DISTRICT,DAY_OF_WEEK,CHP_SHIFT,POPULATION,CNTY_CITY_LOC,SPECIAL_COND,BEAT_TYPE,CHP_BEAT_TYPE,CITY_DIVISION_LAPD,CHP_BEAT_CLASS,BEAT_NUMBER,PRIMARY_RD,SECONDARY_RD,DISTANCE,DIRECTION,INTERSECTION,WEATHER_1,WEATHER_2,STATE_HWY_IND,CALTRANS_COUNTY,CALTRANS_DISTRICT,STATE_ROUTE,ROUTE_SUFFIX,POSTMILE_PREFIX,POSTMILE,LOCATION_TYPE,RAMP_INTERSECTION,SIDE_OF_HWY,TOW_AWAY,COLLISION_SEVERITY,NUMBER_KILLED,NUMBER_INJURED,PARTY_COUNT,PRIMARY_COLL_FACTOR,PCF_CODE_OF_VIOL,PCF_VIOL_CATEGORY,PCF_VIOLATION,PCF_VIOL_SUBSECTION,HIT_AND_RUN,TYPE_OF_COLLISION,MVIW,PED_ACTION,ROAD_SURFACE,ROAD_COND_1,ROAD_COND_2,LIGHTING,CONTROL_DEVICE,CHP_ROAD_TYPE,PEDESTRIAN_ACCIDENT,BICYCLE_ACCIDENT,MOTORCYCLE_ACCIDENT,TRUCK_ACCIDENT,NOT_PRIVATE_PROPERTY,ALCOHOL_INVOLVED,STWD_VEHTYPE_AT_FAULT,CHP_VEHTYPE_AT_FAULT,COUNT_SEVERE_INJ,COUNT_VISIBLE_INJ,COUNT_COMPLAINT_PAIN,COUNT_PED_KILLED,COUNT_PED_INJURED,COUNT_BICYCLIST_KILLED,COUNT_BICYCLIST_INJURED,COUNT_MC_KILLED,COUNT_MC_INJURED,PRIMARY_RAMP,SECONDARY_RAMP,LATITUDE,LONGITUDE,COUNTY,CITY,POINT_X,POINT_Y
8777291,2018,2019-01-29,3801,2018-12-28,1415,1682,TARA,5,5,7,3801,0,0,0,,0,"5 CAR","HOLLOWAY AV","19TH AV",0.00,,Y,A,-,N,,,,,,,,,,N,4,0,1,2,A,-,12,22450,A,F,G,B,B,A,H,-,A,A,0,Y,,,,Y,Y,-,99,0,0,1,0,1,0,0,0,0,"- ","- ",,,"SAN FRANCISCO","SAN FRANCISCO",-122.47537231445312,37.720951080322266
8777299,2018,2019-01-29,3801,2018-12-11,2335,1160,SOUTH,2,5,7,3801,0,0,0,,0,0B2,"5TH ST","TEHAMA ST",0.00,,Y,A,-,N,,,,,,,,,,N,3,0,1,2,A,-,11,21950,B,N,G,B,B,A,H,-,C,D,0,Y,,,,Y,Y,N,60,0,1,0,0,1,0,0,0,0,"- ","- ",,,"SAN FRANCISCO","SAN FRANCISCO",-122.40440368652344,37.781089782714844
8777302,2018,2019-01-30,3801,2018-12-27,1630,1951,INGLE,4,5,7,3801,0,0,0,,0,3H13D,"MONTEREY BL","FOERSTER ST",0.00,,Y,A,-,N,,,,,,,,,,N,4,0,1,2,A,-,10,21950,A,N,G,-,B,A,H,-,A,A,0,Y,,,,Y,,A,01,0,0,1,0,1,0,0,0,0,"- ","- ",,,"SAN FRANCISCO","SAN FRANCISCO",-122.44886779785156,37.731548309326172
8777305,2018,2019-03-11,3801,2018-12-03,0921,2266,INGLE,1,5,7,3801,0,0,0,,0,3H13A,"GOLD MINE DR","DIAMOND HEIGHTS BL",3.00,W,N,A,-,N,,,,,,,,,,N,4,0,1,2,A,-,10,21950,A,N,G,B,B,A,H,-,A,A,0,Y,,,,Y,,A,01,0,0,1,0,1,0,0,0,0,"- ","- ",,,"SAN FRANCISCO","SAN FRANCISCO",-122.43772125244141,37.743541717529297
8777307,2018,2019-01-29,3801,2018-12-29,1057,1725,RICHM,6,5,7,3801,0,0,0,,0,3G3A,"GEARY BL","8TH AV",0.00,,Y,A,-,N,,,,,,,,,,N,4,0,1,2,A,-,10,21950,A,N,G,B,B,A,H,-,A,A,0,Y,,,,Y,,A,01,0,0,1,0,1,0,0,0,0,"- ","- ",,,"SAN FRANCISCO","SAN FRANCISCO",-122.4664306640625,37.780979156494141
8777308,2018,2019-01-29,3801,2018-12-03,1450,1678,NORTH,1,5,7,3801,0,0,0,,0,3E42C,"PIERCE ST","CLAY ST",0.00,,Y,B,-,N,,,,,,,,,,N,4,0,1,2,A,-,12,22450,A,N,G,B,B,A,H,-,A,A,0,Y,,,,Y,,A,01,0,0,1,0,1,0,0,0,0,"- ","- ",,,"SAN FRANCISCO","SAN FRANCISCO",-122.4375,37.790290832519531
8777317,2018,2019-01-30,3801,2018-12-10,1736,2238,INGLE,1,5,7,3801,0,0,0,,0,3H16D,"VELASCO AV","RIO VERDE ST",0.00,,Y,A,-,N,,,,,,,,,,N,3,0,1,2,A,-,11,21954,A,N,G,B,E,A,H,-,C,A,0,Y,,,,Y,,N,60,0,1,0,0,1,0,0,0,0,"- ","- ",,,"SAN FRANCISCO","SAN FRANCISCO",-122.4150390625,37.708721160888672
8777324,2018,2019-01-29,3801,2018-12-02,1241,1826,CENTR,7,5,7,3801,0,0,0,,0,001,"MASON ST","GEARY ST",0.00,,Y,A,-,N,,,,,,,,,,N,2,0,1,2,A,-,10,21950,A,N,G,B,B,A,H,-,A,A,0,Y,,,,Y,,A,01,1,0,0,0,1,0,0,0,0,"- ","- ",,,"SAN FRANCISCO","SAN FRANCISCO",-122.40985870361328,37.78717041015625
8777326,2018,2019-05-03,3801,2018-12-31,2004,386,MISSI,1,5,7,3801,0,0,0,,0,3D14D,"VALENCIA ST","CESAR CHAVEZ ST",0.00,,Y,A,-,N,,,,,,,,,,N,4,0,1,2,A,-,10,21950,A,N,G,B,B,A,H,-,B,A,0,Y,,,,Y,,A,01,0,0,1,0,1,0,0,0,0,"- ","- ",,,"SAN FRANCISCO","SAN FRANCISCO",-122.42024993896484,37.748119354248047
8777327,2018,2019-01-29,3801,2018-12-28,2050,2470,CENTR,5,5,7,3801,0,0,0,,0,3A15D,"PINE ST","SANSOME ST",108.00,E,N,A,-,N,,,,,,,,,,N,4,0,1,2,A,-,11,21956,A,N,G,B,E,A,H,-,C,D,0,Y,,,,Y,,N,60,0,0,1,0,1,0,0,0,0,"- ","- ",,,"SAN FRANCISCO","SAN FRANCISCO",-122.40055084228516,37.792152404785156
8777331,2018,2019-01-29,3801,2018-12-28,1747,1749,CENTR,5,5,7,3801,0,0,0,,0,3A12D,"STOCKTON ST","GEARY ST",0.00,,Y,A,-,N,,,,,,,,,,N,4,0,1,2,A,-,15,21201,A,N,H,J,D,A,H,-,C,D,0,Y,Y,,,Y,Y,L,04,0,0,1,0,1,0,0,0,0,"- ","- ",,,"SAN FRANCISCO","SAN FRANCISCO",-122.40657806396484,37.787559509277344
8777332,2018,2019-01-29,3801,2018-12-01,2154,1129,TARAV,6,5,7,3801,0,0,0,,0,005,"CRESPI DR","19TH AV",0.00,,Y,A,-,N,,,,,,,,,,N,4,0,1,2,A,-,10,21950,A,N,G,B,B,A,H,-,C,A,0,Y,,,,Y,,A,01,0,0,1,0,1,0,0,0,0,"- ","- ",,,"SAN FRANCISCO","SAN FRANCISCO",-122.47537231445312,37.720279693603516
8777335,2018,2019-01-29,3801,2018-12-28,1724,4314,RICHM,5,5,7,3801,0,0,0,,0,0G5,"40TH AV","CABRILLO ST",72.00,S,N,A,-,N,,,,,,,,,,N,4,0,1,2,A,-,11,21954,A,N,G,B,D,A,H,-,C,D,0,Y,,,,Y,,N,60,0,0,1,0,1,0,0,0,0,"- ","- ",,,"SAN FRANCISCO","SAN FRANCISCO",-122.50037384033203,37.773490905761719
8777340,2018,2019-01-29,3801,2018-12-01,2245,901,INGLE,6,5,7,3801,0,0,0,,0,3H13E,"COLLEGE AV","MISSION ST",157.00,E,N,A,-,N,,,,,,,,,,Y,2,0,1,3,A,-,01,23152,A,F,B,E,E,A,H,-,C,D,0,Y,,,,Y,Y,A,01,1,0,0,0,1,0,0,0,0,"- ","- ",,,"SAN FRANCISCO","SAN FRANCISCO",-122.42433166503906,37.735080718994141
8777347,2018,2019-01-29,3801,2018-12-28,1608,1427,TENDE,5,5,7,3801,0,0,0,,0,J15D,"ELLIS ST","TAYLOR ST",0.00,,Y,A,-,N,,,,,,,,,,N,3,0,1,2,A,-,05,21650,1,F,G,B,B,A,H,-,A,A,0,Y,Y,,,Y,,L,04,0,1,0,0,1,0,0,0,0,"- ","- ",37.785011291503906,-122.41123962402344,"SAN FRANCISCO","SAN FRANCISCO",-122.4111328125,37.785099029541016
8777348,2018,2019-01-29,3801,2018-12-04,1415,408,SOUTH,2,5,7,3801,0,0,0,,0,3B3,"7TH ST","MISSION ST",0.00,,Y,A,-,N,,,,,,,,,,N,4,0,1,2,A,-,03,22350,,F,G,B,B,A,H,-,A,A,0,Y,,,,Y,,A,01,0,0,1,0,1,0,0,0,0,"- ","- ",,,"SAN FRANCISCO","SAN FRANCISCO",-122.41089630126953,37.779209136962891
8777352,2018,2019-01-29,3801,2018-12-07,1208,299,CENTR,5,5,7,3801,0,0,0,,0,3A12A,"MARKET ST","MONTGOMERY ST",0.00,,Y,A,-,N,,,,,,,,,,N,3,0,1,2,A,-,10,21950,A,N,G,B,B,A,H,-,A,A,0,Y,Y,,,Y,,L,04,0,1,0,0,1,0,0,0,0,"- ","- ",,,"SAN FRANCISCO","SAN FRANCISCO",-122.40199279785156,37.788768768310547
8777356,2018,2019-02-08,3801,2018-12-06,1947,1534,NORTH,4,5,7,3801,0,0,0,,0,3E14D,"VAN NESS AV","GROVE ST",0.00,,Y,A,-,Y,,,,,,,,,,N,4,0,1,2,A,-,10,21950,A,N,G,B,B,A,H,-,C,A,0,Y,,,,Y,,A,01,0,0,1,0,1,0,0,0,0,"- ","- ",,,"SAN FRANCISCO","SAN FRANCISCO",-122.41996002197266,37.778251647949219
8777358,2018,2019-01-30,3801,2018-12-28,2149,334,NORTH,5,5,7,3801,0,0,0,,0,,"BUCHANAN ST","CLAY ST",0.00,,Y,A,-,N,,,,,,,,,,N,4,0,1,2,A,-,10,21950,A,N,G,B,B,A,H,-,C,A,0,Y,,,,Y,,A,01,0,0,1,0,1,0,0,0,0,"- ","- ",,,"SAN FRANCISCO","SAN FRANCISCO",-122.430908203125,37.791130065917969
8777359,2018,2019-01-30,3801,2018-12-07,1530,786,TARAV,5,5,7,3801,0,0,0,,0,3I12D,"30TH AV","IRVING ST",0.00,,Y,A,-,N,,,,,,,,,,N,2,0,1,2,A,-,21,22106,,N,G,B,F,A,H,-,A,D,0,Y,,,,Y,,A,01,1,0,0,0,1,0,0,0,0,"- ","- ",,,"SAN FRANCISCO","SAN FRANCISCO",-122.48889923095703,37.763038635253906
8777370,2018,2019-01-31,3801,2018-12-18,0805,4223,INGLE,2,5,7,3801,0,0,0,,0,3H4A,"GENNESSEE ST",JUDSON,4.00,N,N,A,-,N,,,,,,,,,,N,4,0,1,2,A,-,10,21950,A,N,G,B,B,A,H,-,A,A,0,Y,,,,Y,,A,01,0,0,1,0,1,0,0,0,0,"- ","- ",,,"SAN FRANCISCO","SAN FRANCISCO",-122.45121002197266,37.728359222412109
8777382,2018,2019-01-31,3801,2018-12-20,0600,466,TENDE,4,5,7,3801,0,0,0,,0,003,"LARKIN ST","EDDY ST",0.00,,Y,-,-,N,,,,,,,,,,N,4,0,1,2,A,-,10,21950,A,F,G,B,B,A,H,-,D,A,0,Y,,,,Y,,A,08,0,0,1,0,1,0,0,0,0,"- ","- ",,,"SAN FRANCISCO","SAN FRANCISCO",-122.41751861572266,37.783298492431641
8777385,2018,2019-01-30,3801,2018-12-24,2233,2378,SOUTH,1,5,7,3801,0,0,0,,0,0B4,"FOLSOM ST","2ND ST",0.00,,Y,A,-,N,,,,,,,,,,N,4,0,1,2,A,-,17,21657,,F,G,B,B,B,H,-,C,A,0,Y,,,,Y,,A,01,0,0,1,0,1,0,0,0,0,"- ","- ",,,"SAN FRANCISCO","SAN FRANCISCO",-122.396728515625,37.785560607910156
8777390,2018,2019-01-31,3801,2018-12-21,0708,466,TENDE,5,5,7,3801,0,0,0,,0,004,"TURK ST","LEAVENWORTH ST",0.00,,Y,B,C,N,,,,,,,,,,N,4,0,1,2,A,-,10,21950,A,N,G,B,B,B,H,-,C,A,0,Y,,,,Y,,A,01,0,0,1,0,1,0,0,0,0,"- ","- ",,,"SAN FRANCISCO","SAN FRANCISCO",-122.41403961181641,37.782798767089844
8777394,2018,2019-01-31,3801,2018-12-21,1524,364,TARAV,5,5,7,3801,0,0,0,,0,3I5D,"OCEAN AV","20TH AV",0.00,,Y,A,-,N,,,,,,,,,,N,3,0,1,2,A,-,10,21950,A,N,G,B,B,A,H,-,A,D,0,Y,,,,Y,,A,01,0,1,0,0,1,0,0,0,0,"- ","- ",,,"SAN FRANCISCO","SAN FRANCISCO",-122.47604370117188,37.732688903808594
8777395,2018,2019-02-14,3801,2018-11-29,1752,1534,NORTH,4,5,7,3801,0,0,0,,0,3E13D,"CALIFORNIA ST","POLK ST",65.00,E,N,A,-,N,,,,,,,,,,N,3,0,1,2,A,-,00,21955,A,F,G,B,D,B,H,-,C,A,0,Y,,,,Y,,A,01,0,1,0,0,1,0,0,0,0,"- ","- ",,,"SAN FRANCISCO","SAN FRANCISCO",-122.42045593261719,37.790599822998047
8777401,2018,2019-01-30,3801,2018-12-21,1430,1118,MISSI,5,5,7,3801,0,0,0,,0,3D11C,"SANCHEZ ST","16TH ST",157.00,S,N,A,-,N,,,,,,,,,,N,4,0,1,2,A,-,11,21950,B,N,G,B,D,A,H,-,A,D,0,Y,,,,Y,,N,60,0,0,1,0,1,0,0,0,0,"- ","- ",,,"SAN FRANCISCO","SAN FRANCISCO",-122.43083953857422,37.763931274414062
8777402,2018,2019-01-31,3801,2018-12-08,0220,1857,TENDE,6,5,7,3801,0,0,0,,0,3J12D,"OFARRELL ST","TAYLOR ST",40.00,E,N,A,-,N,,,,,,,,,,N,4,0,1,2,A,-,03,22350,A,N,G,B,E,A,H,-,C,D,0,Y,,,,Y,,A,01,0,0,1,0,1,0,0,0,0,"- ","- ",,,"SAN FRANCISCO","SAN FRANCISCO",-122.41118621826172,37.786037445068359
8777406,2018,2019-01-31,3801,2018-12-08,1636,1031,TENDE,6,5,7,3801,0,0,0,,0,3J14D,"LEAVENWORTH ST","MCALLISTER ST",0.00,,Y,A,-,N,,,,,,,,,,N,4,0,1,2,A,-,11,21456,C,N,G,B,B,A,H,-,A,A,0,Y,,,,Y,,N,60,0,0,1,0,1,0,0,0,0,"- ","- ",,,"SAN FRANCISCO","SAN FRANCISCO",-122.41368865966797,37.780929565429688
8777409,2018,2019-01-30,3801,2018-12-20,1747,1923,BAYVI,4,5,7,3801,0,0,0,,0,3C78,"SILVER AV","LEDYARD ST",0.00,,Y,B,-,N,,,,,,,,,,N,4,0,1,3,A,-,10,21950,A,F,G,B,B,A,H,-,C,D,0,Y,,,,Y,,A,01,0,0,1,0,1,0,0,0,0,"- ","- ",,,"SAN FRANCISCO","SAN FRANCISCO",-122.40287780761719,37.73406982421875
8777410,2018,2019-01-31,3801,2018-12-08,2121,1745,BAYVI,6,5,7,3801,0,0,0,,0,002,"THORNTON AV","BAYSHORE BL",10.00,E,N,A,-,N,,,,,,,,,,N,3,0,1,2,A,-,10,21950,,F,G,B,B,A,H,-,C,D,0,Y,,,,Y,,-,99,0,1,0,0,1,0,0,0,0,"- ","- ",,,"SAN FRANCISCO","SAN FRANCISCO",-122.40338897705078,37.730648040771484
8777411,2018,2019-01-23,3801,2018-11-23,1415,4125,MISSI,5,5,7,3801,0,0,0,,0,3D12A,"VALENCIA ST","23RD ST",0.00,,Y,C,-,N,,,,,,,,,,N,4,0,1,2,A,-,10,21950,A,N,G,B,B,B,H,-,A,A,0,Y,,,,Y,,A,01,0,0,1,0,1,0,0,0,0,"- ","- ",,,"SAN FRANCISCO","SAN FRANCISCO",-122.42080688476562,37.753700256347656
8777421,2018,2019-01-30,3801,2018-12-20,2121,979,TENDE,4,5,7,3801,0,0,0,,0,3J13E,"EDDY ST","LARKIN ST",0.00,,Y,A,-,N,,,,,,,,,,N,2,0,1,2,A,-,11,21954,A,N,A,B,E,A,H,-,C,A,0,Y,,,,Y,,N,60,1,0,0,0,1,0,0,0,0,"- ","- ",,,"SAN FRANCISCO","SAN FRANCISCO",-122.41751861572266,37.783298492431641
8777422,2018,2019-01-31,3801,2018-12-10,1845,4294,SOUTH,1,5,7,3801,0,0,0,,0,0B5,"16TH ST","CONNECTICUT ST",11.00,E,N,A,-,N,,,,,,,,,,N,2,0,1,2,A,-,10,21950,A,N,G,B,B,A,H,-,D,D,0,Y,,,,Y,,A,01,1,0,0,0,1,0,0,0,0,"- ","- ",,,"SAN FRANCISCO","SAN FRANCISCO",-122.39780426025391,37.766380310058594
8777425,2018,2019-01-30,3801,2018-12-18,0701,1933,BAYVI,2,5,7,3801,0,0,0,,0,3C1A,"MINNESOTA ST","19TH ST",0.00,,Y,A,-,N,,,,,,,,,,N,4,0,1,2,A,-,10,21950,A,N,G,B,B,A,H,-,A,-,0,Y,,,,Y,,A,01,0,0,1,0,1,0,0,0,0,"- ","- ",,,"SAN FRANCISCO","SAN FRANCISCO",-122.39058685302734,37.761638641357422
8777519,2018,2019-01-24,3801,2018-12-08,1825,898,,6,5,7,3801,0,0,0,,0,3A12D,"SUTTER ST","GRANT ST",0.00,,Y,A,-,N,,,,,,,,,,N,3,0,1,2,A,-,11,21955,,N,G,B,D,A,H,-,C,-,0,Y,,Y,,Y,,N,60,0,1,0,0,1,0,0,0,0,"- ","- ",,,"SAN FRANCISCO","SAN FRANCISCO",-122.40538787841797,37.789638519287109
8777529,2018,2019-01-24,3801,2018-12-11,1207,1377,,2,5,7,3801,0,0,0,,0,3H11C,"DIAMOND HEIGHTS BL","DIAMOND ST",0.00,,Y,A,-,N,,,,,,,,,,N,4,0,1,2,A,-,10,21950,A,N,G,B,B,A,H,-,A,A,0,Y,,,,Y,,A,01,0,0,1,0,1,0,0,0,0,"- ","- ",,,"SAN FRANCISCO","SAN FRANCISCO",-122.43734741210938,37.738300323486328
8777567,2018,2019-01-24,3801,2018-12-07,1121,328,CENTR,5,5,7,3801,0,0,0,,0,3A44C,"WENTWORTH ST","JACKSON ST",176.00,S,N,A,-,N,,,,,,,,,,Y,4,0,1,2,A,-,03,22350,A,M,G,B,E,A,H,-,A,A,0,Y,,,,Y,,A,01,0,0,1,0,1,0,0,0,0,"- ","- ",,,"SAN FRANCISCO","SAN FRANCISCO",-122.40610504150391,37.795604705810547
8787863,2018,2019-02-13,3801,2018-12-12,0932,1507,NORTH,3,5,7,3801,0,0,0,,0,001,"HICKORY ST","BUCHANAN ST",219.00,W,N,A,-,N,,,,,,,,,,Y,2,0,3,3,A,-,01,23153,A,N,E,J,E,A,H,-,A,D,0,Y,,,,Y,Y,A,07,1,1,1,0,1,0,0,0,0,"- ","- ",,,"SAN FRANCISCO","SAN FRANCISCO",-122.42835998535156,37.774757385253906
8787955,2018,2019-01-28,3801,2018-12-21,1711,2020,SOUTH,5,5,7,3801,0,0,0,,0,0B5,"LONG BRIDGE ST","4TH ST",0.00,,Y,A,-,N,,,,,,,,,,N,4,0,1,2,A,-,03,22350,,N,G,B,F,A,-,-,B,D,0,Y,,,,Y,Y,A,01,0,0,1,0,1,0,0,0,0,"- ","- ",,,"SAN FRANCISCO","SAN FRANCISCO",-122.3914794921875,37.773639678955078
8787959,2018,2019-02-20,3801,2018-12-28,1004,2065,NORTH,5,5,7,3801,0,0,0,,0,3E3A,"OFARRELL ST","FRANKLIN ST",0.00,,Y,A,-,N,,,,,,,,,,N,4,0,1,2,A,-,10,21950,A,N,G,B,B,A,H,-,A,A,0,Y,,,,Y,,A,01,0,0,1,0,1,0,0,0,0,"- ","- ",,,"SAN FRANCISCO","SAN FRANCISCO",-122.42282867431641,37.784549713134766
8794771,2019,2019-03-27,3801,2019-01-05,0630,2065,NORTH,6,5,7,3801,0,0,0,,0,3E13A,"VAN NESS AV","ELLIS ST",0.00,,Y,C,-,Y,SF,4,101,-,-,5.490,H,-,N,N,2,0,1,2,A,-,11,21954,A,N,G,B,D,B,-,-,B,A,0,Y,,,,Y,,N,60,1,0,0,0,1,0,0,0,0,"- ","- ",,,"SAN FRANCISCO","SAN FRANCISCO",-122.42096710205078,37.783943176269531
8796635,2018,2019-03-05,3801,2018-12-30,1530,1177,TENDE,7,5,7,3801,0,0,0,,0,3J11D,"JONES ST","TURK ST",0.00,,Y,A,-,N,,,,,,,,,,Y,4,0,1,2,A,-,03,22350,A,F,G,B,B,A,H,-,A,-,0,Y,,,,Y,,A,01,0,0,1,0,1,0,0,0,0,"- ","- ",,,"SAN FRANCISCO","SAN FRANCISCO",-122.41240692138672,37.783000946044922
8803557,2019,2019-03-04,3801,2019-01-25,0700,1693,BAYVI,5,5,7,3801,0,0,0,,0,002,"CARROLL AV","THORNTON AV",0.00,,Y,A,-,N,,,,,,,,,,N,4,0,1,2,A,-,12,22450,A,N,G,B,B,A,H,-,A,A,0,Y,,,,Y,,D,22,0,0,1,0,1,0,0,0,0,"- ","- ",,,"SAN FRANCISCO","SAN FRANCISCO",-122.40341949462891,37.730640411376953
8803578,2019,2019-03-06,3801,2019-01-06,1730,671,CENTR,7,5,7,3801,0,0,0,,0,3A11D,"MASON ST","GEARY ST",0.00,,Y,C,-,N,,,,,,,,,,N,4,0,1,2,A,-,10,21950,A,N,G,B,C,B,H,-,C,A,0,Y,,,,Y,,I,09,0,0,1,0,1,0,0,0,0,"- ","- ",,,"SAN FRANCISCO","SAN FRANCISCO",-122.40985870361328,37.78717041015625
8803581,2019,2019-04-04,3801,2019-01-17,0855,4258,NORTH,4,5,7,3801,0,0,0,,0,4CAR,"DIVISADERO ST","CLAY ST",0.00,,Y,C,-,N,,,,,,,,,,N,4,0,1,2,A,-,10,21950,A,N,G,B,B,B,H,-,A,A,0,Y,,,,Y,,J,43,0,0,1,0,1,0,0,0,0,"- ","- ",,,"SAN FRANCISCO","SAN FRANCISCO",-122.44081115722656,37.789871215820312
8803681,2019,2019-02-28,3801,2019-01-31,1200,2444,BAYVI,4,5,7,3801,0,0,0,,0,"1 CAR","BRYANT ST","16TH ST",0.00,,Y,A,-,N,,,,,,,,,,N,3,0,1,2,A,-,10,21950,A,N,G,B,C,A,H,-,A,D,0,Y,,,,Y,,-,,0,1,0,0,1,0,0,0,0,"- ","- ",,,"SAN FRANCISCO","SAN FRANCISCO",-122.4105224609375,37.765590667724609
8803762,2019,2019-02-27,3801,2019-01-01,2019,1276,MISSI,2,5,7,3801,0,0,0,,0,3D16D,"POTRERO AV","ALAMEDA ST",150.00,S,N,A,-,N,,,,,,,,,,N,3,0,1,2,A,-,11,21955,,N,G,B,D,A,H,-,C,D,0,Y,,,,Y,,N,60,0,1,0,0,1,0,0,0,0,"- ","- ",,,"SAN FRANCISCO","SAN FRANCISCO",-122.40775299072266,37.767967224121094
8803768,2019,2019-03-01,3801,2019-01-30,1431,2132,MISSI,3,5,7,3801,0,0,0,,0,3D13C,"DOLORES ST","23RD ST",0.00,,Y,A,-,N,,,,,,,,,,N,4,0,1,2,A,-,10,21950,A,N,G,B,B,A,H,-,A,A,0,Y,,,,Y,,A,01,0,0,1,0,1,0,0,0,0,"- ","- ",,,"SAN FRANCISCO","SAN FRANCISCO",-122.42539978027344,37.753421783447266
8803777,2019,2019-02-27,3801,2019-01-16,0521,2091,NORTH,3,5,7,3801,0,0,0,,0,3E13E,"FRANKLIN ST","ELM ST",0.00,,Y,A,-,N,,,,,,,,,,N,4,0,1,2,A,-,10,21950,A,N,G,B,B,B,H,-,C,D,0,Y,,,,Y,,A,01,0,0,1,0,1,0,0,0,0,"- ","- ",,,"SAN FRANCISCO","SAN FRANCISCO",-122.42218017578125,37.781269073486328
8803778,2019,2019-02-27,3801,2019-01-11,1958,2008,RICHM,5,5,7,3801,0,0,0,,0,3G13D,"19TH AV","ANZA ST",105.00,N,N,A,-,N,,,,,,,,,,N,4,0,1,2,A,-,11,21954,A,N,G,B,D,A,H,-,C,D,0,Y,,,,Y,,N,60,0,0,1,0,1,0,0,0,0,"- ","- ",,,"SAN FRANCISCO","SAN FRANCISCO",-122.47821044921875,37.778739929199219
8803779,2019,2019-03-01,3801,2019-01-15,1731,1626,BAYVI,2,5,7,3801,0,0,0,,0,BAYVIE,"BACON ST","SAN BRUNO AV",0.00,,Y,C,-,N,,,,,,,,,,N,4,0,1,2,A,-,11,21453,D,N,G,B,B,B,H,-,C,A,0,Y,,,,Y,,N,60,0,0,1,0,1,0,0,0,0,"- ","- ",,,"SAN FRANCISCO","SAN FRANCISCO",-122.40361022949219,37.727638244628906
8803785,2019,2019-02-27,3801,2019-01-15,1600,1177,TENDE,2,5,7,3801,0,0,0,,0,3J11D,"MARKET ST","7TH ST",0.00,,Y,B,C,N,,,,,,,,,,N,4,0,1,2,A,-,10,21950,A,N,G,B,B,B,-,-,A,A,0,Y,,,,Y,,A,01,0,0,1,0,1,0,0,0,0,"- ","- ",,,"SAN FRANCISCO","SAN FRANCISCO",-122.41250610351562,37.780479431152344
8803792,2019,2019-02-28,3801,2019-01-27,2350,145,CENTR,7,5,7,3801,0,0,0,,0,3A5E,"MARKET ST","KEARNY ST",0.00,,Y,A,-,N,,,,,,,,,,N,3,0,1,2,A,-,10,21950,,N,G,B,B,A,H,-,C,A,0,Y,,,,Y,,A,01,0,1,0,0,1,0,0,0,0,"- ","- ",,,"SAN FRANCISCO","SAN FRANCISCO",-122.40345764160156,37.78765869140625
8803798,2019,2019-02-27,3801,2019-01-11,1627,671,CENTR,5,5,7,3801,0,0,0,,0,3A11D,"GEARY ST","LEAVENWORTH ST",0.00,,Y,C,-,N,,,,,,,,,,N,4,0,1,2,A,-,10,21950,A,N,G,B,B,B,H,-,B,A,0,Y,,,,Y,,A,01,0,0,1,0,1,0,0,0,0,"- ","- ",,,"SAN FRANCISCO","SAN FRANCISCO",-122.41480255126953,37.786540985107422
8803800,2019,2019-03-13,3801,2019-01-28,2029,1784,RICHM,1,5,7,3801,0,0,0,,0,3G2D,"BUSH ST","BRODERICK ST",0.00,,Y,A,-,N,,,,,,,,,,N,4,0,1,2,A,-,10,21950,A,N,G,B,B,A,H,-,C,A,0,Y,,,,Y,,A,01,0,0,1,0,1,0,0,0,0,"- ","- ",,,"SAN FRANCISCO","SAN FRANCISCO",-122.44172668457031,37.785961151123047
8803801,2019,2019-02-27,3801,2019-01-15,1329,2230,TENDE,2,5,7,3801,0,0,0,,0,3J45C,"HYDE ST","TURK ST",0.00,,Y,B,C,N,,,,,,,,,,N,4,0,1,2,A,-,10,21950,A,N,G,B,-,B,H,-,A,A,0,Y,,,,Y,,-,,0,0,1,0,1,0,0,0,0,"- ","- ",,,"SAN FRANCISCO","SAN FRANCISCO",-122.41568756103516,37.782569885253906
8803813,2019,2019-02-27,3801,2019-01-14,1452,893,TARAV,1,5,7,3801,0,0,0,,0,3I15A,"SLOAT BL","34TH AV",234.00,E,N,C,-,N,,,,,,,,,,N,3,0,1,2,A,-,10,21950,A,N,G,B,B,B,H,-,A,A,0,Y,,,,Y,Y,A,01,0,1,0,0,1,0,0,0,0,"- ","- ",,,"SAN FRANCISCO","SAN FRANCISCO",-122.49044036865234,37.734161376953125
8803816,2019,2019-02-28,3801,2019-01-22,1100,1609,RICHM,2,5,7,3801,0,0,0,,0,3G28,"MARTIN LUTHER KING DR","CHAIN OF LAKES DR",0.00,,Y,A,-,N,,,,,,,,,,N,4,0,1,2,D,-,00,,,N,G,B,B,A,H,-,A,A,0,Y,,,,Y,,-,"- ",0,0,1,0,1,0,0,0,0,"- ","- ",,,"SAN FRANCISCO","SAN FRANCISCO",-122.50089263916016,37.764850616455078