CASE_ID,ACCIDENT_YEAR,PROC_DATE,JURIS,COLLISION_DATE,COLLISION_TIME,OFFICER_ID,REPORTING_DISTRICT,DAY_OF_WEEK,CHP_SHIFT,POPULATION,CNTY_CITY_LOC,SPECIAL_COND,BEAT_TYPE,CHP_BEAT_TYPE,CITY_DIVISION_LAPD,CHP_BEAT_CLASS,BEAT_NUMBER,PRIMARY_RD,SECONDARY_RD,DISTANCE,DIRECTION,INTERSECTION,WEATHER_1,WEATHER_2,STATE_HWY_IND,CALTRANS_COUNTY,CALTRANS_DISTRICT,STATE_ROUTE,ROUTE_SUFFIX,POSTMILE_PREFIX,POSTMILE,LOCATION_TYPE,RAMP_INTERSECTION,SIDE_OF_HWY,TOW_AWAY,COLLISION_SEVERITY,NUMBER_KILLED,NUMBER_INJURED,PARTY_COUNT,PRIMARY_COLL_FACTOR,PCF_CODE_OF_VIOL,PCF_VIOL_CATEGORY,PCF_VIOLATION,PCF_VIOL_SUBSECTION,HIT_AND_RUN,TYPE_OF_COLLISION,MVIW,PED_ACTION,ROAD_SURFACE,ROAD_COND_1,ROAD_COND_2,LIGHTING,CONTROL_DEVICE,CHP_ROAD_TYPE,PEDESTRIAN_ACCIDENT,BICYCLE_ACCIDENT,MOTORCYCLE_ACCIDENT,TRUCK_ACCIDENT,NOT_PRIVATE_PROPERTY,ALCOHOL_INVOLVED,STWD_VEHTYPE_AT_FAULT,CHP_VEHTYPE_AT_FAULT,COUNT_SEVERE_INJ,COUNT_VISIBLE_INJ,COUNT_COMPLAINT_PAIN,COUNT_PED_KILLED,COUNT_PED_INJURED,COUNT_BICYCLIST_KILLED,COUNT_BICYCLIST_INJURED,COUNT_MC_KILLED,COUNT_MC_INJURED,PRIMARY_RAMP,SECONDARY_RAMP,LATITUDE,LONGITUDE,COUNTY,CITY,POINT_X,POINT_Y
8817649,2019,2019-03-21,3801,2019-02-04,0030,2161,NORTH,1,5,7,3801,0,0,0,,0,3E13E,"GEARY ST","LARKIN ST",0.00,,Y,C,-,N,,,,,,,,,,N,3,0,1,2,C,-,18,,,N,G,B,D,B,H,-,C,A,0,Y,,,,Y,,-,"- ",0,1,0,0,1,0,0,0,0,"- ","- ",,,"SAN FRANCISCO","SAN FRANCISCO",-122.41811370849609,37.786109924316406
8817657,2019,2019-05-07,3801,2019-02-08,1956,786,TARAV,5,5,7,3801,0,0,0,,0,3I16D,"GENEVA AV","RT 280",0.00,,Y,C,-,Y,SF,4,280,-,R,1.834,R,4,S,N,3,0,1,2,A,-,10,21950,A,N,G,B,B,B,H,-,C,A,0,Y,,,,Y,,A,01,0,1,0,0,1,0,0,0,0,"- ","- ",,,"SAN FRANCISCO","SAN FRANCISCO",-122.44757843017578,37.723884582519531
8817677,2019,2019-03-21,3801,2019-02-08,2143,426,NORTH,5,5,7,3801,0,0,0,,0,3E15E,"MARINA BL","DIVISADERO ST",0.00,,Y,A,-,N,,,,,,,,,,N,4,0,1,2,A,-,10,21950,A,N,G,B,B,A,H,-,C,A,0,Y,,,,Y,,A,01,0,0,1,0,1,0,0,0,0,"- ","- ",,,"SAN FRANCISCO","SAN FRANCISCO",-122.44400024414062,37.805591583251953
8817681,2019,2019-03-20,3801,2019-02-02,1852,1951,INGLE,6,5,7,3801,0,0,0,,0,3H13D,"SAN JOSE AV","NIAGARA AV",0.00,,Y,C,-,N,,,,,,,,,,N,3,0,2,3,A,-,10,21950,A,N,G,B,B,B,H,-,C,A,0,Y,,,,Y,,A,01,0,2,0,0,2,0,0,0,0,"- ","- ",,,"SAN FRANCISCO","SAN FRANCISCO",-122.44760894775391,37.719478607177734
8817683,2019,2019-03-20,3801,2019-02-08,1629,182,BAYVI,5,5,7,3801,0,0,0,,0,3C14D,"SILLIMAN ST","GIRARD ST",0.00,,Y,A,-,N,,,,,,,,,,N,4,0,2,3,A,-,12,22450,A,F,G,B,B,B,H,-,A,A,0,Y,,,,Y,,A,01,0,0,2,0,2,0,0,0,0,"- ","- ",,,"SAN FRANCISCO","SAN FRANCISCO",-122.40608978271484,37.730979919433594
8817687,2019,2019-03-20,3801,2019-02-06,2231,101,TARAV,3,5,7,3801,0,0,0,,0,0I5,"SKYLINE BL","JOHN MUIR DR",0.00,,Y,B,-,N,,,,,,,,,,N,4,0,1,2,A,-,11,21954,A,N,G,B,E,A,H,-,D,D,0,Y,,,,Y,Y,N,60,0,0,1,0,1,0,0,0,0,"- ","- ",,,"SAN FRANCISCO","SAN FRANCISCO",-122.50034332275391,37.718948364257812
8817691,2019,2019-03-20,3801,2019-02-04,2141,2471,CENTR,1,5,7,3801,0,0,0,,0,3A11E,"SANSOME ST","PINE ST",0.00,,Y,C,-,N,,,,,,,,,,N,4,0,1,2,A,-,11,21954,A,N,G,B,D,B,-,-,C,A,0,Y,,,,Y,,N,60,0,0,1,0,1,0,0,0,0,"- ","- ",,,"SAN FRANCISCO","SAN FRANCISCO",-122.40091705322266,37.792098999023438
8817692,2019,2019-03-19,3801,2019-02-20,0519,2380,SOUTH,3,5,7,3801,0,0,0,,0,3B72,"MISSION ST","6TH ST",0.00,,Y,A,F,N,,,,,,,,,,N,3,0,1,2,D,-,00,,,F,G,B,B,B,H,-,B,A,0,Y,,,,Y,,-,"- ",0,1,0,0,1,0,0,0,0,"- ","- ",,,"SAN FRANCISCO","SAN FRANCISCO",-122.40869140625,37.780979156494141
8817693,2019,2019-03-21,3801,2019-02-14,1201,1447,TENDE,4,5,7,3801,0,0,0,,0,3J13E,"HYDE ST","FULTON ST",0.00,,Y,C,-,N,,,,,,,,,,N,4,0,1,2,A,-,21,22106,,F,G,B,B,B,H,-,C,A,0,Y,,,,Y,,A,01,0,0,1,0,1,0,0,0,0,"- ","- ",,,"SAN FRANCISCO","SAN FRANCISCO",-122.41513061523438,37.779808044433594
8817696,2019,2019-03-18,3801,2019-02-19,1949,1601,PARK,2,5,7,3801,0,0,0,,0,3F44B,"NANCY PELOSI DR","BOWLING GREEN DR",39.00,W,N,A,-,N,,,,,,,,,,N,3,0,2,2,A,-,11,21950,B,N,G,-,D,A,H,-,C,D,0,Y,Y,,,Y,,N,60,0,2,0,0,1,0,1,0,0,"- ","- ",,,"SAN FRANCISCO","SAN FRANCISCO",-122.46045684814453,37.770362854003906
8817697,2019,2019-03-20,3801,2019-02-12,1334,417,CENTR,2,5,7,3801,0,0,0,,0,3A46B,"POWELL ST","POST ST",0.00,,Y,B,-,N,,,,,,,,,,N,4,0,1,2,A,-,12,21455,,N,B,B,E,A,H,-,A,A,0,Y,,,,Y,,N,60,0,0,1,0,1,0,0,0,0,"- ","- ",,,"SAN FRANCISCO","SAN FRANCISCO",-122.40840148925781,37.788288116455078
8817700,2019,2019-03-18,3801,2019-02-20,1707,96,INGEL,3,5,7,3801,0,0,0,,0,3H13D,"SAN JOSE AV","NIAGARA AV",0.00,,Y,A,-,N,,,,,,,,,,N,2,0,1,2,A,-,10,21950,A,N,G,B,B,A,H,-,A,A,0,Y,,Y,,Y,,C,06,1,0,0,0,1,0,0,0,0,"- ","- ",,,"SAN FRANCISCO","SAN FRANCISCO",-122.44760894775391,37.719478607177734
8817701,2019,2019-03-20,3801,2019-02-03,0006,4276,CENTR,7,5,7,3801,0,0,0,,0,"3 CAR","BAY ST","MASON ST",0.00,,Y,C,-,N,,,,,,,,,,N,3,0,1,2,A,-,11,21950,B,N,G,B,D,B,H,-,C,A,0,Y,,,,Y,Y,N,60,0,1,0,0,1,0,0,0,0,"- ","- ",,,"SAN FRANCISCO","SAN FRANCISCO",-122.41358947753906,37.805629730224609
8817705,2019,2019-03-21,3801,2019-02-02,2142,740,MISSI,6,5,7,3801,0,0,0,,0,3D15E,"DUBOCE AV","VALENCIA ST",0.00,,Y,C,-,N,,,,,,,,,,N,3,0,1,2,A,-,11,21456,C,M,G,B,B,B,H,-,C,A,0,Y,,,,Y,Y,N,60,0,1,0,0,1,0,0,0,0,"- ","- ",,,"SAN FRANCISCO","SAN FRANCISCO",-122.42236328125,37.769870758056641
8817708,2019,2019-03-18,3801,2019-02-19,1710,786,TARAV,2,5,7,3801,0,0,0,,0,3I11D,"LAWTON ST","FUNSTON AV",0.00,,Y,A,-,N,,,,,,,,,,N,2,0,1,2,A,-,11,21954,A,N,G,J,E,A,H,-,A,D,0,Y,,,,Y,,N,60,1,0,0,0,1,0,0,0,0,"- ","- ",,,"SAN FRANCISCO","SAN FRANCISCO",-122.47020721435547,37.758251190185547
8817714,2019,2019-03-20,3801,2019-02-19,1851,23335,RICHM,2,5,7,3801,0,0,0,,0,0G3,"11TH AV","GEARY BL",0.00,,Y,A,-,N,,,,,,,,,,N,2,0,2,3,A,-,21,22106,,N,G,B,B,A,H,-,C,A,0,Y,,,,Y,,A,01,1,0,1,0,2,0,0,0,0,"- ","- ",,,"SAN FRANCISCO","SAN FRANCISCO",-122.46965789794922,37.780830383300781
8817715,2019,2019-03-20,3801,2019-02-02,2130,4104,PARK,6,5,7,3801,0,0,0,,0,3F3A,"MCALLISTER ST","BRODERICK ST",0.00,,Y,B,-,N,,,,,,,,,,N,3,0,1,2,D,-,00,,,N,G,B,B,B,H,-,D,A,0,Y,,,,Y,,-,"- ",0,1,0,0,1,0,0,0,0,"- ","- ",,,"SAN FRANCISCO","SAN FRANCISCO",-122.44003295898438,37.777568817138672
8817716,2019,2019-03-19,3801,2019-02-14,1023,3G44,RICHM,4,5,7,3801,0,0,0,,0,004,"CLEMENT ST","21ST AV",0.00,,Y,B,C,N,,,,,,,,,,N,3,0,1,2,A,-,10,21950,A,N,G,B,B,B,H,-,A,A,0,Y,,,,Y,,A,08,0,1,0,0,1,0,0,0,0,"- ","- ",,,"SAN FRANCISCO","SAN FRANCISCO",-122.4805908203125,37.782199859619141
8817721,2019,2019-03-20,3801,2019-02-02,1532,1291,,6,5,7,3801,0,0,0,,0,,"EDDY ST","TAYLOR ST",10.00,E,N,B,C,N,,,,,,,,,,N,4,0,1,2,A,-,10,21950,A,N,G,B,B,B,H,-,A,A,0,Y,,,,Y,Y,A,01,0,0,1,0,1,0,0,0,0,"- ","- ",,,"SAN FRANCISCO","SAN FRANCISCO",-122.41091918945312,37.784164428710938
8817723,2019,2019-03-20,3801,2019-02-02,2154,1100,TENDE,6,5,7,3801,0,0,0,,0,3J12E,"6TH ST","JESSIE ST",4.00,S,N,C,-,N,,,,,,,,,,N,4,0,1,2,A,-,21,22106,,N,G,B,B,B,H,-,C,A,0,Y,,,,Y,,A,01,0,0,1,0,1,0,0,0,0,"- ","- ",,,"SAN FRANCISCO","SAN FRANCISCO",-122.40920257568359,37.781391143798828
8817728,2019,2019-03-19,3801,2019-02-18,1515,2230,TENDE,1,5,7,3801,0,0,0,,0,3J44C,"TURK ST","TAYLOR ST",0.00,,Y,A,-,N,,,,,,,,,,N,4,0,1,2,A,-,09,21453,C,F,G,B,B,A,H,-,A,A,0,Y,,,,Y,,A,01,0,0,1,0,1,0,0,0,0,"- ","- ",,,"SAN FRANCISCO","SAN FRANCISCO",-122.41078186035156,37.783210754394531
8817730,2019,2019-03-20,3801,2019-02-05,0709,2046,NORTH,2,5,7,3801,0,0,0,,0,3E14A,"STEINER ST","CALIFORNIA ST",29.00,W,N,A,-,N,,,,,,,,,,N,4,0,1,2,A,-,10,21950,C,N,G,B,B,A,H,-,A,A,0,Y,,,,Y,,A,01,0,0,1,0,1,0,0,0,0,"- ","- ",,,"SAN FRANCISCO","SAN FRANCISCO",-122.43550109863281,37.788787841796875
8817731,2019,2019-03-20,3801,2019-02-26,2227,245,SOUTH,2,5,7,3801,0,0,0,,0,0B1,"1ST ST","HOWARD ST",0.00,,Y,C,-,N,,,,,,,,,,Y,2,0,1,2,A,-,08,22107,,N,G,B,B,B,H,-,C,A,0,Y,,,,Y,,A,01,1,0,0,0,1,0,0,0,0,"- ","- ",,,"SAN FRANCISCO","SAN FRANCISCO",-122.39604187011719,37.788551330566406
8817733,2019,2019-03-21,3801,2019-02-03,1016,195,NORTH,7,5,7,3801,0,0,0,,0,003,"GEARY BL","POLK ST",0.00,,Y,B,C,N,,,,,,,,,,N,4,0,1,2,A,-,06,21750,A,N,G,B,B,B,H,-,A,A,0,Y,,,,Y,,A,01,0,0,1,0,1,0,0,0,0,"- ","- ",,,"SAN FRANCISCO","SAN FRANCISCO",-122.41973876953125,37.785900115966797
8817734,2019,2019-03-27,3801,2019-02-06,0735,2279,BAYVI,3,5,7,3801,0,0,0,,0,0C2,"CARROLL AV","3RD ST",115.00,W,N,A,-,N,,,,,,,,,,N,4,0,1,2,A,-,"- ",,,N,G,B,D,A,H,-,A,D,0,Y,,,,Y,,A,01,0,0,1,0,1,0,0,0,0,"- ","- ",,,"SAN FRANCISCO","SAN FRANCISCO",-122.39469909667969,37.725658416748047
8817737,2019,2019-03-21,3801,2019-02-02,1900,874,CENTR,6,5,7,3801,0,0,0,,0,3A15D,"CALIFORNIA ST","SANSOME ST",123.00,E,N,C,-,N,,,,,,,,,,N,4,0,1,2,A,-,21,22106,,N,G,B,E,B,H,-,C,D,0,Y,,,,Y,,A,01,0,0,1,0,1,0,0,0,0,"- ","- ",,,"SAN FRANCISCO","SAN FRANCISCO",-122.40071868896484,37.793148040771484
8817741,2019,2019-03-21,3801,2019-02-02,1849,2419,RICHM,6,5,7,3801,0,0,0,,0,004,"CALIFORNIA ST","26TH AV",0.00,,Y,C,-,N,,,,,,,,,,,3,0,1,2,A,-,03,22350,,N,G,B,B,B,-,-,C,D,0,Y,,,,Y,,A,07,0,1,0,0,1,0,0,0,0,"- ","- ",,,"SAN FRANCISCO","SAN FRANCISCO",-122.48607635498047,37.783828735351562
8817745,2019,2019-03-21,3801,2019-02-05,1548,1931,NORTH,2,5,7,3801,0,0,0,,0,,"PINE ST","POLK ST",0.00,,Y,A,-,N,,,,,,,,,,N,4,0,1,2,A,-,10,21950,A,N,D,B,B,A,H,-,A,A,0,Y,,,,Y,,A,01,0,0,1,0,1,0,0,0,0,"- ","- ",,,"SAN FRANCISCO","SAN FRANCISCO",-122.42050170898438,37.789638519287109
8817748,2019,2019-03-19,3801,2019-02-12,1130,196,CENTR,2,5,7,3801,0,0,0,,0,3A15A,"SACRAMENTO ST","DAVIS ST",136.00,E,N,B,-,N,,,,,,,,,,N,3,0,1,2,A,-,05,21651,A,N,G,B,D,A,H,-,A,A,0,Y,,,,Y,,N,60,0,1,0,0,1,0,0,0,0,"- ","- ",,,"SAN FRANCISCO","SAN FRANCISCO",-122.39732360839844,37.794540405273438
8817749,2019,2019-03-21,3801,2019-02-04,1944,2050,NORTH,1,5,7,3801,0,0,0,,0,3E4D,"POLK ST","PINE ST",0.00,,Y,C,-,N,,,,,,,,,,N,4,0,1,2,A,-,10,21950,A,N,B,B,B,B,H,-,C,A,0,Y,,,,Y,,A,01,0,0,1,0,1,0,0,0,0,"- ","- ",,,"SAN FRANCISCO","SAN FRANCISCO",-122.42050170898438,37.789638519287109
8817752,2019,2019-03-19,3801,2019-02-12,2150,1308,TENDE,2,5,7,3801,0,0,0,,0,3J13D,"FULTON ST","LARKIN ST",14.00,W,N,C,-,N,,,,,,,,,,N,4,0,1,2,A,-,10,21950,A,F,G,B,B,B,-,-,C,A,0,Y,,,,Y,,-,"- ",0,0,1,0,1,0,0,0,0,"- ","- ",,,"SAN FRANCISCO","SAN FRANCISCO",-122.41676330566406,37.779590606689453
8817753,2019,2019-03-21,3801,2019-02-04,2041,2050,NORTH,1,5,7,3801,0,0,0,,0,3E4D,"DIVISADERO ST","BUSH ST",0.00,,Y,C,-,N,,,,,,,,,,N,3,0,1,2,A,-,00,21905,A,F,B,B,B,B,H,-,C,A,0,Y,,,,Y,,-,,0,1,0,0,1,0,0,0,0,"- ","- ",,,"SAN FRANCISCO","SAN FRANCISCO",-122.44004821777344,37.786190032958984
8817758,2019,2019-03-20,3801,2019-02-12,1913,1249,MISSI,2,5,7,3801,0,0,0,,0,3D11D,"FOLSOM ST","21ST ST",0.00,,Y,C,-,N,,,,,,,,,,N,3,0,1,2,A,-,10,21950,A,N,G,B,B,B,H,-,C,A,0,Y,,,,Y,,A,01,0,1,0,0,1,0,0,0,0,"- ","- ",,,"SAN FRANCISCO","SAN FRANCISCO",-122.41452026367188,37.757301330566406
8817764,2019,2019-03-20,3801,2019-02-26,2200,2705,BAYVI,2,5,7,3801,0,0,0,,0,3C13D,"KANSAS ST","26TH ST",0.00,,Y,B,C,N,,,,,,,,,,,4,0,1,2,A,-,10,21950,A,F,G,B,B,B,H,-,C,A,0,Y,,,,Y,,A,01,0,0,1,0,1,0,0,0,0,"- ","- ",,,"SAN FRANCISCO","SAN FRANCISCO",-122.40220642089844,37.750598907470703
8817766,2019,2019-03-19,3801,2019-02-18,0916,466,TTF,1,5,7,3801,0,0,0,,0,004,"GOLDEN GATE AV","JONES ST",0.00,,Y,A,-,N,,,,,,,,,,N,4,0,1,2,A,-,10,21950,A,F,G,B,B,A,H,-,A,A,0,Y,,,,Y,,-,,0,0,1,0,1,0,0,0,0,"- ","- ",,,"SAN FRANCISCO","SAN FRANCISCO",-122.4122314453125,37.782081604003906
8817768,2019,2019-03-20,3801,2019-02-26,2140,145,CENTR,2,5,7,3801,0,0,0,,0,3A12E,"SUTTER ST","POWELL ST",0.00,,Y,C,G,N,,,,,,,,,,N,4,0,1,2,A,-,10,21950,A,N,A,B,B,B,H,-,C,A,0,Y,,,,Y,,A,01,0,0,1,0,1,0,0,0,0,"- ","- ",,,"SAN FRANCISCO","SAN FRANCISCO",-122.40860748291016,37.789230346679688
8817775,2019,2019-03-19,3801,2019-02-03,1916,4067,RICHM,7,5,7,3801,0,0,0,,0,3G5D,"POINT LOBOS AV","48TH AV",865.00,W,N,B,-,N,,,,,,,,,,Y,2,0,2,4,A,-,04,21703,,N,G,B,C,A,H,-,C,D,0,Y,,,,Y,Y,A,01,1,1,0,0,2,0,0,0,0,"- ","- ",,,"SAN FRANCISCO","SAN FRANCISCO",-122.51219177246094,37.779083251953125
8817776,2019,2019-03-20,3801,2019-02-02,1812,4314,RICHM,6,5,7,3801,0,0,0,,0,0G4,"FULTON ST","22ND AV",74.00,E,N,C,-,N,,,,,,,,,,N,2,0,1,3,A,-,11,21954,A,N,G,B,D,B,H,-,C,D,0,Y,,,,Y,,N,60,1,0,0,0,1,0,0,0,0,"- ","- ",,,"SAN FRANCISCO","SAN FRANCISCO",-122.48073577880859,37.772720336914062
8817783,2019,2019-05-07,3801,2019-02-03,1855,4187,MISSI,7,5,7,3801,0,0,0,,0,3D14D,"CESAR CHAVEZ ST","FLORIDA ST",16.00,N,N,C,-,N,,,,,,,,,,Y,3,0,1,4,A,-,01,23152,A,N,B,E,F,B,H,-,C,D,0,Y,,,,Y,,A,01,0,1,0,0,1,0,0,0,0,"- ","- ",,,"SAN FRANCISCO","SAN FRANCISCO",-122.40965270996094,37.748348236083984
8817784,2019,2019-04-09,3801,2019-02-02,1740,713,CENTR,6,5,7,3801,0,0,0,,0,3A14D,COLUMBUS,"KEARNY ST",61.00,N,N,C,-,N,,,,,,,,,,N,4,0,1,2,A,I,"- ",,,N,G,B,E,B,H,-,C,A,0,Y,,,,Y,,N,60,0,0,1,0,1,0,0,0,0,"- ","- ",,,"SAN FRANCISCO","SAN FRANCISCO",-122.40555572509766,37.797164916992188
8817785,2019,2019-03-20,3801,2019-02-15,0555,488,INGLE,5,5,7,3801,0,0,0,,0,3H16E,"MONTEREY BL","PLYMOUTH AV",4.00,E,N,C,-,N,,,,,,,,,,N,4,0,1,2,A,-,10,21950,A,N,G,B,B,B,H,-,C,A,0,Y,,,,Y,,A,01,0,0,1,0,1,0,0,0,0,"- ","- ",,,"SAN FRANCISCO","SAN FRANCISCO",-122.45804595947266,37.730812072753906
8817788,2019,2019-03-20,3801,2019-02-28,1942,2017,MISSI,4,5,7,3801,0,0,0,,0,3D14D,"23RD ST","SAN BRUNO AV",50.00,E,N,A,-,N,,,,,,,,,,N,4,0,1,2,A,-,10,21950,A,N,G,B,C,A,H,-,C,A,0,Y,,,,Y,,A,01,0,0,1,0,1,0,0,0,0,"- ","- ",,,"SAN FRANCISCO","SAN FRANCISCO",-122.40430450439453,37.754421234130859
8817789,2019,2019-03-20,3801,2019-02-15,2000,737,NORTH,5,5,7,3801,0,0,0,,0,3E13A,"POLK ST",BROADWAY,0.00,,Y,A,-,N,,,,,,,,,,N,4,0,1,2,A,-,10,21950,A,F,G,B,B,A,H,-,C,A,0,Y,,,,Y,,A,01,0,0,1,0,1,0,0,0,0,"- ","- ",,,"SAN FRANCISCO","SAN FRANCISCO",-122.42176055908203,37.795940399169922
8817790,2019,2019-03-19,3801,2019-02-19,1107,1706,NORTH,2,5,7,3801,0,0,0,,0,3E13A,"TURK ST","SCOTT ST",0.00,,Y,A,-,N,,,,,,,,,,N,4,0,1,2,B,-,22,,,F,H,B,B,A,H,-,A,A,0,Y,,,,Y,,-,,0,0,1,0,1,0,0,0,0,"- ","- ",,,"SAN FRANCISCO","SAN FRANCISCO",-122.43705749511719,37.779861450195312
8817800,2019,2019-03-20,3801,2019-02-25,2000,1122,MISSI,1,5,7,3801,0,0,0,,0,0D1,"DIAMOND ST","MARKET ST",0.00,,Y,B,-,N,,,,,,,,,,N,4,0,1,2,A,-,10,21950,A,F,G,B,B,B,-,-,C,A,0,Y,,,,Y,,A,01,0,0,1,0,1,0,0,0,0,"- ","- ",,,"SAN FRANCISCO","SAN FRANCISCO",-122.43730163574219,37.76190185546875
8817801,2019,2019-03-20,3801,2019-02-16,0652,1472,TENDE,6,5,7,3801,0,0,0,,0,3I15A,"LARKIN ST","ELLIS ST",21.00,S,N,C,-,N,,,,,,,,,,N,4,0,1,2,A,-,10,21950,A,F,G,B,B,B,H,-,A,A,0,Y,,,,Y,,A,01,0,0,1,0,1,0,0,0,0,"- ","- ",,,"SAN FRANCISCO","SAN FRANCISCO",-122.41770935058594,37.784194946289062
8817805,2019,2019-03-20,3801,2019-02-16,1645,801,SOUTH,6,5,7,3801,0,0,0,,0,0B1,"2ND ST","TOWNSEND ST",178.00,S,N,A,-,N,,,,,,,,,,Y,4,0,1,3,A,-,01,23153,A,F,C,C,-,A,H,-,A,A,0,Y,,,,Y,Y,A,01,0,0,1,0,1,0,0,0,0,"- ","- ",,,"SAN FRANCISCO","SAN FRANCISCO",-122.39008331298828,37.7802734375
8817806,2019,2019-03-19,3801,2019-02-08,1445,298,PARK,5,5,7,3801,0,0,0,,0,3F43A,"CLAYTON ST","HAIGHT ST",23.00,S,N,B,-,N,,,,,,,,,,N,4,0,1,2,A,-,11,21954,A,N,G,B,D,B,H,-,A,A,0,Y,,,,Y,,N,60,0,0,1,0,1,0,0,0,0,"- ","- ",,,"SAN FRANCISCO","SAN FRANCISCO",-122.44856262207031,37.769737243652344
8817810,2019,2019-03-19,3801,2019-02-13,1824,260,SOUTH,3,5,7,3801,0,0,0,,0,3B11D,"HOWARD ST","1ST ST",0.00,,Y,B,-,N,,,,,,,,,,N,4,0,1,2,A,-,10,21950,A,F,G,B,B,B,H,-,C,A,0,Y,,,,Y,,A,01,0,0,1,0,1,0,0,0,0,"- ","- ",,,"SAN FRANCISCO","SAN FRANCISCO",-122.39604187011719,37.788551330566406
8817811,2019,2019-04-25,3801,2019-02-24,1130,723,CENTR,7,5,7,3801,0,0,0,,0,"2 CAR","POST ST","POWELL ST",0.00,,Y,A,-,N,,,,,,,,,,N,4,0,1,2,A,-,10,21950,,N,G,B,B,A,H,-,A,A,0,Y,,,,Y,,A,01,0,0,1,0,1,0,0,0,0,"- ","- ",,,"SAN FRANCISCO","SAN FRANCISCO",-122.40840148925781,37.788288116455078
8817815,2019,2019-04-16,3801,2019-02-22,1953,1252,INGLE,5,5,7,3801,0,0,0,,0,3H15D,"MISSION ST","LAWRENCE AV",276.00,N,N,A,-,N,,,,,,,,,,N,4,0,1,2,A,-,00,21954,,N,G,B,D,A,H,-,C,A,0,Y,,,,Y,,N,60,0,0,1,0,1,0,0,0,0,"- ","- ",,,"SAN FRANCISCO","SAN FRANCISCO",-122.45000457763672,37.709728240966797
8817816,2019,2019-03-20,3801,2019-02-26,2223,668,NORTH,2,5,7,3801,0,0,0,,0,3E15E,"CALIFORNIA ST","POLK ST",0.00,,Y,C,-,N,,,,,,,,,,N,2,0,1,2,A,-,10,21950,A,F,G,B,B,B,H,-,C,A,0,Y,,,,Y,,-,"- ",1,0,0,0,1,0,0,0,0,"- ","- ",,,"SAN FRANCISCO","SAN FRANCISCO",-122.42067718505859,37.790569305419922
8817817,2019,2019-03-20,3801,2019-02-14,1610,1092,RICHM,4,5,7,3801,0,0,0,,0,3G14C,"CLEMENT ST","3RD AV",0.00,,Y,A,-,N,,,,,,,,,,,4,0,1,2,A,-,11,21954,A,N,G,B,D,A,H,-,A,D,0,Y,,,,Y,,N,60,0,0,1,0,1,0,0,0,0,"- ","- ",,,"SAN FRANCISCO","SAN FRANCISCO",-122.46121215820312,37.783088684082031
8817824,2019,2019-03-20,3801,2019-02-28,1700,1308,TENDE,4,5,7,3801,0,0,0,,0,3J14D,"EDDY ST","TAYLOR ST",0.00,,Y,A,-,N,,,,,,,,,,,4,0,1,2,A,-,12,21453,A,N,G,B,B,A,-,-,A,A,0,Y,,,,Y,,N,60,0,0,1,0,1,0,0,0,0,"- ","- ",,,"SAN FRANCISCO","SAN FRANCISCO",-122.41094970703125,37.784160614013672
8817826,2019,2019-03-19,3801,2019-02-02,1104,327,INGLE,6,5,7,3801,0,0,0,,0,3H13A,"GENEVA AV","NAPLES ST",0.00,,Y,B,-,N,,,,,,,,,,N,3,0,1,2,A,-,03,22350,,F,G,B,E,B,H,-,A,D,0,Y,,,,Y,,A,01,0,1,0,0,1,0,0,0,0,"- ","- ",,,"SAN FRANCISCO","SAN FRANCISCO",-122.43618774414062,37.714210510253906
8817830,2019,2019-03-19,3801,2019-02-04,0800,640,MISSI,1,5,7,3801,0,0,0,,0,3D11A,"16TH ST","GUERRERO ST",0.00,,Y,B,C,N,,,,,,,,,,N,3,0,1,2,A,-,10,21950,A,N,G,B,B,B,H,-,A,A,0,Y,,,,Y,,A,07,0,1,0,0,1,0,0,0,0,"- ","- ",,,"SAN FRANCISCO","SAN FRANCISCO",-122.42410278320312,37.764778137207031
8817832,2019,2019-03-20,3801,2019-02-28,1957,1848,PARK,4,5,7,3801,0,0,0,,0,02F,"CHRISTMAS TREE PT RD","TWIN PEAKS BL",200.00,N,N,A,-,N,,,,,,,,,,N,4,0,1,2,A,-,11,21954,A,M,G,B,E,A,H,-,C,-,0,Y,,,,Y,,N,60,0,0,1,0,1,0,0,0,0,"- ","- ",,,"SAN FRANCISCO","SAN FRANCISCO",-122.44662475585938,37.75433349609375
8817834,2019,2019-03-19,3801,2019-02-10,1847,308,MISSI,7,5,7,3801,0,0,0,,0,3D15D,"17TH ST","ALBION ST",0.00,,Y,A,-,N,,,,,,,,,,N,4,0,1,2,A,-,03,22350,,N,G,B,E,A,H,-,C,D,0,Y,Y,,,Y,,L,04,0,0,1,0,1,0,0,0,0,"- ","- ",,,"SAN FRANCISCO","SAN FRANCISCO",-122.42270660400391,37.763240814208984
8817837,2019,2019-03-20,3801,2019-02-14,1015,1454,SOUTH,4,5,7,3801,0,0,0,,0,3B12A,"CLEMENTINA ST","6TH ST",257.00,E,N,B,C,N,,,,,,,,,,N,4,0,1,2,A,-,06,21755,,F,G,B,E,B,H,-,A,-,0,Y,,,,Y,,A,01,0,0,1,0,1,0,0,0,0,"- ","- ",,,"SAN FRANCISCO","SAN FRANCISCO",-122.405517578125,37.779460906982422
8817840,2019,2019-03-20,3801,2019-02-16,1210,875,BAYVI,6,5,7,3801,0,0,0,,0,3C44C,"SAN BRUNO AV","FELTON ST",217.00,N,N,B,-,N,,,,,,,,,,N,4,0,1,2,A,-,11,21955,,N,D,B,D,A,H,-,A,D,0,Y,,,,Y,,N,60,0,0,1,0,1,0,0,0,0,"- ","- ",,,"SAN FRANCISCO","SAN FRANCISCO",-122.40485382080078,37.730598449707031