CASE_ID,ACCIDENT_YEAR,PROC_DATE,JURIS,COLLISION_DATE,COLLISION_TIME,OFFICER_ID,REPORTING_DISTRICT,DAY_OF_WEEK,CHP_SHIFT,POPULATION,CNTY_CITY_LOC,SPECIAL_COND,BEAT_TYPE,CHP_BEAT_TYPE,CITY_DIVISION_LAPD,CHP_BEAT_CLASS,BEAT_NUMBER,PRIMARY_RD,SECONDARY_RD,DISTANCE,DIRECTION,INTERSECTION,WEATHER_1,WEATHER_2,STATE_HWY_IND,CALTRANS_COUNTY,CALTRANS_DISTRICT,STATE_ROUTE,ROUTE_SUFFIX,POSTMILE_PREFIX,POSTMILE,LOCATION_TYPE,RAMP_INTERSECTION,SIDE_OF_HWY,TOW_AWAY,COLLISION_SEVERITY,NUMBER_KILLED,NUMBER_INJURED,PARTY_COUNT,PRIMARY_COLL_FACTOR,PCF_CODE_OF_VIOL,PCF_VIOL_CATEGORY,PCF_VIOLATION,PCF_VIOL_SUBSECTION,HIT_AND_RUN,TYPE_OF_COLLISION,MVIW,PED_ACTION,ROAD_SURFACE,ROAD_COND_1,ROAD_COND_2,LIGHTING,CONTROL_DEVICE,CHP_ROAD_TYPE,PEDESTRIAN_ACCIDENT,BICYCLE_ACCIDENT,MOTORCYCLE_ACCIDENT,TRUCK_ACCIDENT,NOT_PRIVATE_PROPERTY,ALCOHOL_INVOLVED,STWD_VEHTYPE_AT_FAULT,CHP_VEHTYPE_AT_FAULT,COUNT_SEVERE_INJ,COUNT_VISIBLE_INJ,COUNT_COMPLAINT_PAIN,COUNT_PED_KILLED,COUNT_PED_INJURED,COUNT_BICYCLIST_KILLED,COUNT_BICYCLIST_INJURED,COUNT_MC_KILLED,COUNT_MC_INJURED,PRIMARY_RAMP,SECONDARY_RAMP,LATITUDE,LONGITUDE,COUNTY,CITY,POINT_X,POINT_Y
8817854,2019,2019-03-15,3801,2019-02-17,1820,898,CENTR,7,5,7,3801,0,0,0,,0,3A11D,"GEARY ST","LARKIN ST",0.00,,Y,A,-,N,,,,,,,,,,N,4,0,1,2,A,-,08,22107,A,M,A,B,B,A,H,-,C,A,0,Y,,,,Y,,A,01,0,0,1,0,1,0,0,0,0,"- ","- ",,,"SAN FRANCISCO","SAN FRANCISCO",-122.41811370849609,37.786109924316406
8817870,2019,2019-03-18,3801,2019-02-10,1319,1144,TARAV,7,5,7,3801,0,0,0,,0,3I16B,"20TH AV","WINSTON DR",80.00,S,N,A,-,N,,,,,,,,,,N,4,0,1,2,A,-,11,21954,A,N,G,B,D,A,H,-,A,D,0,Y,,,,Y,,N,60,0,0,1,0,1,0,0,0,0,"- ","- ",,,"SAN FRANCISCO","SAN FRANCISCO",-122.47602081298828,37.726951599121094
8819966,2018,2019-03-26,3801,2018-12-13,1957,713,CENTR,4,5,7,3801,0,0,0,,0,3A13D,"HYDE ST","BEACH ST",0.00,,Y,A,-,N,,,,,,,,,,N,4,0,1,2,A,-,12,21453,A,F,G,B,B,A,H,-,C,A,0,Y,,,,Y,,A,01,0,0,1,0,1,0,0,0,0,"- ","- ",,,"SAN FRANCISCO","SAN FRANCISCO",-122.42054748535156,37.806659698486328
8820311,2019,2019-03-22,3801,2019-01-21,1755,386,MISSI,1,5,7,3801,0,0,0,,0,3D12C,"14TH ST","DOLORES ST",0.00,,Y,-,-,N,,,,,,,,,,N,4,0,1,2,A,-,10,21950,,N,G,B,B,-,-,-,-,-,0,Y,,,,Y,,A,01,0,0,1,0,1,0,0,0,0,"- ","- ",,,"SAN FRANCISCO","SAN FRANCISCO",-122.42677307128906,37.767879486083984
8822326,2019,2019-08-21,3801,2019-02-19,1705,1307,NORTH,2,5,7,3801,0,0,0,,0,3E16D,"VAN NESS AV","BROADWAY ST",118.00,N,N,A,-,Y,SF,4,101,-,-,6.340,H,-,S,Y,4,0,1,4,A,-,04,21703,,N,C,E,E,A,H,-,B,D,0,Y,,,Y,Y,,A,01,0,0,1,0,1,0,0,0,0,"- ","- ",,,"SAN FRANCISCO","SAN FRANCISCO",-122.42359161376953,37.796047210693359
8822389,2019,2019-05-07,3801,2019-02-10,1555,4314,RICHM,7,5,7,3801,0,0,0,,0,0G3,"PARK PRESIDIO BL","CABRILLO ST",5.00,S,N,A,-,Y,SF,4,1,-,-,5.130,I,5,S,Y,3,0,1,2,A,-,10,21950,A,F,-,B,B,A,H,-,A,A,0,Y,,,,Y,,A,01,0,1,0,0,1,0,0,0,0,"- ","- ",,,"SAN FRANCISCO","SAN FRANCISCO",-122.47200775146484,37.775005340576172
8822393,2019,2019-05-07,3801,2019-02-03,0243,1123,NORTH,7,5,7,3801,0,0,0,,0,3E13E,"VAN NESS AV","SUTTER ST",0.00,,Y,A,-,Y,SF,4,101,-,-,5.740,I,5,N,N,3,0,1,2,A,-,11,21453,D,N,G,B,B,B,H,-,C,A,0,Y,,,,Y,,N,60,0,1,0,0,1,0,0,0,0,"- ","- ",,,"SAN FRANCISCO","SAN FRANCISCO",-122.42167663574219,37.787590026855469
8837642,2019,2019-05-08,3801,2019-03-22,2204,1352,TENDE,5,5,7,3801,0,0,0,,0,1CAR,"MARKET ST","CHARLES J BRENHAM ST",0.00,,Y,C,-,N,,,,,,,,,,,4,0,1,2,A,-,11,21955,,N,G,B,D,B,H,-,C,D,0,Y,,,,Y,,N,60,0,0,1,0,1,0,0,0,0,"- ","- ",,,"SAN FRANCISCO","SAN FRANCISCO",-122.41250610351562,37.780479431152344
8845132,2019,2019-05-03,3801,2019-03-27,0643,2127,TRAFF,3,5,7,3801,0,0,0,,0,SOUTHE,"2ND ST","BRYANT ST",15.00,W,N,A,-,N,,,,,,,,,,Y,3,0,1,2,A,-,10,21950,A,N,G,B,B,A,H,-,C,A,0,Y,,,Y,Y,,F,27,0,1,0,0,1,0,0,0,0,"- ","- ",,,"SAN FRANCISCO","SAN FRANCISCO",-122.39366912841797,37.783107757568359
8845136,2019,2019-05-02,3801,2019-03-08,1830,529,CENTR,5,5,7,3801,0,0,0,,0,3A11D,"MONTGOMERY ST","SUTTER ST",10.00,S,N,A,-,N,,,,,,,,,,N,3,0,1,2,A,-,11,21453,D,N,G,B,B,A,H,-,B,A,0,Y,,,,Y,,N,60,0,1,0,0,1,0,0,0,0,"- ","- ",,,"SAN FRANCISCO","SAN FRANCISCO",-122.40216827392578,37.789981842041016
8845155,2019,2019-05-03,3801,2019-03-04,1121,104,TRAFF,1,5,7,3801,0,0,0,,0,002,"W PORTAL",VICENTE,0.00,,Y,B,-,N,,,,,,,,,,N,2,0,1,2,A,-,10,21950,A,N,G,B,B,A,H,-,A,A,0,Y,,,,Y,,I,19,1,0,0,0,1,0,0,0,0,"- ","- ",,,"SAN FRANCISCO","SAN FRANCISCO",-122.46701812744141,37.739738464355469
8845159,2019,2019-05-03,3801,2019-03-09,0945,1454,SOUTH,6,5,7,3801,0,0,0,,0,3B14A,"8TH ST","MISSION ST",0.00,,Y,B,C,N,,,,,,,,,,N,3,0,1,2,A,-,11,21954,A,N,G,B,E,B,H,-,A,D,0,Y,,,,Y,,N,60,0,1,0,0,1,0,0,0,0,"- ","- ",,,"SAN FRANCISCO","SAN FRANCISCO",-122.41316223144531,37.777458190917969
8845196,2019,2019-05-02,3801,2019-03-19,2017,209,NORTH,2,5,7,3801,0,0,0,,0,03E,"WEBSTER ST","MCALLISTER ST",21.00,S,N,A,-,N,,,,,,,,,,N,3,0,1,2,A,-,11,21954,A,N,G,B,D,A,H,-,C,A,0,Y,,,,Y,,N,60,0,1,0,0,1,0,0,0,0,"- ","- ",,,"SAN FRANCISCO","SAN FRANCISCO",-122.43009948730469,37.778781890869141
8845442,2019,2019-04-29,3801,2019-03-15,0706,2039,TARAV,5,5,7,3801,0,0,0,,0,002,"SUNSET BL","WAWONA ST",0.00,,Y,A,-,N,,,,,,,,,,N,4,0,1,2,A,-,10,21950,A,N,G,B,B,A,H,-,A,A,0,Y,,,,Y,,-,,0,0,1,0,1,0,0,0,0,"- ","- ",,,"SAN FRANCISCO","SAN FRANCISCO",-122.49413299560547,37.736629486083984
8845456,2019,2019-04-30,3801,2019-03-22,2350,1432,SOUTH,5,5,7,3801,0,0,0,,0,3B12E,"FOLSOM ST","12TH ST",0.00,,Y,C,-,N,,,,,,,,,,N,4,0,1,2,A,-,11,21954,A,F,G,B,E,B,H,-,C,A,0,Y,,,,Y,,N,60,0,0,1,0,1,0,0,0,0,"- ","- ",,,"SAN FRANCISCO","SAN FRANCISCO",-122.41500091552734,37.770900726318359
8845458,2019,2019-04-29,3801,2019-03-14,1604,2141,INGLE,4,5,7,3801,0,0,0,,0,3H16C,"MONTEREY BL","PLYMOUTH AV",0.00,,Y,A,-,N,,,,,,,,,,N,3,0,1,2,A,-,10,21950,A,N,G,B,B,A,H,-,A,D,0,Y,,,,Y,,A,01,0,1,0,0,1,0,0,0,0,"- ","- ",,,"SAN FRANCISCO","SAN FRANCISCO",-122.45806121826172,37.730808258056641
8845459,2019,2019-04-30,3801,2019-03-25,1458,4291,TENDE,1,5,7,3801,0,0,0,,0,3J44C,"GOLDEN GATE AV","LEAVENWORTH ST",0.00,,Y,C,-,N,,,,,,,,,,N,4,0,1,2,A,-,10,21950,A,F,G,B,B,B,G,-,A,A,0,Y,,,,Y,,A,01,0,0,1,0,1,0,0,0,0,"- ","- ",,,"SAN FRANCISCO","SAN FRANCISCO",-122.41385650634766,37.781871795654297
8845462,2019,2019-04-30,3801,2019-03-14,1155,307,TARAV,4,5,7,3801,0,0,0,,0,"5 CAR","19TH AV","HOLLOWAY AV",0.00,,Y,A,-,N,,,,,,,,,,N,4,0,1,2,A,-,11,21456,B,N,G,B,B,A,H,-,A,A,0,Y,,,,Y,,N,60,0,0,1,0,1,0,0,0,0,"- ","- ",,,"SAN FRANCISCO","SAN FRANCISCO",-122.47537231445312,37.720951080322266
8845467,2019,2019-04-30,3801,2019-03-25,2016,524,SOUTH,1,5,7,3801,0,0,0,,0,3B12D,"6TH ST","MISSION ST",0.00,,Y,C,-,N,,,,,,,,,,N,3,0,1,2,A,-,11,21453,D,N,B,B,B,B,H,-,C,A,0,Y,,,,Y,,N,60,0,1,0,0,1,0,0,0,0,"- ","- ",,,"SAN FRANCISCO","SAN FRANCISCO",-122.40869140625,37.780979156494141
8845470,2019,2019-04-29,3801,2019-03-05,1010,1689,RICHM,2,5,7,3801,0,0,0,,0,03G,"PARK PRESIDIO","LAKE ST",0.00,,Y,C,-,N,,,,,,,,,,N,4,0,1,2,A,-,10,21950,A,N,G,B,B,B,H,-,A,A,0,Y,,,,Y,,A,01,0,0,1,0,1,0,0,0,0,"- ","- ",,,"SAN FRANCISCO","SAN FRANCISCO",-122.47264099121094,37.786319732666016
8845478,2019,2019-04-30,3801,2019-03-10,0558,1454,SOUTH,7,5,7,3801,0,0,0,,0,3B12A,"10TH ST","MISSION ST",0.00,,Y,C,-,N,,,,,,,,,,N,3,0,1,2,A,-,11,21954,A,N,G,B,D,B,H,-,C,A,0,Y,,,,Y,,N,60,0,1,0,0,1,0,0,0,0,"- ","- ",,,"SAN FRANCISCO","SAN FRANCISCO",-122.41590881347656,37.775279998779297
8845480,2019,2019-05-01,3801,2019-03-21,1520,283,MISSI,4,5,7,3801,0,0,0,,0,0D3,"MISSION ST","23RD ST",12.00,S,N,A,-,N,,,,,,,,,,Y,4,0,1,2,A,-,08,22107,,N,G,B,D,A,H,-,A,A,0,Y,,,,Y,,A,01,0,0,1,0,1,0,0,0,0,"- ","- ",,,"SAN FRANCISCO","SAN FRANCISCO",-122.41859436035156,37.753795623779297
8845484,2019,2019-05-01,3801,2019-03-21,1115,256,TRAFF,4,5,7,3801,0,0,0,,0,4B1G,ASHBURY,"HAIGHT ST",0.00,,Y,A,-,N,,,,,,,,,,N,4,0,1,2,A,-,10,21950,A,N,G,B,B,A,H,-,A,A,0,Y,,,,Y,,A,01,0,0,1,0,1,0,0,0,0,"- ","- ",,,"SAN FRANCISCO","SAN FRANCISCO",-122.44692230224609,37.770000457763672
8845490,2019,2019-04-30,3801,2019-03-23,0140,882,,6,5,7,3801,0,0,0,,0,3J14E,"LEAVENWORTH ST","ELLIS ST",0.00,,Y,A,-,N,,,,,,,,,,N,3,0,1,2,A,-,10,21950,A,F,D,B,B,B,H,-,C,A,0,Y,,,,Y,,A,01,0,1,0,0,1,0,0,0,0,"- ","- ",,,"SAN FRANCISCO","SAN FRANCISCO",-122.41442108154297,37.784671783447266
8845491,2019,2019-04-30,3801,2019-03-27,1435,1355,TARAV,3,5,7,3801,0,0,0,,0,3I16B,"16TH AV","MORAGA ST",75.00,N,N,A,-,N,,,,,,,,,,N,4,0,1,2,A,-,11,21954,A,N,G,B,E,A,H,-,A,D,0,Y,,,,Y,,N,60,0,0,1,0,1,0,0,0,0,"- ","- ",,,"SAN FRANCISCO","SAN FRANCISCO",-122.47360992431641,37.756431579589844
8845494,2019,2019-04-30,3801,2019-03-23,0049,1466,CENTR,6,5,7,3801,0,0,0,,0,3A13E,"LOMBARD ST","JANSEN ST",0.00,,Y,C,-,N,,,,,,,,,,N,4,0,1,2,A,-,11,21950,B,N,G,B,D,B,H,-,C,A,0,Y,,,,Y,,N,60,0,0,1,0,1,0,0,0,0,"- ","- ",,,"SAN FRANCISCO","SAN FRANCISCO",-122.41384887695312,37.802711486816406
8845495,2019,2019-04-30,3801,2019-03-27,1411,001460,SOUTH,3,5,7,3801,0,0,0,,0,,4TH,"NELSON RISING LN",0.00,,Y,A,-,N,,,,,,,,,,,4,0,1,2,A,-,00,21954,,N,D,B,-,A,H,-,A,D,0,Y,,,,Y,,N,60,0,0,1,0,1,0,0,0,0,"- ","- ",,,"SAN FRANCISCO","SAN FRANCISCO",-122.39111328125,37.769660949707031
8845496,2019,2019-05-01,3801,2019-03-21,0803,1125,TARAV,4,5,7,3801,0,0,0,,0,,"TARAVAL ST","14TH AV",0.00,,Y,A,-,N,,,,,,,,,,,2,0,1,2,A,-,10,21950,A,N,G,B,B,A,H,-,A,D,0,Y,,,,Y,,A,01,1,0,0,0,1,0,0,0,0,"- ","- ",,,"SAN FRANCISCO","SAN FRANCISCO",-122.47023010253906,37.743289947509766
8845500,2019,2019-05-01,3801,2019-03-21,0756,1956,TARAV,4,5,7,3801,0,0,0,,0,6CAR,"HOLLOWAY AV","MONTICELLO ST",39.00,E,N,A,-,N,,,,,,,,,,N,3,0,1,2,A,-,11,21954,A,N,G,B,D,A,H,-,A,D,0,Y,,,,Y,,N,60,0,1,0,0,1,0,0,0,0,"- ","- ",,,"SAN FRANCISCO","SAN FRANCISCO",-122.47064208984375,37.721630096435547
8845504,2019,2019-05-01,3801,2019-03-20,1822,942,TARAV,3,5,7,3801,0,0,0,,0,3I13D,"45TH AV","IRVING ST",0.00,,Y,A,-,N,,,,,,,,,,N,4,0,1,2,A,-,10,21950,A,N,G,B,B,A,H,-,B,A,0,Y,,,,Y,,A,01,0,0,1,0,1,0,0,0,0,"- ","- ",,,"SAN FRANCISCO","SAN FRANCISCO",-122.50501251220703,37.7623291015625
8845508,2019,2019-05-10,3801,2019-03-20,1645,4335,NORTH,3,5,7,3801,0,0,0,,0,901,"GROVE ST","GOUGH ST",15.00,E,N,A,-,N,,,,,,,,,,Y,4,0,1,2,A,-,10,21950,A,F,G,B,B,A,H,-,A,A,0,Y,,,,Y,,A,01,0,0,1,0,1,0,0,0,0,"- ","- ",,,"SAN FRANCISCO","SAN FRANCISCO",-122.42311096191406,37.777816772460938
8845514,2019,2019-04-30,3801,2019-03-24,1303,2023,PARK,7,5,7,3801,0,0,0,,0,004,"FREDERICK ST","DOWNEY ST",20.00,E,N,A,-,N,,,,,,,,,,N,3,0,1,2,A,-,11,21954,A,N,G,B,D,A,H,-,A,D,0,Y,,,,Y,,N,60,0,1,0,0,1,0,0,0,0,"- ","- ",,,"SAN FRANCISCO","SAN FRANCISCO",-122.44711303710938,37.767120361328125
8845516,2019,2019-05-01,3801,2019-03-20,0655,1463,MISSI,3,5,7,3801,0,0,0,,0,3D13A,"NOE ST","MARKET ST",4.00,S,N,B,C,N,,,,,,,,,,N,3,0,1,2,A,-,10,21950,A,N,G,B,B,B,H,-,B,A,0,Y,,,,Y,,A,01,0,1,0,0,1,0,0,0,0,"- ","- ",,,"SAN FRANCISCO","SAN FRANCISCO",-122.43313598632812,37.764228820800781
8845518,2019,2019-04-30,3801,2019-03-24,0156,1499,MISSI,7,5,7,3801,0,0,0,,0,3D14E,"CASTRO ST","MARKET ST",178.00,S,N,A,-,N,,,,,,,,,,N,4,0,1,2,A,-,03,22350,,F,G,B,E,A,H,-,C,A,0,Y,,,,Y,,A,01,0,0,1,0,1,0,0,0,0,"- ","- ",,,"SAN FRANCISCO","SAN FRANCISCO",-122.43511962890625,37.762153625488281
8845684,2019,2019-05-01,3801,2019-03-07,1927,969,MISSI,4,5,7,3801,0,0,0,,0,3D14D,"MARKET ST","CLAYTON ST",0.00,,Y,A,-,N,,,,,,,,,,N,4,0,1,2,A,-,11,21453,D,N,A,B,B,A,H,-,C,A,0,Y,,,,Y,Y,N,60,0,0,1,0,1,0,0,0,0,"- ","- ",,,"SAN FRANCISCO","SAN FRANCISCO",-122.44371795654297,37.758148193359375
8845689,2019,2019-05-23,3801,2019-03-28,2124,279,BAYVI,4,5,7,3801,0,0,0,,0,3C15E,"JENNINGS ST","VAN DYKE AV",0.00,,-,A,-,N,,,,,,,,,,,2,0,1,2,A,-,00,20001,,F,A,C,-,A,H,-,B,D,0,Y,,,,Y,,-,99,1,0,0,0,1,0,0,0,0,"- ","- ",,,"SAN FRANCISCO","SAN FRANCISCO",-122.38867950439453,37.727039337158203
8845694,2019,2019-04-30,3801,2019-03-15,0835,2398,RICHM,5,5,7,3801,0,0,0,,0,0G5,"CLEMENT ST","42ND AV",0.00,,Y,A,-,N,,,,,,,,,,,4,0,1,2,D,-,00,,,N,G,B,B,A,H,-,A,A,0,Y,,,,Y,,-,"- ",0,0,1,0,1,0,0,0,0,"- ","- ",,,"SAN FRANCISCO","SAN FRANCISCO",-122.50305938720703,37.781158447265625
8845696,2019,2019-05-01,3801,2019-03-04,0020,1357,SOUTH,1,5,7,3801,0,0,0,,0,3B13E,"HARRISON ST","5TH ST",0.00,,Y,A,-,N,,,,,,,,,,N,3,0,1,2,A,-,12,21453,A,F,G,B,B,B,H,-,C,A,0,Y,,,,Y,,-,99,0,1,0,0,1,0,0,0,0,"- ","- ",,,"SAN FRANCISCO","SAN FRANCISCO",-122.40187072753906,37.779060363769531
8845720,2019,2019-05-01,3801,2019-03-02,1346,400,INGLE,6,5,7,3801,0,0,0,,0,3H16D,"MISSION ST","FRANCE AV",285.00,S,N,B,-,N,,,,,,,,,,N,4,0,1,2,A,-,11,21950,B,F,G,B,E,B,H,-,A,-,0,Y,,,,Y,Y,N,60,0,0,1,0,1,0,0,0,0,"- ","- ",,,"SAN FRANCISCO","SAN FRANCISCO",-122.43885803222656,37.719379425048828
8845724,2019,2019-05-09,3801,2019-03-02,1549,1307,NORTH,6,5,7,3801,0,0,0,,0,3E13D,"FRANKLIN ST","POST ST",0.00,,Y,C,-,N,,,,,,,,,,N,4,0,2,3,A,-,10,21950,A,N,G,B,B,B,H,-,B,A,0,Y,,,,Y,,A,01,0,0,2,0,2,0,0,0,0,"- ","- ",,,"SAN FRANCISCO","SAN FRANCISCO",-122.42320251464844,37.786399841308594
8845729,2019,2019-05-01,3801,2019-03-05,1828,582,CENTR,2,5,7,3801,0,0,0,,0,3A11D,"PINE ST","TAYLOR ST",0.00,,Y,C,-,N,,,,,,,,,,N,3,0,1,2,A,-,10,21950,A,N,G,B,B,B,H,-,C,A,0,Y,,,,Y,,A,01,0,1,0,0,1,0,0,0,0,"- ","- ",,,"SAN FRANCISCO","SAN FRANCISCO",-122.41224670410156,37.790660858154297
8845733,2019,2019-05-11,3801,2019-03-05,1621,1436,COD,2,5,7,3801,0,0,0,,0,3D6D,"VALENCIA ST","18TH ST",269.00,S,N,B,C,N,,,,,,,,,,N,4,0,1,3,A,-,17,22517,,N,A,G,E,B,H,-,A,D,0,Y,Y,,,Y,,N,60,0,0,1,0,0,0,1,0,0,"- ","- ",,,"SAN FRANCISCO","SAN FRANCISCO",-122.42148590087891,37.760974884033203
8845744,2019,2019-05-01,3801,2019-03-01,1145,1424,TENDE,5,5,7,3801,0,0,0,,0,3J12E,"TURK ST","LARKIN ST",0.00,,Y,C,-,N,,,,,,,,,,N,4,0,1,2,A,-,10,21950,A,F,G,B,B,B,H,-,C,A,0,Y,,,,Y,,A,01,0,0,1,0,1,0,0,0,0,"- ","- ",,,"SAN FRANCISCO","SAN FRANCISCO",-122.41734313964844,37.782379150390625
8845748,2019,2019-05-01,3801,2019-03-01,1900,2050,NORTH,5,5,7,3801,0,0,0,,0,3E14D,"DIVISADERO ST",JACKSON,0.00,,Y,A,-,N,,,,,,,,,,N,2,0,1,2,A,-,10,21950,A,N,G,B,B,A,H,-,C,D,0,Y,,,,Y,,A,01,1,0,0,0,1,0,0,0,0,"- ","- ",,,"SAN FRANCISCO","SAN FRANCISCO",-122.44116973876953,37.791618347167969
8845756,2019,2019-05-01,3801,2019-03-01,1047,1371,SOUTH,5,5,7,3801,0,0,0,,0,3B14B,"RITCH ST","BRANNAN ST",0.00,,Y,B,-,N,,,,,,,,,,Y,4,0,1,2,A,-,10,21950,A,F,G,B,B,A,H,-,A,A,0,Y,,,,Y,,A,01,0,0,1,0,1,0,0,0,0,"- ","- ",,,"SAN FRANCISCO","SAN FRANCISCO",-122.39485931396484,37.779678344726562
8845757,2019,2019-05-01,3801,2019-03-31,1751,1766,TRAFF,7,5,7,3801,0,0,0,,0,4B3C,"6TH ST","HARRISON ST",14.00,S,N,A,-,N,,,,,,,,,,N,4,0,1,2,A,-,10,21950,A,N,G,B,B,A,H,-,A,A,0,Y,,Y,,Y,,C,06,0,0,1,0,1,0,0,0,0,"- ","- ",,,"SAN FRANCISCO","SAN FRANCISCO",-122.40404510498047,37.77728271484375
8845760,2019,2019-05-01,3801,2019-03-17,2045,4006,CENTR,7,5,7,3801,0,0,0,,0,3A13D,"TAYLOR ST","BAY ST",9.00,N,N,A,-,N,,,,,,,,,,N,4,0,1,2,A,-,10,21950,A,N,G,B,B,A,H,-,C,A,0,Y,,,,Y,,A,01,0,0,1,0,1,0,0,0,0,"- ","- ",,,"SAN FRANCISCO","SAN FRANCISCO",-122.41525268554688,37.805435180664062
8845762,2019,2019-04-30,3801,2019-03-12,1838,11,CENTR,2,5,7,3801,0,0,0,,0,03D,"SACRAMENTO ST","JONES ST",0.00,,Y,A,-,N,,,,,,,,,,N,2,0,2,3,A,-,10,21950,,N,G,B,B,A,H,-,A,A,0,Y,,,,Y,Y,A,01,1,0,1,0,2,0,0,0,0,"- ","- ",,,"SAN FRANCISCO","SAN FRANCISCO",-122.41429901123047,37.792350769042969
8845763,2019,2019-05-02,3801,2019-03-16,0017,4102,INGLE,6,5,7,3801,0,0,0,,0,3H15E,"PERSIA AV","ATHENS ST",73.00,E,N,A,-,N,,,,,,,,,,N,3,0,1,2,A,-,03,22350,,F,G,B,D,A,H,-,C,D,0,Y,,,,Y,Y,-,99,0,1,0,0,1,0,0,0,0,"- ","- ",,,"SAN FRANCISCO","SAN FRANCISCO",-122.42937469482422,37.719982147216797
8845764,2019,2019-04-30,3801,2019-03-31,1748,786,TARAV,7,5,7,3801,0,0,0,,0,3I15D,"20TH AV","WINSTON DR",294.00,N,N,A,-,N,,,,,,,,,,N,2,0,1,2,A,-,11,21954,A,N,G,B,D,A,H,-,A,D,0,Y,,,,Y,,N,60,1,0,0,0,1,0,0,0,0,"- ","- ",,,"SAN FRANCISCO","SAN FRANCISCO",-122.47572326660156,37.7276611328125
8845766,2019,2019-04-30,3801,2019-03-12,1736,2470,CENTR,2,5,7,3801,0,0,0,,0,3A13D,"FRANCISCO ST","MASON ST",0.00,,Y,A,-,N,,,,,,,,,,N,4,0,1,2,A,-,10,21950,A,N,G,B,B,A,H,-,A,D,0,Y,,,,Y,,A,01,0,0,1,0,1,0,0,0,0,"- ","- ",,,"SAN FRANCISCO","SAN FRANCISCO",-122.41340637207031,37.804679870605469
8845771,2019,2019-05-02,3801,2019-03-15,1425,2161,MISSI,5,5,7,3801,0,0,0,,0,3D44C,"SOUTH VAN NESS AV","26TH ST",81.00,S,N,A,-,N,,,,,,,,,,N,4,0,1,2,A,-,21,22106,,N,G,-,E,A,H,-,A,D,0,Y,,,,Y,,A,01,0,0,1,0,1,0,0,0,0,"- ","- ",,,"SAN FRANCISCO","SAN FRANCISCO",-122.41598510742188,37.748947143554688
8845775,2019,2019-05-02,3801,2019-03-15,1321,4039,CENTR,5,5,7,3801,0,0,0,,0,3A3C,"MASON ST","GEARY ST",0.00,,Y,A,-,N,,,,,,,,,,N,4,0,1,2,A,-,10,21950,A,N,G,B,B,A,H,-,A,A,0,Y,,,,Y,,A,01,0,0,1,0,1,0,0,0,0,"- ","- ",,,"SAN FRANCISCO","SAN FRANCISCO",-122.40985870361328,37.78717041015625
8845778,2019,2019-04-30,3801,2019-03-25,1540,1249,MISSI,1,5,7,3801,0,0,0,,0,3D16C,"SOUTH VAN NESS AV","18TH ST",0.00,,Y,C,-,N,,,,,,,,,,N,4,0,1,2,A,-,10,21950,A,N,G,B,B,B,H,-,A,A,0,Y,,,,Y,,A,08,0,0,1,0,1,0,0,0,0,"- ","- ",,,"SAN FRANCISCO","SAN FRANCISCO",-122.41719818115234,37.761951446533203
8845787,2019,2019-05-02,3801,2019-03-19,1645,2132,MISSI,2,5,7,3801,0,0,0,,0,3D60,"ALAMEDA ST","POTRERO AV",45.00,E,N,A,-,N,,,,,,,,,,N,3,0,1,2,A,-,00,21955,A,F,G,B,D,A,H,-,A,A,0,Y,,,,Y,,N,60,0,1,0,0,1,0,0,0,0,"- ","- ",,,"SAN FRANCISCO","SAN FRANCISCO",-122.40763854980469,37.768394470214844
8845789,2019,2019-05-01,3801,2019-03-02,1913,1351,INGLE,6,5,7,3801,0,0,0,,0,3H15D,"RUSSIA AV","MOSCOW AV",0.00,,Y,B,C,N,,,,,,,,,,N,4,0,1,2,A,-,11,21950,B,N,G,B,B,B,H,-,C,A,0,Y,,,,Y,,N,60,0,0,1,0,1,0,0,0,0,"- ","- ",,,"SAN FRANCISCO","SAN FRANCISCO",-122.42997741699219,37.7181396484375
8845790,2019,2019-04-30,3801,2019-03-10,0307,246,TARAV,7,5,7,3801,0,0,0,,0,3I11E,"TARAVAL ST","19TH AV",0.00,,Y,A,-,N,,,,,,,,,,N,3,0,1,2,A,-,11,21954,A,N,A,B,B,B,H,-,C,A,0,Y,,,,Y,Y,N,60,0,1,0,0,1,0,0,0,0,"- ","- ",,,"SAN FRANCISCO","SAN FRANCISCO",-122.47566223144531,37.743030548095703
8845796,2019,2019-05-08,3801,2019-03-29,2221,141,INGLE,5,5,7,3801,0,0,0,,0,3H11E,"MISSION ST","PARK ST",138.00,N,N,A,-,N,,,,,,,,,,N,2,0,1,2,A,-,11,21955,,F,G,B,D,A,H,-,C,D,0,Y,,,,Y,,N,60,1,0,0,0,1,0,0,0,0,"- ","- ",,,"SAN FRANCISCO","SAN FRANCISCO",-122.42411804199219,37.737007141113281
8845798,2019,2019-04-30,3801,2019-03-09,0908,4333,NORTH,6,5,7,3801,0,0,0,,0,3E15A,"POLK ST","SACRAMENTO ST",0.00,,Y,C,-,N,,,,,,,,,,N,2,0,1,2,D,-,00,,,N,G,B,B,B,H,-,A,A,0,Y,,,,Y,,-,"- ",1,0,0,0,1,0,0,0,0,"- ","- ",,,"SAN FRANCISCO","SAN FRANCISCO",-122.42086791992188,37.791500091552734