CASE_ID,ACCIDENT_YEAR,PROC_DATE,JURIS,COLLISION_DATE,COLLISION_TIME,OFFICER_ID,REPORTING_DISTRICT,DAY_OF_WEEK,CHP_SHIFT,POPULATION,CNTY_CITY_LOC,SPECIAL_COND,BEAT_TYPE,CHP_BEAT_TYPE,CITY_DIVISION_LAPD,CHP_BEAT_CLASS,BEAT_NUMBER,PRIMARY_RD,SECONDARY_RD,DISTANCE,DIRECTION,INTERSECTION,WEATHER_1,WEATHER_2,STATE_HWY_IND,CALTRANS_COUNTY,CALTRANS_DISTRICT,STATE_ROUTE,ROUTE_SUFFIX,POSTMILE_PREFIX,POSTMILE,LOCATION_TYPE,RAMP_INTERSECTION,SIDE_OF_HWY,TOW_AWAY,COLLISION_SEVERITY,NUMBER_KILLED,NUMBER_INJURED,PARTY_COUNT,PRIMARY_COLL_FACTOR,PCF_CODE_OF_VIOL,PCF_VIOL_CATEGORY,PCF_VIOLATION,PCF_VIOL_SUBSECTION,HIT_AND_RUN,TYPE_OF_COLLISION,MVIW,PED_ACTION,ROAD_SURFACE,ROAD_COND_1,ROAD_COND_2,LIGHTING,CONTROL_DEVICE,CHP_ROAD_TYPE,PEDESTRIAN_ACCIDENT,BICYCLE_ACCIDENT,MOTORCYCLE_ACCIDENT,TRUCK_ACCIDENT,NOT_PRIVATE_PROPERTY,ALCOHOL_INVOLVED,STWD_VEHTYPE_AT_FAULT,CHP_VEHTYPE_AT_FAULT,COUNT_SEVERE_INJ,COUNT_VISIBLE_INJ,COUNT_COMPLAINT_PAIN,COUNT_PED_KILLED,COUNT_PED_INJURED,COUNT_BICYCLIST_KILLED,COUNT_BICYCLIST_INJURED,COUNT_MC_KILLED,COUNT_MC_INJURED,PRIMARY_RAMP,SECONDARY_RAMP,LATITUDE,LONGITUDE,COUNTY,CITY,POINT_X,POINT_Y
8845802,2019,2019-04-30,3801,2019-03-09,0111,1244,CENTR,6,5,7,3801,0,0,0,,0,004,"COLUMBUS AV","VALLEJO ST",0.00,,Y,B,-,N,,,,,,,,,,N,2,0,1,2,D,-,00,,,F,G,B,B,A,H,-,C,A,0,Y,,,,Y,Y,-,"- ",1,0,0,0,1,0,0,0,0,"- ","- ",,,"SAN FRANCISCO","SAN FRANCISCO",-122.40789031982422,37.798721313476562
8845804,2019,2019-04-30,3801,2019-03-30,0947,1500,CENTR,6,5,7,3801,0,0,0,,0,3A3A,"POST ST","KEARNY ST",7.00,E,N,A,-,N,,,,,,,,,,Y,4,0,1,2,A,-,01,23152,A,N,G,B,B,A,H,-,A,A,0,Y,,,,Y,Y,A,07,0,0,1,0,1,0,0,0,0,"- ","- ",,,"SAN FRANCISCO","SAN FRANCISCO",-122.40363311767578,37.788902282714844
8845819,2019,2019-05-02,3801,2019-03-08,1255,2375,RICHM,5,5,7,3801,0,0,0,,0,3G60,"CLAY ST","SPRUCE ST",10.00,W,N,A,-,N,,,,,,,,,,N,3,0,1,2,A,-,10,21950,A,N,G,B,B,A,H,-,A,A,0,Y,,,,Y,,A,01,0,1,0,0,1,0,0,0,0,"- ","- ",,,"SAN FRANCISCO","SAN FRANCISCO",-122.45381164550781,37.788204193115234
8845832,2019,2019-05-08,3801,2019-03-30,2242,245,BAYVI,6,5,7,3801,0,0,0,,0,0C4,"SAN BRUNO AV","WOOLSEY ST",0.00,,Y,A,-,N,,,,,,,,,,Y,2,0,2,5,A,-,09,21801,A,F,A,C,-,A,H,-,C,A,0,Y,,,,Y,,A,01,1,0,1,0,1,0,0,0,0,"- ","- ",,,"SAN FRANCISCO","SAN FRANCISCO",-122.40261077880859,37.725238800048828
8850697,2019,2019-04-30,3801,2019-02-16,1151,73,MISSI,6,5,7,3801,0,0,0,,0,4B1D,"18TH ST","GUERRERO ST",3.00,W,N,B,-,N,,,,,,,,,,N,4,0,1,2,A,-,10,21950,A,N,G,B,B,B,H,-,A,A,0,Y,,,,Y,Y,A,01,0,0,1,0,1,0,0,0,0,"- ","- ",,,"SAN FRANCISCO","SAN FRANCISCO",-122.42381286621094,37.761577606201172
8852965,2019,2019-04-30,3801,2019-03-08,2140,405,RICHM,5,5,7,3801,0,0,0,,0,3G12E,"CALIFORNIA ST","PALM AV",0.00,,Y,A,-,N,,,,,,,,,,N,4,0,1,3,A,-,17,22517,,F,B,E,E,A,H,-,C,D,0,Y,,,,Y,,N,60,0,0,1,0,1,0,0,0,0,"- ","- ",,,"SAN FRANCISCO","SAN FRANCISCO",-122.45806884765625,37.785820007324219
8852969,2019,2019-04-30,3801,2019-03-11,0658,1190,TARAV,1,5,7,3801,0,0,0,,0,3I13A,"NORIEGA ST","37TH AV",7.00,W,N,A,-,N,,,,,,,,,,N,4,0,1,2,A,-,10,21950,A,N,G,B,B,A,H,-,C,D,0,Y,,,,Y,,A,01,0,0,1,0,1,0,0,0,0,"- ","- ",,,"SAN FRANCISCO","SAN FRANCISCO",-122.49577331542969,37.753410339355469
8852981,2019,2019-04-30,3801,2019-03-11,1530,4281,NORTH,1,5,7,3801,0,0,0,,0,3E13D,"VAN NESS AV","GOLDEN GATE AV",0.00,,Y,A,-,N,,,,,,,,,,Y,2,0,1,2,A,-,10,21950,A,F,G,B,B,A,H,-,A,A,0,Y,,,,Y,,A,01,1,0,0,0,1,0,0,0,0,"- ","- ",,,"SAN FRANCISCO","SAN FRANCISCO",-122.4205322265625,37.781009674072266
8852985,2019,2019-04-30,3801,2019-03-11,1835,1308,TENDE,1,5,7,3801,0,0,0,,0,3J13D,MARKET,"CYRIL MAGNIN",0.00,,-,A,-,N,,,,,,,,,,N,2,0,1,2,A,-,09,21453,B,F,G,B,B,A,-,-,A,A,0,Y,,,,Y,Y,A,01,1,0,0,0,1,0,0,0,0,"- ","- ",,,"SAN FRANCISCO","SAN FRANCISCO",-122.40805816650391,37.784000396728516
8852997,2019,2019-04-30,3801,2019-03-12,1148,1462,RICHM,2,5,7,3801,0,0,0,,0,3G14C,"GEARY BL","6TH AV",5.00,E,N,A,-,N,,,,,,,,,,N,2,0,1,2,A,-,10,21950,A,N,G,B,B,A,H,-,A,A,0,Y,,,,Y,,A,01,1,0,0,0,1,0,0,0,0,"- ","- ",,,"SAN FRANCISCO","SAN FRANCISCO",-122.46427154541016,37.781089782714844
8853001,2019,2019-04-30,3801,2019-03-13,1718,4117,TARAV,3,5,7,3801,0,0,0,,0,,"QUINTARA ST","16TH AV",0.00,,Y,A,-,N,,,,,,,,,,N,4,0,1,2,A,-,11,21950,B,N,D,B,E,A,H,-,A,D,0,Y,,,,Y,,N,60,0,0,1,0,1,0,0,0,0,"- ","- ",,,"SAN FRANCISCO","SAN FRANCISCO",-122.47286987304688,37.748790740966797
8853025,2019,2019-05-31,3801,2019-03-31,0242,412,TENDE,7,5,7,3801,0,0,0,,0,3J15E,"GEARY ST","HYDE ST",0.00,,Y,A,-,N,,,,,,,,,,N,2,0,1,2,A,-,00,20001,,F,G,B,B,A,H,-,C,A,0,Y,,,,Y,,A,01,1,0,0,0,1,0,0,0,0,"- ","- ",,,"SAN FRANCISCO","SAN FRANCISCO",-122.41645050048828,37.786319732666016
8853029,2019,2019-05-01,3801,2019-03-31,1010,1385,INGLE,7,5,7,3801,0,0,0,,0,3H13A,"BRUNSWICK ST","OLIVER ST",395.00,N,N,A,-,N,,,,,,,,,,N,4,0,1,2,A,-,00,21954,,N,G,B,D,A,H,-,A,D,0,Y,,,,Y,,N,60,0,0,1,0,1,0,0,0,0,"- ","- ",,,"SAN FRANCISCO","SAN FRANCISCO",-122.44860076904297,37.708751678466797
8853033,2019,2019-05-01,3801,2019-03-31,1223,2400,NORTH,7,5,7,3801,0,0,0,,0,3E11A,"EDDY ST","VAN NESS AV",110.00,W,N,A,-,N,,,,,,,,,,N,3,0,1,2,A,-,10,21950,A,F,G,B,D,A,H,-,A,D,0,Y,,,,Y,Y,A,01,0,1,0,0,1,0,0,0,0,"- ","- ",,,"SAN FRANCISCO","SAN FRANCISCO",-122.42127227783203,37.782821655273438
8853053,2019,2019-05-21,3801,2019-03-08,1215,748,ACENT,5,5,7,3801,0,0,0,,0,03A,"FILBERT STEPS","COLUMBUS AV",0.00,,-,A,-,N,,,,,,,,,,N,4,0,1,2,A,-,11,21955,,F,G,B,-,A,H,-,A,A,0,Y,,,,Y,,N,60,0,0,1,0,1,0,0,0,0,"- ","- ",,,"SAN FRANCISCO","SAN FRANCISCO",-122.41136169433594,37.801120758056641
8853057,2019,2019-05-02,3801,2019-03-31,1720,32,,7,5,7,3801,0,0,0,,0,,"WASHINGTON ST","VAN NESS AV",102.00,E,N,A,-,N,,,,,,,,,,N,3,0,1,2,A,-,11,21954,A,N,G,B,D,A,H,-,A,D,0,Y,,,,Y,,N,60,0,1,0,0,1,0,0,0,0,"- ","- ",,,"SAN FRANCISCO","SAN FRANCISCO",-122.422607421875,37.793102264404297
8853146,2019,2019-05-01,3801,2019-03-19,0822,748,CENTR,2,5,7,3801,0,0,0,,0,0A2,"CLAY ST","MONTGOMERY ST",0.00,,Y,A,-,N,,,,,,,,,,N,2,0,2,2,A,-,11,21453,D,N,H,-,B,A,H,-,A,A,0,Y,Y,,,Y,,N,60,2,0,0,0,1,0,1,0,0,"- ","- ",,,"SAN FRANCISCO","SAN FRANCISCO",-122.40312194824219,37.794681549072266
8857772,2019,2019-06-11,3801,2019-04-23,1040,2089,CENTR,2,5,7,3801,0,0,0,,0,004,"MONTGOMERY ST","JACKSON ST",0.00,,Y,A,-,N,,,,,,,,,,N,4,0,1,2,A,-,10,21950,A,F,G,B,B,A,H,-,A,A,0,Y,,,,Y,,A,07,0,0,1,0,1,0,0,0,0,"- ","- ",,,"SAN FRANCISCO","SAN FRANCISCO",-122.40348052978516,37.796428680419922
8857775,2019,2019-05-22,3801,2019-04-28,1406,652,PARK,7,5,7,3801,0,0,0,,0,004,"NOE ST","HENRY ST",0.00,,Y,A,-,N,,,,,,,,,,N,2,0,1,2,A,-,11,21954,A,N,G,B,D,A,H,-,A,D,0,Y,,,,Y,,N,60,1,0,0,0,1,0,0,0,0,"- ","- ",,,"SAN FRANCISCO","SAN FRANCISCO",-122.43332672119141,37.766670227050781
8857776,2019,2019-05-20,3801,2019-04-23,1050,317,SOUTH,2,5,7,3801,0,0,0,,0,SECTOR,"11TH ST","HARRISON ST",155.00,S,N,A,-,N,,,,,,,,,,N,3,0,1,2,A,-,11,21955,,N,B,B,D,A,H,-,A,D,0,Y,,,,Y,,N,60,0,1,0,0,1,0,0,0,0,"- ","- ",,,"SAN FRANCISCO","SAN FRANCISCO",-122.41209411621094,37.770328521728516
8857788,2019,2019-05-20,3801,2019-04-23,0819,4259,RICHM,2,5,7,3801,0,0,0,,0,3G13A,"PARK PRESIDIO BL","CLEMENT ST",0.00,,Y,A,-,N,,,,,,,,,,N,4,0,1,2,A,-,10,21950,A,N,G,B,B,A,H,-,A,A,0,Y,,,,Y,,A,01,0,0,1,0,1,0,0,0,0,"- ","- ",,,"SAN FRANCISCO","SAN FRANCISCO",-122.47247314453125,37.782581329345703
8857791,2019,2019-05-22,3801,2019-04-26,2342,1454,SOUTH,5,5,7,3801,0,0,0,,0,3B13E,"HOWARD ST","6TH ST",0.00,,Y,A,-,N,,,,,,,,,,N,4,0,1,2,A,-,11,21954,A,N,G,B,E,A,H,-,C,A,0,Y,,,,Y,,N,60,0,0,1,0,1,0,0,0,0,"- ","- ",,,"SAN FRANCISCO","SAN FRANCISCO",-122.40714263916016,37.779750823974609
8857792,2019,2019-05-21,3801,2019-04-22,2038,1451,,1,5,7,3801,0,0,0,,0,901,"POTRERO AV","16TH ST",0.00,,Y,A,-,N,,,,,,,,,,N,4,0,1,2,A,-,11,21453,D,N,G,B,D,A,H,-,C,A,0,Y,,,,Y,Y,N,60,0,0,1,0,1,0,0,0,0,"- ","- ",,,"SAN FRANCISCO","SAN FRANCISCO",-122.40756225585938,37.765769958496094
8857795,2019,2019-06-05,3801,2019-04-26,1939,1352,,5,5,7,3801,0,0,0,,0,1CAR,"MARKET ST","GOLDEN GATE AV",0.00,,Y,A,-,N,,,,,,,,,,,4,0,1,2,A,-,11,21955,,N,H,-,D,A,H,-,A,D,0,Y,Y,,,Y,,N,60,0,0,1,0,1,0,0,0,0,"- ","- ",,,"SAN FRANCISCO","SAN FRANCISCO",-122.41030120849609,37.782238006591797
8857799,2019,2019-05-22,3801,2019-04-23,1432,399,PARK,2,5,7,3801,0,0,0,,0,003,"STANYAN ST","HAYES ST",0.00,,Y,A,-,N,,,,,,,,,,N,3,0,2,3,A,-,10,21950,A,N,G,B,B,A,H,-,A,A,0,Y,,,,Y,,A,01,0,1,1,0,2,0,0,0,0,"- ","- ",,,"SAN FRANCISCO","SAN FRANCISCO",-122.45429992675781,37.772869110107422
8857800,2019,2019-05-21,3801,2019-04-24,1205,2089,CENTR,3,5,7,3801,0,0,0,,0,001,"CUSHMAN ST","CALIFORNIA ST",75.00,N,N,A,-,N,,,,,,,,,,N,4,0,1,2,A,-,05,21650,C,F,G,B,E,A,D,-,A,A,0,Y,,,,Y,,A,07,0,0,1,0,1,0,0,0,0,"- ","- ",,,"SAN FRANCISCO","SAN FRANCISCO",-122.41175842285156,37.791912078857422
8857812,2019,2019-06-11,3801,2019-04-20,0154,1148,MISSI,6,5,7,3801,0,0,0,,0,3D13E,"18TH ST","CASTRO ST",0.00,,Y,A,-,N,,,,,,,,,,N,3,0,2,3,A,-,03,22350,,F,G,B,D,-,H,-,D,D,0,Y,,,,Y,Y,-,,0,1,1,0,2,0,0,0,0,"- ","- ",,,"SAN FRANCISCO","SAN FRANCISCO",-122.43499755859375,37.760890960693359
8857819,2019,2019-05-22,3801,2019-04-24,0925,1917,TARVA,3,5,7,3801,0,0,0,,0,3I16A,"TARAVAL ST","35TH AV",0.00,,Y,A,-,N,,,,,,,,,,N,4,0,1,2,A,-,10,21950,A,N,G,B,B,A,H,-,A,A,0,Y,,,,Y,,A,01,0,0,1,0,1,0,0,0,0,"- ","- ",,,"SAN FRANCISCO","SAN FRANCISCO",-122.49282073974609,37.742290496826172
8857836,2019,2019-05-21,3801,2019-04-19,0805,1102,MISSI,5,5,7,3801,0,0,0,,0,MISSIO,"LIBERTY ST","GUERRERO ST",232.00,E,N,A,-,N,,,,,,,,,,N,3,0,1,2,-,-,"- ",,,N,G,B,E,A,C,-,A,D,0,Y,,,,Y,Y,-,"- ",0,1,0,0,1,0,0,0,0,"- ","- ",,,"SAN FRANCISCO","SAN FRANCISCO",-122.42259979248047,37.75762939453125
8857840,2019,2019-05-21,3801,2019-04-19,0330,382,NORTH,5,5,7,3801,0,0,0,,0,3E15E,"MARINA BL","LAGUNA ST",93.00,W,N,A,-,N,,,,,,,,,,N,3,0,1,2,A,-,03,22350,,F,G,B,D,A,H,-,C,A,0,Y,,,,Y,,A,07,0,1,0,0,1,0,0,0,0,"- ","- ",,,"SAN FRANCISCO","SAN FRANCISCO",-122.43238830566406,37.805179595947266
8857860,2019,2019-05-22,3801,2019-04-29,1607,764,MISSI,1,5,7,3801,0,0,0,,0,3D3C,"FOLSOM ST","21ST ST",0.00,,Y,A,-,N,,,,,,,,,,N,2,0,1,2,D,-,00,,,F,G,B,D,A,H,-,A,A,0,Y,,,,Y,,-,"- ",1,0,0,0,1,0,0,0,0,"- ","- ",,,"SAN FRANCISCO","SAN FRANCISCO",-122.41452026367188,37.757301330566406
8857887,2019,2019-05-22,3801,2019-04-02,2030,2452,RICHM,2,5,7,3801,0,0,0,,0,3G15E,"GEARY BL","16TH AV",0.00,,Y,C,-,N,,,,,,,,,,N,4,0,1,2,A,-,11,21954,A,N,G,B,D,B,H,-,C,D,0,Y,,,,Y,Y,N,60,0,0,1,0,1,0,0,0,0,"- ","- ",,,"SAN FRANCISCO","SAN FRANCISCO",-122.47511291503906,37.78057861328125
8857903,2019,2019-05-23,3801,2019-04-02,1613,A22656,SOUTH,2,5,7,3801,0,0,0,,0,3B11D,"1ST ST","HOWARD ST",0.00,,Y,B,-,N,,,,,,,,,,N,4,0,1,2,A,-,11,21453,D,N,G,B,B,A,H,-,A,A,0,Y,,,,Y,,N,60,0,0,1,0,1,0,0,0,0,"- ","- ",,,"SAN FRANCISCO","SAN FRANCISCO",-122.39604187011719,37.788551330566406
8857907,2019,2019-05-23,3801,2019-04-02,1532,1157,TARAV,2,5,7,3801,0,0,0,,0,3I13D,"20TH AV","TARAVAL ST",0.00,,Y,A,-,N,,,,,,,,,,N,2,0,1,2,A,-,10,21950,C,N,G,B,B,A,H,-,A,D,0,Y,,,,Y,,A,01,1,0,0,0,1,0,0,0,0,"- ","- ",,,"SAN FRANCISCO","SAN FRANCISCO",-122.47677612304688,37.742988586425781
8857912,2019,2019-07-16,3801,2019-04-21,1853,4314,RICHM,7,5,7,3801,0,0,0,,0,,"CLEMENT ST","11TH AV",0.00,,Y,A,-,N,,,,,,,,,,N,4,0,1,2,A,-,10,21950,A,N,-,-,B,A,H,-,A,-,0,Y,,,,Y,,A,01,0,0,1,0,1,0,0,0,0,"- ","- ",,,"SAN FRANCISCO","SAN FRANCISCO",-122.46977996826172,37.782669067382812
8857922,2019,2019-05-21,3801,2019-04-20,1505,2107,NORTH,6,5,7,3801,0,0,0,,0,03E,"POLK ST","ELLIS ST",0.00,,Y,A,-,N,,,,,,,,,,N,4,0,1,2,A,-,10,21950,A,N,G,B,B,A,H,-,A,A,0,Y,,,,Y,,A,01,0,0,1,0,1,0,0,0,0,"- ","- ",,,"SAN FRANCISCO","SAN FRANCISCO",-122.41934967041016,37.784038543701172
8857926,2019,2019-05-21,3801,2019-04-20,1450,563,PARK,6,5,7,3801,0,0,0,,0,001,"LINCOLN WY","7TH AV",0.00,,Y,A,-,N,,,,,,,,,,N,4,0,1,2,A,-,08,22107,,N,-,B,E,A,H,-,A,A,0,Y,,,,Y,,A,01,0,0,1,0,1,0,0,0,0,"- ","- ",,,"SAN FRANCISCO","SAN FRANCISCO",-122.46430206298828,37.766040802001953
8857935,2019,2019-05-21,3801,2019-04-04,0600,1463,MISSI,4,5,7,3801,0,0,0,,0,3D13A,"MARKET ST","DOLORES ST",0.00,,Y,B,-,N,,,,,,,,,,,3,0,1,2,C,-,18,,,N,G,B,F,A,H,-,-,A,0,Y,,,,Y,,-,"- ",0,1,0,0,1,0,0,0,0,"- ","- ",,,"SAN FRANCISCO","SAN FRANCISCO",-122.42691040039062,37.769199371337891
8857938,2019,2019-06-06,3801,2019-04-15,0925,1263,BAYVI,1,5,7,3801,0,0,0,,0,3C15A,"MARIN ST","BAYSHORE BL",0.00,,Y,A,-,N,,,,,,,,,,N,4,0,1,2,A,-,03,22350,,M,G,B,B,A,H,-,A,A,0,Y,,,,Y,,A,01,0,0,1,0,1,0,0,0,0,"- ","- ",,,"SAN FRANCISCO","SAN FRANCISCO",-122.40351867675781,37.748119354248047
8857940,2019,2019-05-21,3801,2019-04-24,2102,1702,TARAV,3,5,7,3801,0,0,0,,0,3I16D,"RANDOLPH ST","VERNON ST",0.00,,Y,A,-,N,,,,,,,,,,N,4,0,1,2,A,-,11,21954,A,N,G,B,D,A,H,-,C,B,0,Y,,,,Y,,N,60,0,0,1,0,1,0,0,0,0,"- ","- ",,,"SAN FRANCISCO","SAN FRANCISCO",-122.46800994873047,37.714271545410156
8857943,2019,2019-05-24,3801,2019-04-03,1215,4269,INGLE,3,5,7,3801,0,0,0,,0,3H15C,"GENEVA AV","LONDON ST",0.00,,Y,A,-,N,,,,,,,,,,Y,4,0,1,2,A,-,10,21950,A,N,G,B,B,A,H,-,A,D,0,Y,,,,Y,,A,01,0,0,1,0,1,0,0,0,0,"- ","- ",,,"SAN FRANCISCO","SAN FRANCISCO",-122.44023895263672,37.716049194335938
8857945,2019,2019-05-21,3801,2019-04-12,1636,1351,INGLE,5,5,7,3801,0,0,0,,0,3H13C,"SUNNYDALE AV","HAHN ST",60.00,W,N,A,-,N,,,,,,,,,,N,4,0,1,2,D,-,00,,,N,G,B,-,A,H,-,A,D,0,Y,,,,Y,,-,"- ",0,0,1,0,1,0,0,0,0,"- ","- ",,,"SAN FRANCISCO","SAN FRANCISCO",-122.41622924804688,37.711982727050781
8857947,2019,2019-05-21,3801,2019-04-20,2110,2380,SOUTH,6,5,7,3801,0,0,0,,0,0B4,"FOLSOM ST","11TH ST",0.00,,Y,A,-,N,,,,,,,,,,N,3,0,1,2,A,-,10,21950,A,N,G,B,B,A,H,-,C,A,0,Y,,,,Y,,A,01,0,1,0,0,1,0,0,0,0,"- ","- ",,,"SAN FRANCISCO","SAN FRANCISCO",-122.41400909423828,37.771881103515625
8857957,2019,2019-05-21,3801,2019-04-12,1315,1540,,5,5,7,3801,0,0,0,,0,,"CORBETT AV","ORD ST",201.00,E,N,A,-,N,,,,,,,,,,N,3,0,1,2,A,-,11,21950,B,N,G,B,E,A,H,-,A,A,0,Y,,,,Y,,N,60,0,1,0,0,1,0,0,0,0,"- ","- ",,,"SAN FRANCISCO","SAN FRANCISCO",-122.43955993652344,37.762168884277344
8857958,2019,2019-05-21,3801,2019-04-14,2028,936,BAYVI,7,5,7,3801,0,0,0,,0,,"BAYSHORE BL","CORTLAND AV",0.00,,Y,A,-,N,,,,,,,,,,N,3,0,1,2,A,-,12,21453,A,F,G,B,B,A,H,-,C,A,0,Y,,,,Y,,A,01,0,1,0,0,1,0,0,0,0,"- ","- ",,,"SAN FRANCISCO","SAN FRANCISCO",-122.40699005126953,37.739578247070312
8857970,2019,2019-05-21,3801,2019-04-14,1546,1861,TARAV,7,5,7,3801,0,0,0,,0,3I3D,"LINCOLN WY","25TH AV",0.00,,Y,A,-,N,,,,,,,,,,N,3,0,1,2,A,-,10,21950,A,N,G,B,B,A,H,-,A,A,0,Y,,,,Y,,-,,0,1,0,0,1,0,0,0,0,"- ","- ",,,"SAN FRANCISCO","SAN FRANCISCO",-122.48367309570312,37.765159606933594
8857971,2019,2019-05-21,3801,2019-04-27,0828,2279,BAYVI,6,5,7,3801,0,0,0,,0,0C2,PALOU,NEWHALL,2.00,S,N,A,-,N,,,,,,,,,,N,4,0,1,2,A,-,10,21950,A,N,G,B,D,A,H,-,A,D,0,Y,,,,Y,,A,01,0,0,1,0,1,0,0,0,0,"- ","- ",,,"SAN FRANCISCO","SAN FRANCISCO",-122.39277648925781,37.735027313232422
8857974,2019,2019-05-21,3801,2019-04-02,2103,1435,TRAFF,2,5,7,3801,0,0,0,,0,4B4I,"FULTON AV","37TH AV",0.00,,Y,C,-,N,,,,,,,,,,N,2,0,1,2,A,-,11,21453,D,N,G,B,D,B,H,-,C,A,0,Y,,,,Y,,N,60,1,0,0,0,1,0,0,0,0,"- ","- ",,,"SAN FRANCISCO","SAN FRANCISCO",-122.49704742431641,37.771991729736328
8857979,2019,2019-07-17,3801,2019-04-27,0140,276,,6,5,7,3801,0,0,0,,0,3E11E,"FELL ST","DIVISADERO ST",0.00,,Y,A,-,N,,,,,,,,,,,3,0,5,4,A,-,12,21453,A,F,D,I,F,A,H,-,C,A,0,Y,,,,Y,,A,01,0,1,4,0,2,0,0,0,0,"- ","- ",,,"SAN FRANCISCO","SAN FRANCISCO",-122.43759918212891,37.774059295654297
8857982,2019,2019-05-21,3801,2019-04-22,0542,2274,TENDE,1,5,7,3801,0,0,0,,0,,"ELLIS ST","CYRIL MAGNIN ST",0.00,,Y,A,-,N,,,,,,,,,,N,2,0,1,2,A,-,00,21958,A,N,G,B,D,A,H,-,C,A,0,Y,,,,Y,,N,60,1,0,0,0,1,0,0,0,0,"- ","- ",,,"SAN FRANCISCO","SAN FRANCISCO",-122.40866088867188,37.785430908203125
8857993,2019,2019-05-21,3801,2019-04-06,2242,1094,TENDE,6,5,7,3801,0,0,0,,0,3J13E,"EDDY ST","MASON ST",0.00,,Y,A,-,N,,,,,,,,,,N,4,0,1,2,A,-,10,21950,A,F,A,B,B,A,H,-,C,A,0,Y,,,,Y,,A,01,0,0,1,0,1,0,0,0,0,"- ","- ",,,"SAN FRANCISCO","SAN FRANCISCO",-122.4093017578125,37.784381866455078
8857995,2019,2019-05-21,3801,2019-04-26,1601,801,SOUTH,5,5,7,3801,0,0,0,,0,,"MISSION BAY SOUTH BL","BRIDGEVIEW WY",0.00,,Y,A,-,N,,,,,,,,,,,4,0,1,2,A,-,11,21950,B,N,G,B,B,A,H,-,A,A,0,Y,,,,Y,,N,60,0,0,1,0,1,0,0,0,0,"- ","- ",,,"SAN FRANCISCO","SAN FRANCISCO",-122.38777923583984,37.770778656005859
8857999,2019,2019-05-24,3801,2019-04-26,1338,1286,NORTH,5,5,7,3801,0,0,0,,0,3E12A,"GEARY BL","WEBSTER ST",0.00,,Y,A,-,N,,,,,,,,,,N,4,0,1,2,A,-,11,21950,B,N,G,B,D,A,H,-,A,A,0,Y,,,,Y,,N,60,0,0,1,0,1,0,0,0,0,"- ","- ",,,"SAN FRANCISCO","SAN FRANCISCO",-122.43129730224609,37.78472900390625
8858001,2019,2019-05-21,3801,2019-04-19,1912,2705,BAYVI,5,5,7,3801,0,0,0,,0,3C15D,"LANE ST","REVERE AV",0.00,,Y,E,-,N,,,,,,,,,,Y,3,0,1,4,A,-,12,22450,A,N,G,B,B,A,E,-,A,A,0,Y,,,,Y,,A,01,0,1,0,0,1,0,0,0,0,"- ","- ",,,"SAN FRANCISCO","SAN FRANCISCO",-122.39018249511719,37.731670379638672
8858005,2019,2019-05-21,3801,2019-04-22,2315,1060,SOUTH,1,5,7,3801,0,0,0,,0,001,"MISSION ST","2ND ST",22.00,W,N,A,-,N,,,,,,,,,,N,4,0,1,2,A,-,08,22107,,N,-,B,B,A,H,-,C,A,0,Y,,,,Y,,A,01,0,0,1,0,1,0,0,0,0,"- ","- ",,,"SAN FRANCISCO","SAN FRANCISCO",-122.39984130859375,37.787967681884766
8858011,2019,2019-05-24,3801,2019-04-16,2120,781,PARK,2,5,7,3801,0,0,0,,0,0F3,"MASONIC AV","HAIGHT ST",137.00,N,N,A,-,N,,,,,,,,,,Y,2,0,1,2,A,-,11,21955,,N,G,-,D,A,H,-,C,A,0,Y,,,,Y,,N,60,1,0,0,0,1,0,0,0,0,"- ","- ",,,"SAN FRANCISCO","SAN FRANCISCO",-122.4454345703125,37.770580291748047
8858014,2019,2019-05-21,3801,2019-04-10,1350,242,NORTH,3,5,7,3801,0,0,0,,0,901,"RICHARDSON AV",FRANCISCO,45.00,S,N,B,-,N,,,,,,,,,,N,3,0,1,2,A,-,10,21950,A,N,G,B,B,A,H,-,A,A,0,Y,,,,Y,,A,01,0,1,0,0,1,0,0,0,0,"- ","- ",,,"SAN FRANCISCO","SAN FRANCISCO",-122.44699096679688,37.800277709960938
8858019,2019,2019-05-21,3801,2019-04-16,0921,998,NORTH,2,5,7,3801,0,0,0,,0,003,"HEMLOCK ST","LARKIN ST",0.00,,Y,A,-,N,,,,,,,,,,,4,0,1,2,D,-,00,,,F,G,B,E,A,H,-,A,D,0,Y,,,,Y,,-,"- ",0,0,1,0,1,0,0,0,0,"- ","- ",,,"SAN FRANCISCO","SAN FRANCISCO",-122.41835784912109,37.787490844726562
8858023,2019,2019-06-06,3801,2019-04-15,1150,1482,TENDE,1,5,7,3801,0,0,0,,0,3J14A,"ELLIS ST","LEAVENWORTH ST",191.00,E,N,A,-,N,,,,,,,,,,N,4,0,1,2,A,-,11,21955,,N,G,B,E,A,H,-,A,D,0,Y,,,,Y,,N,60,0,0,1,0,1,0,0,0,0,"- ","- ",,,"SAN FRANCISCO","SAN FRANCISCO",-122.41377258300781,37.784759521484375