CASE_ID,ACCIDENT_YEAR,PROC_DATE,JURIS,COLLISION_DATE,COLLISION_TIME,OFFICER_ID,REPORTING_DISTRICT,DAY_OF_WEEK,CHP_SHIFT,POPULATION,CNTY_CITY_LOC,SPECIAL_COND,BEAT_TYPE,CHP_BEAT_TYPE,CITY_DIVISION_LAPD,CHP_BEAT_CLASS,BEAT_NUMBER,PRIMARY_RD,SECONDARY_RD,DISTANCE,DIRECTION,INTERSECTION,WEATHER_1,WEATHER_2,STATE_HWY_IND,CALTRANS_COUNTY,CALTRANS_DISTRICT,STATE_ROUTE,ROUTE_SUFFIX,POSTMILE_PREFIX,POSTMILE,LOCATION_TYPE,RAMP_INTERSECTION,SIDE_OF_HWY,TOW_AWAY,COLLISION_SEVERITY,NUMBER_KILLED,NUMBER_INJURED,PARTY_COUNT,PRIMARY_COLL_FACTOR,PCF_CODE_OF_VIOL,PCF_VIOL_CATEGORY,PCF_VIOLATION,PCF_VIOL_SUBSECTION,HIT_AND_RUN,TYPE_OF_COLLISION,MVIW,PED_ACTION,ROAD_SURFACE,ROAD_COND_1,ROAD_COND_2,LIGHTING,CONTROL_DEVICE,CHP_ROAD_TYPE,PEDESTRIAN_ACCIDENT,BICYCLE_ACCIDENT,MOTORCYCLE_ACCIDENT,TRUCK_ACCIDENT,NOT_PRIVATE_PROPERTY,ALCOHOL_INVOLVED,STWD_VEHTYPE_AT_FAULT,CHP_VEHTYPE_AT_FAULT,COUNT_SEVERE_INJ,COUNT_VISIBLE_INJ,COUNT_COMPLAINT_PAIN,COUNT_PED_KILLED,COUNT_PED_INJURED,COUNT_BICYCLIST_KILLED,COUNT_BICYCLIST_INJURED,COUNT_MC_KILLED,COUNT_MC_INJURED,PRIMARY_RAMP,SECONDARY_RAMP,LATITUDE,LONGITUDE,COUNTY,CITY,POINT_X,POINT_Y
8858033,2019,2019-05-21,3801,2019-04-04,1718,637,SOUTH,4,5,7,3801,0,0,0,,0,3B12D,"5TH ST","BRYANT ST",129.00,S,N,A,-,N,,,,,,,,,,N,3,0,1,2,A,-,00,20001,A,F,G,B,F,A,H,-,A,D,0,Y,,,,Y,Y,D,22,0,1,0,0,1,0,0,0,0,"- ","- ",,,"SAN FRANCISCO","SAN FRANCISCO",-122.39997863769531,37.777549743652344
8858053,2019,2019-05-21,3801,2019-04-06,0816,829,MISSI,6,5,7,3801,0,0,0,,0,3D11A,"24TH ST","MISSION ST",0.00,,Y,B,-,N,,,,,,,,,,N,4,0,1,2,A,-,10,21950,A,F,G,B,B,B,H,-,A,A,0,Y,,,,Y,,A,01,0,0,1,0,1,0,0,0,0,"- ","- ",,,"SAN FRANCISCO","SAN FRANCISCO",-122.41848754882812,37.75225830078125
8858054,2019,2019-05-21,3801,2019-04-09,0726,2089,CENTR,2,5,7,3801,0,0,0,,0,004,"BAY ST","POWELL ST",0.00,,Y,A,-,N,,,,,,,,,,N,3,0,1,2,A,-,10,21950,A,F,G,B,B,A,H,-,B,A,0,Y,,,,Y,,A,01,0,1,0,0,1,0,0,0,0,"- ","- ",,,"SAN FRANCISCO","SAN FRANCISCO",-122.41194152832031,37.805839538574219
8858061,2019,2019-05-21,3801,2019-04-06,2210,875,CENTR,6,5,7,3801,0,0,0,,0,3A12E,"POST ST","POWELL ST",0.00,,Y,B,-,N,,,,,,,,,,,4,0,1,2,A,-,12,21453,A,N,A,B,B,A,H,-,C,A,0,Y,,,,Y,,A,07,0,0,1,0,1,0,0,0,0,"- ","- ",,,"SAN FRANCISCO","SAN FRANCISCO",-122.40840148925781,37.788288116455078
8858073,2019,2019-07-17,3801,2019-04-07,0203,1240,MISSI,7,5,7,3801,0,0,0,,0,3D11E,"COLLINGWOOD ST","18TH ST",0.00,,Y,A,-,N,,,,,,,,,,Y,2,0,5,4,A,-,08,22100,A,F,G,B,E,A,H,-,C,A,0,Y,,,,Y,,A,01,1,0,4,0,1,0,0,0,0,"- ","- ",,,"SAN FRANCISCO","SAN FRANCISCO",-122.43609619140625,37.760818481445312
8858075,2019,2019-05-21,3801,2019-04-02,2341,4212,PARK,2,5,7,3801,0,0,0,,0,,"HAIGHT ST","MASONIC ST",0.00,,Y,A,-,N,,,,,,,,,,N,4,0,1,2,A,-,11,21453,D,N,G,B,B,B,-,-,C,A,0,Y,,,,Y,,N,60,0,0,1,0,1,0,0,0,0,"- ","- ",,,"SAN FRANCISCO","SAN FRANCISCO",-122.44535064697266,37.770210266113281
8858079,2019,2019-05-21,3801,2019-04-02,2102,1817,CENTR,2,5,7,3801,0,0,0,,0,3A61,"JONES ST","BUSH ST",0.00,,Y,A,-,N,,,,,,,,,,N,4,0,1,2,A,-,10,21950,A,N,G,B,B,B,H,-,D,A,0,Y,,,,Y,,A,01,0,0,1,0,1,0,0,0,0,"- ","- ",,,"SAN FRANCISCO","SAN FRANCISCO",-122.41371154785156,37.78955078125
8858130,2019,2019-05-24,3801,2019-04-07,1723,4187,MISSI,7,5,7,3801,0,0,0,,0,3D15D,"VALENCIA ST","14TH ST",9.00,N,N,A,-,N,,,,,,,,,,N,4,0,1,2,A,-,12,21453,A,N,G,B,B,A,H,-,A,A,0,Y,Y,,,Y,,L,04,0,0,1,0,1,0,0,0,0,"- ","- ",,,"SAN FRANCISCO","SAN FRANCISCO",-122.42218017578125,37.768173217773438
8862430,2019,2019-05-23,3801,2019-04-11,1430,1149,CENTR,4,5,7,3801,0,0,0,,0,3A13A,"MASON ST","BEACH ST",0.00,,Y,A,-,N,,,,,,,,,,N,3,0,1,2,A,-,11,21954,A,N,G,B,D,A,H,-,A,A,0,Y,,,,Y,,N,60,0,1,0,0,1,0,0,0,0,"- ","- ",,,"SAN FRANCISCO","SAN FRANCISCO",-122.41397857666016,37.807491302490234
8862451,2019,2019-05-24,3801,2019-04-19,1128,1371,SOUTH,5,5,7,3801,0,0,0,,0,3B13A,"6TH ST","BRYANT ST",0.00,,Y,A,-,N,,,,,,,,,,N,3,0,1,2,A,-,10,21950,A,N,G,B,B,A,H,-,A,A,0,Y,,,,Y,,D,22,0,1,0,0,1,0,0,0,0,"- ","- ",,,"SAN FRANCISCO","SAN FRANCISCO",-122.40249633789062,37.776058197021484
8862459,2019,2019-06-04,3801,2019-04-24,0742,2279,BAYVI,3,5,7,3801,0,0,0,,0,0C5,"HAWES ST","INGERSON AV",65.00,S,N,A,-,N,,,,,,,,,,N,3,0,1,3,-,-,"- ",,,N,G,B,F,A,H,-,A,D,0,Y,,,,Y,,-,"- ",0,1,0,0,1,0,0,0,0,"- ","- ",,,"SAN FRANCISCO","SAN FRANCISCO",-122.39125061035156,37.717891693115234
8863593,2019,2019-05-22,3801,2019-04-12,2205,4300,NORTH,5,5,7,3801,0,0,0,,0,3E5E,"UNION ST","OCTAVIA ST",150.00,W,N,A,-,N,,,,,,,,,,N,4,0,1,2,A,-,11,21955,,N,G,B,D,A,H,-,C,D,0,Y,,,,Y,Y,N,60,0,0,1,0,1,0,0,0,0,"- ","- ",,,"SAN FRANCISCO","SAN FRANCISCO",-122.42941284179688,37.797863006591797
8874743,2019,2019-06-18,3801,2019-05-18,1200,1909,NORTH,6,5,7,3801,0,0,0,,0,,"FRANKLIN ST","OAK ST",6.00,N,N,C,-,N,,,,,,,,,,N,4,0,1,2,A,-,11,21106,B,N,G,B,D,B,-,-,A,A,0,Y,,,,Y,,N,60,0,0,1,0,1,0,0,0,0,"- ","- ",,,"SAN FRANCISCO","SAN FRANCISCO",-122.42095184326172,37.775226593017578
8875583,2019,2019-06-26,3801,2019-05-15,1811,1352,TENDE,3,5,7,3801,0,0,0,,0,3J11D,"ELLIS ST","CYRIL MAGNIN ST",0.00,,Y,B,C,N,,,,,,,,,,N,3,0,1,2,A,-,11,21461,5,N,A,B,D,B,H,-,A,D,0,Y,,,,Y,Y,N,60,0,1,0,0,1,0,0,0,0,"- ","- ",,,"SAN FRANCISCO","SAN FRANCISCO",-122.40866088867188,37.785430908203125
8875591,2019,2019-06-26,3801,2019-05-28,2147,555,MISSI,2,5,7,3801,0,0,0,,0,3D11E,"CASTRO ST","MARKET ST",0.00,,Y,A,-,N,,,,,,,,,,Y,4,0,1,2,A,-,10,21950,A,F,B,B,B,A,H,-,C,A,0,Y,,,,Y,,A,01,0,0,1,0,1,0,0,0,0,"- ","- ",,,"SAN FRANCISCO","SAN FRANCISCO",-122.43515777587891,37.762638092041016
8877905,2019,2019-06-24,3801,2019-04-15,0846,1493,TRAFF,1,5,7,3801,0,0,0,,0,4B5E,"SAN JOSE AV",SENECA,10.00,N,N,A,-,N,,,,,,,,,,Y,2,0,1,2,A,-,10,21950,A,N,D,B,B,-,H,-,A,A,0,Y,,,Y,Y,,F,24,1,0,0,0,1,0,0,0,0,"- ","- ",,,"SAN FRANCISCO","SAN FRANCISCO",-122.44583129882812,37.721664428710938
8878178,2019,2019-06-26,3801,2019-05-21,1228,1706,NORTH,2,5,7,3801,0,0,0,,0,3E13A,"BUSH ST","FRANKLIN ST",0.00,,Y,A,-,N,,,,,,,,,,N,4,0,1,2,A,-,10,21950,A,N,G,B,B,A,H,-,A,A,0,Y,,,,Y,,I,11,0,0,1,0,1,0,0,0,0,"- ","- ",,,"SAN FRANCISCO","SAN FRANCISCO",-122.42357635498047,37.788280487060547
8878197,2019,2019-06-24,3801,2019-05-17,1022,2412,SOUTH,5,5,7,3801,0,0,0,,0,3B5A,"4TH ST","BERRY ST",0.00,,Y,A,-,N,,,,,,,,,,N,4,0,1,2,A,-,11,21453,D,N,G,B,B,A,H,-,A,A,0,Y,,,,Y,,N,60,0,0,1,0,1,0,0,0,0,"- ","- ",,,"SAN FRANCISCO","SAN FRANCISCO",-122.39334106445312,37.775779724121094
8878244,2019,2019-06-20,3801,2019-05-02,2144,1128,PARK,4,5,7,3801,0,0,0,,0,3F14E,"LAGUNA ST","HERMANN ST",7.00,N,N,A,-,N,,,,,,,,,,N,3,0,1,2,A,-,10,21950,A,N,G,B,B,A,H,-,C,D,0,Y,,,Y,Y,,F,55,0,1,0,0,1,0,0,0,0,"- ","- ",,,"SAN FRANCISCO","SAN FRANCISCO",-122.42513275146484,37.770900726318359
8878404,2019,2019-06-18,3801,2019-05-17,0829,4139,,5,5,7,3801,0,0,0,,0,027,"ELLIS ST","LEAVENWORTH ST",0.00,,Y,A,-,N,,,,,,,,,,N,4,0,1,2,A,-,00,20001,A,N,G,B,B,A,H,-,A,A,0,Y,,Y,,Y,,C,02,0,0,1,0,1,0,0,0,0,"- ","- ",,,"SAN FRANCISCO","SAN FRANCISCO",-122.41442108154297,37.784671783447266
8878489,2019,2019-07-11,3801,2019-05-24,1500,1404,,5,5,7,3801,0,0,0,,0,901,"OLIVE ST","POLK ST",37.00,W,N,A,-,N,,,,,,,,,,N,4,0,1,2,A,-,17,21663,,M,G,B,F,A,H,-,A,D,0,Y,,,,Y,Y,A,01,0,0,1,0,1,0,0,0,0,"- ","- ",,,"SAN FRANCISCO","SAN FRANCISCO",-122.41957855224609,37.784473419189453
8878493,2019,2019-06-26,3801,2019-05-24,1351,1190,TARAV,5,5,7,3801,0,0,0,,0,3I15A,"18TH AV","LINCOLN WY",3.00,S,N,A,-,N,,,,,,,,,,N,2,0,1,2,A,-,10,21950,A,N,G,B,B,A,H,-,A,A,0,Y,,,,Y,,A,07,1,0,0,0,1,0,0,0,0,"- ","- ",,,"SAN FRANCISCO","SAN FRANCISCO",-122.47618865966797,37.765480041503906
8878501,2019,2019-06-19,3801,2019-05-19,1145,76,TRAFF,7,5,7,3801,0,0,0,,0,4B2C,"JONES ST","ELLIS ST",8.00,S,N,B,-,N,,,,,,,,,,Y,2,0,1,2,A,-,11,21456,C,N,-,B,B,A,-,-,A,A,0,Y,,,,Y,,N,60,1,0,0,0,1,0,0,0,0,"- ","- ",,,"SAN FRANCISCO","SAN FRANCISCO",-122.41277313232422,37.784877777099609
8878542,2019,2019-06-19,3801,2019-05-01,2047,582,CENTR,3,5,7,3801,0,0,0,,0,3A14D,"HYDE ST","WASHINGTON ST",0.00,,Y,A,-,N,,,,,,,,,,N,4,0,1,2,A,-,10,21950,A,N,B,B,B,A,H,-,C,A,0,Y,,,,Y,,A,01,0,0,1,0,1,0,0,0,0,"- ","- ",,,"SAN FRANCISCO","SAN FRANCISCO",-122.41793823242188,37.793689727783203
8878565,2019,2019-06-19,3801,2019-05-24,1548,637,SOUTH,5,5,7,3801,0,0,0,,0,"5 CAR","3RD ST","16TH ST",24.00,S,N,A,-,N,,,,,,,,,,N,4,0,1,2,A,-,10,21950,A,N,G,B,B,A,D,-,A,A,0,Y,,,,Y,,A,01,0,0,1,0,1,0,0,0,0,"- ","- ",,,"SAN FRANCISCO","SAN FRANCISCO",-122.38920593261719,37.766872406005859
8878574,2019,2019-06-19,3801,2019-05-13,2240,2710,CENTR,1,5,7,3801,0,0,0,,0,001,"LEAVENWORTH ST","CALIFORNIA ST",0.00,,Y,A,-,N,,,,,,,,,,N,4,0,1,2,A,-,10,21950,A,N,G,B,B,A,H,-,C,A,0,Y,,,,Y,,A,08,0,0,1,0,1,0,0,0,0,"- ","- ",,,"SAN FRANCISCO","SAN FRANCISCO",-122.41574859619141,37.791210174560547
8878584,2019,2019-06-19,3801,2019-05-28,1003,4259,RICHM,2,5,7,3801,0,0,0,,0,3G13A,"6TH AV","GEARY BL",22.00,S,N,A,-,N,,,,,,,,,,N,4,0,1,2,A,-,11,21954,A,N,G,B,D,A,H,-,A,A,0,Y,,,,Y,,N,60,0,0,1,0,1,0,0,0,0,"- ","- ",,,"SAN FRANCISCO","SAN FRANCISCO",-122.46428680419922,37.781028747558594
8878586,2019,2019-06-19,3801,2019-05-21,1206,1385,INGLE,2,5,7,3801,0,0,0,,0,3H15C,"ALEMANY BL","SICKLES AV",0.00,,Y,B,C,N,,,,,,,,,,N,4,0,1,2,A,-,10,21950,A,N,A,B,B,B,H,-,A,A,0,Y,,,,Y,,A,01,0,0,1,0,1,0,0,0,0,"- ","- ",,,"SAN FRANCISCO","SAN FRANCISCO",-122.45491790771484,37.71051025390625
8878589,2019,2019-06-19,3801,2019-05-23,1300,912,CENTR,4,5,7,3801,0,0,0,,0,3A14C,"NEW MONTGOMERY ST","JESSIE ST",0.00,,Y,A,-,N,,,,,,,,,,N,3,0,1,2,A,-,21,22106,,N,G,B,-,A,-,-,A,D,0,Y,,,,Y,,A,01,0,1,0,0,1,0,0,0,0,"- ","- ",,,"SAN FRANCISCO","SAN FRANCISCO",-122.40099334716797,37.787868499755859
8878590,2019,2019-06-19,3801,2019-05-21,1132,1300,SOUTH,2,5,7,3801,0,0,0,,0,3B15C,"4TH ST","BRYANT ST",0.00,,Y,B,-,N,,,,,,,,,,N,4,0,1,2,A,-,10,21950,,M,D,B,B,B,H,-,A,A,0,Y,,,,Y,,A,01,0,0,1,0,1,0,0,0,0,"- ","- ",,,"SAN FRANCISCO","SAN FRANCISCO",-122.3980712890625,37.779571533203125
8878593,2019,2019-06-19,3801,2019-05-23,1149,203,MISSI,4,5,7,3801,0,0,0,,0,3D44C,"MISSION ST","24TH ST",255.00,S,N,A,-,N,,,,,,,,,,N,4,0,1,2,A,-,11,21954,A,N,G,B,E,-,H,-,A,D,0,Y,,,,Y,,N,60,0,0,1,0,1,0,0,0,0,"- ","- ",,,"SAN FRANCISCO","SAN FRANCISCO",-122.41841125488281,37.751564025878906
8878600,2019,2019-06-19,3801,2019-05-27,0800,2374,INGLE,1,5,7,3801,0,0,0,,0,05H,"SAN JOSE AV","OCEAN AV",0.00,,Y,B,-,N,,,,,,,,,,N,4,0,1,2,A,-,10,21950,A,F,G,B,B,A,H,-,A,A,0,Y,,,,Y,,A,01,0,0,1,0,1,0,0,0,0,"- ","- ",,,"SAN FRANCISCO","SAN FRANCISCO",-122.44480895996094,37.722930908203125
8878606,2019,2019-06-19,3801,2019-05-20,1405,4039,SOUTH,1,5,7,3801,0,0,0,,0,3A13C,"TOWNSEND ST","STANFORD ST",270.00,W,N,A,-,N,,,,,,,,,,N,3,0,2,2,A,-,08,22107,,N,G,B,F,A,H,-,A,A,0,Y,,,,Y,,M,94,0,1,1,0,1,0,0,0,0,"- ","- ",,,"SAN FRANCISCO","SAN FRANCISCO",-122.39173889160156,37.779674530029297
8878614,2019,2019-06-19,3801,2019-05-20,0058,1507,NORTH,1,5,7,3801,0,0,0,,0,006,"POLK ST","PINE ST",32.00,S,N,B,-,N,,,,,,,,,,Y,3,0,2,3,A,-,10,21950,A,N,G,B,B,A,H,-,C,A,0,Y,,,,Y,,A,01,0,2,0,0,2,0,0,0,0,"- ","- ",,,"SAN FRANCISCO","SAN FRANCISCO",-122.42047882080078,37.789554595947266
8878630,2019,2019-06-19,3801,2019-05-16,1200,CUNNIE,NORTH,4,5,7,3801,0,0,0,,0,3E13A,"POLK ST","SUTTER ST",0.00,,Y,C,-,N,,,,,,,,,,N,4,0,1,2,A,-,10,21950,A,N,A,B,B,B,D,-,A,A,0,Y,,,,Y,,A,01,0,0,1,0,1,0,0,0,0,"- ","- ",,,"SAN FRANCISCO","SAN FRANCISCO",-122.42009735107422,37.787761688232422
8878635,2019,2019-06-20,3801,2019-05-01,1830,1096,CENTR,3,5,7,3801,0,0,0,,0,3A15D,"PINE ST","DAVIS ST",0.00,,Y,A,-,N,,,,,,,,,,,4,0,1,2,A,-,10,21950,A,N,G,B,B,A,H,-,A,A,0,Y,,,,Y,,A,01,0,0,1,0,1,0,0,0,0,"- ","- ",,,"SAN FRANCISCO","SAN FRANCISCO",-122.3973388671875,37.792488098144531
8878637,2019,2019-06-18,3801,2019-05-17,0120,1182,RICHM,5,5,7,3801,0,0,0,,0,3G4E,"GEARY BL","26TH AV",0.00,,Y,A,-,N,,,,,,,,,,N,4,0,1,2,-,-,"- ",,,N,G,B,E,B,H,-,C,A,0,Y,,,,Y,Y,-,"- ",0,0,1,0,1,0,0,0,0,"- ","- ",,,"SAN FRANCISCO","SAN FRANCISCO",-122.48580932617188,37.780101776123047
8878641,2019,2019-06-19,3801,2019-05-10,1814,2335,RICHM,5,5,7,3801,0,0,0,,0,0G1,"GREAT HWY","LINCOLN WY",1250.00,N,N,B,-,N,,,,,,,,,,N,4,0,1,2,A,-,10,21950,A,N,G,B,C,A,H,-,A,D,0,Y,,,,Y,,A,01,0,0,1,0,1,0,0,0,0,"- ","- ",,,"SAN FRANCISCO","SAN FRANCISCO",-122.51041412353516,37.7674560546875
8878643,2019,2019-06-19,3801,2019-05-03,1153,1925,BAYVI,5,5,7,3801,0,0,0,,0,3C11A,"3RD ST","20TH ST",0.00,,Y,A,-,N,,,,,,,,,,N,3,0,1,2,A,-,11,21453,D,N,G,B,D,A,H,-,A,A,0,Y,,,,Y,,N,60,0,1,0,0,1,0,0,0,0,"- ","- ",,,"SAN FRANCISCO","SAN FRANCISCO",-122.388671875,37.760459899902344
8878644,2019,2019-06-19,3801,2019-05-17,0006,875,CENTR,5,5,7,3801,0,0,0,,0,3A13E,"MONTGOMERY ST","COMMERCIAL ST",37.00,N,N,B,C,N,,,,,,,,,,,3,0,1,2,A,-,11,21954,A,F,G,B,D,B,H,-,C,D,0,Y,,,,Y,,N,60,0,1,0,0,1,0,0,0,0,"- ","- ",,,"SAN FRANCISCO","SAN FRANCISCO",-122.40303802490234,37.794319152832031
8878648,2019,2019-06-19,3801,2019-05-16,2132,4104,21,4,5,7,3801,0,0,0,,0,3J12E,"6TH ST","MISSION ST",0.00,,Y,C,-,N,,,,,,,,,,N,4,0,1,2,A,-,11,21453,D,N,G,B,B,B,H,-,C,A,0,Y,,,,Y,,N,60,0,0,1,0,1,0,0,0,0,"- ","- ",,,"SAN FRANCISCO","SAN FRANCISCO",-122.40869140625,37.780979156494141
8878651,2019,2019-06-25,3801,2019-05-03,2218,4115,SOUTH,5,5,7,3801,0,0,0,,0,3B63,"2ND ST","TOWNSEND ST",0.00,,Y,A,-,N,,,,,,,,,,N,3,0,1,3,A,-,10,21950,A,N,G,B,B,A,H,-,C,A,0,Y,,,,Y,,A,01,0,1,0,0,1,0,0,0,0,"- ","- ",,,"SAN FRANCISCO","SAN FRANCISCO",-122.39051818847656,37.780620574951172
8878652,2019,2019-06-19,3801,2019-05-16,1902,1666,PARK,4,5,7,3801,0,0,0,,0,"4 CAR","DUBOCE AV","SANCHEZ ST",0.00,,Y,B,C,N,,,,,,,,,,N,4,0,1,2,A,-,10,21950,A,N,G,B,B,B,H,-,A,A,0,Y,,,,Y,,A,01,0,0,1,0,1,0,0,0,0,"- ","- ",,,"SAN FRANCISCO","SAN FRANCISCO",-122.43134307861328,37.769329071044922
8878654,2019,2019-06-24,3801,2019-05-09,2011,002244,TENDE,4,5,7,3801,0,0,0,,0,3J12D,"6TH ST","STEVENSON ST",6.00,S,N,A,-,N,,,,,,,,,,N,3,0,1,2,A,-,11,21954,A,N,A,B,D,A,H,-,C,D,0,Y,,,,Y,,N,60,0,1,0,0,1,0,0,0,0,"- ","- ",,,"SAN FRANCISCO","SAN FRANCISCO",-122.40965270996094,37.781757354736328
8878663,2019,2019-06-25,3801,2019-05-31,1048,679,MISSI,5,5,7,3801,0,0,0,,0,0D4,"ALABAMA ST","24TH ST",0.00,,Y,A,-,N,,,,,,,,,,N,4,0,1,2,A,-,10,21950,A,N,G,B,B,A,H,-,A,A,0,Y,,,,Y,,A,01,0,0,1,0,1,0,0,0,0,"- ","- ",,,"SAN FRANCISCO","SAN FRANCISCO",-122.41094207763672,37.752708435058594
8878673,2019,2019-06-19,3801,2019-05-15,1650,2020,SOUTH,3,5,7,3801,0,0,0,,0,0B2,"5TH ST","BRYANT ST",0.00,,Y,C,-,N,,,,,,,,,,,3,0,1,2,A,-,03,22350,A,F,G,B,B,B,H,-,A,-,0,Y,,,,Y,,-,,0,1,0,0,1,0,0,0,0,"- ","- ",,,"SAN FRANCISCO","SAN FRANCISCO",-122.40029144287109,37.777801513671875
8878681,2019,2019-06-19,3801,2019-05-15,1425,4006,TARAV,3,5,7,3801,0,0,0,,0,3I46,"OCEAN AV","DORADO TER",100.00,E,N,B,-,N,,,,,,,,,,N,4,0,1,2,A,-,00,21954,,M,D,B,D,A,H,-,A,A,0,Y,,,,Y,,N,60,0,0,1,0,1,0,0,0,0,"- ","- ",,,"SAN FRANCISCO","SAN FRANCISCO",-122.46089172363281,37.724884033203125
8878683,2019,2019-06-25,3801,2019-05-18,1030,2132,MISSI,6,5,7,3801,0,0,0,,0,3D60,"24TH ST","TREAT AV",0.00,,Y,A,-,N,,,,,,,,,,N,4,0,1,2,A,-,10,21950,A,F,G,B,B,A,H,-,A,A,0,Y,,,,Y,,A,01,0,0,1,0,1,0,0,0,0,"- ","- ",,,"SAN FRANCISCO","SAN FRANCISCO",-122.41298675537109,37.752571105957031
8878695,2019,2019-06-19,3801,2019-05-30,0200,1375,MISSI,4,5,7,3801,0,0,0,,0,3D15E,"17TH ST","CAPP ST",0.00,,Y,B,-,N,,,,,,,,,,N,4,0,1,2,A,-,11,21954,A,F,G,B,D,A,H,-,C,D,0,Y,,,,Y,,N,60,0,0,1,0,1,0,0,0,0,"- ","- ",,,"SAN FRANCISCO","SAN FRANCISCO",-122.41853332519531,37.763481140136719
8878698,2019,2019-06-19,3801,2019-05-11,0937,50,TENDE,6,5,7,3801,0,0,0,,0,003,"HYDE ST","GOLDEN GATE AV",0.00,,Y,A,-,N,,,,,,,,,,N,4,0,1,2,A,-,10,21950,A,F,G,B,B,A,H,-,A,A,0,Y,,,,Y,,A,01,0,0,1,0,1,0,0,0,0,"- ","- ",,,"SAN FRANCISCO","SAN FRANCISCO",-122.41549682617188,37.781650543212891
8878700,2019,2019-06-19,3801,2019-05-05,2225,1679,MISSI,7,5,7,3801,0,0,0,,0,3614E,"MISSION ST","23RD ST",256.00,S,N,A,-,N,,,,,,,,,,N,3,0,1,2,A,-,21,22106,,N,G,B,F,A,H,-,C,A,0,Y,,,,Y,,A,01,0,1,0,0,1,0,0,0,0,"- ","- ",,,"SAN FRANCISCO","SAN FRANCISCO",-122.41854858398438,37.753128051757812
8878710,2019,2019-06-19,3801,2019-05-10,2137,77,BAYVI,5,5,7,3801,0,0,0,,0,3C13E,"OSCEOLA LN","LA SALLE AV",195.00,W,N,A,-,N,,,,,,,,,,N,3,0,1,2,A,-,11,21954,A,N,G,B,D,A,H,-,C,A,0,Y,,,,Y,,N,60,0,1,0,0,1,0,0,0,0,"- ","- ",,,"SAN FRANCISCO","SAN FRANCISCO",-122.38362121582031,37.732006072998047
8878712,2019,2019-06-19,3801,2019-05-02,2129,2707,TARAV,4,5,7,3801,0,0,0,,0,"6 CAR","GRAFTON AV","MIRAMAR AV",0.00,,Y,A,-,N,,,,,,,,,,N,3,0,1,2,A,-,11,21954,A,N,G,B,E,A,H,-,D,D,0,Y,,,,Y,Y,N,60,0,1,0,0,1,0,0,0,0,"- ","- ",,,"SAN FRANCISCO","SAN FRANCISCO",-122.45818328857422,37.720020294189453
8878714,2019,2019-06-19,3801,2019-05-10,2105,1376,CENTR,5,5,7,3801,0,0,0,,0,3A12E,"SACRAMENTO ST","STOCKTON ST",0.00,,Y,A,-,N,,,,,,,,,,N,4,0,1,2,A,-,11,21456,C,N,G,B,B,A,H,-,C,A,0,Y,,,,Y,,N,60,0,0,1,0,1,0,0,0,0,"- ","- ",,,"SAN FRANCISCO","SAN FRANCISCO",-122.40769958496094,37.793190002441406
8878715,2019,2019-06-18,3801,2019-05-10,1655,1968,TENDE,5,5,7,3801,0,0,0,,0,3J12D,"LEAVENWORTH ST","TURK ST",60.00,N,N,A,-,N,,,,,,,,,,N,4,0,1,2,A,-,11,21955,,N,G,B,D,A,H,-,A,-,0,Y,,,,Y,,N,60,0,0,1,0,1,0,0,0,0,"- ","- ",,,"SAN FRANCISCO","SAN FRANCISCO",-122.41407775878906,37.782962799072266
8879031,2019,2019-06-20,3801,2019-05-17,2236,4300,NORTH,5,5,7,3801,0,0,0,,0,3E12E,"DIVISADERO ST","HAYES ST",90.00,N,N,A,-,N,,,,,,,,,,N,4,0,1,2,A,-,11,21955,,N,G,B,D,A,H,-,C,D,0,Y,,,,Y,Y,N,60,0,0,1,0,1,0,0,0,0,"- ","- ",,,"SAN FRANCISCO","SAN FRANCISCO",-122.43784332275391,37.775222778320312
8879109,2019,2019-06-21,3801,2019-05-17,2105,400,INGLE,5,5,7,3801,0,0,0,,0,3H11D,"CONGO ST","MANGELS AV",0.00,,Y,A,-,N,,,,,,,,,,N,4,0,1,2,A,-,11,21954,A,N,G,B,E,A,H,-,C,A,0,Y,,,,Y,,N,60,0,0,1,0,1,0,0,0,0,"- ","- ",,,"SAN FRANCISCO","SAN FRANCISCO",-122.44203186035156,37.733081817626953
8879295,2019,2019-06-21,3801,2019-05-28,1628,1702,TARAV,2,5,7,3801,0,0,0,,0,3I13D,"SLOAT BL","34TH AV",0.00,,Y,A,-,N,,,,,,,,,,N,3,0,1,2,A,-,10,21950,A,N,G,B,B,A,H,-,A,A,0,Y,,,,Y,,A,01,0,1,0,0,1,0,0,0,0,"- ","- ",,,"SAN FRANCISCO","SAN FRANCISCO",-122.49124908447266,37.734130859375
8879303,2019,2019-06-21,3801,2019-05-24,1915,182,BAYVI,5,5,7,3801,0,0,0,,0,3C11D,"KANSAS ST","MARIN ST",98.00,N,N,A,-,N,,,,,,,,,,N,4,0,1,2,A,-,03,22350,,F,B,B,D,A,H,-,A,D,0,Y,,,,Y,,A,01,0,0,1,0,1,0,0,0,0,"- ","- ",,,"SAN FRANCISCO","SAN FRANCISCO",-122.40200805664062,37.748519897460938