CASE_ID,ACCIDENT_YEAR,PROC_DATE,JURIS,COLLISION_DATE,COLLISION_TIME,OFFICER_ID,REPORTING_DISTRICT,DAY_OF_WEEK,CHP_SHIFT,POPULATION,CNTY_CITY_LOC,SPECIAL_COND,BEAT_TYPE,CHP_BEAT_TYPE,CITY_DIVISION_LAPD,CHP_BEAT_CLASS,BEAT_NUMBER,PRIMARY_RD,SECONDARY_RD,DISTANCE,DIRECTION,INTERSECTION,WEATHER_1,WEATHER_2,STATE_HWY_IND,CALTRANS_COUNTY,CALTRANS_DISTRICT,STATE_ROUTE,ROUTE_SUFFIX,POSTMILE_PREFIX,POSTMILE,LOCATION_TYPE,RAMP_INTERSECTION,SIDE_OF_HWY,TOW_AWAY,COLLISION_SEVERITY,NUMBER_KILLED,NUMBER_INJURED,PARTY_COUNT,PRIMARY_COLL_FACTOR,PCF_CODE_OF_VIOL,PCF_VIOL_CATEGORY,PCF_VIOLATION,PCF_VIOL_SUBSECTION,HIT_AND_RUN,TYPE_OF_COLLISION,MVIW,PED_ACTION,ROAD_SURFACE,ROAD_COND_1,ROAD_COND_2,LIGHTING,CONTROL_DEVICE,CHP_ROAD_TYPE,PEDESTRIAN_ACCIDENT,BICYCLE_ACCIDENT,MOTORCYCLE_ACCIDENT,TRUCK_ACCIDENT,NOT_PRIVATE_PROPERTY,ALCOHOL_INVOLVED,STWD_VEHTYPE_AT_FAULT,CHP_VEHTYPE_AT_FAULT,COUNT_SEVERE_INJ,COUNT_VISIBLE_INJ,COUNT_COMPLAINT_PAIN,COUNT_PED_KILLED,COUNT_PED_INJURED,COUNT_BICYCLIST_KILLED,COUNT_BICYCLIST_INJURED,COUNT_MC_KILLED,COUNT_MC_INJURED,PRIMARY_RAMP,SECONDARY_RAMP,LATITUDE,LONGITUDE,COUNTY,CITY,POINT_X,POINT_Y
8879847,2019,2019-06-18,3801,2019-05-19,1107,4358,BAYVI,7,5,7,3801,0,0,0,,0,005,"REVERE AV","HAWES ST",15.00,S,N,B,-,N,,,,,,,,,,N,3,0,1,2,A,-,03,22350,,F,G,B,B,B,H,-,A,A,0,Y,,,,Y,Y,A,01,0,1,0,0,1,0,0,0,0,"- ","- ",,,"SAN FRANCISCO","SAN FRANCISCO",-122.38264465332031,37.727386474609375
8891297,2019,2019-10-29,3801,2019-09-27,1359,1454,MISSI,5,5,7,3801,0,0,0,,0,3D45C,"16TH ST","RONDEL PL",0.00,,Y,A,-,N,,,,,,,,,,N,4,0,1,2,A,-,21,22106,,N,G,B,F,A,H,-,A,D,0,Y,,,,Y,,A,01,0,0,1,0,1,0,0,0,0,"- ","- ",,,"SAN FRANCISCO","SAN FRANCISCO",-122.42124176025391,37.764949798583984
8891313,2019,2019-10-29,3801,2019-09-26,2010,643,TARVA,4,5,7,3801,0,0,0,,0,3I11D,"JULES AV","OCEAN AV",0.00,,Y,A,-,N,,,,,,,,,,N,3,0,1,2,A,-,10,21950,A,N,G,B,B,A,H,-,C,A,0,Y,,,,Y,,A,01,0,1,0,0,1,0,0,0,0,"- ","- ",,,"SAN FRANCISCO","SAN FRANCISCO",-122.46122741699219,37.724948883056641
8891329,2019,2019-10-29,3801,2019-09-29,0757,1310,SOUTH,7,5,7,3801,0,0,0,,0,3B12A,"CLARA ST","4TH ST",0.00,,Y,A,-,N,,,,,,,,,,N,4,0,1,2,A,-,10,21950,A,F,G,B,B,A,A,-,B,A,0,Y,,,,Y,Y,A,01,0,0,1,0,1,0,0,0,0,"- ","- ",,,"SAN FRANCISCO","SAN FRANCISCO",-122.400146484375,37.781200408935547
8891330,2019,2019-10-24,3801,2019-09-04,1741,1858,BAYVI,3,5,7,3801,0,0,0,,0,3C13D,"3RD ST","MARIPOSA ST",135.00,S,N,A,-,N,,,,,,,,,,N,4,0,1,2,-,-,"- ",,,N,D,-,F,A,H,-,A,D,0,Y,,,,Y,,-,"- ",0,0,1,0,1,0,0,0,0,"- ","- ",,,"SAN FRANCISCO","SAN FRANCISCO",-122.38893127441406,37.763950347900391
8891337,2019,2019-10-29,3801,2019-09-28,1733,209,NORTH,6,5,7,3801,0,0,0,,0,,"FILLMORE ST","TURK ST",0.00,,Y,A,-,N,,,,,,,,,,N,2,0,1,2,A,-,10,21950,A,N,G,B,B,A,H,-,A,A,0,Y,,,,Y,,A,07,1,0,0,0,1,0,0,0,0,"- ","- ",,,"SAN FRANCISCO","SAN FRANCISCO",-122.43212890625,37.780490875244141
8891849,2019,2019-11-05,3801,2019-09-25,0929,2139,,3,5,7,3801,0,0,0,,0,,"POLK ST","CALIFORNIA ST",0.00,,Y,A,-,N,,,,,,,,,,N,4,0,1,2,A,-,10,21950,A,N,G,-,B,A,H,-,A,A,0,Y,,,,Y,,A,01,0,0,1,0,1,0,0,0,0,"- ","- ",,,"SAN FRANCISCO","SAN FRANCISCO",-122.42067718505859,37.790569305419922
8891862,2019,2019-10-25,3801,2019-09-20,2121,1851,NORTH,5,5,7,3801,0,0,0,,0,3E13E,"VAN NESS AV","GROVE ST",0.00,,Y,A,-,N,,,,,,,,,,N,4,0,1,2,A,-,11,21453,D,N,E,B,B,A,H,-,C,A,0,Y,,,,Y,,N,60,0,0,1,0,1,0,0,0,0,"- ","- ",,,"SAN FRANCISCO","SAN FRANCISCO",-122.41996002197266,37.778251647949219
8891870,2019,2019-10-25,3801,2019-09-19,1009,1557,SOUTH,4,5,7,3801,0,0,0,,0,3B15A,"7TH ST","NATOMA ST",0.00,,Y,A,-,N,,,,,,,,,,N,4,0,1,2,C,-,18,,,N,G,B,E,A,H,-,A,D,0,Y,,,,Y,,-,"- ",0,0,1,0,1,0,0,0,0,"- ","- ",,,"SAN FRANCISCO","SAN FRANCISCO",-122.40989685058594,37.778400421142578
8891885,2019,2019-11-05,3801,2019-09-23,2234,141,INGLE,1,5,7,3801,0,0,0,,0,3H15E,"SICKLES AV","ALEMANY BL",0.00,,Y,A,-,N,,,,,,,,,,N,4,0,1,2,A,-,10,21950,A,F,G,-,B,A,H,-,C,A,0,Y,,,,Y,,-,,0,0,1,0,1,0,0,0,0,"- ","- ",,,"SAN FRANCISCO","SAN FRANCISCO",-122.45491790771484,37.71051025390625
8891886,2019,2019-10-25,3801,2019-09-25,1950,1836,TARAV,3,5,7,3801,0,0,0,,0,3I15D,"PACHECO ST","30TH AV",0.00,,Y,A,-,N,,,,,,,,,,N,4,0,1,2,A,-,10,21950,A,N,G,B,B,A,H,-,C,A,0,Y,,,,Y,,A,01,0,0,1,0,1,0,0,0,0,"- ","- ",,,"SAN FRANCISCO","SAN FRANCISCO",-122.48800659179688,37.749988555908203
8891889,2019,2019-10-28,3801,2019-09-23,1530,1389,MISSI,1,5,7,3801,0,0,0,,0,3D13D,"SOUTH VAN NESS AV","20TH ST",0.00,,Y,A,-,N,,,,,,,,,,N,3,0,1,2,A,-,10,21950,A,F,G,B,B,A,H,-,A,A,0,Y,,,,Y,,A,01,0,1,0,0,1,0,0,0,0,"- ","- ",,,"SAN FRANCISCO","SAN FRANCISCO",-122.41690826416016,37.758758544921875
8891894,2019,2019-10-25,3801,2019-09-25,1902,32,NORTH,3,5,7,3801,0,0,0,,0,"2 CAR","MCCALLISTER ST","WEBSTER ST",141.00,W,N,A,-,N,,,,,,,,,,N,3,0,1,2,A,-,11,21954,A,N,G,B,D,A,H,-,A,D,0,Y,,,,Y,,N,60,0,1,0,0,1,0,0,0,0,"- ","- ",,,"SAN FRANCISCO","SAN FRANCISCO",-122.43059539794922,37.778778076171875
8891897,2019,2019-10-28,3801,2019-09-23,1841,1736,CENTR,1,5,7,3801,0,0,0,,0,3A13D,"PACIFIC AV","LEAVENWORTH ST",160.00,W,N,A,-,N,,,,,,,,,,N,4,0,1,2,D,-,00,,,N,G,B,D,A,-,-,A,A,0,Y,,,,Y,,-,"- ",0,0,1,0,1,0,0,0,0,"- ","- ",,,"SAN FRANCISCO","SAN FRANCISCO",-122.41718292236328,37.795608520507812
8891914,2019,2019-10-25,3801,2019-09-25,1221,1917,TARAV,3,5,7,3801,0,0,0,,0,3I3A,"19TH AV","WINSTON DR",0.00,,Y,A,-,N,,,,,,,,,,N,2,0,1,2,A,-,10,21950,A,N,G,B,B,A,H,-,A,A,0,Y,,,,Y,,A,07,1,0,0,0,1,0,0,0,0,"- ","- ",,,"SAN FRANCISCO","SAN FRANCISCO",-122.47503662109375,37.7269287109375
8891926,2019,2019-10-25,3801,2019-09-26,1900,738,NORTH,4,5,7,3801,0,0,0,,0,3E15D,"NORTH POINT ST","WEBSTER ST",0.00,,Y,A,-,N,,,,,,,,,,N,3,0,1,2,A,-,10,21950,A,N,G,B,B,A,H,-,A,A,0,Y,,,,Y,,A,01,0,1,0,0,1,0,0,0,0,"- ","- ",,,"SAN FRANCISCO","SAN FRANCISCO",-122.43515777587891,37.803821563720703
8891928,2019,2019-10-28,3801,2019-09-23,1538,2144,MISSI,1,5,7,3801,0,0,0,,0,3D11D,"MISSION ST","20TH ST",0.00,,Y,A,-,N,,,,,,,,,,N,3,0,2,2,A,-,11,21954,A,N,D,B,D,A,H,-,A,A,0,Y,,,,Y,,N,60,0,2,0,0,1,0,0,0,0,"- ","- ",,,"SAN FRANCISCO","SAN FRANCISCO",-122.41903686523438,37.758628845214844
8891941,2019,2019-10-25,3801,2019-09-19,2331,2718,BAYVI,4,5,7,3801,0,0,0,,0,3C11D,"23RD ST","MINNESOTA ST",86.00,E,N,A,-,N,,,,,,,,,,N,4,0,1,2,A,-,11,21954,A,N,G,B,E,A,H,-,C,D,0,Y,,,,Y,,N,60,0,0,1,0,1,0,0,0,0,"- ","- ",,,"SAN FRANCISCO","SAN FRANCISCO",-122.38967895507812,37.755306243896484
8891950,2019,2019-10-25,3801,2019-09-30,0847,891,PARK,1,5,7,3801,0,0,0,,0,3F2A,"17TH ST","CLAYTON ST",0.00,,Y,A,-,N,,,,,,,,,,N,4,0,1,2,A,-,12,21453,A,N,G,B,B,A,H,-,A,A,0,Y,,,,Y,,A,01,0,0,1,0,1,0,0,0,0,"- ","- ",,,"SAN FRANCISCO","SAN FRANCISCO",-122.44676971435547,37.76177978515625
8891952,2019,2019-10-28,3801,2019-09-23,0758,1990,SOUTH,1,5,7,3801,0,0,0,,0,"5 CAR","5TH ST","BERRY ST",0.00,,Y,B,-,N,,,,,,,,,,N,4,0,1,2,A,-,10,21950,A,N,G,B,B,A,H,-,A,A,0,Y,,,,Y,,A,01,0,0,1,0,1,0,0,0,0,"- ","- ",,,"SAN FRANCISCO","SAN FRANCISCO",-122.39555358886719,37.774028778076172
8891957,2019,2019-10-25,3801,2019-09-15,1912,1861,TARAV,7,5,7,3801,0,0,0,,0,3I11D,"19TH AV","JUDAH ST",0.00,,Y,C,-,N,,,,,,,,,,Y,3,0,1,5,A,-,17,21663,,F,-,B,D,B,H,-,C,A,0,Y,,,,Y,,A,01,0,1,0,0,1,0,0,0,0,"- ","- ",,,"SAN FRANCISCO","SAN FRANCISCO",-122.47702789306641,37.761699676513672
8891958,2019,2019-11-06,3801,2019-09-30,0817,4333,NORTH,1,5,7,3801,0,0,0,,0,003,"OFARRELL ST","POLK ST",21.00,E,N,A,-,N,,,,,,,,,,N,2,0,1,2,A,-,11,21954,A,N,A,B,E,A,H,-,A,A,0,Y,,,,Y,,N,60,1,0,0,0,1,0,0,0,0,"- ","- ",,,"SAN FRANCISCO","SAN FRANCISCO",-122.41947937011719,37.784976959228516
8891960,2019,2019-10-28,3801,2019-09-23,0010,882,TENDE,1,5,7,3801,0,0,0,,0,3J11E,"STEVENSON ST","6TH ST",290.00,W,N,A,-,N,,,,,,,,,,N,4,0,1,2,A,-,21,22106,,F,G,B,E,A,H,-,C,D,0,Y,,,,Y,,A,01,0,0,1,0,1,0,0,0,0,"- ","- ",,,"SAN FRANCISCO","SAN FRANCISCO",-122.41038513183594,37.781211853027344
8891961,2019,2019-10-25,3801,2019-09-19,1430,279,BAYVI,4,5,7,3801,0,0,0,,0,3C13A,"INGALLS ST","PALOU AV",0.00,,Y,A,-,N,,,,,,,,,,N,4,0,1,2,A,-,00,20001,A,F,A,B,B,A,H,-,A,D,0,Y,,,,Y,Y,A,01,0,0,1,0,1,0,0,0,0,"- ","- ",,,"SAN FRANCISCO","SAN FRANCISCO",-122.38343811035156,37.729751586914062
8891962,2019,2019-10-25,3801,2019-09-30,0806,1804,MISSI,1,5,7,3801,0,0,0,,0,3D11A,"SANCHEZ ST","16TH ST",150.00,S,N,A,-,N,,,,,,,,,,N,3,0,1,2,A,-,11,21955,,N,G,B,E,A,H,-,A,D,0,Y,,,,Y,,N,60,0,1,0,0,1,0,0,0,0,"- ","- ",,,"SAN FRANCISCO","SAN FRANCISCO",-122.43083953857422,37.763950347900391
8891965,2019,2019-10-25,3801,2019-09-19,1231,4006,TARAV,4,5,7,3801,0,0,0,,0,3I46,"OCEAN AV","PLYMOUTH AV",3.00,W,N,A,-,N,,,,,,,,,,N,4,0,1,2,A,-,12,21453,A,N,D,B,B,A,H,-,A,A,0,Y,,,,Y,,M,94,0,0,1,0,1,0,0,0,0,"- ","- ",,,"SAN FRANCISCO","SAN FRANCISCO",-122.45655059814453,37.723983764648438
8891967,2019,2019-10-25,3801,2019-09-27,0749,405,INGLE,5,5,7,3801,0,0,0,,0,3H60,"MANSELL ST","BRAZIL AV",0.00,,Y,A,-,N,,,,,,,,,,N,4,0,1,2,A,-,10,21950,A,N,G,B,B,B,H,-,A,A,0,Y,,,,Y,,A,01,0,0,1,0,1,0,0,0,0,"- ","- ",,,"SAN FRANCISCO","SAN FRANCISCO",-122.42250061035156,37.717861175537109
8891968,2019,2019-11-04,3801,2019-09-22,2101,1389,MISSI,7,5,7,3801,0,0,0,,0,3D11D,"MARKET ST","CASTRO ST",0.00,,Y,A,-,N,,,,,,,,,,N,4,0,1,2,A,-,10,21950,A,N,G,B,B,A,H,-,C,A,0,Y,,,,Y,,A,01,0,0,1,0,1,0,0,0,0,"- ","- ",,,"SAN FRANCISCO","SAN FRANCISCO",-122.43515777587891,37.762638092041016
8891969,2019,2019-10-25,3801,2019-09-19,1133,1226,SOUTH,4,5,7,3801,0,0,0,,0,,"5TH ST","HOWARD ST",0.00,,Y,A,-,N,,,,,,,,,,N,4,0,1,2,A,-,10,21950,A,N,F,B,B,A,H,-,A,A,0,Y,,,,Y,,A,07,0,0,1,0,1,0,0,0,0,"- ","- ",,,"SAN FRANCISCO","SAN FRANCISCO",-122.40493011474609,37.781509399414062
8891973,2019,2019-10-25,3801,2019-09-09,1009,1557,SOUTH,1,5,7,3801,0,0,0,,0,3B15A,"7TH ST","NATOMA ST",0.00,,Y,A,-,N,,,,,,,,,,N,4,0,1,2,C,-,18,,,N,G,B,E,A,H,-,A,D,0,Y,,,,Y,,-,"- ",0,0,1,0,1,0,0,0,0,"- ","- ",,,"SAN FRANCISCO","SAN FRANCISCO",-122.40989685058594,37.778400421142578
8891974,2019,2019-10-24,3801,2019-09-23,1620,111,MISSI,1,5,7,3801,0,0,0,,0,0D5,"CALEDONIA ST","16TH ST",122.00,N,N,A,-,N,,,,,,,,,,N,4,0,1,2,A,-,11,21954,A,N,G,B,E,A,H,-,A,D,0,Y,,,,Y,,N,60,0,0,1,0,1,0,0,0,0,"- ","- ",,,"SAN FRANCISCO","SAN FRANCISCO",-122.42139434814453,37.765274047851562
8891982,2019,2019-10-24,3801,2019-09-21,0934,198,BAYVI,6,5,7,3801,0,0,0,,0,0C3,"SAN BRUNO AV","WAYLAND ST",4.00,S,N,A,-,N,,,,,,,,,,N,2,0,1,2,A,-,10,21950,A,N,G,B,B,A,H,-,A,D,0,Y,,,,Y,,A,01,1,0,0,0,1,0,0,0,0,"- ","- ",,,"SAN FRANCISCO","SAN FRANCISCO",-122.40311431884766,37.726428985595703
8891985,2019,2019-10-25,3801,2019-09-18,2135,715,TENDE,3,5,7,3801,0,0,0,,0,3J90D,"MCALLISTER ST","HYDE ST",0.00,,Y,A,-,N,,,,,,,,,,N,3,0,1,2,A,-,10,21950,A,F,G,B,B,A,H,-,C,A,0,Y,,,,Y,,A,01,0,1,0,0,1,0,0,0,0,"- ","- ",,,"SAN FRANCISCO","SAN FRANCISCO",-122.41532135009766,37.780738830566406
8891989,2019,2019-10-25,3801,2019-09-18,1728,4102,SOUTH,3,5,7,3801,0,0,0,,0,3B12D,"FREMONT ST","HARRISON ST",0.00,,Y,A,-,N,,,,,,,,,,N,3,0,1,2,A,-,08,22107,,F,G,B,B,A,H,-,A,A,0,Y,,,,Y,,A,01,0,1,0,0,1,0,0,0,0,"- ","- ",,,"SAN FRANCISCO","SAN FRANCISCO",-122.39205932617188,37.786788940429688
8891997,2019,2019-11-08,3801,2019-09-18,1333,1833,SOUTH,3,5,7,3801,0,0,0,,0,0B2,"5TH ST","MISSION ST",0.00,,Y,A,-,N,,,,,,,,,,N,4,0,1,2,A,-,10,21950,A,N,G,B,B,A,H,-,A,A,0,Y,,,,Y,,A,01,0,0,1,0,1,0,0,0,0,"- ","- ",,,"SAN FRANCISCO","SAN FRANCISCO",-122.40648651123047,37.782741546630859
8892002,2019,2019-11-01,3801,2019-09-13,2145,2030,TARA,5,5,7,3801,0,0,0,,0,,"IRVING ST","9TH AV",138.00,W,N,A,-,N,,,,,,,,,,N,3,0,1,2,A,-,21,22106,,N,G,B,E,A,H,-,C,D,0,Y,,,,Y,Y,A,01,0,1,0,0,1,0,0,0,0,"- ","- ",,,"SAN FRANCISCO","SAN FRANCISCO",-122.466796875,37.764022827148438
8892003,2019,2019-11-06,3801,2019-09-17,1216,1362,RICHM,2,5,7,3801,0,0,0,,0,3G4C,"GEARY BL","26TH AV",0.00,,Y,A,-,N,,,,,,,,,,N,4,0,1,2,D,-,00,,,N,B,B,D,A,H,-,A,A,0,Y,,,,Y,,-,"- ",0,0,1,0,1,0,0,0,0,"- ","- ",,,"SAN FRANCISCO","SAN FRANCISCO",-122.48580932617188,37.780101776123047
8892005,2019,2019-11-01,3801,2019-09-08,0552,4294,SOUTH,7,5,7,3801,0,0,0,,0,0B3,"6TH ST","HARRISON ST",0.00,,Y,A,-,N,,,,,,,,,,Y,3,0,1,2,D,-,00,,,F,G,B,B,A,H,-,C,A,0,Y,,,,Y,,-,"- ",0,1,0,0,1,0,0,0,0,"- ","- ",,,"SAN FRANCISCO","SAN FRANCISCO",-122.40408325195312,37.777309417724609
8892011,2019,2019-11-06,3801,2019-09-17,0910,4358,BAYVI,2,5,7,3801,0,0,0,,0,,"LA SALLE AV","CASHMERE ST",85.00,E,N,A,-,N,,,,,,,,,,N,2,0,1,3,A,-,03,22350,,F,G,B,D,A,H,-,A,D,0,Y,,,,Y,,A,01,1,0,0,0,1,0,0,0,0,"- ","- ",,,"SAN FRANCISCO","SAN FRANCISCO",-122.38701629638672,37.735496520996094
8892016,2019,2019-10-31,3801,2019-09-18,0910,4267,TARAV,3,5,7,3801,0,0,0,,0,3I1A,"18TH AV","PACHECO ST",0.00,,Y,C,-,N,,,,,,,,,,N,4,0,1,2,D,-,00,,,N,G,B,B,B,H,-,A,A,0,Y,,,,Y,,-,"- ",0,0,1,0,1,0,0,0,0,"- ","- ",,,"SAN FRANCISCO","SAN FRANCISCO",-122.47512817382812,37.75054931640625
8892023,2019,2019-11-06,3801,2019-09-16,2302,2380,SOUTH,1,5,7,3801,0,0,0,,0,0B2,"TEHAMA ST","5TH ST",0.00,,Y,A,-,N,,,,,,,,,,N,3,0,1,2,A,-,17,21663,,F,B,B,F,A,H,-,C,A,0,Y,,,,Y,Y,A,01,0,1,0,0,1,0,0,0,0,"- ","- ",,,"SAN FRANCISCO","SAN FRANCISCO",-122.40440368652344,37.781089782714844
8892058,2019,2019-11-01,3801,2019-09-15,1800,1601,SOUTH,7,5,7,3801,0,0,0,,0,3B14D,"NATOMA ST","6TH ST",65.00,E,N,A,-,N,,,,,,,,,,N,2,0,1,2,A,-,17,21663,,F,G,B,F,A,H,-,A,D,0,Y,,,,Y,,-,,1,0,0,0,1,0,0,0,0,"- ","- ",,,"SAN FRANCISCO","SAN FRANCISCO",-122.40750885009766,37.780307769775391
8892059,2019,2019-11-06,3801,2019-09-14,1206,891,PARK,6,5,7,3801,0,0,0,,0,3F14A,"17TH ST","ORD ST",0.00,,Y,A,-,N,,,,,,,,,,N,4,0,1,2,A,-,10,21950,A,N,G,B,B,A,H,-,A,D,0,Y,,,,Y,,A,08,0,0,1,0,1,0,0,0,0,"- ","- ",,,"SAN FRANCISCO","SAN FRANCISCO",-122.44017028808594,37.762168884277344
8892062,2019,2019-11-01,3801,2019-09-09,1345,86,TARAV,1,5,7,3801,0,0,0,,0,3I5A,"PINTO AV","ARBALLO DR",0.00,,Y,A,-,N,,,,,,,,,,N,2,0,1,2,A,-,10,21950,A,N,G,B,B,A,H,-,A,D,0,Y,,,,Y,,A,01,1,0,0,0,1,0,0,0,0,"- ","- ",,,"SAN FRANCISCO","SAN FRANCISCO",-122.4830322265625,37.720458984375
8892065,2019,2019-10-31,3801,2019-09-06,1430,2140,TEND,5,5,7,3801,0,0,0,,0,3J101,"TURK ST","LEAVENWORTH ST",0.00,,Y,A,-,N,,,,,,,,,,N,4,0,1,2,A,-,11,21453,D,N,G,B,B,A,H,-,A,A,0,Y,,,,Y,,N,60,0,0,1,0,1,0,0,0,0,"- ","- ",,,"SAN FRANCISCO","SAN FRANCISCO",-122.41403961181641,37.782798767089844
8892066,2019,2019-11-01,3801,2019-09-05,1601,2132,MISSI,4,5,7,3801,0,0,0,,0,3D60,"GRAND VIEW AV","22ND ST",150.00,S,N,A,-,N,,,,,,,,,,N,4,0,1,2,A,-,21,22106,,N,G,B,E,A,H,-,A,D,0,Y,,,,Y,,A,01,0,0,1,0,1,0,0,0,0,"- ","- ",,,"SAN FRANCISCO","SAN FRANCISCO",-122.44143676757812,37.753768920898438
8892076,2019,2019-10-31,3801,2019-09-17,1335,2139,NORTH,2,5,7,3801,0,0,0,,0,901,"FILLMORE ST","FILBERT ST",0.00,,Y,A,-,N,,,,,,,,,,N,4,0,1,2,A,-,11,21956,A,N,G,B,E,A,H,-,A,A,0,Y,,,,Y,,N,60,0,0,1,0,1,0,0,0,0,"- ","- ",,,"SAN FRANCISCO","SAN FRANCISCO",-122.43567657470703,37.798019409179688
8896081,2019,2019-10-30,3801,2019-09-10,1716,1031,TENDE,2,5,7,3801,0,0,0,,0,005,"MASON ST","ELLIS ST",0.00,,Y,A,-,N,,,,,,,,,,N,4,0,1,2,A,-,10,21950,A,N,-,B,B,A,H,-,A,A,0,Y,,,,Y,,A,01,0,0,1,0,1,0,0,0,0,"- ","- ",,,"SAN FRANCISCO","SAN FRANCISCO",-122.40946197509766,37.785331726074219
8896085,2019,2019-10-30,3801,2019-09-10,1644,1435,TRAFF,2,5,7,3801,0,0,0,,0,4BFI,"GOLDEN GATE AV","LEAVENWORTH ST",6.00,E,N,A,-,N,,,,,,,,,,Y,2,0,1,2,A,-,01,23152,F,N,G,B,B,A,H,-,A,A,0,Y,,,,Y,,A,07,1,0,0,0,1,0,0,0,0,"- ","- ",,,"SAN FRANCISCO","SAN FRANCISCO",-122.41384124755859,37.781871795654297
8896095,2019,2019-10-31,3801,2019-09-03,2037,2409,INGLE,2,5,7,3801,0,0,0,,0,3H11D,"CRESCENT AV","NEVADA ST",0.00,,Y,A,-,N,,,,,,,,,,N,4,0,1,2,A,-,10,21950,A,N,G,B,B,A,H,-,C,A,0,Y,,,,Y,,A,01,0,0,1,0,1,0,0,0,0,"- ","- ",,,"SAN FRANCISCO","SAN FRANCISCO",-122.41178131103516,37.734710693359375
8896097,2019,2019-11-15,3801,2019-09-09,1308,719,CENTR,1,5,7,3801,0,0,0,,0,3A14C,"MARKET ST","BATTERY ST",20.00,S,N,A,-,N,,,,,,,,,,N,3,0,1,2,A,-,03,22350,,N,A,B,-,A,H,-,A,D,0,Y,,,,Y,,A,01,0,1,0,0,1,0,0,0,0,"- ","- ",,,"SAN FRANCISCO","SAN FRANCISCO",-122.39955902099609,37.790733337402344
8896100,2019,2019-10-29,3801,2019-09-04,1106,4307,NORTH,3,5,7,3801,0,0,0,,0,3E12A,"GOUGH ST","TURK ST",0.00,,Y,A,-,N,,,,,,,,,,N,4,0,1,2,A,-,10,21950,A,N,G,B,B,A,-,-,A,A,0,Y,,,,Y,,A,01,0,0,1,0,1,0,0,0,0,"- ","- ",,,"SAN FRANCISCO","SAN FRANCISCO",-122.42391967773438,37.781528472900391
8896108,2019,2019-10-29,3801,2019-09-06,1325,4103,CENTR,5,5,7,3801,0,0,0,,0,3A12C,"HYDE ST","BEACH ST",20.00,S,N,A,-,N,,,,,,,,,,N,3,0,1,2,D,-,00,,,N,G,B,E,A,H,-,A,D,0,Y,,,,Y,,-,"- ",0,1,0,0,1,0,0,0,0,"- ","- ",,,"SAN FRANCISCO","SAN FRANCISCO",-122.42053985595703,37.806606292724609
8896116,2019,2019-11-22,3801,2019-09-01,1450,2144,MISSI,7,5,7,3801,0,0,0,,0,3D13D,"15TH ST","GUERRERO ST",0.00,,Y,A,-,N,,,,,,,,,,N,3,0,1,2,A,-,10,21950,A,N,G,B,B,A,H,-,A,A,0,Y,,,,Y,Y,A,01,0,1,0,0,1,0,0,0,0,"- ","- ",,,"SAN FRANCISCO","SAN FRANCISCO",-122.42424011230469,37.766399383544922
8896117,2019,2019-11-15,3801,2019-09-08,1750,1023,CENTR,7,5,7,3801,0,0,0,,0,3A4D,"BEACH ST","HYDE ST",0.00,,Y,A,-,N,,,,,,,,,,N,3,0,1,2,A,-,10,21950,A,F,G,-,B,A,H,-,A,A,0,Y,Y,,,Y,,L,04,0,1,0,0,1,0,0,0,0,"- ","- ",,,"SAN FRANCISCO","SAN FRANCISCO",-122.42054748535156,37.806659698486328
8896124,2019,2019-10-29,3801,2019-09-03,1136,748,CENTR,2,5,7,3801,0,0,0,,0,0A4,"NORTH POINT","POWELL ST",0.00,,Y,A,-,N,,,,,,,,,,N,4,0,1,2,A,-,10,21950,A,N,G,B,B,A,H,-,A,A,0,Y,,,,Y,,A,07,0,0,1,0,1,0,0,0,0,"- ","- ",,,"SAN FRANCISCO","SAN FRANCISCO",-122.41213226318359,37.806758880615234
8896132,2019,2019-10-29,3801,2019-09-03,0227,2427,TARAV,2,5,7,3801,0,0,0,,0,3I15E,"19TH AV","OCEAN AV",0.00,,Y,A,-,N,,,,,,,,,,N,4,0,1,2,A,-,11,21453,D,N,G,B,B,A,H,-,C,A,0,Y,,,,Y,,N,60,0,0,1,0,1,0,0,0,0,"- ","- ",,,"SAN FRANCISCO","SAN FRANCISCO",-122.47496795654297,37.732440948486328
8896134,2019,2019-10-31,3801,2019-09-12,0012,1102,MISSI,4,5,7,3801,0,0,0,,0,0D5,"CAPP ST","18TH ST",0.00,,Y,A,-,N,,,,,,,,,,N,3,0,1,2,A,-,00,21958,A,N,G,B,B,A,H,-,C,A,0,Y,,,,Y,,A,01,0,1,0,0,1,0,0,0,0,"- ","- ",,,"SAN FRANCISCO","SAN FRANCISCO",-122.41826629638672,37.761890411376953
8896146,2019,2019-10-31,3801,2019-09-11,2101,1702,TARAV,3,5,7,3801,0,0,0,,0,3I14D,"MONTANA ST","CAPITOL AV",0.00,,Y,A,-,N,,,,,,,,,,,4,0,1,2,A,-,10,21950,A,N,G,B,B,A,H,-,C,D,0,Y,,,,Y,,A,01,0,0,1,0,1,0,0,0,0,"- ","- ",,,"SAN FRANCISCO","SAN FRANCISCO",-122.45906829833984,37.716598510742188
8896147,2019,2019-10-31,3801,2019-09-26,1645,215,BAYVI,4,5,7,3801,0,0,0,,0,5CAR,"3RD ST","YOSEMITE AV",0.00,,Y,A,-,N,,,,,,,,,,N,2,0,1,2,A,-,10,21950,A,N,B,B,B,A,H,-,A,A,0,Y,,,,Y,,A,08,1,0,0,0,1,0,0,0,0,"- ","- ",,,"SAN FRANCISCO","SAN FRANCISCO",-122.39331817626953,37.727798461914062