CASE_ID,ACCIDENT_YEAR,PROC_DATE,JURIS,COLLISION_DATE,COLLISION_TIME,OFFICER_ID,REPORTING_DISTRICT,DAY_OF_WEEK,CHP_SHIFT,POPULATION,CNTY_CITY_LOC,SPECIAL_COND,BEAT_TYPE,CHP_BEAT_TYPE,CITY_DIVISION_LAPD,CHP_BEAT_CLASS,BEAT_NUMBER,PRIMARY_RD,SECONDARY_RD,DISTANCE,DIRECTION,INTERSECTION,WEATHER_1,WEATHER_2,STATE_HWY_IND,CALTRANS_COUNTY,CALTRANS_DISTRICT,STATE_ROUTE,ROUTE_SUFFIX,POSTMILE_PREFIX,POSTMILE,LOCATION_TYPE,RAMP_INTERSECTION,SIDE_OF_HWY,TOW_AWAY,COLLISION_SEVERITY,NUMBER_KILLED,NUMBER_INJURED,PARTY_COUNT,PRIMARY_COLL_FACTOR,PCF_CODE_OF_VIOL,PCF_VIOL_CATEGORY,PCF_VIOLATION,PCF_VIOL_SUBSECTION,HIT_AND_RUN,TYPE_OF_COLLISION,MVIW,PED_ACTION,ROAD_SURFACE,ROAD_COND_1,ROAD_COND_2,LIGHTING,CONTROL_DEVICE,CHP_ROAD_TYPE,PEDESTRIAN_ACCIDENT,BICYCLE_ACCIDENT,MOTORCYCLE_ACCIDENT,TRUCK_ACCIDENT,NOT_PRIVATE_PROPERTY,ALCOHOL_INVOLVED,STWD_VEHTYPE_AT_FAULT,CHP_VEHTYPE_AT_FAULT,COUNT_SEVERE_INJ,COUNT_VISIBLE_INJ,COUNT_COMPLAINT_PAIN,COUNT_PED_KILLED,COUNT_PED_INJURED,COUNT_BICYCLIST_KILLED,COUNT_BICYCLIST_INJURED,COUNT_MC_KILLED,COUNT_MC_INJURED,PRIMARY_RAMP,SECONDARY_RAMP,LATITUDE,LONGITUDE,COUNTY,CITY,POINT_X,POINT_Y
8898141,2019,2019-08-30,3801,2019-06-29,0056,668,NORTH,6,5,7,3801,0,0,0,,0,3E12E,"LAGUNA ST","ELLIS ST",0.00,,Y,A,-,N,,,,,,,,,,N,4,0,1,2,A,-,10,21950,A,F,G,B,D,A,H,-,C,D,0,Y,,,,Y,,-,,0,0,1,0,1,0,0,0,0,"- ","- ",,,"SAN FRANCISCO","SAN FRANCISCO",-122.42758178710938,37.782978057861328
8899088,2019,2019-07-24,3801,2019-06-07,0853,1533,BAYVI,5,5,7,3801,0,0,0,,0,3C45,"25TH ST","INDIANA ST",0.00,,Y,A,-,N,,,,,,,,,,N,4,0,1,2,A,-,12,22450,A,N,G,B,B,A,H,-,A,A,0,Y,,,,Y,,A,08,0,0,1,0,1,0,0,0,0,"- ","- ",,,"SAN FRANCISCO","SAN FRANCISCO",-122.39069366455078,37.752681732177734
8899092,2019,2019-07-24,3801,2019-06-05,1825,1173,RICHM,3,5,7,3801,0,0,0,,0,901,"23RD AV","BALBOA ST",0.00,,Y,A,-,N,,,,,,,,,,N,3,0,1,2,A,-,11,21954,A,N,D,B,E,A,H,-,A,D,0,Y,,,,Y,,N,60,0,1,0,0,1,0,0,0,0,"- ","- ",,,"SAN FRANCISCO","SAN FRANCISCO",-122.48235321044922,37.776409149169922
8899093,2019,2019-07-24,3801,2019-05-29,1356,1994,TRAFF,3,5,7,3801,0,0,0,,0,1356,"EDDY ST","TAYLOR ST",8.00,W,N,A,-,N,,,,,,,,,,Y,2,0,2,2,A,-,00,21453,1,F,G,B,B,A,H,-,A,A,0,Y,,,,Y,,A,01,1,0,1,0,1,0,0,0,0,"- ","- ",,,"SAN FRANCISCO","SAN FRANCISCO",-122.41098022460938,37.784156799316406
8899096,2019,2019-07-24,3801,2019-06-05,0735,1237,TARAV,3,5,7,3801,0,0,0,,0,3I16A,"ALEMANY BL","SAINT CHARLES AV",5.00,E,N,A,-,N,,,,,,,,,,N,3,0,1,2,A,-,11,21950,B,N,G,B,B,A,H,-,A,A,0,Y,,,,Y,,N,60,0,1,0,0,1,0,0,0,0,"- ","- ",,,"SAN FRANCISCO","SAN FRANCISCO",-122.46929168701172,37.710624694824219
8899108,2019,2019-07-24,3801,2019-06-06,1330,1129,TARAV,4,5,7,3801,0,0,0,,0,002,"28TH AV","ORTEGA ST",0.00,,Y,A,-,N,,,,,,,,,,N,3,0,1,2,A,-,11,21950,B,N,G,B,B,A,H,-,A,A,0,Y,,,,Y,,N,60,0,1,0,0,1,0,0,0,0,"- ","- ",,,"SAN FRANCISCO","SAN FRANCISCO",-122.48597717285156,37.751941680908203
8899116,2019,2019-07-24,3801,2019-06-12,2315,2441,SOUTH,3,5,7,3801,0,0,0,,0,4CAR,"KING ST","3RD ST",0.00,,Y,A,-,N,,,,,,,,,,N,4,0,1,2,A,-,12,21453,A,F,G,B,C,A,H,-,C,A,0,Y,,,,Y,,A,01,0,0,1,0,1,0,0,0,0,"- ","- ",,,"SAN FRANCISCO","SAN FRANCISCO",-122.39195251464844,37.7781982421875
8899169,2019,2019-07-26,3801,2019-06-22,0204,2494,SOUTH,6,5,7,3801,0,0,0,,0,3B12E,"3RD ST","SOUTH ST",50.00,S,N,A,-,N,,,,,,,,,,Y,2,0,2,3,A,-,01,23153,A,F,G,B,E,A,D,-,C,D,0,Y,,,,Y,Y,A,01,1,0,1,0,1,0,0,0,0,"- ","- ",,,"SAN FRANCISCO","SAN FRANCISCO",-122.38919830322266,37.768661499023438
8899283,2019,2019-07-25,3801,2019-06-11,1637,4314,RICHM,2,5,7,3801,0,0,0,,0,0G4,"24TH AV","ANZA ST",0.00,,Y,A,-,N,,,,,,,,,,N,3,0,1,2,A,-,11,21954,A,N,G,B,D,A,H,-,A,A,0,Y,,,,Y,,N,60,0,1,0,0,1,0,0,0,0,"- ","- ",,,"SAN FRANCISCO","SAN FRANCISCO",-122.4835205078125,37.778209686279297
8899289,2019,2019-07-26,3801,2019-06-10,2240,414,SOUTH,1,5,7,3801,0,0,0,,0,3B16E,"AVE H","9TH ST",0.00,,Y,A,-,N,,,,,,,,,,N,3,0,2,3,A,-,10,21950,A,N,G,B,B,A,H,-,C,D,0,Y,,,,Y,,A,01,0,2,0,0,2,0,0,0,0,"- ","- ",,,"SAN FRANCISCO","SAN FRANCISCO",-122.36994171142578,37.825241088867188
8899290,2019,2019-07-25,3801,2019-06-16,0105,2038,PARK,7,5,7,3801,0,0,0,,0,,"MASONIC AV","PAGE ST",4.00,S,N,A,-,N,,,,,,,,,,,2,0,2,2,A,-,11,21453,D,N,G,B,B,A,H,-,C,A,0,Y,,,,Y,,N,60,1,0,1,0,1,0,0,0,0,"- ","- ",,,"SAN FRANCISCO","SAN FRANCISCO",-122.44554138183594,37.771129608154297
8899291,2019,2019-07-25,3801,2019-06-11,1038,964,NORTH,2,5,7,3801,0,0,0,,0,0E4,"GEARY BL","FILLMORE ST",0.00,,Y,A,-,N,,,,,,,,,,N,3,0,1,2,A,-,10,21950,A,N,-,B,B,A,H,-,A,A,0,Y,,,,Y,,A,01,0,1,0,0,1,0,0,0,0,"- ","- ",,,"SAN FRANCISCO","SAN FRANCISCO",-122.43295288085938,37.784530639648438
8899292,2019,2019-07-25,3801,2019-06-03,0835,2728,MISSI,1,5,7,3801,0,0,0,,0,908,"16TH ST","POTRERO AV",28.00,E,N,B,-,N,,,,,,,,,,N,4,0,1,2,A,-,11,21950,B,N,G,B,E,A,H,-,A,A,0,Y,,,,Y,,N,60,0,0,1,0,1,0,0,0,0,"- ","- ",,,"SAN FRANCISCO","SAN FRANCISCO",-122.40746307373047,37.765777587890625
8899311,2019,2019-07-25,3801,2019-06-10,1434,4200,TARAV,1,5,7,3801,0,0,0,,0,312B,"IRVING ST","47TH AV",28.00,E,N,A,-,N,,,,,,,,,,N,3,0,1,2,A,-,21,22106,,N,H,J,-,A,H,-,A,D,0,Y,,,,Y,,A,01,0,1,0,0,1,0,0,0,0,"- ","- ",,,"SAN FRANCISCO","SAN FRANCISCO",-122.50704193115234,37.762226104736328
8899314,2019,2019-07-25,3801,2019-06-19,1245,229,MISSI,3,5,7,3801,0,0,0,,0,0D1,"DOLORES ST","15TH ST",0.00,,Y,A,-,N,,,,,,,,,,N,4,0,1,2,A,-,10,21950,A,F,G,B,B,A,H,-,A,A,0,Y,,,,Y,,A,07,0,0,1,0,1,0,0,0,0,"- ","- ",,,"SAN FRANCISCO","SAN FRANCISCO",-122.42659759521484,37.766258239746094
8899326,2019,2019-07-25,3801,2019-06-17,2222,262,TRAFF,1,5,7,3801,0,0,0,,0,4B4E,"GENEVA AV","PRAGUE ST",0.00,,-,A,-,N,,,,,,,,,,N,3,0,2,3,A,-,11,21954,A,F,G,B,D,A,H,-,C,D,0,Y,,,,Y,,N,60,0,1,1,0,2,0,0,0,0,"- ","- ",,,"SAN FRANCISCO","SAN FRANCISCO",-122.43196105957031,37.712779998779297
8899327,2019,2019-07-29,3801,2019-06-08,1813,2700,CENTR,6,5,7,3801,0,0,0,,0,3A40C,"BEACH ST","POWELL ST",0.00,,-,A,-,N,,,,,,,,,,N,3,0,1,2,A,-,08,22108,,N,G,B,E,A,H,-,A,D,0,Y,,,,Y,,A,01,0,1,0,0,1,0,0,0,0,"- ","- ",,,"SAN FRANCISCO","SAN FRANCISCO",-122.41232299804688,37.807701110839844
8899328,2019,2019-07-25,3801,2019-06-05,0330,145,CENTR,3,5,7,3801,0,0,0,,0,3A62,"FRANCISCO ST","COLUMBUS AV",10.00,E,N,A,-,N,,,,,,,,,,N,4,0,1,2,A,-,11,21955,,N,G,B,E,A,H,-,C,A,0,Y,,,,Y,,N,60,0,0,1,0,1,0,0,0,0,"- ","- ",,,"SAN FRANCISCO","SAN FRANCISCO",-122.41603851318359,37.804412841796875
8899329,2019,2019-07-26,3801,2019-06-22,0944,2493,NORTH,6,5,7,3801,0,0,0,,0,3E13A,"HAYES ST","POLK ST",45.00,W,N,A,-,N,,,,,,,,,,N,4,0,1,2,A,-,11,21955,,F,G,B,E,A,H,-,A,D,0,Y,,,,Y,Y,N,60,0,0,1,0,1,0,0,0,0,"- ","- ",,,"SAN FRANCISCO","SAN FRANCISCO",-122.41819000244141,37.777488708496094
8899333,2019,2019-07-26,3801,2019-06-21,2320,2485,CENTR,5,5,7,3801,0,0,0,,0,3CAR,"VAN NESS AV","NORTH POINT ST",130.00,S,N,A,-,N,,,,,,,,,,N,4,0,1,2,A,-,11,21954,A,N,A,-,D,A,H,-,C,D,0,Y,Y,,,Y,,N,60,0,0,1,0,1,0,0,0,0,"- ","- ",,,"SAN FRANCISCO","SAN FRANCISCO",-122.42527770996094,37.804706573486328
8899338,2019,2019-07-25,3801,2019-06-17,1625,1817,CENTR,1,5,7,3801,0,0,0,,0,,"GRANT AV","COMMERCIAL ST",4.00,N,N,A,-,N,,,,,,,,,,N,4,0,1,2,A,-,11,21955,,N,G,B,D,A,H,-,A,D,0,Y,,,,Y,,N,60,0,0,1,0,1,0,0,0,0,"- ","- ",,,"SAN FRANCISCO","SAN FRANCISCO",-122.40618133544922,37.793849945068359
8899347,2019,2019-07-29,3801,2019-06-22,1000,1213,RICHM,6,5,7,3801,0,0,0,,0,3G44B,"25TH AV","CALIFORNIA ST",0.00,,Y,A,-,N,,,,,,,,,,N,3,0,1,2,A,-,08,22107,,N,G,B,B,A,H,-,A,A,0,Y,,,,Y,,-,,0,1,0,0,1,0,0,0,0,"- ","- ",,,"SAN FRANCISCO","SAN FRANCISCO",-122.48500061035156,37.783878326416016
8899350,2019,2019-07-25,3801,2019-06-23,2130,2494,SOUTH,7,5,7,3801,0,0,0,,0,3B13E,"MISSION ST","8TH ST",0.00,,Y,A,-,N,,,,,,,,,,N,3,0,1,2,A,-,10,21950,A,N,G,B,B,A,H,-,C,A,0,Y,,,,Y,,A,01,0,1,0,0,1,0,0,0,0,"- ","- ",,,"SAN FRANCISCO","SAN FRANCISCO",-122.41316223144531,37.777458190917969
8899352,2019,2019-07-26,3801,2019-06-26,1802,459,INGLE,3,5,7,3801,0,0,0,,0,3H62,"OCEAN AV","HOWTH ST",0.00,,Y,A,-,N,,,,,,,,,,N,3,0,1,2,A,-,11,21453,D,N,D,B,B,A,H,-,A,A,0,Y,,,,Y,,N,60,0,1,0,0,1,0,0,0,0,"- ","- ",,,"SAN FRANCISCO","SAN FRANCISCO",-122.44957733154297,37.72296142578125
8900569,2019,2019-07-25,3801,2019-06-03,1830,1351,INGLE,1,5,7,3801,0,0,0,,0,3H15D,"MOUNT VERNON ST","SAN JOSE AV",0.00,,Y,A,-,N,,,,,,,,,,N,4,0,1,2,A,-,10,21950,A,N,G,B,B,A,H,-,A,D,0,Y,,,,Y,,A,01,0,0,1,0,1,0,0,0,0,"- ","- ",,,"SAN FRANCISCO","SAN FRANCISCO",-122.44867706298828,37.718360900878906
8900589,2019,2019-07-25,3801,2019-06-03,1335,1856,NORTE,1,5,7,3801,0,0,0,,0,3E12A,"WEBSTER ST","GEARY BL",0.00,,Y,A,-,N,,,,,,,,,,N,4,0,1,2,A,-,11,21950,B,N,A,B,D,A,H,-,A,A,0,Y,,,,Y,,N,60,0,0,1,0,1,0,0,0,0,"- ","- ",,,"SAN FRANCISCO","SAN FRANCISCO",-122.43129730224609,37.78472900390625
8900595,2019,2019-07-26,3801,2019-06-28,0435,1060,SOUTH,5,5,7,3801,0,0,0,,0,004,"MISSION ST","9TH ST",225.00,E,N,A,-,N,,,,,,,,,,N,3,0,1,2,A,-,00,21954,,N,G,B,D,A,H,-,C,D,0,Y,,,,Y,Y,N,60,0,1,0,0,1,0,0,0,0,"- ","- ",,,"SAN FRANCISCO","SAN FRANCISCO",-122.41416931152344,37.776679992675781
8900597,2019,2019-07-25,3801,2019-06-07,1145,203,MISSI,5,5,7,3801,0,0,0,,0,,"FOLSOM ST","15TH ST",15.00,N,N,A,-,N,,,,,,,,,,N,3,0,1,2,A,-,10,21950,A,N,G,B,B,A,H,-,A,A,0,Y,,,,Y,,A,01,0,1,0,0,1,0,0,0,0,"- ","- ",,,"SAN FRANCISCO","SAN FRANCISCO",-122.41546630859375,37.766971588134766
8900601,2019,2019-08-14,3801,2019-06-06,1015,2200,NORTH,4,5,7,3801,0,0,0,,0,901,"STEINER ST","ELLIS ST",57.00,N,N,A,-,N,,,,,,,,,,N,3,0,1,2,A,-,09,21804,A,F,G,B,F,A,H,-,A,D,0,Y,,,,Y,,A,01,0,1,0,0,1,0,0,0,0,"- ","- ",,,"SAN FRANCISCO","SAN FRANCISCO",-122.43418884277344,37.782306671142578
8900602,2019,2019-07-26,3801,2019-06-10,1205,2210,SOUTH,1,5,7,3801,0,0,0,,0,3B12A,"6TH ST","NATOMA ST",0.00,,Y,A,-,N,,,,,,,,,,N,4,0,1,2,A,-,10,21950,A,N,G,B,D,A,H,-,A,D,0,Y,,,,Y,,A,01,0,0,1,0,1,0,0,0,0,"- ","- ",37.780220031738281,-122.40776824951172,"SAN FRANCISCO","SAN FRANCISCO",-122.40766906738281,37.780178070068359
8900611,2019,2019-07-26,3801,2019-06-28,1838,366,,5,5,7,3801,0,0,0,,0,J1D,"MARKET ST","MASON ST",74.00,W,N,A,-,N,,,,,,,,,,N,4,0,1,2,A,-,11,21955,,N,G,B,D,A,H,-,A,D,0,Y,,,,Y,Y,N,60,0,0,1,0,1,0,0,0,0,"- ","- ",37.782920837402344,-122.40933990478516,"SAN FRANCISCO","SAN FRANCISCO",-122.40925598144531,37.783084869384766
8900615,2019,2019-07-26,3801,2019-06-29,1600,203,MISSI,6,5,7,3801,0,0,0,,0,3D44C,"20TH ST","VALENCIA ST",0.00,,Y,A,-,N,,,,,,,,,,,4,0,1,2,A,-,10,21950,A,N,G,B,B,A,H,-,A,A,0,Y,,,,Y,,A,01,0,0,1,0,1,0,0,0,0,"- ","- ",,,"SAN FRANCISCO","SAN FRANCISCO",-122.42125701904297,37.758510589599609
8900619,2019,2019-07-26,3801,2019-06-29,1745,2495,MISIS,6,5,7,3801,0,0,0,,0,3D13D,"VALENCIA ST","LIBERTY ST",16.00,S,N,A,-,N,,,,,,,,,,N,3,0,1,2,A,-,11,21955,,N,G,B,D,A,H,-,A,D,0,Y,,,,Y,,N,60,0,1,0,0,1,0,0,0,0,"- ","- ",,,"SAN FRANCISCO","SAN FRANCISCO",-122.42116546630859,37.757644653320312
8900623,2019,2019-07-26,3801,2019-06-30,1653,1876,NORTH,7,5,7,3801,0,0,0,,0,3E16D,"VAN NESS AV","UNION ST",27.00,N,N,A,-,N,,,,,,,,,,N,4,0,1,2,D,-,00,,,N,D,B,D,A,H,-,A,A,0,Y,,,,Y,,-,"- ",0,0,1,0,1,0,0,0,0,"- ","- ",,,"SAN FRANCISCO","SAN FRANCISCO",-122.424072265625,37.798614501953125
8900627,2019,2019-07-26,3801,2019-06-29,1118,50,TENDE,6,5,7,3801,0,0,0,,0,003,"TURK ST","HYDE ST",0.00,,Y,A,-,N,,,,,,,,,,N,3,0,1,2,A,-,10,21950,A,N,G,B,B,A,H,-,A,A,0,Y,,,,Y,,A,01,0,1,0,0,1,0,0,0,0,"- ","- ",,,"SAN FRANCISCO","SAN FRANCISCO",-122.41568756103516,37.782569885253906
8900630,2019,2019-07-25,3801,2019-06-02,1245,1833,SOUTH,7,5,7,3801,0,0,0,,0,0B1,"HARRISON ST","FREMONT ST",0.00,,Y,A,-,N,,,,,,,,,,N,4,0,1,2,A,-,10,21950,A,N,G,B,B,A,H,-,C,A,0,Y,,,,Y,,-,"- ",0,0,1,0,1,0,0,0,0,"- ","- ",,,"SAN FRANCISCO","SAN FRANCISCO",-122.39205932617188,37.786788940429688
8900634,2019,2019-07-25,3801,2019-06-01,2034,427,BAYVI,6,5,7,3801,0,0,0,,0,3C15D,REVERE,JENNINGS,154.00,W,N,A,-,N,,,,,,,,,,N,2,0,1,2,A,-,03,22350,,F,G,B,D,A,H,-,C,D,0,Y,,,,Y,,-,,1,0,0,0,1,0,0,0,0,"- ","- ",,,"SAN FRANCISCO","SAN FRANCISCO",-122.38685607910156,37.729782104492188
8900680,2019,2019-07-26,3801,2019-06-13,1413,2262,BAYVI,4,5,7,3801,0,0,0,,0,5CAR,"3RD ST","GILLMAN AV",3.00,S,N,A,-,N,,,,,,,,,,N,4,0,1,2,A,-,00,21456,D,N,G,B,B,A,H,-,A,A,0,Y,,,,Y,,N,60,0,0,1,0,1,0,0,0,0,"- ","- ",,,"SAN FRANCISCO","SAN FRANCISCO",-122.39557647705078,37.722362518310547
8900684,2019,2019-08-26,3801,2019-06-13,1027,50,TENDE,4,5,7,3801,0,0,0,,0,005,"ELLIS ST","CYRIL MAGNIN ST",0.00,,Y,A,-,N,,,,,,,,,,N,4,0,1,2,A,-,11,21453,D,N,G,B,B,A,H,-,A,A,0,Y,,,,Y,,N,60,0,0,1,0,1,0,0,0,0,"- ","- ",,,"SAN FRANCISCO","SAN FRANCISCO",-122.40866088867188,37.785430908203125
8900688,2019,2019-07-26,3801,2019-06-13,0805,2461,CENTR,4,5,7,3801,0,0,0,,0,3A11C,"LAGUNA ST","CLEARY ST",0.00,,Y,A,-,N,,,,,,,,,,N,3,0,1,2,D,-,00,,,F,G,B,B,A,H,-,A,A,0,Y,,,,Y,,-,"- ",0,1,0,0,1,0,0,0,0,"- ","- ",,,"SAN FRANCISCO","SAN FRANCISCO",-122.42778015136719,37.783908843994141
8900730,2019,2019-07-26,3801,2019-06-13,0855,207,CENTR,4,5,7,3801,0,0,0,,0,3A14A,"COLUMBUS AV","VALLEJO ST",15.00,N,N,A,-,N,,,,,,,,,,N,4,0,1,2,A,-,10,21950,A,N,G,B,B,A,H,-,A,A,0,Y,,,,Y,,A,01,0,0,1,0,1,0,0,0,0,"- ","- ",,,"SAN FRANCISCO","SAN FRANCISCO",-122.40792846679688,37.798748016357422
8900734,2019,2019-07-31,3801,2019-06-27,0153,2424,SOUTH,4,5,7,3801,0,0,0,,0,3B1E,"HOWARD ST","1ST ST",0.00,,Y,A,-,N,,,,,,,,,,N,1,1,0,2,A,-,10,21950,A,N,G,B,B,A,-,-,C,A,0,Y,,,,Y,,A,01,0,0,0,1,0,0,0,0,0,"- ","- ",,,"SAN FRANCISCO","SAN FRANCISCO",-122.39604187011719,37.788551330566406
8900739,2019,2019-07-25,3801,2019-06-28,1040,1145,SOUTH,5,5,7,3801,0,0,0,,0,3B45,"HOWARD ST","3RD ST",18.00,E,N,A,-,N,,,,,,,,,,N,4,0,1,2,A,-,21,22106,,F,G,B,B,A,H,-,A,A,0,Y,,,,Y,Y,A,01,0,0,1,0,1,0,0,0,0,"- ","- ",,,"SAN FRANCISCO","SAN FRANCISCO",-122.40045928955078,37.785045623779297
8900741,2019,2019-07-26,3801,2019-06-25,1309,1190,SOUTH,2,5,7,3801,0,0,0,,0,3B14A,"FOLSOM ST","HAWTHORNE ST",8.00,E,N,A,-,N,,,,,,,,,,N,3,0,1,2,A,-,10,21950,A,N,G,B,B,A,H,-,A,A,0,Y,,,,Y,,A,07,0,1,0,0,1,0,0,0,0,"- ","- ",,,"SAN FRANCISCO","SAN FRANCISCO",-122.39781188964844,37.784694671630859
8900747,2019,2019-07-25,3801,2019-06-27,1752,4294,SOUTH,4,5,7,3801,0,0,0,,0,0B5,"MISSION ROCK ST","3RD ST",18.00,E,N,A,-,N,,,,,,,,,,N,4,0,1,2,A,-,11,21950,B,N,G,B,B,A,H,-,A,A,0,Y,,,,Y,,N,60,0,0,1,0,1,0,0,0,0,"- ","- ",,,"SAN FRANCISCO","SAN FRANCISCO",-122.38973999023438,37.772918701171875
8900756,2019,2019-07-25,3801,2019-06-03,1540,4314,RICHM,1,5,7,3801,0,0,0,,0,0G3,"5TH AV","CLEMENT ST",129.00,N,N,B,-,N,,,,,,,,,,N,2,0,1,2,C,-,18,,,N,G,B,E,A,H,-,A,D,0,Y,,,,Y,,-,"- ",1,0,0,0,1,0,0,0,0,"- ","- ",,,"SAN FRANCISCO","SAN FRANCISCO",-122.46338653564453,37.783344268798828
8900763,2019,2019-07-25,3801,2019-06-04,0910,991,TRAFF,2,5,7,3801,0,0,0,,0,4B5H,"3RD ST",JERROLD,18.00,N,N,A,-,N,,,,,,,,,,N,3,0,1,2,A,-,08,22107,,N,G,B,B,A,H,-,A,A,0,Y,,,,Y,,A,07,0,1,0,0,1,0,0,0,0,"- ","- ",,,"SAN FRANCISCO","SAN FRANCISCO",-122.38934326171875,37.738826751708984
8900764,2019,2019-07-25,3801,2019-06-15,1100,1336,NORTH,6,5,7,3801,0,0,0,,0,3E12A,"FULTON ST","WEBSTER ST",0.00,,Y,A,-,N,,,,,,,,,,N,3,0,1,2,A,-,08,22101,D,N,G,B,E,A,H,-,A,A,0,Y,,,,Y,Y,A,01,0,1,0,0,1,0,0,0,0,"- ","- ",,,"SAN FRANCISCO","SAN FRANCISCO",-122.42990875244141,37.777908325195312
8900771,2019,2019-07-25,3801,2019-06-29,1920,386,INGLE,6,5,7,3801,0,0,0,,0,3H2D,"BOSWORTH ST","DIAMOND ST",0.00,,Y,A,-,N,,,,,,,,,,N,4,0,1,2,A,-,11,21453,D,N,G,B,D,A,H,-,A,A,0,Y,,,,Y,,N,60,0,0,1,0,1,0,0,0,0,"- ","- ",,,"SAN FRANCISCO","SAN FRANCISCO",-122.43412780761719,37.733558654785156
8900774,2019,2019-07-26,3801,2019-06-23,2155,2488,,7,5,7,3801,0,0,0,,0,3D15E,"CASTRO ST","MARKET ST",0.00,,Y,A,-,N,,,,,,,,,,N,3,0,2,3,A,-,10,21950,A,F,G,B,B,A,H,-,C,A,0,Y,,,,Y,Y,A,01,0,2,0,0,2,0,0,0,0,"- ","- ",,,"SAN FRANCISCO","SAN FRANCISCO",-122.43515777587891,37.762638092041016
8900776,2019,2019-07-25,3801,2019-06-15,1110,1633,TENDE,6,5,7,3801,0,0,0,,0,3J12A,"6TH ST","JESSIE ST",0.00,,Y,A,-,N,,,,,,,,,,N,4,0,1,2,A,-,11,21954,A,N,A,B,B,A,H,-,A,A,0,Y,,,,Y,,N,60,0,0,1,0,1,0,0,0,0,"- ","- ",,,"SAN FRANCISCO","SAN FRANCISCO",-122.40921020507812,37.781398773193359
8900778,2019,2019-07-26,3801,2019-06-23,2142,276,NORTH,7,5,7,3801,0,0,0,,0,3E15E,"LAGUNA ST","UNION ST",0.00,,Y,A,-,N,,,,,,,,,,N,3,0,1,2,A,-,10,21950,A,N,G,B,B,A,H,-,D,A,0,Y,,,,Y,,A,01,0,1,0,0,1,0,0,0,0,"- ","- ",,,"SAN FRANCISCO","SAN FRANCISCO",-122.4305419921875,37.797710418701172
8900786,2019,2019-07-26,3801,2019-06-11,2201,377,SOUTH,2,5,7,3801,0,0,0,,0,3B11E,"MISSION ST","MAIN ST",0.00,,Y,A,-,N,,,,,,,,,,Y,3,0,1,2,A,-,12,21453,A,N,G,B,B,A,H,-,C,A,0,Y,,,,Y,Y,A,01,0,1,0,0,1,0,0,0,0,"- ","- ",,,"SAN FRANCISCO","SAN FRANCISCO",-122.39497375488281,37.791858673095703
8900787,2019,2019-07-25,3801,2019-06-12,1040,1286,NORTH,3,5,7,3801,0,0,0,,0,3E42C,"STOCKTON ST","GEARY ST",0.00,,Y,-,-,N,,,,,,,,,,N,4,0,1,2,A,-,10,21950,A,M,G,B,B,A,G,-,A,A,0,Y,,,,Y,Y,A,01,0,0,1,0,1,0,0,0,0,"- ","- ",,,"SAN FRANCISCO","SAN FRANCISCO",-122.40657806396484,37.787559509277344
8900798,2019,2019-07-26,3801,2019-06-25,2215,2485,CENTR,2,5,7,3801,0,0,0,,0,3CAR,"BEACH ST","JONES ST",83.00,E,N,A,-,N,,,,,,,,,,Y,4,0,1,2,A,-,07,21658,A,F,G,B,F,A,H,-,C,D,0,Y,,,,Y,,A,01,0,0,1,0,1,0,0,0,0,"- ","- ",,,"SAN FRANCISCO","SAN FRANCISCO",-122.41697692871094,37.807117462158203
8904314,2019,2019-08-08,3801,2019-06-16,2104,441,TRAFF,7,5,7,3801,0,0,0,,0,,"BEACH ST","COLUMBUS AV",0.00,,Y,A,-,N,,,,,,,,,,,2,0,1,2,A,-,10,21950,,F,G,B,-,A,H,-,C,-,0,Y,,,,Y,,-,,1,0,0,0,1,0,0,0,0,"- ","- ",,,"SAN FRANCISCO","SAN FRANCISCO",-122.41956329345703,37.806770324707031
8905072,2019,2019-10-01,3801,2019-08-24,1720,2286,,6,5,7,3801,0,0,0,,0,4B4H,"GEARY BL","WEBSTER ST",54.00,E,N,A,-,N,,,,,,,,,,Y,2,0,2,3,B,-,22,,,N,G,B,E,A,H,-,A,D,0,Y,,,,Y,,J,48,1,1,0,0,2,0,0,0,0,"- ","- ",,,"SAN FRANCISCO","SAN FRANCISCO",-122.43111419677734,37.784751892089844
8909625,2019,2019-10-24,3801,2019-09-20,2032,2321,,5,5,7,3801,0,0,0,,0,3C13D,"3RD ST","NEWCOMB AV",0.00,,Y,A,-,N,,,,,,,,,,N,4,0,1,2,A,-,11,21954,A,F,G,B,E,A,H,-,C,A,0,Y,,,,Y,Y,N,60,0,0,1,0,1,0,0,0,0,"- ","- ",,,"SAN FRANCISCO","SAN FRANCISCO",-122.39048767089844,37.735630035400391
8909643,2019,2019-10-29,3801,2019-09-30,1529,4366,PARK,1,5,7,3801,0,0,0,,0,3F1D,"JUDAH ST","6TH AV",0.00,,Y,A,-,N,,,,,,,,,,N,3,0,1,2,A,-,10,21950,A,N,D,B,B,A,H,-,A,A,0,Y,,,,Y,,M,44,0,1,0,0,1,0,0,0,0,"- ","- ",,,"SAN FRANCISCO","SAN FRANCISCO",-122.46296691894531,37.762340545654297