CASE_ID,ACCIDENT_YEAR,PROC_DATE,JURIS,COLLISION_DATE,COLLISION_TIME,OFFICER_ID,REPORTING_DISTRICT,DAY_OF_WEEK,CHP_SHIFT,POPULATION,CNTY_CITY_LOC,SPECIAL_COND,BEAT_TYPE,CHP_BEAT_TYPE,CITY_DIVISION_LAPD,CHP_BEAT_CLASS,BEAT_NUMBER,PRIMARY_RD,SECONDARY_RD,DISTANCE,DIRECTION,INTERSECTION,WEATHER_1,WEATHER_2,STATE_HWY_IND,CALTRANS_COUNTY,CALTRANS_DISTRICT,STATE_ROUTE,ROUTE_SUFFIX,POSTMILE_PREFIX,POSTMILE,LOCATION_TYPE,RAMP_INTERSECTION,SIDE_OF_HWY,TOW_AWAY,COLLISION_SEVERITY,NUMBER_KILLED,NUMBER_INJURED,PARTY_COUNT,PRIMARY_COLL_FACTOR,PCF_CODE_OF_VIOL,PCF_VIOL_CATEGORY,PCF_VIOLATION,PCF_VIOL_SUBSECTION,HIT_AND_RUN,TYPE_OF_COLLISION,MVIW,PED_ACTION,ROAD_SURFACE,ROAD_COND_1,ROAD_COND_2,LIGHTING,CONTROL_DEVICE,CHP_ROAD_TYPE,PEDESTRIAN_ACCIDENT,BICYCLE_ACCIDENT,MOTORCYCLE_ACCIDENT,TRUCK_ACCIDENT,NOT_PRIVATE_PROPERTY,ALCOHOL_INVOLVED,STWD_VEHTYPE_AT_FAULT,CHP_VEHTYPE_AT_FAULT,COUNT_SEVERE_INJ,COUNT_VISIBLE_INJ,COUNT_COMPLAINT_PAIN,COUNT_PED_KILLED,COUNT_PED_INJURED,COUNT_BICYCLIST_KILLED,COUNT_BICYCLIST_INJURED,COUNT_MC_KILLED,COUNT_MC_INJURED,PRIMARY_RAMP,SECONDARY_RAMP,LATITUDE,LONGITUDE,COUNTY,CITY,POINT_X,POINT_Y
8964587,2019,2019-11-18,3801,2019-09-04,2239,382,NORTH,3,5,7,3801,0,0,0,,0,NORTH,"VAN NESS AV","GEARY BL",0.00,,Y,A,-,N,,,,,,,,,,N,2,0,1,2,A,-,11,21456,B,N,G,B,B,A,D,-,C,A,0,Y,,,,Y,,N,60,1,0,0,0,1,0,0,0,0,"- ","- ",,,"SAN FRANCISCO","SAN FRANCISCO",-122.42146301269531,37.785678863525391
8964591,2019,2019-11-18,3801,2019-09-04,1722,481,TRAFF,3,5,7,3801,0,0,0,,0,3I16D,"SAGAMORE ST","CAPITOL AV",0.00,,Y,A,-,N,,,,,,,,,,N,3,0,1,2,A,-,11,21453,D,N,G,B,B,A,H,-,A,A,0,Y,,,,Y,,N,60,0,1,0,0,1,0,0,0,0,"- ","- ",,,"SAN FRANCISCO","SAN FRANCISCO",-122.45902252197266,37.711391448974609
8964599,2019,2020-02-11,3801,2019-09-09,1949,831,TARAV,1,5,7,3801,0,0,0,,0,3I13D,"GREAT HWY","LINCOLN WY",1322.00,S,N,B,-,N,,,,,,,,,,N,3,0,1,2,A,-,11,21456,C,N,G,B,B,A,B,-,C,A,0,Y,,,,Y,,N,60,0,1,0,0,1,0,0,0,0,"- ","- ",37.760269165039062,-122.50982666015625,"SAN FRANCISCO","SAN FRANCISCO",-122.50996398925781,37.760429382324219
8966163,2019,2019-10-31,3801,2019-01-23,0947,991,TRAFF,3,5,7,3801,0,0,0,,0,4B2B,"9TH ST","MISSION ST",6.00,S,N,A,-,N,,,,,,,,,,N,3,0,1,2,A,-,11,21954,A,N,G,B,D,A,H,-,A,A,0,Y,,,,Y,,N,60,0,1,0,0,1,0,0,0,0,"- ","- ",,,"SAN FRANCISCO","SAN FRANCISCO",-122.41470336914062,37.776229858398438
8969467,2019,2020-01-14,3801,2019-10-22,0930,915,TENDE,2,5,7,3801,0,0,0,,0,3J12A,TAYLOR,"GOLDEN GATE AV",120.00,N,N,A,-,N,,,,,,,,,,N,3,0,1,2,A,-,11,21954,A,N,G,B,E,A,D,-,A,D,0,Y,,,,Y,,N,60,0,1,0,0,1,0,0,0,0,"- ","- ",,,"SAN FRANCISCO","SAN FRANCISCO",-122.41069030761719,37.782722473144531
8969472,2019,2019-12-03,3801,2019-10-08,2000,229,MISSI,2,5,7,3801,0,0,0,,0,0D5,"16TH ST","MISSION ST",0.00,,Y,A,-,N,,,,,,,,,,N,4,0,1,2,A,-,10,21950,A,F,G,B,B,A,H,-,C,A,0,Y,,,,Y,Y,I,11,0,0,1,0,1,0,0,0,0,"- ","- ",,,"SAN FRANCISCO","SAN FRANCISCO",-122.41967010498047,37.765048980712891
8969487,2019,2019-12-12,3801,2019-10-31,2042,2142,TENDE,4,5,7,3801,0,0,0,,0,3J13E,"MARKET ST","JONES ST",41.00,E,N,A,-,N,,,,,,,,,,N,2,0,1,2,A,-,11,21955,,N,G,B,D,A,H,-,C,D,0,Y,,,,Y,Y,N,60,1,0,0,0,1,0,0,0,0,"- ","- ",,,"SAN FRANCISCO","SAN FRANCISCO",-122.41188049316406,37.780990600585938
8969519,2019,2019-12-23,3801,2019-10-08,1242,4335,NORTH,2,5,7,3801,0,0,0,,0,901,"POLK ST","FERN ST",8.00,N,N,A,-,N,,,,,,,,,,N,2,0,1,2,A,-,21,22106,,N,E,I,F,A,H,-,A,D,0,Y,,,Y,Y,,F,26,1,0,0,0,1,0,0,0,0,"- ","- ",,,"SAN FRANCISCO","SAN FRANCISCO",-122.42019653320312,37.788230895996094
8969912,2019,2019-11-21,3801,2019-10-20,2050,2209,MISSI,7,5,7,3801,0,0,0,,0,3D41D,"18TH ST","DOLORES ST",0.00,,Y,A,-,N,,,,,,,,,,N,4,0,1,2,A,-,10,21950,A,F,-,B,B,A,H,-,C,A,0,Y,,,,Y,,A,01,0,0,1,0,1,0,0,0,0,"- ","- ",,,"SAN FRANCISCO","SAN FRANCISCO",-122.42616271972656,37.761440277099609
8969935,2019,2019-11-21,3801,2019-10-08,1655,1224,MISSI,2,5,7,3801,0,0,0,,0,,"OWENS ST","GENE FRIEND",0.00,,Y,F,-,N,,,,,,,,,,N,4,0,1,2,A,-,10,21950,,N,G,B,B,-,G,-,A,-,0,Y,,,,Y,,A,08,0,0,1,0,1,0,0,0,0,"- ","- ",,,"SAN FRANCISCO","SAN FRANCISCO",-122.39485931396484,37.768470764160156
8969936,2019,2019-11-21,3801,2019-10-09,0350,1857,TENDE,3,5,7,3801,0,0,0,,0,3J13E,"LEAVENWORTH ST","EDDY ST",80.00,N,N,A,-,N,,,,,,,,,,N,4,0,1,2,A,-,11,21955,,F,G,B,D,A,H,-,C,D,0,Y,,,,Y,,N,60,0,0,1,0,1,0,0,0,0,"- ","- ",,,"SAN FRANCISCO","SAN FRANCISCO",-122.41428375244141,37.783946990966797
8969937,2019,2019-11-20,3801,2019-10-18,1820,4040,CENTR,5,5,7,3801,0,0,0,,0,3A11D,"SUTTER ST","HYDE ST",156.00,E,N,A,-,N,,,,,,,,,,N,4,0,1,2,A,-,11,21955,,N,G,B,D,A,H,-,B,D,0,Y,,,,Y,,N,60,0,0,1,0,1,0,0,0,0,"- ","- ",,,"SAN FRANCISCO","SAN FRANCISCO",-122.41627502441406,37.788246154785156
8969942,2019,2019-12-11,3801,2019-10-10,1708,1438,INGLE,4,5,7,3801,0,0,0,,0,3H11D,"HOLLY PARK CIR","MURRAY ST",0.00,,-,A,-,N,,,,,,,,,,N,3,0,1,2,A,-,10,21950,A,N,G,B,B,A,H,-,A,D,0,Y,,,,Y,,A,01,0,1,0,0,1,0,0,0,0,"- ","- ",,,"SAN FRANCISCO","SAN FRANCISCO",-122.42009735107422,37.736129760742188
8969947,2019,2019-11-21,3801,2019-10-08,1602,801,SOUTH,2,5,7,3801,0,0,0,,0,0B4,"OTIS ST","DUBOCE AV",0.00,,Y,A,-,N,,,,,,,,,,N,4,0,1,2,A,-,11,21456,C,N,G,B,B,A,H,-,A,A,0,Y,,,,Y,,N,60,0,0,1,0,1,0,0,0,0,"- ","- ",,,"SAN FRANCISCO","SAN FRANCISCO",-122.42018890380859,37.770130157470703
8969955,2019,2019-11-21,3801,2019-10-08,0951,1557,SOUTH,2,5,7,3801,0,0,0,,0,3B13A,"HARRISON ST","FREMONT ST",0.00,,Y,A,-,N,,,,,,,,,,N,2,0,1,2,A,-,10,21950,A,N,A,B,B,A,H,-,A,A,0,Y,,,,Y,,A,01,1,0,0,0,1,0,0,0,0,"- ","- ",,,"SAN FRANCISCO","SAN FRANCISCO",-122.39205932617188,37.786788940429688
8969962,2019,2019-12-12,3801,2019-10-10,1555,2342,NORTH,4,5,7,3801,0,0,0,,0,3E6D,"POLK ST","SACRAMENTO ST",0.00,,Y,A,-,N,,,,,,,,,,N,4,0,1,2,A,-,11,21954,A,N,D,B,D,A,H,-,A,A,0,Y,,,,Y,,N,60,0,0,1,0,1,0,0,0,0,"- ","- ",,,"SAN FRANCISCO","SAN FRANCISCO",-122.42086791992188,37.791500091552734
8969965,2019,2019-11-20,3801,2019-10-18,1000,1920,SOUTH,5,5,7,3801,0,0,0,,0,3B12C,"HOWARD ST","RUSS ST",0.00,,Y,A,-,N,,,,,,,,,,N,3,0,1,2,A,-,08,22107,,F,G,B,E,A,H,-,A,A,0,Y,,,,Y,,A,07,0,1,0,0,1,0,0,0,0,"- ","- ",,,"SAN FRANCISCO","SAN FRANCISCO",-122.40824890136719,37.77886962890625
8969967,2019,2019-11-21,3801,2019-10-07,1018,169,SOUTH,1,5,7,3801,0,0,0,,0,1018,"10TH ST","HOWARD ST",0.00,,Y,A,-,N,,,,,,,,,,N,4,0,1,2,D,-,00,,,N,G,B,D,A,H,-,A,A,0,Y,,,,Y,,-,"- ",0,0,1,0,1,0,0,0,0,"- ","- ",,,"SAN FRANCISCO","SAN FRANCISCO",-122.41436767578125,37.774028778076172
8969972,2019,2019-11-21,3801,2019-10-09,0615,196,CENTR,3,5,7,3801,0,0,0,,0,3A11A,"WASHINGTON ST","KEARNY ST",0.00,,Y,A,-,N,,,,,,,,,,N,3,0,1,2,A,-,10,21950,A,N,A,B,B,A,H,-,C,A,0,Y,,,,Y,,A,01,0,1,0,0,1,0,0,0,0,"- ","- ",,,"SAN FRANCISCO","SAN FRANCISCO",-122.40496063232422,37.795330047607422
8969977,2019,2019-11-20,3801,2019-10-07,1725,82,BAYVI,1,5,7,3801,0,0,0,,0,3C12D,"BAY SHORE BL","FLOWER ST",436.00,S,N,A,-,N,,,,,,,,,,N,4,0,1,2,A,-,10,21950,A,N,G,B,B,A,H,-,A,A,0,Y,,,,Y,,A,01,0,0,1,0,1,0,0,0,0,"- ","- ",,,"SAN FRANCISCO","SAN FRANCISCO",-122.40643310546875,37.741477966308594
8969985,2019,2019-11-20,3801,2019-10-11,1813,1907,MISSI,5,5,7,3801,0,0,0,,0,3D14D,"CLIPPER ST","CHURCH ST",20.00,E,N,A,-,N,,,,,,,,,,N,3,0,1,2,A,-,21,22106,,N,G,B,F,A,H,-,A,A,0,Y,,,,Y,,A,01,0,1,0,0,1,0,0,0,0,"- ","- ",,,"SAN FRANCISCO","SAN FRANCISCO",-122.42716217041016,37.749294281005859
8969995,2019,2019-12-19,3801,2019-10-06,1350,2728,MISSI,7,5,7,3801,0,0,0,,0,908,"DIAMOND ST","21ST ST",111.00,N,N,A,-,N,,,,,,,,,,N,4,0,1,3,B,-,22,,,N,G,B,E,A,H,-,A,D,0,Y,,,,Y,,N,60,0,0,1,0,1,0,0,0,0,"- ","- ",,,"SAN FRANCISCO","SAN FRANCISCO",-122.436767578125,37.756275177001953
8969996,2019,2019-11-21,3801,2019-10-14,0505,1042,TARAV,1,5,7,3801,0,0,0,,0,3I13E,"ULLOA ST","20TH ST",0.00,,-,A,-,N,,,,,,,,,,N,3,0,1,2,A,-,11,21954,A,N,G,B,E,A,H,-,C,A,0,Y,,,,Y,,N,60,0,1,0,0,1,0,0,0,0,"- ","- ",,,"SAN FRANCISCO","SAN FRANCISCO",-122.47663879394531,37.741138458251953
8969999,2019,2019-11-21,3801,2019-10-06,0121,1429,INGLE,7,5,7,3801,0,0,0,,0,3H11E,"CORTLAND AV","MOULTRIE ST",0.00,,Y,A,-,N,,,,,,,,,,N,2,0,1,2,A,-,10,21950,,F,G,B,B,A,H,-,C,A,0,Y,,,,Y,,-,,1,0,0,0,1,0,0,0,0,"- ","- ",,,"SAN FRANCISCO","SAN FRANCISCO",-122.41590881347656,37.739009857177734
8981205,2019,2020-01-08,3801,2019-11-16,0749,198,BAYVI,6,5,7,3801,0,0,0,,0,03C,"GIRARD ST","WAYLAND ST",0.00,,Y,B,-,N,,,,,,,,,,N,4,0,1,2,A,-,10,21950,A,N,G,B,B,B,H,-,B,D,0,Y,,,,Y,,D,22,0,0,1,0,1,0,0,0,0,"- ","- ",,,"SAN FRANCISCO","SAN FRANCISCO",-122.40409851074219,37.726181030273438
8981213,2019,2020-01-06,3801,2019-11-22,0806,4286,RICHM,5,5,7,3801,0,0,0,,0,0G4,"GEARY BL","25TH AV",5.00,E,N,A,-,N,,,,,,,,,,N,4,0,1,2,A,-,10,21950,A,N,G,B,B,A,H,-,A,D,0,Y,,,Y,Y,,F,55,0,0,1,0,1,0,0,0,0,"- ","- ",,,"SAN FRANCISCO","SAN FRANCISCO",-122.48472595214844,37.780158996582031
8981217,2019,2020-01-06,3801,2019-11-22,0620,198,BAYVI,5,5,7,3801,0,0,0,,0,0C3,"CARROLL AV","PHELPS ST",10.00,E,N,A,-,N,,,,,,,,,,N,3,0,1,2,A,-,10,21950,A,N,G,B,B,A,H,-,B,D,0,Y,,,Y,Y,,F,55,0,1,0,0,1,0,0,0,0,"- ","- ",,,"SAN FRANCISCO","SAN FRANCISCO",-122.40083312988281,37.729175567626953
8981225,2019,2020-01-07,3801,2019-11-12,0955,610,MISSI,2,5,7,3801,0,0,0,,0,3D11A,"21ST ST","VALENCIA ST",0.00,,Y,A,-,N,,,,,,,,,,N,3,0,1,2,A,-,10,21950,A,N,G,B,B,A,H,-,A,A,0,Y,,,,Y,,I,11,0,1,0,0,1,0,0,0,0,"- ","- ",,,"SAN FRANCISCO","SAN FRANCISCO",-122.42109680175781,37.756908416748047
8981270,2019,2020-01-08,3801,2019-11-23,2015,952,CENTR,6,5,7,3801,0,0,0,,0,901,"FILBERT ST","COLUMBUS AV",0.00,,Y,A,-,N,,,,,,,,,,N,4,0,1,3,A,-,10,21950,A,N,G,B,B,A,H,-,C,A,0,Y,,,,Y,Y,D,72,0,0,1,0,1,0,0,0,0,"- ","- ",,,"SAN FRANCISCO","SAN FRANCISCO",-122.41136169433594,37.801120758056641
8981361,2019,2020-01-09,3801,2019-11-20,0756,4027,INGLE,3,5,7,3801,0,0,0,,0,3H16A,"VISITACION AV","SAWYER ST",0.00,,Y,A,-,N,,,,,,,,,,N,3,0,3,4,A,-,10,21950,A,N,G,B,B,A,H,-,B,A,0,Y,,,,Y,,A,01,0,1,2,0,3,0,0,0,0,"- ","- ",,,"SAN FRANCISCO","SAN FRANCISCO",-122.41436004638672,37.713260650634766
8981369,2019,2020-01-09,3801,2019-11-19,0611,2467,CENTR,2,5,7,3801,0,0,0,,0,3A11A,"PORTOLA DR","CLAREMONT BL",0.00,,Y,A,-,N,,,,,,,,,,N,4,0,1,2,A,-,12,21453,A,F,G,B,B,A,H,-,C,A,0,Y,,,,Y,,-,"- ",0,0,1,0,1,0,0,0,0,"- ","- ",,,"SAN FRANCISCO","SAN FRANCISCO",-122.46528625488281,37.739700317382812
8981377,2019,2020-01-09,3801,2019-11-17,1810,2716,PARK,7,5,7,3801,0,0,0,,0,3F13D,"FULTON ST","CLAYTON ST",0.00,,Y,A,-,N,,,,,,,,,,N,3,0,1,2,A,-,10,21950,A,F,G,B,B,A,H,-,C,D,0,Y,,,,Y,,A,01,0,1,0,0,1,0,0,0,0,"- ","- ",,,"SAN FRANCISCO","SAN FRANCISCO",-122.44972229003906,37.775390625
8981381,2019,2020-01-09,3801,2019-11-17,0352,4043,CENTR,7,5,7,3801,0,0,0,,0,3A14E,"COLUMBUS AV","GRANT AV",0.00,,Y,A,-,N,,,,,,,,,,N,3,0,1,2,A,-,11,21954,A,N,G,B,D,A,H,-,C,D,0,Y,,,,Y,,N,60,0,1,0,0,1,0,0,0,0,"- ","- ",,,"SAN FRANCISCO","SAN FRANCISCO",-122.40706634521484,37.798160552978516
8981382,2019,2020-01-09,3801,2019-11-19,1734,302,NORTH,2,5,7,3801,0,0,0,,0,,"SCOTT ST","JACKSON ST",6.00,N,N,A,-,N,,,,,,,,,,N,2,0,1,2,A,-,10,21950,A,N,G,B,B,A,H,-,C,D,0,Y,,,,Y,,A,01,1,0,0,0,1,0,0,0,0,"- ","- ",,,"SAN FRANCISCO","SAN FRANCISCO",-122.43949127197266,37.791847229003906
8981421,2019,2020-01-09,3801,2019-11-14,1138,1251,SOUTH,4,5,7,3801,0,0,0,,0,3B107,"MISSION ST","NEW MONTGOMERY ST",0.00,,Y,A,-,N,,,,,,,,,,N,4,0,1,2,A,-,11,21453,D,N,H,-,B,A,H,-,A,A,0,Y,Y,,,Y,,N,60,0,0,1,0,1,0,0,0,0,"- ","- ",,,"SAN FRANCISCO","SAN FRANCISCO",-122.40049743652344,37.787448883056641
8981422,2019,2020-01-08,3801,2019-11-20,1211,2088,INGLE,3,5,7,3801,0,0,0,,0,3H74,"ELLSWORTH ST","ALEMANY BL",42.00,N,N,A,-,N,,,,,,,,,,N,4,0,1,5,A,-,03,22350,,N,-,E,E,A,H,-,A,D,0,Y,,,,Y,,A,01,0,0,1,0,1,0,0,0,0,"- ","- ",,,"SAN FRANCISCO","SAN FRANCISCO",-122.41899871826172,37.732353210449219
8981435,2019,2020-01-09,3801,2019-11-22,0740,2348,INGLE,5,5,7,3801,0,0,0,,0,3H15A,"ATHENS ST","NAPLES ST",0.00,,Y,A,-,N,,,,,,,,,,N,4,0,1,2,A,-,10,21950,A,N,G,B,D,A,H,-,A,A,0,Y,,,,Y,,A,01,0,0,1,0,1,0,0,0,0,"- ","- ",,,"SAN FRANCISCO","SAN FRANCISCO",-122.4375,37.712368011474609
8981441,2019,2020-01-13,3801,2019-11-01,1848,2144,MISSI,5,5,7,3801,0,0,0,,0,3D11D,"EUREKA ST","MARKET ST",150.00,S,N,A,-,N,,,,,,,,,,N,4,0,1,2,A,-,11,21954,A,F,B,B,D,A,H,-,C,D,0,Y,,Y,,Y,Y,N,60,0,0,1,0,1,0,0,0,0,"- ","- ",,,"SAN FRANCISCO","SAN FRANCISCO",-122.43831634521484,37.761306762695312
8981443,2019,2020-01-14,3801,2019-11-06,0941,1422,SOUTH,3,5,7,3801,0,0,0,,0,,FOLSOM,"3RD ST",0.00,,Y,A,-,N,,,,,,,,,,,3,0,2,2,A,-,11,21456,C,N,H,-,B,A,-,-,A,A,0,Y,Y,,,Y,,N,60,0,1,1,0,1,0,1,0,0,"- ","- ",,,"SAN FRANCISCO","SAN FRANCISCO",-122.39895629882812,37.783779144287109
8981453,2019,2020-01-13,3801,2019-11-01,1714,2493,,5,5,7,3801,0,0,0,,0,,"SILLIMAN ST","CAMBRIDGE ST",0.00,,Y,A,-,N,,,,,,,,,,N,4,0,1,2,A,-,10,21950,A,N,G,B,B,A,H,-,A,D,0,Y,,,,Y,,A,01,0,0,1,0,1,0,0,0,0,"- ","- ",,,"SAN FRANCISCO","SAN FRANCISCO",-122.41887664794922,37.727630615234375
8981458,2019,2020-01-13,3801,2019-11-28,1604,2262,BAYVI,4,5,7,3801,0,0,0,,0,3C2C,"AUGUSTA ST","BAYSHORE BL",2.00,E,N,A,-,N,,,,,,,,,,N,4,0,1,2,A,-,12,22450,A,F,G,B,B,A,H,-,A,A,0,Y,,,,Y,,-,,0,0,1,0,1,0,0,0,0,"- ","- ",,,"SAN FRANCISCO","SAN FRANCISCO",-122.40547180175781,37.734272003173828
8981459,2019,2020-01-14,3801,2019-11-06,1945,2034,MISSI,3,5,7,3801,0,0,0,,0,3D16E,"VALENCIA ST","24TH ST",0.00,,Y,A,-,N,,,,,,,,,,N,3,0,1,2,A,-,10,21950,A,F,G,B,B,A,H,-,C,A,0,Y,,,,Y,,A,01,0,1,0,0,1,0,0,0,0,"- ","- ",,,"SAN FRANCISCO","SAN FRANCISCO",-122.42064666748047,37.752109527587891
8981464,2019,2020-01-10,3801,2019-11-10,1837,2453,TENDE,7,5,7,3801,0,0,0,,0,3J5C,"MASON ST","TURK ST",0.00,,Y,A,-,N,,,,,,,,,,N,4,0,1,2,A,-,00,22453,D,N,G,B,B,A,H,-,C,A,0,Y,,,,Y,,N,60,0,0,1,0,1,0,0,0,0,"- ","- ",,,"SAN FRANCISCO","SAN FRANCISCO",-122.40911102294922,37.783409118652344
8981465,2019,2020-01-13,3801,2019-11-02,1731,2200,NORTH,6,5,7,3801,0,0,0,,0,002,"STEINER ST","EDDY ST",0.00,,Y,A,-,N,,,,,,,,,,N,4,0,1,2,A,-,10,21950,A,N,G,B,B,A,H,-,-,D,0,Y,,,,Y,,A,01,0,0,1,0,1,0,0,0,0,"- ","- ",,,"SAN FRANCISCO","SAN FRANCISCO",-122.4339599609375,37.781208038330078
8981476,2019,2020-01-10,3801,2019-11-10,1150,2441,SOUTH,7,5,7,3801,0,0,0,,0,0B3,"6TH ST","HARRISON ST",0.00,,Y,A,-,N,,,,,,,,,,N,4,0,1,2,A,-,10,21950,A,N,G,B,B,A,H,-,A,A,0,Y,,,,Y,,A,01,0,0,1,0,1,0,0,0,0,"- ","- ",,,"SAN FRANCISCO","SAN FRANCISCO",-122.40408325195312,37.777309417724609
8981479,2019,2020-01-14,3801,2019-11-30,2107,1695,NORTH,6,5,7,3801,0,0,0,,0,3E12E,"GOLDEN GATE","STEINER ST",0.00,,-,C,-,N,,,,,,,,,,N,4,0,1,2,A,-,10,21950,A,F,D,B,B,B,H,-,C,A,0,Y,,,,Y,Y,A,01,0,0,1,0,1,0,0,0,0,"- ","- ",,,"SAN FRANCISCO","SAN FRANCISCO",-122.43357849121094,37.779350280761719
8981485,2019,2020-01-13,3801,2019-11-02,0927,677,SOUTH,6,5,7,3801,0,0,0,,0,3B45,"MISSION ST","10TH ST",0.00,,Y,A,-,N,,,,,,,,,,N,4,0,1,2,A,-,10,21950,A,N,G,B,B,A,H,-,A,A,0,Y,,,,Y,,A,01,0,0,1,0,1,0,0,0,0,"- ","- ",,,"SAN FRANCISCO","SAN FRANCISCO",-122.41590881347656,37.775279998779297
8981491,2019,2020-01-14,3801,2019-11-30,1211,1226,SOUTH,6,5,7,3801,0,0,0,,0,,"HOWARD ST","12TH ST",0.00,,Y,B,C,N,,,,,,,,,,N,4,0,1,2,A,-,10,21950,A,N,G,B,B,B,H,-,A,A,0,Y,,,,Y,Y,A,01,0,0,1,0,1,0,0,0,0,"- ","- ",,,"SAN FRANCISCO","SAN FRANCISCO",-122.41692352294922,37.771728515625
8981492,2019,2020-01-10,3801,2019-11-11,1430,1217,PARK,1,5,7,3801,0,0,0,,0,"PARK 2","IRVING ST","6TH ST",0.00,,Y,A,-,N,,,,,,,,,,N,4,0,1,2,A,-,10,21950,A,N,G,B,B,A,H,-,A,A,0,Y,,,,Y,,A,01,0,0,1,0,1,0,0,0,0,"- ","- ",,,"SAN FRANCISCO","SAN FRANCISCO",-122.46309661865234,37.764190673828125
8981493,2019,2020-01-22,3801,2019-11-05,1512,887,SOUTH,2,5,7,3801,0,0,0,,0,0B1,"HOWARD ST","FREMONT ST",0.00,,Y,A,-,N,,,,,,,,,,N,3,0,2,3,A,-,10,21950,A,N,A,B,B,A,H,-,A,A,0,Y,,,,Y,,A,01,0,1,1,0,2,0,0,0,0,"- ","- ",,,"SAN FRANCISCO","SAN FRANCISCO",-122.3951416015625,37.789230346679688
8981498,2019,2020-01-13,3801,2019-11-20,1858,2008,MISSI,3,5,7,3801,0,0,0,,0,3D13,"16TH ST","BRYANT ST",0.00,,Y,A,-,N,,,,,,,,,,N,4,0,1,2,A,-,10,21950,A,F,G,B,B,A,H,-,A,A,0,Y,,,,Y,,A,07,0,0,1,0,1,0,0,0,0,"- ","- ",,,"SAN FRANCISCO","SAN FRANCISCO",-122.4105224609375,37.765590667724609
8981502,2019,2020-02-21,3801,2019-11-20,1732,2407,NORTH,3,5,7,3801,0,0,0,,0,3E12D,"FULTON ST","SCOTT ST",0.00,,Y,A,-,N,,,,,,,,,,N,3,0,1,2,A,-,10,21950,A,N,G,B,B,A,H,-,C,A,0,Y,,,,Y,,-,,0,1,0,0,1,0,0,0,0,"- ","- ",,,"SAN FRANCISCO","SAN FRANCISCO",-122.43650817871094,37.777069091796875
8981503,2019,2020-01-13,3801,2019-11-28,1917,2342,NORTH,4,5,7,3801,0,0,0,,0,3E14D,"LAGUNA ST","POST ST",0.00,,Y,A,-,N,,,,,,,,,,N,2,0,1,2,A,-,10,21950,A,F,D,B,B,A,H,-,C,A,0,Y,,,,Y,,A,01,1,0,0,0,1,0,0,0,0,"- ","- ",,,"SAN FRANCISCO","SAN FRANCISCO",-122.42816162109375,37.785800933837891
8981506,2019,2020-01-13,3801,2019-11-20,1320,2210,SOUTE,3,5,7,3801,0,0,0,,0,0B3,"HOWARD ST","RUSS ST",0.00,,Y,A,-,N,,,,,,,,,,N,4,0,1,2,A,-,10,21950,A,N,G,B,B,A,H,-,A,A,0,Y,,,,Y,,A,01,0,0,1,0,1,0,0,0,0,"- ","- ",,,"SAN FRANCISCO","SAN FRANCISCO",-122.40824890136719,37.77886962890625
8981507,2019,2020-01-14,3801,2019-11-29,1456,1547,TENDE,5,5,7,3801,0,0,0,,0,3J93B,"CYRIL MAGNIN ST","OFARRELL ST",0.00,,Y,B,-,N,,,,,,,,,,N,4,0,1,2,B,-,22,,,N,B,B,E,A,H,-,A,A,0,Y,,,,Y,,-,"- ",0,0,1,0,1,0,0,0,0,"- ","- ",,,"SAN FRANCISCO","SAN FRANCISCO",-122.40894317626953,37.786308288574219
8981509,2019,2020-01-13,3801,2019-11-04,1607,4314,RICHM,1,5,7,3801,0,0,0,,0,0G2,"WASHINGTON ST","PRESIDIO AV",1.00,W,N,B,-,N,,,,,,,,,,N,3,0,1,2,A,-,17,21663,,F,G,B,F,A,H,-,A,A,0,Y,,,,Y,,A,07,0,1,0,0,1,0,0,0,0,"- ","- ",,,"SAN FRANCISCO","SAN FRANCISCO",-122.44733428955078,37.789951324462891
8981514,2019,2020-01-13,3801,2019-11-20,1605,2244,TENDE,3,5,7,3801,0,0,0,,0,3J12D,"MARKET ST","6TH ST",0.00,,Y,A,-,N,,,,,,,,,,N,3,0,1,2,A,-,10,21950,A,N,D,B,B,A,H,-,A,A,0,Y,,,,Y,,M,95,0,1,0,0,1,0,0,0,0,"- ","- ",,,"SAN FRANCISCO","SAN FRANCISCO",-122.41030120849609,37.782238006591797
8981517,2019,2020-01-13,3801,2019-11-05,1335,796,NORTH,2,5,7,3801,0,0,0,,0,,"GREEN ST","GOUGH ST",0.00,,Y,A,-,N,,,,,,,,,,N,3,0,1,2,A,-,10,21950,A,N,G,B,B,A,H,-,A,A,0,Y,,,,Y,,A,01,0,1,0,0,1,0,0,0,0,"- ","- ",,,"SAN FRANCISCO","SAN FRANCISCO",-122.42707824707031,37.797199249267578
8981519,2019,2020-01-14,3801,2019-11-29,1400,4314,RICHM,5,5,7,3801,0,0,0,,0,0G4,"19TH AV","CLEMENT ST",250.00,S,N,B,-,N,,,,,,,,,,N,4,0,1,2,A,-,10,21952,,N,G,B,F,A,H,-,A,D,0,Y,,,,Y,,A,07,0,0,1,0,1,0,0,0,0,"- ","- ",,,"SAN FRANCISCO","SAN FRANCISCO",-122.47841644287109,37.7816162109375