CASE_ID,ACCIDENT_YEAR,PROC_DATE,JURIS,COLLISION_DATE,COLLISION_TIME,OFFICER_ID,REPORTING_DISTRICT,DAY_OF_WEEK,CHP_SHIFT,POPULATION,CNTY_CITY_LOC,SPECIAL_COND,BEAT_TYPE,CHP_BEAT_TYPE,CITY_DIVISION_LAPD,CHP_BEAT_CLASS,BEAT_NUMBER,PRIMARY_RD,SECONDARY_RD,DISTANCE,DIRECTION,INTERSECTION,WEATHER_1,WEATHER_2,STATE_HWY_IND,CALTRANS_COUNTY,CALTRANS_DISTRICT,STATE_ROUTE,ROUTE_SUFFIX,POSTMILE_PREFIX,POSTMILE,LOCATION_TYPE,RAMP_INTERSECTION,SIDE_OF_HWY,TOW_AWAY,COLLISION_SEVERITY,NUMBER_KILLED,NUMBER_INJURED,PARTY_COUNT,PRIMARY_COLL_FACTOR,PCF_CODE_OF_VIOL,PCF_VIOL_CATEGORY,PCF_VIOLATION,PCF_VIOL_SUBSECTION,HIT_AND_RUN,TYPE_OF_COLLISION,MVIW,PED_ACTION,ROAD_SURFACE,ROAD_COND_1,ROAD_COND_2,LIGHTING,CONTROL_DEVICE,CHP_ROAD_TYPE,PEDESTRIAN_ACCIDENT,BICYCLE_ACCIDENT,MOTORCYCLE_ACCIDENT,TRUCK_ACCIDENT,NOT_PRIVATE_PROPERTY,ALCOHOL_INVOLVED,STWD_VEHTYPE_AT_FAULT,CHP_VEHTYPE_AT_FAULT,COUNT_SEVERE_INJ,COUNT_VISIBLE_INJ,COUNT_COMPLAINT_PAIN,COUNT_PED_KILLED,COUNT_PED_INJURED,COUNT_BICYCLIST_KILLED,COUNT_BICYCLIST_INJURED,COUNT_MC_KILLED,COUNT_MC_INJURED,PRIMARY_RAMP,SECONDARY_RAMP,LATITUDE,LONGITUDE,COUNTY,CITY,POINT_X,POINT_Y
8981527,2019,2020-01-14,3801,2019-11-23,1730,2238,BAYVI,6,5,7,3801,0,0,0,,0,2CAR,"MARENGO ST","BAYSHORE BL",100.00,N,N,F,-,N,,,,,,,,,,N,3,0,1,2,A,-,21,22106,,F,G,B,E,A,H,-,A,A,0,Y,,,,Y,,A,01,0,1,0,0,1,0,0,0,0,"- ","- ",,,"SAN FRANCISCO","SAN FRANCISCO",-122.40673065185547,37.738548278808594
8981531,2019,2020-01-14,3801,2019-11-06,1345,385,CENTR,3,5,7,3801,0,0,0,,0,3A31,"2ND ST","JESSIE ST",0.00,,Y,A,-,N,,,,,,,,,,N,4,0,1,2,A,-,11,21954,A,N,G,B,E,A,H,-,A,D,0,Y,,,,Y,,N,60,0,0,1,0,1,0,0,0,0,"- ","- ",,,"SAN FRANCISCO","SAN FRANCISCO",-122.40030670166016,37.788410186767578
8981533,2019,2020-01-10,3801,2019-11-23,1330,719,CENTR,6,5,7,3801,0,0,0,,0,3A13C,"POWELL ST","VALLEJO ST",0.00,,Y,A,-,N,,,,,,,,,,N,4,0,1,2,A,-,10,21950,A,N,G,B,B,A,H,-,A,A,0,Y,,,,Y,,A,01,0,0,1,0,1,0,0,0,0,"- ","- ",,,"SAN FRANCISCO","SAN FRANCISCO",-122.41043853759766,37.798370361328125
8981538,2019,2020-01-09,3801,2019-11-22,1500,670,INGLE,5,5,7,3801,0,0,0,,0,3H15C,SILVER,"MISSION ST",0.00,,Y,A,-,N,,,,,,,,,,N,4,0,1,2,A,-,11,21453,D,N,G,B,B,A,H,-,A,A,0,Y,,,,Y,,N,60,0,0,1,0,1,0,0,0,0,"- ","- ",,,"SAN FRANCISCO","SAN FRANCISCO",-122.43128204345703,37.728740692138672
8981542,2019,2020-01-09,3801,2019-11-22,1320,719,CENTR,5,5,7,3801,0,0,0,,0,3A61,"THE EMBARCADERO ST","BAY ST",100.00,N,N,A,-,N,,,,,,,,,,N,2,0,1,2,A,-,17,21235,G,N,C,B,F,A,H,-,A,D,0,Y,,,,Y,,M,93,1,0,0,0,1,0,0,0,0,"- ","- ",,,"SAN FRANCISCO","SAN FRANCISCO",-122.40625762939453,37.806785583496094
8981543,2019,2020-01-14,3801,2019-11-27,1710,1696,NORTH,3,5,7,3801,0,0,0,,0,3E13D,"OFARRELL ST","FRANKLIN ST",0.00,,Y,A,-,N,,,,,,,,,,N,4,0,1,2,A,-,10,21950,A,N,G,B,B,A,H,-,B,A,0,Y,,,,Y,,A,01,0,0,1,0,1,0,0,0,0,"- ","- ",,,"SAN FRANCISCO","SAN FRANCISCO",-122.42282867431641,37.784549713134766
8981549,2019,2020-01-10,3801,2019-11-22,1714,937,CENTR,5,5,7,3801,0,0,0,,0,3A12D,"GEARY ST","KEARNY ST",0.00,,Y,A,-,N,,,,,,,,,,N,4,0,2,3,A,-,12,21453,A,F,G,B,B,A,H,-,C,A,0,Y,Y,,,Y,,-,"- ",0,0,2,0,2,0,0,0,0,"- ","- ",,,"SAN FRANCISCO","SAN FRANCISCO",-122.40351104736328,37.787948608398438
8981552,2019,2020-01-11,3801,2019-11-03,1740,1092,RICHM,7,5,7,3801,0,0,0,,0,00D,"CORNWALL ST","ARGUELLO BL",0.00,,Y,A,-,N,,,,,,,,,,N,2,0,2,3,A,-,10,21950,A,N,G,B,B,A,H,-,C,A,0,Y,,,,Y,,A,01,1,1,0,0,2,0,0,0,0,"- ","- ",,,"SAN FRANCISCO","SAN FRANCISCO",-122.45915985107422,37.785060882568359
8981557,2019,2020-01-10,3801,2019-11-22,1523,2737,BAYVI,5,5,7,3801,0,0,0,,0,3C15D,"JENNINGS ST","HOLLISTER AV",0.00,,Y,A,-,N,,,,,,,,,,N,4,0,1,2,A,-,12,22450,A,N,D,B,B,A,-,-,A,A,0,Y,,,,Y,,A,01,0,0,1,0,1,0,0,0,0,"- ","- ",,,"SAN FRANCISCO","SAN FRANCISCO",-122.39430236816406,37.720771789550781
8981558,2019,2020-01-09,3801,2019-11-19,0541,2341,NORTH,2,5,7,3801,0,0,0,,0,3E12E,"OAK ST","WEBSTER ST",0.00,,Y,A,-,N,,,,,,,,,,N,3,0,1,2,A,-,10,21950,A,N,G,B,B,A,H,-,C,A,0,Y,,,,Y,,A,01,0,1,0,0,1,0,0,0,0,"- ","- ",,,"SAN FRANCISCO","SAN FRANCISCO",-122.42913055419922,37.774169921875
8981561,2019,2020-01-10,3801,2019-11-22,1901,1113,PARK,5,5,7,3801,0,0,0,,0,3F12D,"CARL ST","STANYAN ST",0.00,,Y,A,-,N,,,,,,,,,,N,3,0,1,2,A,-,10,21950,A,N,G,B,B,A,H,-,C,A,0,Y,,,,Y,,A,01,0,1,0,0,1,0,0,0,0,"- ","- ",,,"SAN FRANCISCO","SAN FRANCISCO",-122.45275115966797,37.765419006347656
8981563,2019,2020-01-13,3801,2019-11-26,1513,564,TARAV,2,5,7,3801,0,0,0,,0,3I11D,"RIVERA ST","19TH AV",0.00,,Y,C,-,N,,,,,,,,,,N,2,0,1,2,A,-,10,21950,A,N,G,B,B,B,H,-,A,A,0,Y,,,,Y,,A,01,1,0,0,0,1,0,0,0,0,"- ","- ",,,"SAN FRANCISCO","SAN FRANCISCO",-122.47592163085938,37.746768951416016
8981570,2019,2020-01-09,3801,2019-11-18,2033,2249,TENDE,1,5,7,3801,0,0,0,,0,3J14D,"TURK ST","LEAVENWORTH ST",0.00,,-,A,-,N,,,,,,,,,,N,4,0,1,2,A,-,21,22106,,F,G,B,F,A,H,-,C,D,0,Y,,,,Y,,A,01,0,0,1,0,1,0,0,0,0,"- ","- ",,,"SAN FRANCISCO","SAN FRANCISCO",-122.41403961181641,37.782798767089844
8981571,2019,2020-01-13,3801,2019-11-26,0632,1557,SOUTH,2,5,7,3801,0,0,0,,0,3B13A,"8TH ST","MISSION ST",0.00,,Y,A,-,N,,,,,,,,,,N,4,0,1,2,A,-,11,21955,,N,G,B,B,A,H,-,B,A,0,Y,,,,Y,,N,60,0,0,1,0,1,0,0,0,0,"- ","- ",,,"SAN FRANCISCO","SAN FRANCISCO",-122.41316223144531,37.777458190917969
8981572,2019,2020-01-11,3801,2019-11-27,1700,2008,MISSI,3,5,7,3801,0,0,0,,0,3D15D,"MISSION ST","17TH ST",0.00,,Y,A,-,N,,,,,,,,,,N,4,0,1,2,A,-,22,23123,A,M,G,B,B,A,H,-,A,A,0,Y,,,,Y,,A,07,0,0,1,0,1,0,0,0,0,"- ","- ",,,"SAN FRANCISCO","SAN FRANCISCO",-122.41950225830078,37.763420104980469
8981582,2019,2020-01-09,3801,2019-11-25,0729,2039,TARAV,1,5,7,3801,0,0,0,,0,005,"JUNIPERO SERRA BL","HOLLOWAY AV",0.00,,Y,A,-,N,,,,,,,,,,N,4,0,1,2,A,-,10,21950,A,N,G,B,B,A,H,-,A,A,0,Y,,,,Y,,A,01,0,0,1,0,1,0,0,0,0,"- ","- ",,,"SAN FRANCISCO","SAN FRANCISCO",-122.47267150878906,37.721569061279297
8981584,2019,2020-01-11,3801,2019-11-26,1848,2195,CENTR,2,5,7,3801,0,0,0,,0,004,"BAY ST","POWELL ST",17.00,E,N,A,-,N,,,,,,,,,,N,4,0,1,2,D,-,00,,,N,G,B,C,B,F,-,C,A,0,Y,,,,Y,,-,"- ",0,0,1,0,1,0,0,0,0,"- ","- ",,,"SAN FRANCISCO","SAN FRANCISCO",-122.41188049316406,37.80584716796875
8981585,2019,2020-01-10,3801,2019-11-18,1412,2148,NORTH,1,5,7,3801,0,0,0,,0,3E13A,"ALICE TOKLAS PL","VAN NESS AV",200.00,E,N,A,-,N,,,,,,,,,,N,4,0,1,2,A,-,09,21804,A,N,G,B,F,A,H,-,A,D,0,Y,,,,Y,,A,01,0,0,1,0,1,0,0,0,0,"- ","- ",,,"SAN FRANCISCO","SAN FRANCISCO",-122.42052459716797,37.785308837890625
8981588,2019,2020-01-11,3801,2019-11-26,1938,2379,INGLE,2,5,7,3801,0,0,0,,0,3H15D,"GENEVA AV","NAPLES ST",0.00,,Y,C,G,N,,,,,,,,,,N,4,0,1,2,A,-,10,21950,A,N,G,B,B,B,H,-,C,A,0,Y,,,,Y,,A,01,0,0,1,0,1,0,0,0,0,"- ","- ",,,"SAN FRANCISCO","SAN FRANCISCO",-122.43618774414062,37.714210510253906
8981592,2019,2020-01-11,3801,2019-11-26,1844,2168,CENTR,2,5,7,3801,0,0,0,,0,3A14D,"WASHINGTON ST","DRUMM ST",0.00,,Y,C,-,N,,,,,,,,,,N,4,0,1,2,A,-,10,21950,A,N,-,B,B,B,H,-,C,A,0,Y,,,,Y,,A,01,0,0,1,0,1,0,0,0,0,"- ","- ",,,"SAN FRANCISCO","SAN FRANCISCO",-122.39698028564453,37.796371459960938
8981594,2019,2020-01-09,3801,2019-11-19,1849,890,BAYVI,2,5,7,3801,0,0,0,,0,"BAY 5","3RD ST","SHAFTER AV",0.00,,Y,A,-,N,,,,,,,,,,N,4,0,1,2,A,-,10,21950,A,F,G,B,B,A,H,-,C,A,0,Y,,,,Y,Y,A,08,0,0,1,0,1,0,0,0,0,"- ","- ",,,"SAN FRANCISCO","SAN FRANCISCO",-122.39189147949219,37.731639862060547
8981596,2019,2020-01-11,3801,2019-11-26,1806,2139,NORTH,2,5,7,3801,0,0,0,,0,901,"LOMBARD ST","LYON ST",0.00,,Y,C,G,N,,,,,,,,,,N,4,0,1,2,A,-,11,21950,B,N,G,B,B,B,H,-,C,A,0,Y,,,,Y,,N,60,0,0,1,0,1,0,0,0,0,"- ","- ",,,"SAN FRANCISCO","SAN FRANCISCO",-122.44732666015625,37.798469543457031
8981598,2019,2020-01-09,3801,2019-11-19,1737,2139,NORTH,2,5,7,3801,0,0,0,,0,901,"SUTTER ST","GOUGH ST",0.00,,Y,A,-,N,,,,,,,,,,N,3,0,1,2,A,-,10,21950,A,F,G,B,B,A,H,-,C,A,0,Y,,,,Y,,A,01,0,1,0,0,1,0,0,0,0,"- ","- ",,,"SAN FRANCISCO","SAN FRANCISCO",-122.42504119873047,37.787139892578125
8981611,2019,2020-01-09,3801,2019-11-08,2230,1102,MISSS,5,5,7,3801,0,0,0,,0,0D5,"CAPP ST","19TH ST",104.00,N,N,A,-,N,,,,,,,,,,N,4,0,1,2,A,-,11,21954,A,N,G,B,E,A,H,-,C,D,0,Y,,,,Y,Y,N,60,0,0,1,0,1,0,0,0,0,"- ","- ",,,"SAN FRANCISCO","SAN FRANCISCO",-122.41813659667969,37.760574340820312
8981612,2019,2020-01-14,3801,2019-11-15,1826,2196,TENDE,5,5,7,3801,0,0,0,,0,3J13D,"MARKET ST","ELLIS ST",0.00,,Y,A,-,N,,,,,,,,,,,2,0,1,2,A,-,12,21453,A,F,G,B,B,-,-,-,C,A,0,Y,Y,,,Y,,L,04,1,0,0,0,1,0,0,0,0,"- ","- ",,,"SAN FRANCISCO","SAN FRANCISCO",-122.40589141845703,37.785701751708984
8981620,2019,2020-01-14,3801,2019-11-15,1224,359,CENT,5,5,7,3801,0,0,0,,0,3A11C,"HYDE ST","PINE ST",10.00,S,N,A,-,N,,,,,,,,,,N,3,0,1,2,A,-,10,21950,A,N,-,B,B,A,H,-,A,A,0,Y,,,,Y,,A,01,0,1,0,0,1,0,0,0,0,"- ","- ",,,"SAN FRANCISCO","SAN FRANCISCO",-122.41719818115234,37.790012359619141
8981631,2019,2020-01-09,3801,2019-11-08,0813,1853,CENTR,5,5,7,3801,0,0,0,,0,3A11A,"THE EMBARCADERO","LOMBARD ST",0.00,,Y,A,-,N,,,,,,,,,,N,2,0,2,2,D,-,00,,,N,D,B,B,A,H,-,A,A,0,Y,Y,,,Y,,-,"- ",1,1,0,0,1,0,1,0,0,"- ","- ",,,"SAN FRANCISCO","SAN FRANCISCO",-122.40220642089844,37.804168701171875
8981632,2019,2020-01-14,3801,2019-11-15,0752,2368,SOUTH,5,5,7,3801,0,0,0,,0,3B12A,"MINNA ST","MARY ST",96.00,E,N,A,-,N,,,,,,,,,,Y,2,0,1,2,A,-,10,21950,A,F,G,B,D,A,H,-,A,D,0,Y,,Y,,Y,,C,03,1,0,0,0,1,0,0,0,0,"- ","- ",,,"SAN FRANCISCO","SAN FRANCISCO",-122.40647888183594,37.781871795654297
8981634,2019,2020-02-14,3801,2019-11-21,0744,796,NORTH,4,5,7,3801,0,0,0,,0,3E15A,"CHESTNUT ST","BUCHANAN ST",0.00,,Y,A,-,N,,,,,,,,,,N,4,0,1,2,A,-,10,21950,A,N,G,B,B,A,H,-,A,D,0,Y,,,,Y,,A,01,0,0,1,0,1,0,0,0,0,"- ","- ",,,"SAN FRANCISCO","SAN FRANCISCO",-122.43296051025391,37.801231384277344
8981636,2019,2020-01-14,3801,2019-11-14,2230,1250,CENTR,4,5,7,3801,0,0,0,,0,3A11E,"SUTTER ST","LEAVENWORTH ST",0.00,,Y,A,-,N,,,,,,,,,,N,4,0,1,2,A,-,10,21950,A,N,G,B,B,A,H,-,C,A,0,Y,,,,Y,,A,01,0,0,1,0,1,0,0,0,0,"- ","- ",,,"SAN FRANCISCO","SAN FRANCISCO",-122.41517639160156,37.788379669189453
8981664,2019,2020-02-13,3801,2019-11-01,1106,2719,RICHM,5,5,7,3801,0,0,0,,0,002,"MASONIC AV","GEARY BL",0.00,,Y,A,-,N,,,,,,,,,,N,4,0,1,2,D,-,00,,,N,A,B,-,A,H,-,A,-,0,Y,,,,Y,,-,"- ",0,0,1,0,1,0,0,0,0,"- ","- ",,,"SAN FRANCISCO","SAN FRANCISCO",-122.44786834716797,37.782279968261719
8981671,2019,2020-01-09,3801,2019-11-07,1507,2315,INGLE,4,5,7,3801,0,0,0,,0,3H16D,"BAYSHORE BL","ARLETA AV",0.00,,Y,A,-,N,,,,,,,,,,N,3,0,1,2,A,-,12,21453,A,F,G,B,F,A,H,-,A,A,0,Y,,,,Y,,A,01,0,1,0,0,1,0,0,0,0,"- ","- ",,,"SAN FRANCISCO","SAN FRANCISCO",-122.40261077880859,37.712268829345703
8981689,2019,2019-11-21,3801,2019-10-13,2044,1907,MISSI,7,5,7,3801,0,0,0,,0,2044,"CASTRO ST","MARKET ST",0.00,,Y,A,-,N,,,,,,,,,,Y,2,0,1,2,A,-,01,23152,A,N,G,B,B,A,H,-,C,A,0,Y,,,,Y,Y,A,01,1,0,0,0,1,0,0,0,0,"- ","- ",,,"SAN FRANCISCO","SAN FRANCISCO",-122.43515777587891,37.762638092041016
8981690,2019,2019-11-22,3801,2019-10-06,2145,317,CENTR,7,5,7,3801,0,0,0,,0,SECTOR,"UNION ST","COLUMBUS AV",0.00,,Y,A,-,N,,,,,,,,,,N,3,0,1,2,A,-,12,21453,A,F,G,B,B,A,H,-,C,A,0,Y,,,,Y,,A,07,0,1,0,0,1,0,0,0,0,"- ","- ",,,"SAN FRANCISCO","SAN FRANCISCO",-122.41017150878906,37.800308227539062
8981705,2019,2019-11-20,3801,2019-10-12,1445,1118,MISSI,6,5,7,3801,0,0,0,,0,3D11C,"14TH ST","MARKET ST",9.00,E,N,A,-,N,,,,,,,,,,N,4,0,1,2,A,-,11,21950,B,N,G,B,B,A,H,-,A,A,0,Y,,,,Y,,N,60,0,0,1,0,1,0,0,0,0,"- ","- ",,,"SAN FRANCISCO","SAN FRANCISCO",-122.42880249023438,37.767711639404297
8981717,2019,2019-11-20,3801,2019-10-11,2140,875,CENTR,5,5,7,3801,0,0,0,,0,3A15E,"SANSOME ST","BUSH ST",0.00,,Y,A,-,N,,,,,,,,,,N,3,0,1,2,A,-,10,21950,A,N,G,B,B,A,H,-,C,A,0,Y,,,,Y,,-,,0,1,0,0,1,0,0,0,0,"- ","- ",,,"SAN FRANCISCO","SAN FRANCISCO",-122.40071105957031,37.79119873046875
8981718,2019,2019-11-22,3801,2019-10-06,0939,893,INGLE,7,5,7,3801,0,0,0,,0,3H13A,"ALEMANY BL","LAWRENCE AV",0.00,,Y,A,-,N,,,,,,,,,,N,4,0,1,2,A,-,10,21950,A,N,G,B,B,A,H,-,A,D,0,Y,,,,Y,,A,01,0,0,1,0,1,0,0,0,0,"- ","- ",,,"SAN FRANCISCO","SAN FRANCISCO",-122.45319366455078,37.711269378662109
8981742,2019,2019-11-22,3801,2019-10-05,1849,2419,RICHM,6,5,7,3801,0,0,0,,0,0G2,"WALNUT ST","CLAY ST",0.00,,Y,A,-,N,,,,,,,,,,N,3,0,1,3,A,-,21,22106,,F,H,E,-,A,H,-,A,A,0,Y,,,,Y,,A,01,0,1,0,0,1,0,0,0,0,"- ","- ",,,"SAN FRANCISCO","SAN FRANCISCO",-122.44883728027344,37.788848876953125
8981745,2019,2019-11-20,3801,2019-10-13,1603,1377,INGLE,7,5,7,3801,0,0,0,,0,3H11C,"DIAMOND ST","CHENERY ST",0.00,,Y,A,-,N,,,,,,,,,,N,4,0,1,2,A,-,10,21950,A,N,G,B,B,A,H,-,A,A,0,Y,,,,Y,,A,01,0,0,1,0,1,0,0,0,0,"- ","- ",,,"SAN FRANCISCO","SAN FRANCISCO",-122.43385314941406,37.734508514404297
8981760,2019,2020-03-13,3801,2019-10-26,1831,2268,INGLE,6,5,7,3801,0,0,0,,0,3H3D,"FRIDA KAHLO WY","OCEAN AV",100.00,N,N,A,-,N,,,,,,,,,,N,3,0,1,2,A,-,11,21954,A,N,G,B,E,A,H,-,B,D,0,Y,,,,Y,,N,60,0,1,0,0,1,0,0,0,0,"- ","- ",,,"SAN FRANCISCO","SAN FRANCISCO",-122.45233917236328,37.723354339599609
8981762,2019,2019-11-21,3801,2019-10-26,0014,1030,MISSI,6,5,7,3801,0,0,0,,0,03D,"S VAN NESS AV","13TH ST",0.00,,Y,A,-,N,,,,,,,,,,N,2,0,1,2,A,-,00,23104,A,N,G,B,E,A,H,-,C,A,0,Y,,,,Y,,A,01,1,0,0,0,1,0,0,0,0,"- ","- ",,,"SAN FRANCISCO","SAN FRANCISCO",-122.41777038574219,37.769718170166016
8981763,2019,2019-11-21,3801,2019-10-15,0701,405,INGLE,2,5,7,3801,0,0,0,,0,3H60,"SAN JOSE AV","SANTA YNEZ AV",0.00,,Y,A,-,N,,,,,,,,,,N,3,0,1,2,A,-,10,21950,A,N,G,B,B,A,H,-,A,A,0,Y,,,,Y,,A,01,0,1,0,0,1,0,0,0,0,"- ","- ",,,"SAN FRANCISCO","SAN FRANCISCO",-122.44239807128906,37.725780487060547
8981767,2019,2019-11-21,3801,2019-10-15,0655,2023,PARK,2,5,7,3801,0,0,0,,0,001,"FREDERICK ST","ARGUELLO BL",0.00,,Y,A,-,N,,,,,,,,,,N,4,0,1,2,A,-,10,21950,A,N,G,B,B,A,H,-,C,D,0,Y,,,,Y,,A,07,0,0,1,0,1,0,0,0,0,"- ","- ",,,"SAN FRANCISCO","SAN FRANCISCO",-122.45780944824219,37.765708923339844
8981768,2019,2020-01-21,3801,2019-10-31,0845,1237,TARAV,4,5,7,3801,0,0,0,,0,3I16A,"BROAD ST","ORIZABA AV",40.00,E,N,A,-,N,,,,,,,,,,N,4,0,1,2,A,-,11,21950,B,N,G,B,D,A,H,-,A,D,0,Y,,,,Y,,N,60,0,0,1,0,1,0,0,0,0,"- ","- ",,,"SAN FRANCISCO","SAN FRANCISCO",-122.46244812011719,37.713161468505859
8981772,2019,2019-12-06,3801,2019-10-31,0911,1325,TENDE,4,5,7,3801,0,0,0,,0,3J12A,"MARKET ST","3RD ST",0.00,,Y,A,-,N,,,,,,,,,,N,4,0,1,2,A,-,00,21230,,N,-,B,F,A,-,-,A,D,0,Y,,,,Y,,M,94,0,0,1,0,1,0,0,0,0,"- ","- ",,,"SAN FRANCISCO","SAN FRANCISCO",-122.40345764160156,37.78765869140625
8981776,2019,2019-12-06,3801,2019-10-30,2225,2211,NORTH,3,5,7,3801,0,0,0,,0,,"POST ST","POLK ST",0.00,,Y,A,-,N,,,,,,,,,,N,4,0,1,2,A,-,11,21950,B,N,A,B,B,A,H,-,C,A,0,Y,,,,Y,Y,N,60,0,0,1,0,1,0,0,0,0,"- ","- ",,,"SAN FRANCISCO","SAN FRANCISCO",-122.41989898681641,37.786830902099609
8981788,2019,2019-12-06,3801,2019-10-30,2045,426,NORTH,3,5,7,3801,0,0,0,,0,3E16E,"POLK ST","PINE ST",0.00,,Y,A,-,N,,,,,,,,,,N,2,0,1,2,A,-,10,21950,A,F,G,B,B,A,H,-,C,A,0,Y,,,,Y,,A,01,1,0,0,0,1,0,0,0,0,"- ","- ",,,"SAN FRANCISCO","SAN FRANCISCO",-122.42050170898438,37.789638519287109
8981798,2019,2019-11-21,3801,2019-10-13,1055,1696,NORTH,7,5,7,3801,0,0,0,,0,3E11D,"HAIGHT ST","LAGUNA ST",0.00,,Y,A,-,N,,,,,,,,,,N,4,0,1,2,A,-,05,21650,,F,G,B,B,A,H,-,A,A,0,Y,,,,Y,,A,01,0,0,1,0,1,0,0,0,0,"- ","- ",,,"SAN FRANCISCO","SAN FRANCISCO",-122.42550659179688,37.772739410400391
8981800,2019,2019-12-06,3801,2019-10-24,1115,4239,PARK,4,5,7,3801,0,0,0,,0,3F2A,"COLE ST","FREDERICK ST",0.00,,Y,A,-,N,,,,,,,,,,N,4,0,1,2,A,-,10,21950,A,N,G,B,B,A,H,-,A,D,0,Y,,,,Y,,A,01,0,0,1,0,1,0,0,0,0,"- ","- ",,,"SAN FRANCISCO","SAN FRANCISCO",-122.45015716552734,37.766738891601562
8981802,2019,2019-11-21,3801,2019-10-16,1645,1849,TENDE,3,5,7,3801,0,0,0,,0,3J13D,"HYDE ST","MCALLISTER ST",0.00,,Y,A,-,N,,,,,,,,,,N,4,0,1,2,A,-,10,21950,A,N,G,B,B,A,-,-,A,A,0,Y,,,,Y,,-,,0,0,1,0,1,0,0,0,0,"- ","- ",,,"SAN FRANCISCO","SAN FRANCISCO",-122.41532135009766,37.780738830566406
8981815,2019,2019-11-21,3801,2019-10-10,1637,417,TARAV,4,5,7,3801,0,0,0,,0,3I16D,"OCEAN AV","DORADO TER",0.00,,Y,A,-,N,,,,,,,,,,Y,4,0,1,2,A,-,10,21950,A,M,B,B,-,A,H,-,A,A,0,Y,,,,Y,,-,,0,0,1,0,1,0,0,0,0,"- ","- ",,,"SAN FRANCISCO","SAN FRANCISCO",-122.46122741699219,37.724948883056641
8981817,2019,2019-11-21,3801,2019-10-27,1422,2453,TEND,7,5,7,3801,0,0,0,,0,3J52C,"5TH ST","MARKET ST",35.00,S,N,A,-,N,,,,,,,,,,N,4,0,1,2,A,-,17,21200,A,N,G,-,B,A,H,-,A,A,0,Y,Y,,,Y,,L,04,0,0,1,0,1,0,0,0,0,"- ","- ",,,"SAN FRANCISCO","SAN FRANCISCO",-122.40797424316406,37.783931732177734
8981822,2019,2019-11-21,3801,2019-10-16,0638,4027,INGLE,3,5,7,3801,0,0,0,,0,3H16A,"BOSWORTH ST","DIAMOND ST",0.00,,Y,A,-,N,,,,,,,,,,N,4,0,1,2,A,-,10,21950,A,N,G,B,B,A,H,-,B,A,0,Y,,,,Y,,A,01,0,0,1,0,1,0,0,0,0,"- ","- ",,,"SAN FRANCISCO","SAN FRANCISCO",-122.43412780761719,37.733558654785156
8981824,2019,2019-12-06,3801,2019-10-10,0825,2488,MISSI,4,5,7,3801,0,0,0,,0,2D13A,"SHOTWELL ST","23RD ST",206.00,N,N,A,-,N,,,,,,,,,,N,4,0,1,2,A,-,00,22305,,F,G,B,D,A,H,-,A,D,0,Y,,,,Y,,A,07,0,0,1,0,1,0,0,0,0,"- ","- ",,,"SAN FRANCISCO","SAN FRANCISCO",-122.41538238525391,37.754615783691406
8981828,2019,2019-12-06,3801,2019-10-10,0620,1875,SOUTH,4,5,7,3801,0,0,0,,0,3B13A,"8TH ST","BRYANT ST",0.00,,N,A,-,N,,,,,,,,,,Y,4,0,2,2,A,-,07,21658,A,N,G,B,F,A,H,-,B,A,0,Y,,,,Y,,A,01,0,0,2,0,1,0,0,0,0,"- ","- ",,,"SAN FRANCISCO","SAN FRANCISCO",-122.406982421875,37.772510528564453
8981829,2019,2019-11-21,3801,2019-10-27,0101,1033,TARAV,7,5,7,3801,0,0,0,,0,3I16E,"PLYMOUTH AV","OCEAN AV",0.00,,Y,A,-,N,,,,,,,,,,N,4,0,1,2,A,-,08,22107,,F,-,B,B,A,H,-,C,A,0,Y,,,,Y,Y,A,07,0,0,1,0,1,0,0,0,0,"- ","- ",,,"SAN FRANCISCO","SAN FRANCISCO",-122.45654296875,37.723979949951172
8981830,2019,2019-11-21,3801,2019-10-15,1530,1531,TEND,2,5,7,3801,0,0,0,,0,3CAR,"MCCALLISTER ST","LARKIN ST",0.00,,Y,A,-,N,,,,,,,,,,N,4,0,1,2,A,-,11,21456,C,F,G,B,B,A,H,-,A,A,0,Y,,,,Y,,N,60,0,0,1,0,1,0,0,0,0,"- ","- ",,,"SAN FRANCISCO","SAN FRANCISCO",-122.41693878173828,37.780498504638672
8981835,2019,2019-11-21,3801,2019-10-10,1313,2059,CENTR,4,5,7,3801,0,0,0,,0,3A12A,"POWELL ST","OFARRELL ST",0.00,,Y,A,-,N,,,,,,,,,,N,4,0,1,2,A,-,12,21453,A,F,H,B,B,A,H,-,A,A,0,Y,Y,,,Y,,L,04,0,0,1,0,1,0,0,0,0,"- ","- ",,,"SAN FRANCISCO","SAN FRANCISCO",-122.40802764892578,37.786441802978516
8981844,2019,2019-12-06,3801,2019-10-17,1922,2342,NORTH,4,5,7,3801,0,0,0,,0,3E16D,"HAYES ST","POLK ST",270.00,E,N,A,-,N,,,,,,,,,,N,3,0,1,2,A,-,11,21954,A,N,D,B,E,A,H,-,C,D,0,Y,,,,Y,,N,60,0,1,0,0,1,0,0,0,0,"- ","- ",,,"SAN FRANCISCO","SAN FRANCISCO",-122.4171142578125,37.777622222900391