CASE_ID,ACCIDENT_YEAR,PROC_DATE,JURIS,COLLISION_DATE,COLLISION_TIME,OFFICER_ID,REPORTING_DISTRICT,DAY_OF_WEEK,CHP_SHIFT,POPULATION,CNTY_CITY_LOC,SPECIAL_COND,BEAT_TYPE,CHP_BEAT_TYPE,CITY_DIVISION_LAPD,CHP_BEAT_CLASS,BEAT_NUMBER,PRIMARY_RD,SECONDARY_RD,DISTANCE,DIRECTION,INTERSECTION,WEATHER_1,WEATHER_2,STATE_HWY_IND,CALTRANS_COUNTY,CALTRANS_DISTRICT,STATE_ROUTE,ROUTE_SUFFIX,POSTMILE_PREFIX,POSTMILE,LOCATION_TYPE,RAMP_INTERSECTION,SIDE_OF_HWY,TOW_AWAY,COLLISION_SEVERITY,NUMBER_KILLED,NUMBER_INJURED,PARTY_COUNT,PRIMARY_COLL_FACTOR,PCF_CODE_OF_VIOL,PCF_VIOL_CATEGORY,PCF_VIOLATION,PCF_VIOL_SUBSECTION,HIT_AND_RUN,TYPE_OF_COLLISION,MVIW,PED_ACTION,ROAD_SURFACE,ROAD_COND_1,ROAD_COND_2,LIGHTING,CONTROL_DEVICE,CHP_ROAD_TYPE,PEDESTRIAN_ACCIDENT,BICYCLE_ACCIDENT,MOTORCYCLE_ACCIDENT,TRUCK_ACCIDENT,NOT_PRIVATE_PROPERTY,ALCOHOL_INVOLVED,STWD_VEHTYPE_AT_FAULT,CHP_VEHTYPE_AT_FAULT,COUNT_SEVERE_INJ,COUNT_VISIBLE_INJ,COUNT_COMPLAINT_PAIN,COUNT_PED_KILLED,COUNT_PED_INJURED,COUNT_BICYCLIST_KILLED,COUNT_BICYCLIST_INJURED,COUNT_MC_KILLED,COUNT_MC_INJURED,PRIMARY_RAMP,SECONDARY_RAMP,LATITUDE,LONGITUDE,COUNTY,CITY,POINT_X,POINT_Y
8981849,2019,2019-11-22,3801,2019-10-31,1817,323,CENTR,4,5,7,3801,0,0,0,,0,3A15D,"DRUMM ST","WASHINGTON ST",0.00,,Y,A,-,N,,,,,,,,,,N,4,0,1,2,A,-,10,21950,A,N,G,B,B,A,H,-,A,A,0,Y,,,,Y,,A,01,0,0,1,0,1,0,0,0,0,"- ","- ",,,"SAN FRANCISCO","SAN FRANCISCO",-122.39698028564453,37.796371459960938
8981855,2019,2019-12-10,3801,2019-10-23,0810,1318,BAYVI,3,5,7,3801,0,0,0,,0,3C72,"WILLIAMS AV","MENDELL ST",0.00,,Y,A,-,N,,,,,,,,,,N,2,0,1,2,A,-,10,21950,A,N,A,B,B,A,H,-,A,D,0,Y,,,,Y,,A,01,1,0,0,0,1,0,0,0,0,"- ","- ",,,"SAN FRANCISCO","SAN FRANCISCO",-122.39488983154297,37.729598999023438
8981856,2019,2019-12-10,3801,2019-10-17,1746,1148,TARAV,4,5,7,3801,0,0,0,,0,3I16D,"CAPITOL AV","OCEAN AV",0.00,,Y,A,-,N,,,,,,,,,,N,3,0,1,2,A,-,10,21950,A,N,G,B,B,A,H,-,A,A,0,Y,,,,Y,,A,07,0,1,0,0,1,0,0,0,0,"- ","- ",,,"SAN FRANCISCO","SAN FRANCISCO",-122.45925140380859,37.724529266357422
8981859,2019,2019-12-10,3801,2019-10-23,0807,86,TARAV,3,5,7,3801,0,0,0,,0,3I6A,"OCEAN AV","LEE AV",0.00,,Y,A,-,N,,,,,,,,,,N,3,0,1,2,A,-,12,21453,A,N,G,B,B,A,H,-,A,A,0,Y,,,,Y,,A,01,0,1,0,0,1,0,0,0,0,"- ","- ",,,"SAN FRANCISCO","SAN FRANCISCO",-122.4541015625,37.723491668701172
8981860,2019,2019-12-10,3801,2019-10-17,1654,2107,NORTH,4,5,7,3801,0,0,0,,0,3E12D,"GEARY BL","STEINER ST",0.00,,Y,A,-,N,,,,,,,,,,N,2,0,2,3,A,-,11,21453,D,N,G,B,D,A,H,-,A,A,0,Y,,,,Y,,N,60,1,0,1,0,2,0,0,0,0,"- ","- ",,,"SAN FRANCISCO","SAN FRANCISCO",-122.43457794189453,37.784320831298828
8981863,2019,2019-12-10,3801,2019-10-23,0730,307,TARAV,3,5,7,3801,0,0,0,,0,3I13A,"RIVERA ST","48TH AV",0.00,,Y,A,-,N,,,,,,,,,,N,3,0,1,2,A,-,10,21950,A,N,G,B,B,A,H,-,A,D,0,Y,,,,Y,,A,01,0,1,0,0,1,0,0,0,0,"- ","- ",,,"SAN FRANCISCO","SAN FRANCISCO",-122.50702667236328,37.745429992675781
8981869,2019,2019-11-22,3801,2019-10-31,1249,405,INGLE,4,5,7,3801,0,0,0,,0,3H60,"GENEVA AV","PARIS ST",0.00,,Y,A,-,N,,,,,,,,,,N,3,0,1,2,A,-,10,21950,A,N,G,B,B,A,H,-,A,A,0,Y,,,,Y,,A,08,0,1,0,0,1,0,0,0,0,"- ","- ",,,"SAN FRANCISCO","SAN FRANCISCO",-122.43943023681641,37.715679168701172
8981875,2019,2019-12-10,3801,2019-10-22,1907,2209,MISSI,2,5,7,3801,0,0,0,,0,3D14D,"S VAN NESS AV","21ST ST",0.00,,Y,A,-,N,,,,,,,,,,N,3,0,1,2,A,-,10,21950,A,N,G,B,B,A,H,-,C,A,0,Y,,,,Y,,N,60,0,1,0,0,1,0,0,0,0,"- ","- ",,,"SAN FRANCISCO","SAN FRANCISCO",-122.416748046875,37.757160186767578
8981886,2019,2019-12-06,3801,2019-10-09,1935,455,SOUTH,3,5,7,3801,0,0,0,,0,03B,"3RD ST","HARRISON ST",0.00,,Y,A,-,N,,,,,,,,,,N,4,0,1,2,A,-,10,21950,A,N,G,B,B,A,H,-,B,A,0,Y,,,,Y,,A,01,0,0,1,0,1,0,0,0,0,"- ","- ",,,"SAN FRANCISCO","SAN FRANCISCO",-122.39739227294922,37.782550811767578
8981889,2019,2019-11-22,3801,2019-10-24,0755,405,INGLE,4,5,7,3801,0,0,0,,0,3H60,"OCEAN AV","SAN JOSE AV",54.00,E,N,A,-,N,,,,,,,,,,N,3,0,1,2,A,-,11,21955,,N,G,B,D,A,H,-,A,A,0,Y,,,,Y,,N,60,0,1,0,0,1,0,0,0,0,"- ","- ",,,"SAN FRANCISCO","SAN FRANCISCO",-122.44462585449219,37.722949981689453
8981897,2019,2019-11-22,3801,2019-10-30,1710,4140,TENDE,3,5,7,3801,0,0,0,,0,3J91,"MARKET ST","CYRIL MAGNIN ST",30.00,E,N,A,-,N,,,,,,,,,,N,3,0,1,2,A,-,11,21950,B,N,D,B,B,A,H,-,A,A,0,Y,Y,,,Y,,N,60,0,1,0,0,1,0,0,0,0,"- ","- ",,,"SAN FRANCISCO","SAN FRANCISCO",-122.40798187255859,37.7840576171875
8981899,2019,2019-12-10,3801,2019-10-22,1427,878,CENTR,2,5,7,3801,0,0,0,,0,3A4C,"BATTERY ST","PACIFIC AV",0.00,,Y,A,-,N,,,,,,,,,,N,4,0,1,2,A,-,10,21950,,N,B,B,B,A,H,-,A,A,0,Y,,,,Y,,A,01,0,0,1,0,1,0,0,0,0,"- ","- ",,,"SAN FRANCISCO","SAN FRANCISCO",-122.40087890625,37.797679901123047
8981903,2019,2019-12-10,3801,2019-10-22,1423,1251,SOUTH,2,5,7,3801,0,0,0,,0,3B14A,"BRYANT ST","10TH ST",9.00,E,N,A,-,N,,,,,,,,,,N,2,0,1,2,A,-,10,21950,A,N,G,B,B,A,H,-,A,A,0,Y,,,,Y,,A,01,1,0,0,0,1,0,0,0,0,"- ","- ",,,"SAN FRANCISCO","SAN FRANCISCO",-122.40972137451172,37.770359039306641
8981909,2019,2020-01-03,3801,2019-10-29,1843,417,TARAV,2,5,7,3801,0,0,0,,0,3I16D,"ORIZABA AV","LOBOS ST",0.00,,Y,A,-,N,,,,,,,,,,N,3,0,1,2,A,-,11,21954,A,F,D,B,D,A,H,-,C,A,0,Y,,,,Y,,N,60,0,1,0,0,1,0,0,0,0,"- ","- ",,,"SAN FRANCISCO","SAN FRANCISCO",-122.46262359619141,37.714878082275391
8981911,2019,2019-12-10,3801,2019-10-22,1120,1122,MISSI,2,5,7,3801,0,0,0,,0,03D,"16TH ST","MISSION ST",0.00,,Y,A,-,N,,,,,,,,,,N,4,0,1,2,A,-,10,21950,A,N,G,B,B,A,H,-,A,A,0,Y,,,,Y,,A,01,0,0,1,0,1,0,0,0,0,"- ","- ",,,"SAN FRANCISCO","SAN FRANCISCO",-122.41967010498047,37.765048980712891
8981914,2019,2019-12-06,3801,2019-10-05,1256,1605,NORTH,6,5,7,3801,0,0,0,,0,384A,"LAGUNA ST","WASHINGTON ST",10.00,S,N,A,-,N,,,,,,,,,,N,3,0,1,2,A,-,10,21950,A,N,G,B,D,A,H,-,A,A,0,Y,,,,Y,,A,01,0,1,0,0,1,0,0,0,0,"- ","- ",,,"SAN FRANCISCO","SAN FRANCISCO",-122.42943572998047,37.792201995849609
8981915,2019,2019-12-10,3801,2019-10-17,2142,1182,CENTR,4,5,7,3801,0,0,0,,0,"SECT 1","CALIFORNIA ST","JONES ST",0.00,,Y,A,-,N,,,,,,,,,,N,3,0,1,2,A,-,10,21950,A,N,G,B,B,A,H,-,C,A,0,Y,,,,Y,,A,01,0,1,0,0,1,0,0,0,0,"- ","- ",,,"SAN FRANCISCO","SAN FRANCISCO",-122.41410827636719,37.791419982910156
8981923,2019,2019-11-25,3801,2019-10-22,1031,1478,NORTH,2,5,7,3801,0,0,0,,0,0E1,"DIVISADERO ST","PAGE ST",18.00,N,N,A,-,N,,,,,,,,,,N,3,0,1,2,A,-,11,21453,D,N,-,B,D,A,H,-,A,A,0,Y,,,,Y,,N,60,0,1,0,0,1,0,0,0,0,"- ","- ",,,"SAN FRANCISCO","SAN FRANCISCO",-122.43724060058594,37.772258758544922
8981926,2019,2019-11-26,3801,2019-10-25,1758,2443,BAYVI,5,5,7,3801,0,0,0,,0,3C13D,"3RD ST","KIRKWOOD AV",0.00,,Y,A,-,N,,,,,,,,,,N,3,0,2,2,A,-,11,21456,C,N,G,B,B,A,H,-,A,A,0,Y,Y,,,Y,,N,60,0,1,1,0,1,0,1,0,0,"- ","- ",,,"SAN FRANCISCO","SAN FRANCISCO",-122.38967895507812,37.737998962402344
8981927,2019,2019-11-25,3801,2019-10-17,1438,982,CENTR,4,5,7,3801,0,0,0,,0,3A11C,"CALIFORNIA ST","LARKIN ST",0.00,,Y,A,-,N,,,,,,,,,,N,4,0,1,2,A,-,10,21950,A,N,G,B,B,A,H,-,A,A,0,Y,,,,Y,,A,01,0,0,1,0,1,0,0,0,0,"- ","- ",,,"SAN FRANCISCO","SAN FRANCISCO",-122.41903686523438,37.790790557861328
8981928,2019,2019-11-20,3801,2019-10-29,0642,893,INGLE,2,5,7,3801,0,0,0,,0,3H13A,"JUSTIN DR","ALEMANY BL",0.00,,Y,A,-,N,,,,,,,,,,N,4,0,1,2,A,-,10,21950,A,N,G,B,B,A,H,-,C,A,0,Y,,,,Y,Y,A,01,0,0,1,0,1,0,0,0,0,"- ","- ",,,"SAN FRANCISCO","SAN FRANCISCO",-122.42595672607422,37.731800079345703
8981932,2019,2019-11-20,3801,2019-10-28,1945,A24001,MISSI,1,5,7,3801,0,0,0,,0,3D41D,"MISSION ST","15TH ST",0.00,,Y,A,-,N,,,,,,,,,,Y,4,0,1,2,A,-,11,21453,D,N,D,B,B,A,H,-,C,A,0,Y,,,,Y,,N,60,0,0,1,0,1,0,0,0,0,"- ","- ",,,"SAN FRANCISCO","SAN FRANCISCO",-122.41982269287109,37.766670227050781
8981933,2019,2019-11-25,3801,2019-10-21,1738,892,SOUTH,1,5,7,3801,0,0,0,,0,3B11D,"THE EMBARCADERO","HARRISON ST",7.00,W,N,A,-,N,,,,,,,,,,N,4,0,1,2,A,-,10,21950,A,N,G,B,B,A,H,-,B,A,0,Y,,,,Y,,A,01,0,0,1,0,1,0,0,0,0,"- ","- ",,,"SAN FRANCISCO","SAN FRANCISCO",-122.38862609863281,37.789516448974609
8981937,2019,2019-11-25,3801,2019-10-21,0857,1463,PARK,1,5,7,3801,0,0,0,,0,0F3,"MASONIC AV","HAYES ST",0.00,,Y,A,-,N,,,,,,,,,,N,2,0,1,2,D,-,00,,,N,G,B,B,A,H,-,A,A,0,Y,,,,Y,,-,"- ",1,0,0,0,1,0,0,0,0,"- ","- ",,,"SAN FRANCISCO","SAN FRANCISCO",-122.44611358642578,37.773941040039062
8981938,2019,2019-11-26,3801,2019-10-25,1500,1118,MISSI,5,5,7,3801,0,0,0,,0,3D13C,"VALENCIA ST","16TH ST",181.00,N,N,A,-,N,,,,,,,,,,N,3,0,2,2,A,-,11,21950,B,N,G,B,D,A,H,-,A,D,0,Y,Y,,,Y,,N,60,0,2,0,0,1,0,1,0,0,"- ","- ",,,"SAN FRANCISCO","SAN FRANCISCO",-122.42192840576172,37.765407562255859
8981940,2019,2019-11-20,3801,2019-10-27,1035,298,PARK,7,5,7,3801,0,0,0,,0,3F13A,"CARL ST","STANYAN ST",23.00,E,N,A,-,N,,,,,,,,,,N,3,0,1,2,A,-,10,21950,A,N,-,B,B,A,H,-,A,A,0,Y,,,,Y,,A,01,0,1,0,0,1,0,0,0,0,"- ","- ",,,"SAN FRANCISCO","SAN FRANCISCO",-122.45267486572266,37.765430450439453
8981945,2019,2019-11-25,3801,2019-10-30,0721,195,NORTH,3,5,7,3801,0,0,0,,0,3E4A,"BUSH ST","PIERCE ST",0.00,,Y,A,-,N,,,,,,,,,,N,4,0,1,2,A,-,10,21950,A,N,G,B,B,A,H,-,A,A,0,Y,,,,Y,,A,01,0,0,1,0,1,0,0,0,0,"- ","- ",,,"SAN FRANCISCO","SAN FRANCISCO",-122.43675231933594,37.786609649658203
8981946,2019,2019-11-26,3801,2019-10-25,0902,2488,MISSI,5,5,7,3801,0,0,0,,0,3D60,"SUTTER ST","GRANT AV",0.00,,Y,A,-,N,,,,,,,,,,N,4,0,1,2,A,-,03,22350,,F,G,B,E,A,H,-,A,D,0,Y,,,,Y,,-,,0,0,1,0,1,0,0,0,0,"- ","- ",,,"SAN FRANCISCO","SAN FRANCISCO",-122.40538787841797,37.789638519287109
8981947,2019,2019-11-21,3801,2019-10-01,1912,1849,TENDE,2,5,7,3801,0,0,0,,0,,"ELLIS ST","LARKIN ST",0.00,,Y,A,-,N,,,,,,,,,,,4,0,1,2,A,-,11,21955,,F,G,B,D,A,H,-,C,D,0,Y,,,,Y,,N,60,0,0,1,0,1,0,0,0,0,"- ","- ",,,"SAN FRANCISCO","SAN FRANCISCO",-122.41771697998047,37.784248352050781
8981948,2019,2019-11-20,3801,2019-10-30,0921,1347,SOUTH,3,5,7,3801,0,0,0,,0,3B60,"KING ST","3RD ST",417.00,E,N,A,-,N,,,,,,,,,,N,2,0,2,2,A,-,10,21950,,N,G,B,B,A,H,-,A,A,0,Y,,,,Y,,M,94,1,0,1,0,1,0,0,0,0,"- ","- ",,,"SAN FRANCISCO","SAN FRANCISCO",-122.39091491699219,37.778999328613281
8981951,2019,2019-11-21,3801,2019-10-01,1530,172,RICHM,2,5,7,3801,0,0,0,,0,3G2D,"GEARY BL","BAKER ST",270.00,W,N,A,-,N,,,,,,,,,,N,2,0,1,2,A,-,03,22350,,F,G,B,E,A,D,-,A,D,0,Y,,,,Y,,M,96,1,0,0,0,1,0,0,0,0,"- ","- ",,,"SAN FRANCISCO","SAN FRANCISCO",-122.44373321533203,37.782829284667969
8981963,2019,2019-11-21,3801,2019-10-01,1315,2435,SOUTH,2,5,7,3801,0,0,0,,0,005,"4TH ST","BERRY ST",0.00,,Y,A,-,N,,,,,,,,,,Y,2,0,1,2,A,-,12,21453,A,F,D,B,B,A,H,-,A,A,0,Y,,,,Y,,-,,1,0,0,0,1,0,0,0,0,"- ","- ",,,"SAN FRANCISCO","SAN FRANCISCO",-122.39334106445312,37.775779724121094
8981965,2019,2019-11-25,3801,2019-10-22,0725,2374,INGLE,2,5,7,3801,0,0,0,,0,3H15A,"GENEVA AV","CAYUGA AV",0.00,,Y,A,-,N,,,,,,,,,,Y,2,0,5,6,A,-,12,21453,A,N,D,C,F,A,H,-,A,A,0,Y,,,,Y,,A,01,1,4,0,0,4,0,0,0,0,"- ","- ",,,"SAN FRANCISCO","SAN FRANCISCO",-122.44367980957031,37.718921661376953
8981970,2019,2020-01-27,3801,2019-10-24,1727,1352,SOUTH,4,5,7,3801,0,0,0,,0,3B13D,"4TH ST","MISSION ST",0.00,,Y,A,-,N,,,,,,,,,,N,3,0,1,2,A,-,11,21954,A,N,B,B,D,A,H,-,A,A,0,Y,,,,Y,,N,60,0,1,0,0,1,0,0,0,0,"- ","- ",,,"SAN FRANCISCO","SAN FRANCISCO",-122.40425872802734,37.784519195556641
8981972,2019,2019-11-20,3801,2019-10-02,1926,283,MISSI,3,5,7,3801,0,0,0,,0,0D1,"DIAMOND ST","18TH ST",0.00,,Y,A,-,N,,,,,,,,,,,4,0,1,2,A,-,10,21950,A,N,G,B,B,A,H,-,C,A,0,Y,,,,Y,,A,01,0,0,1,0,1,0,0,0,0,"- ","- ",,,"SAN FRANCISCO","SAN FRANCISCO",-122.43718719482422,37.760738372802734
8981974,2019,2019-11-26,3801,2019-10-24,1638,1644,TEND,4,5,7,3801,0,0,0,,0,3J15D,"ELLIS ST","JONES ST",0.00,,Y,A,-,N,,,,,,,,,,N,3,0,1,2,A,-,10,21950,A,F,G,B,B,A,H,-,A,A,0,Y,,,,Y,,-,,0,1,0,0,1,0,0,0,0,"- ","- ",,,"SAN FRANCISCO","SAN FRANCISCO",-122.41278076171875,37.784900665283203
8981977,2019,2019-11-25,3801,2019-10-21,1342,1920,SOUTH,1,5,7,3801,0,0,0,,0,3B14C,"OTIS ST","MISSION ST",150.00,S,N,A,-,N,,,,,,,,,,N,3,0,1,2,A,-,05,21650,1,F,A,B,D,A,H,-,A,D,0,Y,Y,,,Y,,L,04,0,1,0,0,1,0,0,0,0,"- ","- ",,,"SAN FRANCISCO","SAN FRANCISCO",-122.41900634765625,37.7728271484375
8981981,2019,2020-01-03,3801,2019-10-21,1106,1609,RICHM,1,5,7,3801,0,0,0,,0,3G44B,"GEARY BL","21ST AV",0.00,,Y,A,-,N,,,,,,,,,,N,3,0,1,2,A,-,10,21950,A,N,G,B,B,A,H,-,A,A,0,Y,,,,Y,,A,01,0,1,0,0,1,0,0,0,0,"- ","- ",,,"SAN FRANCISCO","SAN FRANCISCO",-122.48045349121094,37.780338287353516
8981984,2019,2019-11-20,3801,2019-10-02,0937,1116,MISSI,3,5,7,3801,0,0,0,,0,3D16A,"23RD ST","UTAH ST",116.00,E,N,A,-,N,,,,,,,,,,N,4,0,1,2,A,-,10,21950,A,N,G,B,C,A,H,-,A,D,0,Y,,,,Y,,A,01,0,0,1,0,1,0,0,0,0,"- ","- ",,,"SAN FRANCISCO","SAN FRANCISCO",-122.40505981445312,37.754379272460938
8981993,2019,2019-11-25,3801,2019-10-07,0805,120,TRAFF,1,5,7,3801,0,0,0,,0,4B5C,"VALLEJO ST","COLUMBUS AV",0.00,,Y,A,-,N,,,,,,,,,,N,4,0,1,2,A,-,10,21950,A,N,G,B,B,A,H,-,A,A,0,Y,,,,Y,,A,01,0,0,1,0,1,0,0,0,0,"- ","- ",,,"SAN FRANCISCO","SAN FRANCISCO",-122.40789031982422,37.798721313476562
8981994,2019,2019-11-26,3801,2019-10-28,0900,2065,NORTH,1,5,7,3801,0,0,0,,0,3E13A,"POST ST","DIVISADERO ST",0.00,,Y,A,-,N,,,,,,,,,,N,4,0,1,2,A,-,10,21950,A,N,A,B,B,A,H,-,A,A,0,Y,,,,Y,,-,"- ",0,0,1,0,1,0,0,0,0,"- ","- ",,,"SAN FRANCISCO","SAN FRANCISCO",-122.43966674804688,37.784309387207031
8982117,2019,2019-11-22,3801,2019-10-11,1620,1075,CENTR,5,5,7,3801,0,0,0,,0,,"FREMONT ST","MISSION ST",108.00,N,N,A,-,N,,,,,,,,,,N,4,0,1,2,A,-,11,21955,,N,G,B,D,A,H,-,A,D,0,Y,,,,Y,,N,60,0,0,1,0,1,0,0,0,0,"- ","- ",,,"SAN FRANCISCO","SAN FRANCISCO",-122.39696502685547,37.790672302246094
8982140,2019,2019-11-21,3801,2019-10-22,1856,2161,MISSI,2,5,7,3801,0,0,0,,0,3D11D,"16TH ST","CALEDONIA ST",42.00,W,N,A,-,N,,,,,,,,,,Y,3,0,1,2,A,-,11,21954,A,N,G,B,D,A,H,-,C,-,0,Y,,,,Y,,N,60,0,1,0,0,1,0,0,0,0,"- ","- ",,,"SAN FRANCISCO","SAN FRANCISCO",-122.42149353027344,37.764930725097656
8985969,2019,2020-03-02,3801,2019-11-26,1945,2107,NORTH,2,5,7,3801,0,0,0,,0,3E13D,"VAN NESS AV","MCALLISTER ST",0.00,,Y,C,-,Y,SF,4,101,-,T,5.198,I,5,S,N,4,0,2,3,A,-,10,21950,,N,G,B,B,B,H,-,C,A,0,Y,,,,Y,,A,01,0,0,2,0,2,0,0,0,0,"- ","- ",,,"SAN FRANCISCO","SAN FRANCISCO",-122.42034912109375,37.780078887939453
8995074,2019,2020-01-23,3801,2019-11-17,0912,4259,RICHM,7,5,7,3801,0,0,0,,0,3G2A,"BUSH ST","LYON ST",0.00,,Y,A,-,N,,,,,,,,,,,4,0,1,2,A,-,10,21950,A,N,G,B,B,A,H,-,A,A,0,Y,,,,Y,,A,01,0,0,1,0,1,0,0,0,0,"- ","- ",,,"SAN FRANCISCO","SAN FRANCISCO",-122.44502258300781,37.785541534423828
8995209,2019,2020-01-16,3801,2019-11-06,1041,319,CENTA,3,5,7,3801,0,0,0,,0,3A60,"MARKET ST","3RD ST",0.00,,Y,A,-,N,,,,,,,,,,N,2,0,1,2,A,-,12,21453,A,N,B,B,D,A,H,-,A,A,0,Y,,,,Y,,I,11,1,0,0,0,1,0,0,0,0,"- ","- ",,,"SAN FRANCISCO","SAN FRANCISCO",-122.40345764160156,37.78765869140625
8995630,2019,2019-12-18,3801,2019-10-31,2104,1782,TENDE,4,5,7,3801,0,0,0,,0,3J12E,"6TH ST","JESSIE ST",0.00,,Y,A,-,N,,,,,,,,,,N,4,0,1,2,D,-,00,,,N,G,B,B,B,H,-,C,A,0,Y,,,,Y,,-,"- ",0,0,1,0,1,0,0,0,0,"- ","- ",,,"SAN FRANCISCO","SAN FRANCISCO",-122.40921020507812,37.781398773193359
90026487,2015,2015-10-19,9335,2015-08-12,1722,018688,,3,2,7,3801,0,1,1,,2,080,"I-80 E/B","2ND ST (EAST PROLONGATION)",225.00,E,N,A,-,Y,,,,,,,,,,N,3,0,1,3,A,-,21,22106,,F,G,B,E,A,H,-,A,D,0,Y,,,,Y,,A,07,0,1,0,0,1,0,0,0,0,"- ","- ",37.472769999999997,-122.2337,"SAN FRANCISCO","SAN FRANCISCO",-122.39384577,37.784114010000003
90027959,2015,2015-10-19,9335,2015-08-15,0548,020888,,6,3,7,3801,0,1,1,,2,023,"I-280 N/B","ALEMANY BLVD O/C",974.00,N,N,A,-,Y,,,280,,,,,,N,Y,1,1,0,3,A,-,11,21954,A,N,E,J,E,A,H,-,E,D,0,Y,,,,Y,,N,60,0,0,0,1,0,0,0,0,0,"- ","- ",37.73339,-122.4115,"SAN FRANCISCO","SAN FRANCISCO",-122.41152145,37.733448670000001
90064996,2015,2015-12-03,9335,2015-10-19,2245,019767,,1,3,7,3801,0,1,2,,2,013,"US 101 S/B","BAYSHORE BLVD",300.00,N,N,A,-,Y,,,,,,,,,,N,1,1,0,6,A,-,11,21954,A,N,G,B,E,A,H,-,D,D,0,Y,,,,Y,Y,N,60,0,0,0,1,0,0,0,0,0,"- ","- ",37.716799999999999,-122.3991,"SAN FRANCISCO","SAN FRANCISCO",-122.40438,37.749121500000001
90090491,2015,2016-01-07,9335,2015-12-25,0548,019581,,5,3,7,3801,0,1,1,,2,023,"I-280 N/B TO US-101 S/B","I-280 N/B TO US-101 S/B GORE PT.",168.00,N,N,A,-,Y,,,280,,,,R,,N,Y,4,0,1,2,A,-,11,21954,A,N,E,I,E,A,H,-,D,D,0,Y,,,,Y,,N,60,0,0,1,0,0,0,0,0,0,"- ","- ",37.733449999999998,-122.41101,"SAN FRANCISCO","SAN FRANCISCO",-122.41101,37.733449999999998
90097641,2015,2016-01-19,9335,2015-12-12,0153,020658,,6,3,7,3801,0,1,1,,2,022,"I-280 N/B","WHIPPLE AVENUE PEDESTRIAN OVER-CROSSING",150.00,S,N,A,-,Y,,,280,,,,,,N,Y,4,0,1,3,A,-,11,21954,A,N,E,I,E,A,H,-,D,D,0,Y,,,,Y,,N,60,0,0,1,0,0,0,0,0,0,"- ","- ",37.713070000000002,-122.45220999999999,"SAN FRANCISCO","SAN FRANCISCO",-122.45229738,37.713171209999999
90100145,2015,2016-02-02,9335,2015-12-12,0153,020888,,6,3,7,3801,0,1,1,,2,022,"I-280 N/B","WHIPPLE AVE PED O/C",230.00,S,N,A,-,Y,,,280,,,,,,N,N,1,1,0,2,A,-,11,21954,A,F,G,B,E,A,H,-,D,D,0,Y,,,,Y,,N,60,0,0,0,1,0,0,0,0,0,"- ","- ",37.713099999999997,-122.45232,"SAN FRANCISCO","SAN FRANCISCO",-122.45234557000001,37.713129610000003
90133954,2016,2016-03-10,9335,2016-03-02,0453,019007,,3,3,7,3801,0,1,1,,2,024,"I-280 N/B","CESAR CHAVEZ OFF RAMP",20.00,N,N,A,-,Y,,,280,,,,,,N,N,3,0,1,2,A,-,11,21954,A,N,G,B,D,A,H,-,C,D,0,Y,,,,Y,Y,N,60,0,1,0,0,1,0,0,0,0,"- ","- ",37.743810000000003,-122.39601,"SAN FRANCISCO","SAN FRANCISCO",-122.3960348,37.743836340000001
90171104,2016,2016-05-03,9335,2016-02-24,2254,018829,,3,3,7,3801,0,1,1,,2,023,"I-280 N/B","MISSION STREET OVERCROSSING",335.00,S,N,B,-,Y,,,280,,,,,,N,Y,1,1,0,3,A,-,11,21954,A,F,G,B,E,A,H,-,D,D,0,Y,,,,Y,,N,60,0,0,0,1,0,0,0,0,0,"- ","- ",37.732089999999999,-122.42955000000001,"SAN FRANCISCO","SAN FRANCISCO",-122.42954718999999,37.732107910000003
90182736,2016,2016-05-19,9335,2016-05-11,2040,020157,,3,2,7,3801,0,1,1,,2,080,"I-80 W/B FROM 4TH ST.","4TH ST.",2.00,W,N,A,-,Y,,,80,,,,R,,W,Y,4,0,1,2,A,-,11,21954,A,N,G,B,D,A,H,-,C,A,0,Y,,Y,,Y,,N,60,0,0,1,0,1,0,0,0,0,"- ","- ",37.780999999999999,-122.40000000000001,"SAN FRANCISCO","SAN FRANCISCO",-122.40000000000001,37.780999999999999
90187755,2016,2016-05-26,9335,2016-05-21,2148,020888,,6,2,7,3801,0,1,2,,2,015,"I-280 S/B","16TH ST U/C",100.00,N,N,B,-,Y,,,280,,,,,,S,N,3,0,1,3,A,-,11,21954,A,N,G,B,E,A,H,-,D,D,0,Y,,,,Y,Y,N,60,0,1,0,0,1,0,0,0,0,"- ","- ",37.767029999999998,-122.39549,"SAN FRANCISCO","SAN FRANCISCO",-122.39548502,37.767036220000001
90191899,2016,2016-06-01,9335,2016-03-28,0615,017806,,1,1,7,3801,0,1,1,,2,023,"I-280 S/B","N/EDGE OF ALEMANY BLVD. N/B OVERCROSSING",77.00,S,N,B,-,Y,,,280,,,,,,S,N,1,1,0,4,A,-,11,21954,A,F,G,B,E,A,H,-,D,D,0,Y,,,,Y,,N,60,0,0,0,1,0,0,0,0,0,"- ","- ",37.732480000000002,-122.4144,"SAN FRANCISCO","SAN FRANCISCO",-122.41438635999999,37.732438430000002