CASE_ID,ACCIDENT_YEAR,PROC_DATE,JURIS,COLLISION_DATE,COLLISION_TIME,OFFICER_ID,REPORTING_DISTRICT,DAY_OF_WEEK,CHP_SHIFT,POPULATION,CNTY_CITY_LOC,SPECIAL_COND,BEAT_TYPE,CHP_BEAT_TYPE,CITY_DIVISION_LAPD,CHP_BEAT_CLASS,BEAT_NUMBER,PRIMARY_RD,SECONDARY_RD,DISTANCE,DIRECTION,INTERSECTION,WEATHER_1,WEATHER_2,STATE_HWY_IND,CALTRANS_COUNTY,CALTRANS_DISTRICT,STATE_ROUTE,ROUTE_SUFFIX,POSTMILE_PREFIX,POSTMILE,LOCATION_TYPE,RAMP_INTERSECTION,SIDE_OF_HWY,TOW_AWAY,COLLISION_SEVERITY,NUMBER_KILLED,NUMBER_INJURED,PARTY_COUNT,PRIMARY_COLL_FACTOR,PCF_CODE_OF_VIOL,PCF_VIOL_CATEGORY,PCF_VIOLATION,PCF_VIOL_SUBSECTION,HIT_AND_RUN,TYPE_OF_COLLISION,MVIW,PED_ACTION,ROAD_SURFACE,ROAD_COND_1,ROAD_COND_2,LIGHTING,CONTROL_DEVICE,CHP_ROAD_TYPE,PEDESTRIAN_ACCIDENT,BICYCLE_ACCIDENT,MOTORCYCLE_ACCIDENT,TRUCK_ACCIDENT,NOT_PRIVATE_PROPERTY,ALCOHOL_INVOLVED,STWD_VEHTYPE_AT_FAULT,CHP_VEHTYPE_AT_FAULT,COUNT_SEVERE_INJ,COUNT_VISIBLE_INJ,COUNT_COMPLAINT_PAIN,COUNT_PED_KILLED,COUNT_PED_INJURED,COUNT_BICYCLIST_KILLED,COUNT_BICYCLIST_INJURED,COUNT_MC_KILLED,COUNT_MC_INJURED,PRIMARY_RAMP,SECONDARY_RAMP,LATITUDE,LONGITUDE,COUNTY,CITY,POINT_X,POINT_Y
90202255,2016,2016-06-15,9335,2016-06-06,2305,020084,,1,3,7,3801,0,1,1,,2,022,"I-280 N/B","OCEAN AVE",665.00,N,N,A,-,Y,,,280,,,,,,N,Y,4,0,1,3,A,-,08,22107,,N,C,C,E,A,H,-,D,D,0,Y,,,,Y,,D,22,0,0,1,0,1,0,0,0,0,"- ","- ",37.724850000000004,-122.44668,"SAN FRANCISCO","SAN FRANCISCO",-122.44682354,37.724933620000002
90270091,2016,2016-09-19,9335,2016-09-07,0200,018829,,3,3,7,3801,0,3,5,,2,001,"WESTBOROUGH BLVD W/B","WEST ORANGE AVENUE",1865.00,W,N,B,-,Y,,,,,,,,,,N,3,0,1,2,A,-,11,21955,,F,G,B,D,A,H,-,C,D,0,Y,,,,Y,,N,60,0,1,0,0,1,0,0,0,0,"- ","- ",37.651089999999996,-122.44136,"SAN FRANCISCO","SAN FRANCISCO",-122.44099653000001,37.651584329999999
9032974,2019,2020-02-04,3801,2019-12-18,0745,2420,TENDE,3,5,7,3801,0,0,0,,0,3J12A,"6TH ST","JESSIE ST",50.00,N,N,A,-,N,,,,,,,,,,N,4,0,1,3,A,-,06,21755,A,F,B,J,F,B,-,-,A,A,0,Y,,,,Y,,A,01,0,0,1,0,1,0,0,0,0,"- ","- ",,,"SAN FRANCISCO","SAN FRANCISCO",-122.40932464599609,37.781501770019531
9033017,2019,2020-02-04,3801,2019-12-19,1510,1052,RICHM,4,5,7,3801,0,0,0,,0,3G3C,"6TH AV","GEARY BL",7.00,W,N,A,-,N,,,,,,,,,,Y,4,0,1,4,C,-,18,,,N,E,A,-,A,D,H,A,B,0,Y,,,,Y,,-,"- ",0,0,1,0,0,0,0,0,0,"- ","- ",,,"SAN FRANCISCO","SAN FRANCISCO",-122.46428680419922,37.781089782714844
90337308,2016,2016-12-06,9350,2016-11-26,2138,020831,,6,2,7,3801,0,1,2,,2,020,"US-101 SOUTHBOUND","MERCHANT ROAD",255.00,N,N,C,-,Y,,,101,,,,,,S,N,3,0,1,2,A,-,11,21954,A,N,G,B,E,B,H,-,C,D,0,Y,,,,Y,Y,N,60,0,1,0,0,1,0,0,0,0,"- ","- ",37.807259999999999,-122.47561,"SAN FRANCISCO","SAN FRANCISCO",-122.47570398000001,37.807141559999998
9034412,2019,2020-06-24,3801,2019-12-04,0707,2325,NORTH,3,5,7,3801,0,0,0,,0,"DAY WA","OFARRELL ST","VAN NESS AV",0.00,,Y,B,C,Y,SF,4,101,-,-,5.550,I,5,N,N,4,0,1,2,A,-,10,21950,A,N,G,B,B,B,D,-,A,A,0,Y,,,,Y,,A,01,0,0,1,0,1,0,0,0,0,"- ","- ",,,"SAN FRANCISCO","SAN FRANCISCO",-122.42113494873047,37.784805297851562
9034475,2019,2020-01-28,3801,2019-12-05,1519,1318,BAYVI,4,5,7,3801,0,0,0,,0,3C72,"JERROLD AV","EARL ST",58.00,W,N,B,-,N,,,,,,,,,,N,3,0,1,2,A,-,17,21462,,F,A,B,E,A,H,-,A,A,0,Y,,,,Y,,A,01,0,1,0,0,1,0,0,0,0,"- ","- ",,,"SAN FRANCISCO","SAN FRANCISCO",-122.37275695800781,37.729351043701172
9034486,2019,2020-07-13,3801,2019-12-02,2353,4046,NORTH,1,5,7,3801,0,0,0,,0,3E12E,"VAN NESS AV","MARKET ST",66.00,N,N,C,-,Y,SF,4,101,-,T,4.880,H,-,S,N,3,0,1,2,A,-,11,21954,A,F,G,B,D,B,D,-,C,A,0,Y,,,,Y,,N,60,0,1,0,0,1,0,0,0,0,"- ","- ",,,"SAN FRANCISCO","SAN FRANCISCO",-122.41941070556641,37.775428771972656
9035522,2019,2020-02-03,3801,2019-12-05,0814,2266,INGLE,4,5,7,3801,0,0,0,,0,3H16A,"GENEVA AV","PRAGUE ST",0.00,,Y,B,-,N,,,,,,,,,,N,4,0,1,2,A,-,10,21950,A,F,G,B,B,A,H,-,A,A,0,Y,,,,Y,,-,,0,0,1,0,1,0,0,0,0,"- ","- ",,,"SAN FRANCISCO","SAN FRANCISCO",-122.43196105957031,37.712779998779297
9035523,2019,2020-02-05,3801,2019-12-12,2239,969,MISSI,4,5,7,3801,0,0,0,,0,,"18TH ST","S VAN NESS AV",0.00,,Y,A,-,N,,,,,,,,,,N,4,0,1,2,A,-,08,22107,,M,D,B,B,A,H,-,C,A,0,Y,,,,Y,,A,01,0,0,1,0,1,0,0,0,0,"- ","- ",,,"SAN FRANCISCO","SAN FRANCISCO",-122.41719818115234,37.761951446533203
9035525,2019,2020-01-30,3801,2019-12-29,2146,2196,TENDE,7,5,7,3801,0,0,0,,0,3J12E,"ELLIS ST","LARKIN ST",0.00,,Y,B,C,N,,,,,,,,,,N,4,0,1,3,A,-,10,21950,A,F,G,B,B,B,H,-,C,A,0,Y,,,,Y,,A,01,0,0,1,0,1,0,0,0,0,"- ","- ",,,"SAN FRANCISCO","SAN FRANCISCO",-122.41771697998047,37.784248352050781
9035535,2019,2020-02-05,3801,2019-12-15,0122,2459,SOUTH,7,5,7,3801,0,0,0,,0,0B3,"MISSION ST","6TH ST",334.00,W,N,A,-,N,,,,,,,,,,Y,2,0,1,3,D,-,00,,,F,B,B,-,A,H,-,C,D,0,Y,,,,Y,,-,"- ",1,0,0,0,1,0,0,0,0,"- ","- ",,,"SAN FRANCISCO","SAN FRANCISCO",-122.40950775146484,37.780326843261719
9035537,2019,2020-01-30,3801,2019-12-12,0831,198,BAYVI,4,5,7,3801,0,0,0,,0,03C,"3RD ST","BANCROFT AV",17.00,N,N,B,-,N,,,,,,,,,,N,4,0,1,2,A,-,10,21950,A,F,G,B,B,B,H,-,A,A,0,Y,,,,Y,,A,01,0,0,1,0,1,0,0,0,0,"- ","- ",,,"SAN FRANCISCO","SAN FRANCISCO",-122.39398193359375,37.726314544677734
9035538,2019,2020-02-03,3801,2019-12-10,2001,1613,MISSI,2,5,7,3801,0,0,0,,0,,"24TH ST","SANCHEZ ST",0.00,,Y,C,-,N,,,,,,,,,,N,4,0,1,2,A,-,08,22107,,N,B,B,B,B,H,-,C,D,0,Y,,,,Y,,A,01,0,0,1,0,1,0,0,0,0,"- ","- ",,,"SAN FRANCISCO","SAN FRANCISCO",-122.42962646484375,37.751571655273438
9035544,2019,2020-02-03,3801,2019-12-19,1045,2375,RICHM,4,5,7,3801,0,0,0,,0,3G60,"GEARY BL","BLAKE ST",129.00,E,N,B,-,N,,,,,,,,,,N,4,0,1,2,A,-,10,21954,B,F,G,B,E,A,H,-,A,D,0,Y,,,,Y,,A,01,0,0,1,0,1,0,0,0,0,"- ","- ",,,"SAN FRANCISCO","SAN FRANCISCO",-122.45067596435547,37.7821044921875
9035547,2019,2020-02-05,3801,2019-12-17,1714,2229,TENDE,2,5,7,3801,0,0,0,,0,3J55C,"CYRIL MAGNIN ST","MARKET ST",5.00,N,N,A,B,N,,,,,,,,,,N,3,0,1,2,A,-,11,21453,D,N,H,J,-,A,H,-,C,A,0,Y,,,,Y,,N,60,0,1,0,0,1,0,0,0,0,"- ","- ",,,"SAN FRANCISCO","SAN FRANCISCO",-122.40807342529297,37.784008026123047
9035550,2019,2020-02-03,3801,2019-12-10,1916,2161,MISSI,2,5,7,3801,0,0,0,,0,3D12D,"VALENCIA ST","20TH ST",0.00,,Y,C,-,N,,,,,,,,,,N,4,0,1,2,A,-,10,21950,A,N,G,B,B,B,H,-,C,A,0,Y,,,,Y,,A,01,0,0,1,0,1,0,0,0,0,"- ","- ",,,"SAN FRANCISCO","SAN FRANCISCO",-122.42125701904297,37.758510589599609
9035551,2019,2020-02-05,3801,2019-12-17,0811,2224,SOUTH,2,5,7,3801,0,0,0,,0,3B12A,"3RD ST","PERRY ST",0.00,,Y,A,-,N,,,,,,,,,,N,3,0,1,2,A,-,12,21453,A,N,G,B,B,A,H,-,A,A,0,Y,,,,Y,,A,01,0,1,0,0,1,0,0,0,0,"- ","- ",,,"SAN FRANCISCO","SAN FRANCISCO",-122.39688873291016,37.782138824462891
9035556,2019,2020-02-03,3801,2019-12-25,0110,488,TENDE,3,5,7,3801,0,0,0,,0,3H11E,"MARKET ST","HYDE ST",0.00,,Y,C,-,N,,,,,,,,,,N,4,0,1,2,A,-,11,21955,,F,G,B,D,B,H,-,C,A,0,Y,,,,Y,,N,60,0,0,1,0,1,0,0,0,0,"- ","- ",,,"SAN FRANCISCO","SAN FRANCISCO",-122.41475677490234,37.778709411621094
9035557,2019,2020-01-30,3801,2019-12-06,1430,1540,TARAV,5,5,7,3801,0,0,0,,0,3I11A,"16TH AV","QUINTARA ST",0.00,,Y,B,-,N,,,,,,,,,,N,3,0,2,2,A,-,11,21954,A,N,D,B,E,B,H,-,A,A,0,Y,,,,Y,,N,60,0,2,0,0,1,0,0,0,0,"- ","- ",,,"SAN FRANCISCO","SAN FRANCISCO",-122.47286987304688,37.748790740966797
9035559,2019,2020-02-05,3801,2019-12-16,1430,1875,SOUTH,1,5,7,3801,0,0,0,,0,3B13A,"8TH ST","HOWARD ST",0.00,,Y,A,-,N,,,,,,,,,,N,3,0,1,2,A,-,10,21950,A,N,G,B,B,A,H,-,A,A,0,Y,,,,Y,,A,01,0,1,0,0,1,0,0,0,0,"- ","- ",,,"SAN FRANCISCO","SAN FRANCISCO",-122.41159057617188,37.776229858398438
9035561,2019,2020-01-30,3801,2019-12-06,1205,2439,CENTR,5,5,7,3801,0,0,0,,0,3A12A,"BUSH ST","LEAVENWORTH ST",0.00,,Y,A,-,N,,,,,,,,,,N,4,0,1,2,A,-,10,21950,A,N,G,B,B,A,H,-,A,A,0,Y,,,,Y,,A,01,0,0,1,0,1,0,0,0,0,"- ","- ",,,"SAN FRANCISCO","SAN FRANCISCO",-122.41538238525391,37.789340972900391
9035567,2019,2020-02-05,3801,2019-12-15,1918,1435,TRAFF,7,5,7,3801,0,0,0,,0,4B4I,"BRYANT ST","16TH ST",100.00,N,N,A,-,N,,,,,,,,,,N,4,0,1,2,A,-,03,22350,,N,G,B,E,A,G,-,C,D,0,Y,,,,Y,,A,01,0,0,1,0,1,0,0,0,0,"- ","- ",,,"SAN FRANCISCO","SAN FRANCISCO",-122.41053771972656,37.765865325927734
9035572,2019,2020-02-03,3801,2019-12-21,2300,1660,SOUTH,6,5,7,3801,0,0,0,,0,3B13E,"BRYANT ST","7TH ST",0.00,,Y,A,-,N,,,,,,,,,,N,4,0,1,2,A,-,00,20001,A,F,G,B,C,A,H,-,C,A,0,Y,,,,Y,,A,01,0,0,1,0,1,0,0,0,0,"- ","- ",,,"SAN FRANCISCO","SAN FRANCISCO",-122.40484619140625,37.774379730224609
9035583,2019,2020-02-05,3801,2019-12-10,1906,1421,RICHM,2,5,7,3801,0,0,0,,0,3G4D,"GEARY BL","28TH AV",0.00,,Y,C,-,N,,,,,,,,,,N,4,0,1,2,A,-,10,21950,A,N,G,B,B,B,H,-,C,A,0,Y,,,,Y,,A,01,0,0,1,0,1,0,0,0,0,"- ","- ",,,"SAN FRANCISCO","SAN FRANCISCO",-122.48795318603516,37.780021667480469
9035587,2019,2020-02-05,3801,2019-12-10,1412,2234,TENDE,2,5,7,3801,0,0,0,,0,3J41A,"GOLDEN GATE AV","LARKIN ST",3.00,W,N,B,-,N,,,,,,,,,,N,4,0,1,2,A,-,21,22106,,N,G,B,B,A,H,-,A,A,0,Y,,,,Y,,A,01,0,0,1,0,1,0,0,0,0,"- ","- ",,,"SAN FRANCISCO","SAN FRANCISCO",-122.41716003417969,37.781436920166016
9035588,2019,2020-02-03,3801,2019-12-20,1827,172,RICHM,5,5,7,3801,0,0,0,,0,003,"LAKE ST","5TH AV",0.00,,Y,A,-,N,,,,,,,,,,N,4,0,1,2,A,-,10,21950,A,N,G,B,B,A,H,-,C,D,0,Y,,,,Y,,A,01,0,0,1,0,1,0,0,0,0,"- ","- ",,,"SAN FRANCISCO","SAN FRANCISCO",-122.463623046875,37.786720275878906
9035591,2019,2020-02-05,3801,2019-12-06,2337,2733,SOUTH,5,5,7,3801,0,0,0,,0,3B13E,"6TH ST","TEHAMA ST",0.00,,Y,C,-,N,,,,,,,,,,N,4,0,1,2,A,-,11,21955,,N,G,B,D,B,-,-,C,D,0,Y,,,,Y,Y,N,60,0,0,1,0,1,0,0,0,0,"- ","- ",,,"SAN FRANCISCO","SAN FRANCISCO",-122.40659332275391,37.779308319091797
9035597,2019,2020-01-30,3801,2019-12-05,1045,1490,TENDE,4,5,7,3801,0,0,0,,0,3J53A,"JONES ST","ELLIS ST",0.00,,Y,B,-,N,,,,,,,,,,N,4,0,1,2,A,-,10,21950,A,N,G,B,B,A,H,-,A,A,0,Y,,,,Y,Y,A,01,0,0,1,0,1,0,0,0,0,"- ","- ",,,"SAN FRANCISCO","SAN FRANCISCO",-122.41278076171875,37.784900665283203
9035602,2019,2020-02-05,3801,2019-12-04,2352,293,PARK,3,5,7,3801,0,0,0,,0,3F13E,"ANZA ST","COLLINS ST",0.00,,Y,A,-,N,,,,,,,,,,N,2,0,1,2,A,-,11,21954,A,N,G,B,E,B,H,-,C,D,0,Y,,,,Y,Y,N,60,1,0,0,0,1,0,0,0,0,"- ","- ",,,"SAN FRANCISCO","SAN FRANCISCO",-122.44980621337891,37.78076171875
9035603,2019,2020-02-05,3801,2019-12-15,0119,2459,SOUTH,7,5,7,3801,0,0,0,,0,0B1,"2ND ST","CLEMENTINA ST",66.00,S,N,B,-,N,,,,,,,,,,N,4,0,1,2,D,-,00,,,F,G,B,E,A,H,-,D,D,0,Y,,,,Y,Y,-,"- ",0,0,1,0,1,0,0,0,0,"- ","- ",,,"SAN FRANCISCO","SAN FRANCISCO",-122.3970947265625,37.785869598388672
9035616,2019,2020-01-31,3801,2019-12-28,1515,321,RICHM,6,5,7,3801,0,0,0,,0,G13D,"PARK PRESIDIO","CABRILLO ST",0.00,,Y,A,-,N,,,,,,,,,,N,4,0,1,2,A,-,10,21950,A,N,G,B,B,A,H,-,A,A,0,Y,,,,Y,,A,01,0,0,1,0,1,0,0,0,0,"- ","- ",,,"SAN FRANCISCO","SAN FRANCISCO",-122.47191619873047,37.775001525878906
9035619,2019,2020-02-05,3801,2019-12-27,2328,4222,INGLE,5,5,7,3801,0,0,0,,0,3H1E,"SAN JOSE AV","29TH ST",0.00,,Y,A,-,N,,,,,,,,,,N,4,0,1,2,A,-,10,21950,A,N,G,B,B,A,H,-,C,A,0,Y,,,,Y,,A,01,0,0,1,0,1,0,0,0,0,"- ","- ",,,"SAN FRANCISCO","SAN FRANCISCO",-122.42275238037109,37.743930816650391
9035623,2019,2020-02-05,3801,2019-12-21,1315,4119,TRAFF,6,5,7,3801,0,0,0,,0,4B3K,"IRVING ST","21ST AV",72.00,E,N,B,-,N,,,,,,,,,,Y,2,0,2,3,A,-,21,22106,,N,G,B,F,A,H,-,A,D,0,Y,,,,Y,,A,07,1,0,1,0,2,0,0,0,0,"- ","- ",,,"SAN FRANCISCO","SAN FRANCISCO",-122.47903442382812,37.763481140136719
9035624,2019,2020-02-27,3801,2019-12-28,0915,2453,BAYVI,6,5,7,3801,0,0,0,,0,3C12A,"3RD ST","EVANS AV",0.00,,Y,A,-,N,,,,,,,,,,Y,4,0,3,4,A,-,12,21453,A,N,B,C,-,A,H,-,A,D,0,Y,,,,Y,,A,01,0,0,3,0,1,0,0,0,0,"- ","- ",,,"SAN FRANCISCO","SAN FRANCISCO",-122.38800811767578,37.742729187011719
9035628,2019,2020-03-04,3801,2019-12-28,0423,1871,,6,5,7,3801,0,0,0,,0,901,"3RD ST","NEWCOMB AV",0.00,,Y,A,-,N,,,,,,,,,,N,3,0,1,2,A,-,12,21453,A,F,G,B,B,A,G,-,C,-,0,Y,,,,Y,,A,07,0,1,0,0,1,0,0,0,0,"- ","- ",,,"SAN FRANCISCO","SAN FRANCISCO",-122.39048767089844,37.735630035400391
9035629,2019,2020-01-30,3801,2019-12-03,1644,2161,MISSI,2,5,7,3801,0,0,0,,0,3D11D,"15TH ST","VALENCIA ST",30.00,W,N,A,-,N,,,,,,,,,,N,4,0,1,3,A,-,16,24002,A,N,H,B,E,B,H,-,A,-,0,Y,,,,Y,,A,01,0,0,1,0,1,0,0,0,0,"- ","- ",,,"SAN FRANCISCO","SAN FRANCISCO",-122.42213439941406,37.766521453857422
9035632,2019,2020-02-07,3801,2019-12-28,0200,1148,MISSI,6,5,7,3801,0,0,0,,0,3D14E,"TREAT AV","25TH ST",0.00,,Y,A,-,N,,,,,,,,,,N,4,0,1,3,A,-,00,23103,A,F,G,B,E,A,H,-,C,D,0,Y,,,,Y,,-,,0,0,1,0,1,0,0,0,0,"- ","- ",,,"SAN FRANCISCO","SAN FRANCISCO",-122.41282653808594,37.750991821289062
9035633,2019,2020-01-29,3801,2019-12-03,1325,1325,TENDE,2,5,7,3801,0,0,0,,0,TENDER,"EDDY ST","HYDE ST",0.00,,Y,C,-,N,,,,,,,,,,N,4,0,1,2,A,-,11,21955,,N,-,B,D,B,H,-,A,A,0,Y,,,,Y,,N,60,0,0,1,0,1,0,0,0,0,"- ","- ",,,"SAN FRANCISCO","SAN FRANCISCO",-122.4158935546875,37.78350830078125
9035634,2019,2020-02-05,3801,2019-12-04,1122,327,BAYVI,3,5,7,3801,0,0,0,,0,901,"EVANS AV","SELBY ST",330.00,E,N,B,-,N,,,,,,,,,,N,4,0,1,2,A,-,11,21955,,F,G,B,D,B,H,-,A,D,0,Y,,,,Y,,N,60,0,0,1,0,1,0,0,0,0,"- ","- ",,,"SAN FRANCISCO","SAN FRANCISCO",-122.39398956298828,37.746131896972656
9035639,2019,2020-02-05,3801,2019-12-27,1312,954,TARAV,5,5,7,3801,0,0,0,,0,3I13A,"9TH AV","LINCOLN WY",0.00,,Y,A,-,N,,,,,,,,,,N,3,0,1,2,A,-,10,21950,A,N,G,B,B,A,H,-,A,A,0,Y,,,,Y,,A,01,0,1,0,0,1,0,0,0,0,"- ","- ",,,"SAN FRANCISCO","SAN FRANCISCO",-122.46643829345703,37.76593017578125
9035646,2019,2020-02-05,3801,2019-12-23,1033,50,TENDE,1,5,7,3801,0,0,0,,0,004,"JONES ST","GOLDEN GATE AV",0.00,,Y,A,-,N,,,,,,,,,,N,4,0,1,3,A,-,11,21453,D,F,H,G,B,A,H,-,A,A,0,Y,Y,,,Y,,N,60,0,0,1,0,0,0,1,0,0,"- ","- ",,,"SAN FRANCISCO","SAN FRANCISCO",-122.4122314453125,37.782081604003906
9035647,2019,2020-02-05,3801,2019-12-27,0920,2348,INGLE,5,5,7,3801,0,0,0,,0,3H6A,"PRAGUE ST","POPE ST",0.00,,Y,A,-,N,,,,,,,,,,N,4,0,1,2,A,-,10,21950,A,N,G,B,D,A,H,-,A,D,0,Y,,,,Y,,A,01,0,0,1,0,1,0,0,0,0,"- ","- ",,,"SAN FRANCISCO","SAN FRANCISCO",-122.43949890136719,37.710029602050781
9035649,2019,2020-01-30,3801,2019-12-01,1845,2199,SOUTH,7,5,7,3801,0,0,0,,0,3B11D,"FOLSOM ST","SPEAR ST",0.00,,Y,B,-,N,,,,,,,,,,,4,0,2,3,A,-,10,21950,A,N,G,B,B,B,H,-,C,A,0,Y,,,,Y,,A,01,0,0,2,0,2,0,0,0,0,"- ","- ",,,"SAN FRANCISCO","SAN FRANCISCO",-122.39099884033203,37.790081024169922
9035650,2019,2020-02-05,3801,2019-12-23,0914,1956,TARAV,1,5,7,3801,0,0,0,,0,"6 CAR","24TH AV","NORIEGA ST",24.00,N,N,A,-,N,,,,,,,,,,N,4,0,1,2,A,-,10,21950,A,N,G,B,B,A,H,-,A,D,0,Y,,,,Y,,A,07,0,0,1,0,1,0,0,0,0,"- ","- ",,,"SAN FRANCISCO","SAN FRANCISCO",-122.48184204101562,37.754074096679688
9035651,2019,2020-02-05,3801,2019-12-27,0710,2140,INGLE,5,5,7,3801,0,0,0,,0,3H1A,"MISSION ST","LOWELL ST",0.00,,Y,A,-,N,,,,,,,,,,N,2,0,1,2,A,-,10,21950,A,N,G,B,B,A,H,-,A,A,0,Y,,,,Y,,A,08,1,0,0,0,1,0,0,0,0,"- ","- ",,,"SAN FRANCISCO","SAN FRANCISCO",-122.4464111328125,37.711448669433594
9035655,2019,2020-02-05,3801,2019-12-27,0625,2210,SOUTH,5,5,7,3801,0,0,0,,0,0B5,"BERRY ST","3RD ST",200.00,W,N,A,-,N,,,,,,,,,,N,4,0,1,2,A,-,21,22106,,N,G,B,D,A,H,-,C,D,0,Y,,,,Y,,D,22,0,0,1,0,1,0,0,0,0,"- ","- ",,,"SAN FRANCISCO","SAN FRANCISCO",-122.3916015625,37.777141571044922
9035656,2019,2020-01-31,3801,2019-12-07,2308,1104,MISSI,6,5,7,3801,0,0,0,,0,3D6E,"18TH ST","CHURCH ST",0.00,,Y,B,C,N,,,,,,,,,,N,4,0,1,2,A,-,10,21950,A,N,D,B,B,B,H,-,C,A,0,Y,,,,Y,,A,01,0,0,1,0,1,0,0,0,0,"- ","- ",,,"SAN FRANCISCO","SAN FRANCISCO",-122.42838287353516,37.761299133300781
9035659,2019,2020-02-05,3801,2019-12-29,1910,4305,NORTH,7,5,7,3801,0,0,0,,0,,"POLK ST","CLAY ST",0.00,,Y,C,-,N,,,,,,,,,,N,4,0,1,2,A,-,11,21955,,N,D,B,D,B,H,-,C,D,0,Y,,,,Y,,N,60,0,0,1,0,1,0,0,0,0,"- ","- ",,,"SAN FRANCISCO","SAN FRANCISCO",-122.42105102539062,37.792388916015625
9035660,2019,2020-01-31,3801,2019-12-08,2329,2008,MISSI,7,5,7,3801,0,0,0,,0,3D15D,"18TH ST","MISSION ST",0.00,,Y,B,-,N,,,,,,,,,,N,4,0,1,2,A,-,10,21950,A,F,G,B,B,B,H,-,C,A,0,Y,,,,Y,Y,A,01,0,0,1,0,1,0,0,0,0,"- ","- ",,,"SAN FRANCISCO","SAN FRANCISCO",-122.41937255859375,37.7618408203125
9035669,2019,2020-01-29,3801,2019-12-02,0100,101,INGLE,1,5,7,3801,0,0,0,,0,3H13E,"MISSION ST","TRUMBULL ST",0.00,,Y,C,-,N,,,,,,,,,,N,2,0,1,2,A,-,00,21954,,F,G,B,E,B,H,-,C,D,0,Y,,,,Y,,N,60,1,0,0,0,1,0,0,0,0,"- ","- ",,,"SAN FRANCISCO","SAN FRANCISCO",-122.42925262451172,37.730781555175781
9035670,2019,2020-02-18,3801,2019-12-16,1343,625,TENDE,1,5,7,3801,0,0,0,,0,3J55C,"TAYLOR ST","EDDY ST",127.00,S,N,A,-,N,,,,,,,,,,N,2,0,2,2,A,-,17,21235,G,F,G,B,F,A,H,-,A,-,0,Y,,,,Y,,M,94,1,0,1,0,1,0,0,0,0,"- ","- ",,,"SAN FRANCISCO","SAN FRANCISCO",-122.410888671875,37.7838134765625
9035673,2019,2020-01-29,3801,2019-12-01,2109,1150,PARK,7,5,7,3801,0,0,0,,0,3F13E,"MASONIC AV","OAK ST",0.00,,Y,B,C,N,,,,,,,,,,N,4,0,1,2,A,-,10,21950,A,N,G,B,B,B,H,-,D,A,0,Y,,,,Y,,A,07,0,0,1,0,1,0,0,0,0,"- ","- ",,,"SAN FRANCISCO","SAN FRANCISCO",-122.44574737548828,37.772079467773438
9035676,2019,2020-01-31,3801,2019-12-31,1735,1861,TARAV,2,5,7,3801,0,0,0,,0,3I11D,"PORTOLA DR","ST FRANCIS BL",50.00,N,N,A,-,N,,,,,,,,,,N,3,0,1,2,A,-,11,21453,D,N,G,B,B,A,H,-,C,A,0,Y,,,,Y,,N,60,0,1,0,0,1,0,0,0,0,"- ","- ",,,"SAN FRANCISCO","SAN FRANCISCO",-122.47140502929688,37.734855651855469
9035677,2019,2020-01-29,3801,2019-12-01,1743,717,CENTR,7,5,7,3801,0,0,0,,0,4CAR,"FRONT ST",BROADWAY,0.00,,Y,C,-,N,,,,,,,,,,N,3,0,1,2,A,-,10,21954,B,N,G,B,B,B,H,-,C,A,0,Y,,,,Y,,A,01,0,1,0,0,1,0,0,0,0,"- ","- ",,,"SAN FRANCISCO","SAN FRANCISCO",-122.39985656738281,37.798740386962891
9035688,2019,2020-01-30,3801,2019-12-04,2001,654,PARK,3,5,7,3801,0,0,0,,0,3F13D,"JOHN F KENNEDY DR","STANYAN ST",26.00,W,N,A,-,N,,,,,,,,,,N,3,0,1,2,A,-,10,21950,A,N,G,B,B,B,H,-,C,A,0,Y,,,,Y,,A,01,0,1,0,0,1,0,0,0,0,"- ","- ",,,"SAN FRANCISCO","SAN FRANCISCO",-122.45406341552734,37.771450042724609
9035690,2019,2020-01-30,3801,2019-12-14,0008,1123,NORTH,6,5,7,3801,0,0,0,,0,3E16E,"OCTAVIA ST","HAIGHT ST",0.00,,Y,A,-,N,,,,,,,,,,N,4,0,1,2,A,-,10,21950,A,N,G,B,B,B,H,-,C,A,0,Y,,,,Y,,A,01,0,0,1,0,1,0,0,0,0,"- ","- ",,,"SAN FRANCISCO","SAN FRANCISCO",-122.42392730712891,37.772960662841797
9035692,2019,2020-01-30,3801,2019-12-03,0934,405,INGLE,2,5,7,3801,0,0,0,,0,3H60,"GENEVA AV","PARIS ST",0.00,,Y,A,-,N,,,,,,,,,,N,4,0,1,2,A,-,10,21950,A,N,B,B,B,A,A,-,A,A,0,Y,,,,Y,,A,01,0,0,1,0,1,0,0,0,0,"- ","- ",,,"SAN FRANCISCO","SAN FRANCISCO",-122.43943023681641,37.715679168701172
9035694,2019,2020-01-30,3801,2019-12-13,2359,1160,SOUTH,5,5,7,3801,0,0,0,,0,00B,"FOLSOM ST","9TH ST",0.00,,Y,A,-,N,,,,,,,,,,N,4,0,1,2,A,-,10,21950,A,N,G,B,B,A,H,-,C,A,0,Y,,,,Y,,A,01,0,0,1,0,1,0,0,0,0,"- ","- ",,,"SAN FRANCISCO","SAN FRANCISCO",-122.41161346435547,37.773769378662109