CASE_ID,ACCIDENT_YEAR,PROC_DATE,JURIS,COLLISION_DATE,COLLISION_TIME,OFFICER_ID,REPORTING_DISTRICT,DAY_OF_WEEK,CHP_SHIFT,POPULATION,CNTY_CITY_LOC,SPECIAL_COND,BEAT_TYPE,CHP_BEAT_TYPE,CITY_DIVISION_LAPD,CHP_BEAT_CLASS,BEAT_NUMBER,PRIMARY_RD,SECONDARY_RD,DISTANCE,DIRECTION,INTERSECTION,WEATHER_1,WEATHER_2,STATE_HWY_IND,CALTRANS_COUNTY,CALTRANS_DISTRICT,STATE_ROUTE,ROUTE_SUFFIX,POSTMILE_PREFIX,POSTMILE,LOCATION_TYPE,RAMP_INTERSECTION,SIDE_OF_HWY,TOW_AWAY,COLLISION_SEVERITY,NUMBER_KILLED,NUMBER_INJURED,PARTY_COUNT,PRIMARY_COLL_FACTOR,PCF_CODE_OF_VIOL,PCF_VIOL_CATEGORY,PCF_VIOLATION,PCF_VIOL_SUBSECTION,HIT_AND_RUN,TYPE_OF_COLLISION,MVIW,PED_ACTION,ROAD_SURFACE,ROAD_COND_1,ROAD_COND_2,LIGHTING,CONTROL_DEVICE,CHP_ROAD_TYPE,PEDESTRIAN_ACCIDENT,BICYCLE_ACCIDENT,MOTORCYCLE_ACCIDENT,TRUCK_ACCIDENT,NOT_PRIVATE_PROPERTY,ALCOHOL_INVOLVED,STWD_VEHTYPE_AT_FAULT,CHP_VEHTYPE_AT_FAULT,COUNT_SEVERE_INJ,COUNT_VISIBLE_INJ,COUNT_COMPLAINT_PAIN,COUNT_PED_KILLED,COUNT_PED_INJURED,COUNT_BICYCLIST_KILLED,COUNT_BICYCLIST_INJURED,COUNT_MC_KILLED,COUNT_MC_INJURED,PRIMARY_RAMP,SECONDARY_RAMP,LATITUDE,LONGITUDE,COUNTY,CITY,POINT_X,POINT_Y
9035697,2019,2020-01-30,3801,2019-12-30,2037,2705,BAYVI,1,5,7,3801,0,0,0,,0,3C11D,"BAYSHORE BL","FITZGERALD AV",0.00,,Y,-,-,N,,,,,,,,,,N,3,0,1,2,A,-,11,21956,B,F,D,B,D,A,H,-,C,D,0,Y,,,,Y,Y,N,60,0,1,0,0,1,0,0,0,0,"- ","- ",,,"SAN FRANCISCO","SAN FRANCISCO",-122.40190124511719,37.726921081542969
9035702,2019,2020-01-30,3801,2019-12-13,1813,2241,MISSI,5,5,7,3801,0,0,0,,0,3D114,"MISSION ST","15TH ST",8.00,S,N,C,-,N,,,,,,,,,,N,3,0,1,2,A,-,10,21950,A,N,G,B,B,B,H,-,C,A,0,Y,,,,Y,,A,01,0,1,0,0,1,0,0,0,0,"- ","- ",,,"SAN FRANCISCO","SAN FRANCISCO",-122.41981506347656,37.766647338867188
9035703,2019,2020-01-29,3801,2019-12-15,1721,624,NORTH,7,5,7,3801,0,0,0,,0,001,"STEINER ST","PAGE ST",0.00,,Y,A,-,N,,,,,,,,,,N,2,0,1,2,A,-,10,21950,A,F,G,B,B,A,H,-,C,A,0,Y,,,,Y,,-,,1,0,0,0,1,0,0,0,0,"- ","- ",,,"SAN FRANCISCO","SAN FRANCISCO",-122.43228149414062,37.772830963134766
9035704,2019,2020-01-30,3801,2019-12-11,1724,2716,PARK,3,5,7,3801,0,0,0,,0,3F13D,"FULTON ST","CLAYTON ST",0.00,,Y,F,-,N,,,,,,,,,,N,2,0,1,2,A,-,10,21950,A,N,G,B,B,B,H,-,C,D,0,Y,,,,Y,,A,07,1,0,0,0,1,0,0,0,0,"- ","- ",,,"SAN FRANCISCO","SAN FRANCISCO",-122.44972229003906,37.775390625
9035708,2019,2020-01-30,3801,2019-12-11,1717,2188,INGLE,3,5,7,3801,0,0,0,,0,3H16D,"ALEMANY BL","SANTA ROSA AV",0.00,,Y,C,-,N,,,,,,,,,,N,3,0,1,2,A,-,10,21950,A,F,G,B,B,B,H,-,C,A,0,Y,,,,Y,,-,,0,1,0,0,1,0,0,0,0,"- ","- ",,,"SAN FRANCISCO","SAN FRANCISCO",-122.43605804443359,37.726760864257812
9035710,2019,2020-01-30,3801,2019-12-13,1710,312,TARAV,5,5,7,3801,0,0,0,,0,"1 CAR","14TH AV","TARAVAL ST",0.00,,Y,B,C,N,,,,,,,,,,N,4,0,1,2,A,-,10,21950,A,N,G,B,B,B,H,-,A,A,0,Y,,,,Y,,A,01,0,0,1,0,1,0,0,0,0,"- ","- ",,,"SAN FRANCISCO","SAN FRANCISCO",-122.47023010253906,37.743289947509766
9035711,2019,2020-01-29,3801,2019-12-15,1336,2375,RICHM,7,5,7,3801,0,0,0,,0,3G60,"PALM AV","EUCLID AV",8.00,S,N,A,-,N,,,,,,,,,,N,3,0,1,2,A,-,10,21950,A,N,G,B,B,A,H,-,-,A,0,Y,,,,Y,,A,01,0,1,0,0,1,0,0,0,0,"- ","- ",,,"SAN FRANCISCO","SAN FRANCISCO",-122.45791625976562,37.783836364746094
9035714,2019,2020-01-30,3801,2019-12-13,1413,2315,INGLE,5,5,7,3801,0,0,0,,0,3H15C,"MISSION ST","LEO ST",45.00,S,N,B,-,N,,,,,,,,,,N,4,0,1,2,A,-,05,21460,,F,G,B,D,A,H,-,A,D,0,Y,,,,Y,,A,01,0,0,1,0,1,0,0,0,0,"- ","- ",,,"SAN FRANCISCO","SAN FRANCISCO",-122.43659210205078,37.722354888916016
9035729,2019,2020-02-06,3801,2019-12-11,2014,2489,SOUTH,3,5,7,3801,0,0,0,,0,3B12D,"HARRISON ST","5TH ST",36.00,W,N,C,-,N,,,,,,,,,,N,4,0,1,2,A,-,00,20002,,M,G,B,D,B,H,-,C,-,0,Y,,,,Y,,-,,0,0,1,0,1,0,0,0,0,"- ","- ",,,"SAN FRANCISCO","SAN FRANCISCO",-122.40195465087891,37.778987884521484
9035730,2019,2020-01-30,3801,2019-12-13,0730,1263,BAYVI,5,5,7,3801,0,0,0,,0,03C,"3RD ST","MCKINNON AV",0.00,,Y,-,-,N,,,,,,,,,,N,4,0,1,2,A,-,10,21950,A,F,G,B,B,B,H,-,A,A,0,Y,,,,Y,,A,01,0,0,1,0,1,0,0,0,0,"- ","- ",,,"SAN FRANCISCO","SAN FRANCISCO",-122.39021301269531,37.736419677734375
9035734,2019,2020-01-30,3801,2019-12-11,1735,1858,BAYVI,3,5,7,3801,0,0,0,,0,3G12D,"SILVER AV","PALOU AV",0.00,,Y,C,-,N,,,,,,,,,,N,4,0,1,2,A,-,11,21950,B,N,D,B,D,B,H,-,C,A,0,Y,,,,Y,,N,60,0,0,1,0,1,0,0,0,0,"- ","- ",,,"SAN FRANCISCO","SAN FRANCISCO",-122.39650726318359,37.737209320068359
9035736,2019,2020-02-07,3801,2019-12-06,2341,1023,CENTR,5,5,7,3801,0,0,0,,0,03A,"MASON ST","SUTTER ST",0.00,,Y,C,-,N,,,,,,,,,,N,4,0,1,2,A,-,10,21950,A,N,-,B,B,B,H,-,C,A,0,Y,,,,Y,,A,01,0,0,1,0,1,0,0,0,0,"- ","- ",,,"SAN FRANCISCO","SAN FRANCISCO",-122.41021728515625,37.789009094238281
9035737,2019,2020-02-06,3801,2019-12-14,2350,1472,SOUTH,6,5,7,3801,0,0,0,,0,3B12E,"5TH ST","MISSION ST",0.00,,Y,A,-,N,,,,,,,,,,N,4,0,1,2,A,-,08,22101,D,N,G,B,B,A,H,-,C,A,0,Y,,,,Y,,A,01,0,0,1,0,1,0,0,0,0,"- ","- ",,,"SAN FRANCISCO","SAN FRANCISCO",-122.40648651123047,37.782741546630859
9035738,2019,2020-01-30,3801,2019-12-10,2100,308,RICHM,2,5,7,3801,0,0,0,,0,3G2E,"PRESIDIO AV","BUSH ST",0.00,,Y,B,C,N,,,,,,,,,,N,3,0,1,2,A,-,10,21950,A,N,D,B,B,B,H,-,C,A,0,Y,,,,Y,,A,01,0,1,0,0,1,0,0,0,0,"- ","- ",,,"SAN FRANCISCO","SAN FRANCISCO",-122.44641876220703,37.785369873046875
9035740,2019,2020-01-30,3801,2019-12-18,1900,2058,CENTR,3,5,7,3801,0,0,0,,0,001,"SACRAMENTO ST","MASON ST",0.00,,Y,C,-,N,,,,,,,,,,N,4,0,1,2,A,-,10,21950,A,N,G,B,B,B,H,-,C,D,0,Y,,,,Y,,A,01,0,0,1,0,1,0,0,0,0,"- ","- ",,,"SAN FRANCISCO","SAN FRANCISCO",-122.41098785400391,37.792758941650391
9035746,2019,2020-01-30,3801,2019-12-11,1945,2200,NORTH,3,5,7,3801,0,0,0,,0,006,"GOUGH ST","BROADWAY ST",0.00,,Y,C,-,N,,,,,,,,,,N,4,0,1,2,A,-,10,21950,A,N,G,B,B,B,H,-,C,A,0,Y,,,,Y,,A,01,0,0,1,0,1,0,0,0,0,"- ","- ",,,"SAN FRANCISCO","SAN FRANCISCO",-122.42669677734375,37.795318603515625
9035752,2019,2020-01-30,3801,2019-12-18,1333,392,MISSI,3,5,7,3801,0,0,0,,0,3D14A,"POTRERO AV","24TH ST",7.00,S,N,C,-,N,,,,,,,,,,N,4,0,1,2,A,-,11,21954,A,N,G,B,D,B,-,-,A,A,0,Y,,,,Y,,N,60,0,0,1,0,1,0,0,0,0,"- ","- ",,,"SAN FRANCISCO","SAN FRANCISCO",-122.40631866455078,37.752971649169922
9035753,2019,2020-01-30,3801,2019-12-14,1230,2375,RICHM,6,5,7,3801,0,0,0,,0,3G60,"JOHN F KENNEDY DR","BERNICE RODGERS WY",168.00,N,N,A,-,N,,,,,,,,,,N,3,0,1,2,A,-,10,21954,B,N,H,B,D,A,H,-,A,D,0,Y,Y,,,Y,,L,04,0,1,0,0,0,0,1,0,0,"- ","- ",,,"SAN FRANCISCO","SAN FRANCISCO",-122.5057373046875,37.766803741455078
9035756,2019,2020-01-30,3801,2019-12-18,0915,2046,NORTH,3,5,7,3801,0,0,0,,0,3E4A,"FRANKLIN ST","BUSH ST",5.00,N,N,B,C,N,,,,,,,,,,N,4,0,1,2,A,-,10,21950,A,N,G,B,B,B,C,-,A,A,0,Y,,,,Y,,A,01,0,0,1,0,1,0,0,0,0,"- ","- ",,,"SAN FRANCISCO","SAN FRANCISCO",-122.423583984375,37.788291931152344
9035759,2019,2020-01-29,3801,2019-12-06,2200,882,TENDE,5,5,7,3801,0,0,0,,0,03E,"GEARY ST","WEBSTER ST",0.00,,Y,C,-,N,,,,,,,,,,N,3,0,1,2,A,-,10,21950,A,N,G,B,B,B,H,-,C,A,0,Y,,,,Y,,A,07,0,1,0,0,1,0,0,0,0,"- ","- ",,,"SAN FRANCISCO","SAN FRANCISCO",-122.43129730224609,37.78472900390625
9035765,2019,2020-03-02,3801,2019-12-17,2146,2030,TARAV,2,5,7,3801,0,0,0,,0,001,"LINCOLN WY","11TH AV",0.00,,Y,A,-,N,,,,,,,,,,N,3,0,1,2,A,-,10,21950,A,N,G,B,B,B,H,-,C,D,0,Y,,,,Y,,A,01,0,1,0,0,1,0,0,0,0,"- ","- ",,,"SAN FRANCISCO","SAN FRANCISCO",-122.46858215332031,37.765830993652344
9035773,2019,2020-01-29,3801,2019-12-26,2045,2732,CENTR,4,5,7,3801,0,0,0,,0,3A11E,"POST ST","LARKIN ST",0.00,,Y,A,-,N,,,,,,,,,,N,4,0,1,2,A,-,10,21950,A,N,G,B,B,A,H,-,C,A,0,Y,,,,Y,,A,01,0,0,1,0,1,0,0,0,0,"- ","- ",,,"SAN FRANCISCO","SAN FRANCISCO",-122.41826629638672,37.787040710449219
9035781,2019,2020-01-29,3801,2019-12-26,1720,2355,TARAV,4,5,7,3801,0,0,0,,0,0I2,"VICENTE ST","SUNSET BL",0.00,,Y,A,-,N,,,,,,,,,,N,2,0,1,2,A,-,03,22350,,N,-,B,B,A,H,-,B,A,0,Y,,,,Y,,A,01,1,0,0,0,1,0,0,0,0,"- ","- ",,,"SAN FRANCISCO","SAN FRANCISCO",-122.49427032470703,37.738498687744141
9035785,2019,2020-01-29,3801,2019-12-26,1602,2228,CENTR,4,5,7,3801,0,0,0,,0,3A12D,"SUTTER ST","GRANT AV",0.00,,Y,A,-,N,,,,,,,,,,N,3,0,1,2,A,-,11,21806,C,N,G,B,B,A,H,-,A,A,0,Y,,,,Y,,N,60,0,1,0,0,1,0,0,0,0,"- ","- ",,,"SAN FRANCISCO","SAN FRANCISCO",-122.40538787841797,37.789638519287109
9035789,2019,2020-01-29,3801,2019-12-26,1223,670,INGLE,4,5,7,3801,0,0,0,,0,3H16C,"MISSION ST","ONONDAGA AV",0.00,,N,A,-,N,,,,,,,,,,N,2,0,1,2,A,-,11,21955,,N,G,B,D,A,H,-,A,D,0,Y,,,,Y,Y,N,60,1,0,0,0,1,0,0,0,0,"- ","- ",,,"SAN FRANCISCO","SAN FRANCISCO",-122.4375,37.721149444580078
9035813,2019,2020-01-29,3801,2019-12-19,1725,781,TARAV,4,5,7,3801,0,0,0,,0,0I2,"KIRKHAM ST","29TH AV",0.00,,Y,B,-,N,,,,,,,,,,N,2,0,1,2,A,-,03,22350,,N,G,B,B,A,H,-,C,A,0,Y,,,,Y,,A,01,1,0,0,0,1,0,0,0,0,"- ","- ",,,"SAN FRANCISCO","SAN FRANCISCO",-122.48757171630859,37.759361267089844
9035837,2019,2020-01-29,3801,2019-12-16,1805,936,CENTR,1,5,7,3801,0,0,0,,0,3A13D,"GEARY ST","LEAVENWORTH ST",7.00,W,N,A,-,N,,,,,,,,,,N,2,0,1,2,A,-,08,22107,,N,-,B,D,A,H,-,C,A,0,Y,,,,Y,,A,07,1,0,0,0,1,0,0,0,0,"- ","- ",,,"SAN FRANCISCO","SAN FRANCISCO",-122.41482543945312,37.786537170410156
9035958,2019,2020-01-28,3801,2019-12-19,1850,1836,TARAV,4,5,7,3801,0,0,0,,0,3I15D,"TARAVAL ST","18TH ST",0.00,,Y,A,-,N,,,,,,,,,,N,4,0,1,2,A,-,10,21950,A,N,G,B,B,A,H,-,C,A,0,Y,,,,Y,,A,01,0,0,1,0,1,0,0,0,0,"- ","- ",,,"SAN FRANCISCO","SAN FRANCISCO",-122.47463226318359,37.743099212646484
9035991,2019,2020-01-29,3801,2019-12-15,2000,1372,INGLE,7,5,7,3801,0,0,0,,0,3G13E,"CAYUGA AV","TINGLEY ST",0.00,,Y,A,-,N,,,,,,,,,,N,4,0,1,2,A,-,10,21950,A,F,G,B,B,A,H,-,C,D,0,Y,,,,Y,Y,A,01,0,0,1,0,1,0,0,0,0,"- ","- ",,,"SAN FRANCISCO","SAN FRANCISCO",-122.4346923828125,37.729881286621094
9036283,2019,2020-01-28,3801,2019-11-18,1715,1575,BAYVI,1,5,7,3801,0,0,0,,0,901,"REVERE AV","KEITH ST",0.00,,Y,A,-,N,,,,,,,,,,N,4,0,1,2,A,-,12,22450,A,F,G,B,B,A,H,-,B,D,0,Y,,,,Y,,A,01,0,0,1,0,1,0,0,0,0,"- ","- ",,,"SAN FRANCISCO","SAN FRANCISCO",-122.38829040527344,37.730621337890625
9037628,2019,2020-02-12,3801,2019-12-18,1824,182,BAYVI,3,5,7,3801,0,0,0,,0,901,"BRYANT ST","HARRIET ST",0.00,,Y,C,-,N,,,,,,,,,,N,4,0,1,2,A,-,10,21950,A,N,G,B,B,B,H,-,C,D,0,Y,,,,Y,,J,48,0,0,1,0,1,0,0,0,0,"- ","- ",,,"SAN FRANCISCO","SAN FRANCISCO",-122.40305328369141,37.775619506835938
90376484,2017,2017-02-16,9335,2017-01-11,1950,017150,,3,2,7,3801,0,1,1,,1,081,"I-80 W/B","SPEAR ST",2150.00,E,N,B,C,Y,,,80,,,,,,W,Y,2,0,3,7,A,-,03,22350,,N,C,C,E,B,H,-,C,D,0,Y,,,,Y,,A,01,1,0,2,0,1,0,0,0,0,"- ","- ",37.792380000000001,-122.38418,"SAN FRANCISCO","SAN FRANCISCO",-122.38403069,37.792237669999999
9040195,2019,2020-02-11,3801,2019-08-26,1249,4118,NORTH,1,5,7,3801,0,0,0,,0,901,"OAK ST","SCOTT ST",0.00,,Y,A,-,N,,,,,,,,,,Y,3,0,1,2,A,-,08,22107,,F,B,B,E,A,H,-,A,-,0,Y,,,,Y,,-,,0,1,0,0,1,0,0,0,0,"- ","- ",,,"SAN FRANCISCO","SAN FRANCISCO",-122.43576812744141,37.773330688476562
9040219,2019,2020-03-04,3801,2019-08-13,1617,4335,NORTH,2,5,7,3801,0,0,0,,0,901,"FILLMORE ST","TURK ST",50.00,S,N,A,-,N,,,,,,,,,,N,4,0,1,2,A,-,11,21954,A,F,B,B,D,A,H,-,A,D,0,Y,,,,Y,Y,N,60,0,0,1,0,1,0,0,0,0,"- ","- ",,,"SAN FRANCISCO","SAN FRANCISCO",-122.43210601806641,37.780353546142578
90409704,2017,2017-03-10,9335,2017-02-28,2122,020889,,2,2,7,3801,0,1,1,,2,022,"I-280 S/B","GENEVA AVE. OVER CROSSING",12.00,S,N,A,-,Y,,,280,,,,,,S,Y,2,0,5,4,A,-,03,22350,,N,C,C,E,A,H,-,D,D,0,Y,,,,Y,,A,01,1,1,3,0,1,0,0,0,0,"- ","- ",37.721220000000002,-122.44834,"SAN FRANCISCO","SAN FRANCISCO",-122.44823586,37.721209590000001
90437771,2016,2017-04-19,9335,2016-10-13,0518,016118,,4,3,7,3801,0,1,1,,2,080,"I-80 W/B TO U.S. 101 N/B","U.S. 101 NORTHBOUND",512.00,E,N,B,-,Y,,,80,,,,R,,W,Y,1,1,0,2,A,-,11,21954,A,N,G,B,E,A,H,-,D,D,0,Y,,,,Y,,N,60,0,0,0,1,0,0,0,0,0,"- ","- ",37.769060000000003,-122.40848,"SAN FRANCISCO","SAN FRANCISCO",-122.40848,37.769060000000003
90462216,2017,2017-05-23,9335,2017-05-01,0327,020888,,1,3,7,3801,0,1,2,,2,015,"US-101 S/B FROM MARKET ST","MARKET ST",100.00,S,N,A,-,Y,,,101,,,,R,,S,N,1,1,1,2,A,-,11,21954,A,F,G,B,E,A,H,-,C,A,0,Y,,,,Y,,N,60,0,1,0,1,0,0,0,0,0,"- ","- ",37.771529999999998,-122.42325,"SAN FRANCISCO","SAN FRANCISCO",-122.42325,37.771529999999998
90469229,2017,2017-06-01,9335,2017-05-12,1900,019631,,5,2,7,3801,0,1,2,,2,015,"US-101 S/B","BRYANT ST",575.00,S,N,B,-,Y,,,101,,,,,,S,N,4,0,1,4,A,-,08,22107,,F,C,C,E,A,H,-,A,D,0,Y,,,,Y,,D,22,0,0,1,0,1,0,0,0,0,"- ","- ",37.768979999999999,-122.40893,"SAN FRANCISCO","SAN FRANCISCO",-122.4089316,37.768974010000001
9047443,2019,2020-03-06,3801,2019-01-07,0800,4041,BAYVI,1,5,7,3801,0,0,0,,0,3C13A,"HARNEY WY","EXECUTIVE PARK BL",0.00,,Y,A,-,N,,,,,,,,,,N,4,0,1,2,A,-,03,22350,,F,B,B,E,A,A,-,A,A,0,Y,,,,Y,Y,A,01,0,0,1,0,1,0,0,0,0,"- ","- ",,,"SAN FRANCISCO","SAN FRANCISCO",-122.39083862304688,37.710361480712891
90480093,2017,2017-06-19,9335,2017-06-03,2153,021277,,6,2,7,3801,0,1,2,,2,013,"US-101 N/B","PAUL AVE",910.00,S,N,A,-,Y,,,101,,,,,,N,N,3,0,1,2,A,-,11,21954,A,N,G,B,E,A,H,-,D,D,0,Y,,,,Y,,N,60,0,1,0,0,1,0,0,0,0,"- ","- ",37.721350000000001,-122.40025,"SAN FRANCISCO","SAN FRANCISCO",-122.40016235,37.721382230000003
90587634,2017,2017-11-06,9335,2017-10-28,0100,021474,,6,3,7,3801,0,1,1,,2,024,"I-280 N/B TO CESAR CHAVEZ ST.","EVANS AVE. U/C",95.00,N,N,A,-,Y,,,280,,,,R,,N,N,3,0,1,2,A,-,11,21954,A,N,G,B,E,A,H,-,D,D,0,Y,,,,Y,Y,N,60,0,1,0,0,1,0,0,0,0,"- ","- ",37.746229999999997,-122.39353,"SAN FRANCISCO","SAN FRANCISCO",-122.39353,37.746229999999997
90616030,2017,2018-03-13,9335,2017-09-19,0320,020311,,2,3,7,3801,0,1,1,,2,080,"I-80 E/B","MERLIN ST",120.00,W,N,A,-,Y,,,80,,,,,,E,Y,1,1,1,2,A,-,11,21954,A,N,G,B,E,A,H,-,C,D,0,Y,,,,Y,,N,60,0,1,0,1,0,0,0,0,0,"- ","- ",37.777709999999999,-122.40191,"SAN FRANCISCO","SAN FRANCISCO",-122.40189065,37.777673280000002
90670528,2017,2018-02-27,9335,2017-10-12,2233,021770,,4,3,7,3801,0,1,2,,2,013,"US-101 NORTHBOUND","CORTLAND STREET",326.00,N,N,A,-,Y,,,101,,,,,,N,Y,1,1,0,3,A,-,11,21954,A,F,G,B,E,A,H,-,D,D,0,Y,,,,Y,,N,60,0,0,0,1,0,0,0,0,0,"- ","- ",37.740589999999997,-122.40773,"SAN FRANCISCO","SAN FRANCISCO",-122.40776083,37.740601589999997
9070708,2019,2020-05-19,3801,2019-05-11,1110,2132,MISSI,6,5,7,3801,0,0,0,,0,3D62,"MISSION ST","20TH ST",100.00,S,N,A,-,N,,,,,,,,,,N,4,0,1,2,A,-,17,21235,G,N,G,B,F,A,H,-,-,-,0,Y,,,,Y,,-,,0,0,1,0,1,0,0,0,0,"- ","- ",,,"SAN FRANCISCO","SAN FRANCISCO",-122.41902160644531,37.758354187011719
90749311,2018,2018-06-18,9335,2018-04-07,0630,022007,,6,1,7,3801,0,1,1,,2,023,"I-280 S/B","ST. MARY'S FOOTBRIDGE OVERCROSSING",93.00,S,N,B,-,Y,,,280,,,,,,S,Y,2,0,1,2,A,-,11,21956,,F,G,B,E,B,H,-,B,D,0,Y,,,,Y,,N,60,1,0,0,0,1,0,0,0,0,"- ","- ",37.731979370117188,-122.42111968994141,"SAN FRANCISCO","SAN FRANCISCO",-122.42109680175781,37.731864929199219
90779495,2018,2018-07-30,9335,2018-07-19,2353,022040,,4,3,7,3801,0,1,1,,2,022,"I-280 S/B","PAULDING STREET OVER-CROSSING",117.00,S,N,A,-,Y,,,280,,,,,,S,Y,2,0,1,2,A,-,11,21954,A,N,G,B,E,A,H,-,C,D,0,Y,,,,Y,,N,60,1,0,0,0,1,0,0,0,0,"- ","- ",37.728019714355469,-122.44402313232422,"SAN FRANCISCO","SAN FRANCISCO",-122.44403076171875,37.728042602539062
90808439,2018,2018-09-10,9335,2018-08-28,1500,021886,,2,2,7,3801,0,1,A,,2,748,"1377 FELL ST.","BAKER ST.",190.00,E,N,A,-,N,,,,,,,,,,N,4,0,1,2,D,-,00,,,N,G,B,E,A,H,-,A,D,0,Y,,,,Y,,-,"- ",0,0,1,0,1,0,0,0,0,"- ","- ",37.773109436035156,-122.44004058837891,"SAN FRANCISCO","SAN FRANCISCO",-122.44028472900391,37.773708343505859
90818321,2018,2018-09-21,9335,2018-03-04,0543,021724,,7,3,7,3801,0,1,1,,2,080,"I-80 E/B","4TH ST U/C",297.00,E,N,A,-,Y,,,80,,,,,,E,Y,1,1,0,2,A,-,11,21954,A,N,G,B,E,A,H,-,D,D,0,Y,,,,Y,,N,60,0,0,0,1,0,0,0,0,0,"- ","- ",37.780719757080078,-122.39792633056641,"SAN FRANCISCO","SAN FRANCISCO",-122.39793395996094,37.780719757080078
90834274,2018,2018-11-28,9350,2018-10-02,0609,013918,,2,1,7,3801,0,1,2,,2,010,"CRANSTON ROAD","MERCHANT ROAD",35.00,N,N,C,-,N,,,,,,,,,,Y,4,0,1,2,A,-,11,21955,,N,G,B,D,B,H,-,B,D,0,Y,,,,Y,,N,60,0,0,1,0,1,0,0,0,0,"- ","- ",37.806480407714844,-122.47556304931641,"SAN FRANCISCO","SAN FRANCISCO",-122.47553253173828,37.806396484375
90954648,2018,2019-03-27,9335,2018-12-17,0710,021649,,1,1,7,3801,1,4,S,,2,901,"ALEMANY BLVD","ONONDAGA AVE",6.00,S,N,B,E,Y,,,,,,,,,,N,3,0,1,2,A,-,10,21950,A,N,G,B,B,A,H,-,A,A,0,Y,,,,Y,,H,17,0,1,0,0,1,0,0,0,0,"- ","- ",37.721580505371094,-122.43872833251953,"SAN FRANCISCO","SAN FRANCISCO",-122.438720703125,37.721633911132812
91025088,2019,2019-07-05,9335,2019-06-25,0705,021328,,2,1,7,3801,0,1,1,,2,023,"I-280 N/B","ST. MARY'S PARK PEDESTRIAN O/C",421.00,S,N,A,-,Y,,,280,,,,,,N,Y,2,0,1,2,A,-,11,21954,A,N,G,B,E,A,H,-,A,D,0,Y,,,,Y,,N,60,1,0,0,0,1,0,0,0,0,"- ","- ",37.731620788574219,-122.42198944091797,"SAN FRANCISCO","SAN FRANCISCO",-122.42197418212891,37.731548309326172
91031000,2019,2019-10-03,9335,2019-01-07,2345,021474,,1,3,7,3801,0,1,1,,1,083,"I-80 E/B","BEALE ST. U/C",774.00,W,N,A,-,Y,,,80,,,,,,E,N,1,1,0,6,A,-,11,21954,A,M,G,B,E,A,H,-,C,D,0,Y,,,,Y,,N,60,0,0,0,1,0,0,0,0,0,"- ","- ",37.785251617431641,-122.3922119140625,"SAN FRANCISCO","SAN FRANCISCO",-122.39218139648438,37.785198211669922
91082392,2019,2019-09-25,9335,2019-09-16,1520,021644,,1,2,7,3801,0,1,1,,2,023,"I-280 S/B","SAN BRUNO AVE U/C",1584.00,S,N,A,-,Y,,,280,,,,,,S,N,2,0,1,2,A,-,11,21954,A,N,G,B,E,A,H,-,A,D,0,Y,,,,Y,,N,60,1,0,0,0,1,0,0,0,0,"- ","- ",37.733489990234375,-122.41221618652344,"SAN FRANCISCO","SAN FRANCISCO",-122.41220092773438,37.733455657958984
91097325,2019,2019-10-15,9335,2019-10-05,1520,022007,,6,2,7,3801,0,1,1,,2,080,"I-80 W/B FROM 4TH ST.","4TH STREET",37.00,W,N,A,-,Y,,,80,,,,R,,W,N,3,0,1,2,A,-,11,21956,,N,G,B,D,A,H,-,A,A,0,Y,,Y,,Y,,N,60,0,1,0,0,1,0,0,0,0,"- ","- ",37.780540466308594,-122.39962005615234,"SAN FRANCISCO","SAN FRANCISCO",-122.39962005615234,37.780540466308594
91097846,2019,2019-10-15,9335,2019-07-04,1705,021700,,4,2,7,3801,0,1,1,,2,022,"I-280 N/B","SAN JOSE AVE. O/C",452.00,N,N,B,-,Y,,,280,,,,,,N,N,1,1,0,2,A,-,11,21954,A,N,G,B,E,A,H,-,A,D,0,Y,,,,Y,,N,60,0,0,0,1,0,0,0,0,0,"- ","- ",37.719890594482422,-122.44819641113281,"SAN FRANCISCO","SAN FRANCISCO",-122.44823455810547,37.719894409179688
91143922,2019,2019-12-16,9335,2019-12-05,2310,021672,,4,3,7,3801,0,1,1,,1,081,"I-80 W/B","YBI TUNNEL WEST EDGE",6653.00,W,N,A,-,Y,,,80,,,,,,W,Y,2,0,1,3,A,-,07,21658,A,M,B,C,E,A,H,-,C,D,0,Y,,,,Y,,A,01,1,0,0,0,1,0,0,0,0,"- ","- ",37.795459747314453,-122.38091278076172,"SAN FRANCISCO","SAN FRANCISCO",-122.38089752197266,37.795444488525391